debtor_name,year,China (bilateral),China (private),Other creditors
Low & middle income,2009,1.7996489234292714,0.15923574089572504,98.03801935492768
Low & middle income,2000,0.4866520226425433,0.06887934833877868,99.43551352325629
Low & middle income,2001,0.45847733760630427,0.05991787584286833,99.47328230904385
Low & middle income,2002,0.4174166767457596,0.04800222214029721,99.52552593138174
Low & middle income,2003,0.4197698307429521,0.04222880919322984,99.53017109044168
Low & middle income,2004,0.4437245877407023,0.041060717633431894,99.5095965032063
Low & middle income,2005,0.5640626932660493,0.06356822741399647,99.36734022539399
Low & middle income,2006,0.8852492003849153,0.09409057776770674,99.01615316759396
Low & middle income,2007,1.0088744692542249,0.09516067159637893,98.89173209615454
Low & middle income,2008,1.2728794599138693,0.08870672351972994,98.63483170747216
Low & middle income,2010,2.5492681174363674,0.46322939650093103,96.98522966570057
Low & middle income,2011,3.0625413561568906,0.579925918220952,96.35570253834716
Low & middle income,2024,4.145169132426498,0.6290758983638867,95.19321504110911
Low & middle income,2013,4.0283007902362655,0.6443869422209859,95.3262359242344
Low & middle income,2023,4.427635098382736,0.7983347358946552,94.74092296940056
Low & middle income,2022,4.509492762575583,0.9111515499694043,94.5468054084685
Low & middle income,2021,4.616675402293668,0.9451761922447498,94.43689301709249
Low & middle income,2012,3.3867702415078473,0.5459864084395405,96.06588284872608
Low & middle income,2019,5.04720679791509,1.0450667641021008,93.90743251555926
Low & middle income,2020,4.825785338717216,1.0124774197226325,94.1610876923112
Low & middle income,2017,5.010716942566637,1.0000051929135259,93.98888190759163
Low & middle income,2016,4.784126399448552,1.0285057444498784,94.18665337904321
Low & middle income,2015,4.646185169278248,0.6692499602685175,94.68375372719996
Low & middle income,2014,4.308353646382659,0.7052804280598667,94.98547238592427
Low & middle income,2018,5.287272939626048,1.0318195385903304,93.6805699952983
Low & lower middle income,2020,9.722383557801487,2.570186936595199,87.70672953394877
Low & lower middle income,2024,8.45475294112004,1.5969160856070912,89.94790743247835
Low & lower middle income,2023,8.749293250461053,2.030379012728521,89.2198396399882
Low & lower middle income,2022,9.313857972495555,2.3546454420705016,88.33097365818973
Low & lower middle income,2021,9.665756055370194,2.442269854531993,87.89137251151503
Low & lower middle income,2000,0.8328466973598947,0.0977774580785309,99.05931652787183
Low & lower middle income,2001,0.7957924896936712,0.057033094751397645,99.1379350421578
Low & lower middle income,2011,4.576013936187619,1.5111236960983903,93.90923959409301
Low & lower middle income,2016,8.987036315076963,2.762000846594146,88.2489859864182
Low & lower middle income,2015,8.08306555790654,1.80608327529806,90.10867515631045
Low & lower middle income,2014,7.512340509979647,1.9795807453966587,90.50562072906303
Low & lower middle income,2013,6.528684265724052,1.783344690221728,91.68507914308931
Low & lower middle income,2012,5.447260850708117,1.497406308676117,93.05211870868285
Low & lower middle income,2019,10.039755329303855,2.6886323577007825,87.27082228168486
Low & lower middle income,2010,3.8189883597257404,1.198790294017459,94.97827717992725
Low & lower middle income,2009,2.831639830035669,0.39114939981545815,96.77215516082242
Low & lower middle income,2008,2.2368696183906045,0.20878732243335374,97.54889191602122
Low & lower middle income,2007,1.8356039919404756,0.21990621102217914,97.93843949530682
Low & lower middle income,2006,1.5495704264152048,0.2047804224536017,98.2393951407626
Low & lower middle income,2005,1.1356447033830994,0.11526977986164419,98.74190091368035
Low & lower middle income,2004,0.9326533514295428,0.06648218710460534,98.9926255497381
Low & lower middle income,2003,0.8290271888180637,0.06137434715070386,99.09919239497576
Low & lower middle income,2002,0.7960988447217272,0.05346555172042243,99.13771426681308
Low & lower middle income,2017,8.94626053922724,2.651767649331098,88.40090311267568
Low & lower middle income,2018,10.015309228092566,2.6952611135829994,87.28851598218337
Africa (excluding high income),2013,7.38001643581295,2.8182114401558604,89.80177212403119
Africa (excluding high income),2000,1.1238719280477514,0.00039205363554067256,98.86469420306288
Africa (excluding high income),2012,6.221911561039298,2.510177188470741,91.26791125048996
Africa (excluding high income),2001,1.166192679342708,0.003189949400181273,98.82092984182528
Africa (excluding high income),2003,1.074268397136105,0.0020722241212193394,98.91423393152466
Africa (excluding high income),2014,9.029919640483165,3.1896061859068414,87.78047417361
Africa (excluding high income),2015,10.088120021129106,2.965603659586361,86.94627631928454
Africa (excluding high income),2016,10.685885316145981,4.68585246104629,84.62826222280773
Africa (excluding high income),2017,10.478513159424367,4.250570816694561,85.27091602388107
Africa (excluding high income),2011,5.485337472611641,2.8082844391458726,91.70616705626502
Africa (excluding high income),2019,10.89898994137341,4.0669225050382805,85.03408755358831
Africa (excluding high income),2020,10.430697316515452,3.7676705639414667,85.8016321195431
Africa (excluding high income),2021,10.23261641960804,3.664450650128475,86.10293293026348
Africa (excluding high income),2002,1.1166086470777437,0.002471952653533451,98.87141173938834
Africa (excluding high income),2022,9.875140019125933,3.653665988844652,86.47119399202941
Africa (excluding high income),2024,8.779547768082491,2.8342166293755127,88.38617500358207
Africa (excluding high income),2010,4.901788152697869,2.2880866216876243,92.80989501094145
Africa (excluding high income),2009,3.75177054405101,0.6064390985002077,95.63996941103467
Africa (excluding high income),2008,3.1542645107018736,0.1894255955434741,96.65434510854797
Africa (excluding high income),2007,2.592256677276659,0.1788968027668648,97.22644704447676
Africa (excluding high income),2006,2.2987160424162068,0.1740781951993812,97.52455194758008
Africa (excluding high income),2005,1.3634562349473502,0.07225919895840943,98.55916361209806
Africa (excluding high income),2004,1.1483888232854882,0.0022576969756114063,98.84417779813083
Africa (excluding high income),2023,9.271951247712364,3.2594352961041495,87.46855197703107
Africa (excluding high income),2018,11.093967528514447,4.086079698304828,84.81995277318072
Albania,2000,0.614356126265536,,99.38564387373445
Albania,2001,0.5832676595648529,,99.41673234043515
Albania,2002,4.166548396120092,,95.83345160387991
Albania,2003,3.365777601511077,,96.63422239848892
Albania,2004,2.7263420240271135,,97.27365797597288
Albania,2005,2.5398044976536336,,97.46019550234637
Albania,2007,1.5827561581964567,,98.41724384180355
Albania,2024,0.036562284391127874,,99.96343771560888
Albania,2023,0.03345665875147053,,99.96654334124852
Albania,2022,0.03823529026676042,,99.96176470973323
Albania,2021,0.03503669249065478,,99.96496330750935
Albania,2020,0.03794357022205424,,99.96205642977795
Albania,2019,0.04466466057093759,,99.95533533942906
Albania,2018,0.0428674236716654,,99.9571325763283
Albania,2006,2.003848132470468,,97.99615186752952
Albania,2017,0.04285526774312432,,99.95714473225688
Albania,2015,0.048331267498928646,,99.95166873250106
Albania,2014,0.14074086283517964,,99.85925913716481
Albania,2013,0.22517370455916427,,99.77482629544083
Albania,2012,0.33139304862681607,,99.66860695137319
Albania,2011,0.44748637979262235,,99.55251362020738
Albania,2010,0.571866107634226,,99.42813389236578
Albania,2009,0.7534704548667214,,99.24652954513328
Albania,2016,0.04940701517832299,,99.95059298482167
Albania,2008,1.0879178440281074,,98.91208215597189
Algeria,2007,1.5966536111336134,,98.40334638886638
Algeria,2006,0.6605977285218032,0.0,99.33940227147819
Algeria,2000,0.3084472239323659,0.0,99.69155277606764
Algeria,2001,0.15474000202055668,0.0024629265690758783,99.84279707141037
Algeria,2002,0.15735790485583004,0.0016089186512166025,99.84103317649296
Algeria,2005,0.17623412256344875,0.005097879919114523,99.81866799751745
Algeria,2003,0.15748710325411353,0.0007812930315769951,99.8417316037143
Algeria,2004,0.16342575356257968,0.003871357589251932,99.83270288884815
Algeria,2015,7.938438811819603,,92.06156118818039
Algeria,2016,3.9902343355322456,,96.00976566446775
Algeria,2024,7.53185048315315,,92.46814951684685
Algeria,2023,6.768438301171442,,93.23156169882856
Algeria,2014,6.7153136602848855,,93.28468633971512
Algeria,2021,5.746909200305321,,94.25309079969468
Algeria,2020,5.164660638535942,,94.83533936146407
Algeria,2019,4.896198177996589,,95.1038018220034
Algeria,2022,6.279548026039787,,93.72045197396022
Algeria,2018,4.582349834827991,,95.417650165172
Algeria,2017,4.267253518319796,,95.7327464816802
Algeria,2012,4.77868646128128,,95.22131353871872
Algeria,2011,3.2230645675469796,,96.77693543245303
Algeria,2010,2.697326492949348,,97.30267350705066
Algeria,2009,2.4983453490265664,,97.50165465097344
Algeria,2013,5.637131902380006,,94.36286809761998
Algeria,2008,1.7391762952393464,,98.26082370476065
Angola,2005,1.909439019311354,0.2508781094874552,97.83968287120118
Angola,2000,0.7631687002310783,,99.23683129976892
Angola,2001,0.8836248687678137,,99.11637513123218
Angola,2002,0.717486526788615,,99.2825134732114
Angola,2003,0.7086411973517438,,99.29135880264826
Angola,2004,0.9902480122480323,,99.00975198775197
Angola,2006,7.559011087308001,0.2225895288668792,92.21839938382513
Angola,2008,11.249660779421669,0.016566439862455012,88.73377278071587
Angola,2024,5.630082343023744,25.60386523665811,68.76605242031815
Angola,2023,7.15141078790527,32.14487986004079,60.70370935205394
Angola,2022,8.38888462721991,35.062730071528044,56.548385301252054
Angola,2021,9.795708244399561,37.29074128406343,52.913550471537015
Angola,2020,9.762599592513652,36.807129619152654,53.43027078833369
Angola,2019,9.618180934418431,37.557320190842084,52.82449887473949
Angola,2018,10.670763761181572,38.01561003037165,51.31362620844678
Angola,2017,8.359812533514392,40.29239053102437,51.347796935461254
Angola,2016,8.053882320982622,37.835501086457676,54.110616592559694
Angola,2015,7.858563712931619,22.282716989329966,69.85871929773842
Angola,2014,7.053456268707595,25.36755309421652,67.57899063707589
Angola,2013,8.445008682573667,26.600917252996712,64.95407406442962
Angola,2012,8.021621894316947,23.592412816890445,68.3859652887926
Angola,2011,8.022468547276778,27.59247846295646,64.38505298976675
Angola,2009,11.455222348938538,0.0,88.54477765106145
Angola,2007,11.631998243655143,0.16081422735475714,88.20718752899009
Angola,2010,9.954945408762567,21.814942205598935,68.2301123856385
Argentina,2015,2.3381609875944696,,97.66183901240554
Argentina,2016,1.6889392097400882,,98.31106079025992
Argentina,2014,0.8619083233164648,,99.13809167668353
Argentina,2024,4.736013667713165,,95.26398633228683
Argentina,2022,3.706066574779944,,96.29393342522005
Argentina,2021,2.446599478557821,,97.55340052144217
Argentina,2020,2.589186260762906,,97.4108137392371
Argentina,2023,6.838009452462543,,93.16199054753746
Argentina,2018,2.3108579024122213,,97.68914209758778
Argentina,2013,0.34484789742921385,,99.6551521025708
Argentina,2012,0.10433870998107299,,99.89566129001892
Argentina,2017,2.186125587615339,,97.81387441238466
Argentina,2011,0.05278767880895145,,99.94721232119106
Argentina,2010,0.03684415171394142,,99.96315584828606
Argentina,2019,2.668905757791786,,97.33109424220822
Armenia,2024,0.2360835814179977,,99.76391641858201
Armenia,2023,0.2672972279164236,,99.73270277208358
Armenia,2022,0.29339475185944935,,99.70660524814056
Armenia,2021,0.35157831517150273,,99.64842168482849
Armenia,2020,0.4093977315781457,,99.59060226842185
Armenia,2019,0.393584059971986,,99.606415940028
Armenia,2018,0.4222912522819825,,99.577708747718
Armenia,2016,0.5001654488912026,,99.49983455110879
Armenia,2015,0.5095620238126901,,99.49043797618731
Armenia,2017,0.45664640003446366,,99.54335359996551
Bangladesh,2008,0.29603156176609513,0.12812087168974717,99.57584756654416
Bangladesh,2000,0.22801838166503624,0.46033019011537885,99.31165142821959
Bangladesh,2001,0.2933646075114787,0.7068240548938254,98.9998113375947
Bangladesh,2002,0.4147584737665714,0.6351926137055035,98.95004891252793
Bangladesh,2003,0.3539329180022159,0.566544769347945,99.07952231264984
Bangladesh,2004,0.31993941829424366,0.5284926772649506,99.15156790444082
Bangladesh,2005,0.33435313801685174,0.5589457598751343,99.106701102108
Bangladesh,2006,0.2974265797200991,0.5286286800610537,99.17394474021884
Bangladesh,2007,0.2106335625066128,0.487632216919889,99.30173422057351
Bangladesh,2009,0.2343164289885615,0.0991115495294728,99.66657202148194
Bangladesh,2011,0.22620060392102168,0.0,99.77379939607897
Bangladesh,2024,8.545353122003183,,91.45464687799681
Bangladesh,2023,9.086611083751125,,90.91338891624888
Bangladesh,2022,8.96231704292089,,91.03768295707911
Bangladesh,2010,0.05418535135548652,0.006360678560126907,99.9394539700844
Bangladesh,2020,8.33780890298349,,91.66219109701652
Bangladesh,2019,7.75507917464439,,92.24492082535562
Bangladesh,2018,7.499968456361592,,92.50003154363841
Bangladesh,2021,8.420139948758731,,91.57986005124127
Bangladesh,2016,3.349442385008027,,96.65055761499198
Bangladesh,2015,3.3921531162376426,,96.60784688376236
Bangladesh,2014,3.346382778977799,,96.6536172210222
Bangladesh,2013,2.00803689389297,,97.99196310610702
Bangladesh,2012,0.9724509653077693,,99.02754903469224
Bangladesh,2017,3.846054438853951,,96.15394556114606
Belarus,2009,12.222086919653032,0.20826690267969358,87.5696461776673
Belarus,2000,,4.499995324141955,95.50000467585805
Belarus,2001,,4.365455260704694,95.63454473929532
Belarus,2002,,3.606607518003266,96.39339248199673
Belarus,2003,,3.5211516575852837,96.47884834241471
Belarus,2004,,3.0899077111510205,96.91009228884899
Belarus,2005,4.4892463400555,2.673293928654089,92.83745973129041
Belarus,2010,11.07767007021671,0.13725395149282846,88.78507597829048
Belarus,2008,4.60100780906141,0.27580852506834996,95.12318366587026
Belarus,2007,5.753428369088152,0.4917188233157601,93.75485280759608
Belarus,2024,16.88966124648893,,83.11033875351107
Belarus,2023,20.11978911867637,,79.88021088132363
Belarus,2022,20.404421872013632,,79.59557812798636
Belarus,2021,21.340709226028288,,78.65929077397169
Belarus,2020,23.567439836010838,,76.43256016398915
Belarus,2018,23.726853492246565,,76.27314650775344
Belarus,2019,25.502633450056713,,74.49736654994331
Belarus,2016,22.195210962223612,0.0,77.80478903777639
Belarus,2015,23.241195618042056,0.0063143212486050015,76.75249006070935
Belarus,2014,20.4363211413481,0.019186701593486667,79.5444921570584
Belarus,2013,18.52795046210259,0.03419458100652574,81.43785495689089
Belarus,2012,13.31277151658631,0.05573663621974956,86.63149184719393
Belarus,2011,11.872311720120111,0.08478080425959572,88.0429074756203
Belarus,2017,20.82580244676543,,79.17419755323458
Belarus,2006,12.574905954929203,2.256819409204805,85.168274635866
Belize,2003,0.00911707510232181,0.698732052290111,99.29215087260756
Belize,2000,0.05658889926316698,1.79665722114258,98.14675387959424
Belize,2001,0.02235166948578642,1.4388395053705705,98.53880882514366
Belize,2002,0.014882532088431235,1.0265602864244454,98.95855718148712
Belize,2006,0.0,0.2615765051782968,99.7384234948217
Belize,2012,0.0,,99.99999999999999
Belize,2011,0.0,,100.0
Belize,2010,0.0,,100.0
Belize,2009,0.0,,99.99999999999999
Belize,2008,0.0,0.0,100.0
Belize,2007,,0.12817975558134176,99.83922239209902
Belize,2005,0.0030017223494037135,0.40374220375987274,99.59325607389073
Belize,2004,0.006191096107482747,0.5693047829780843,99.42450412091443
Benin,2004,2.5672635933832675,,97.43273640661674
Benin,2023,3.655619084712609,0.24967387270125946,96.09470704258614
Benin,2021,5.843393302169974,0.20052116998031833,93.95608552784971
Benin,2020,7.161793626044523,0.0,92.83820637395547
Benin,2019,8.384135097362204,0.0,91.6158649026378
Benin,2018,10.95329578280976,,89.04670421719024
Benin,2017,11.493394326682447,,88.50660567331755
Benin,2016,11.864592190670754,,88.13540780932925
Benin,2015,12.903890800223818,,87.0961091997762
Benin,2014,11.359580176954239,,88.64041982304576
Benin,2013,8.685737314307746,,91.31426268569226
Benin,2012,11.03332772694254,,88.96667227305744
Benin,2011,10.84659053698409,,89.1534094630159
Benin,2010,10.38504461124187,,89.61495538875812
Benin,2009,11.546582034636513,,88.45341796536349
Benin,2008,14.750816799148446,,85.24918320085156
Benin,2007,16.10599625131368,,83.89400374868632
Benin,2006,16.893371248609235,,83.10662875139077
Benin,2005,4.419656755899382,,95.5803432441006
Benin,2003,2.946787229664836,,97.05321277033515
Benin,2002,3.234773538599789,,96.7652264614002
Benin,2001,3.077478283033641,,96.92252171696634
Benin,2000,2.937616729798345,,97.06238327020166
Benin,2022,4.91633276773477,0.28164628392071045,94.80202094834452
Benin,2024,3.2941651482873775,0.8044951664240115,95.9013396852886
Bolivia,2003,0.39024204502677334,,99.32712964734436
Bolivia,2024,9.588711338138337,,90.37165975778811
Bolivia,2023,10.31550002845655,,89.6403556106306
Bolivia,2022,10.89902778532572,,89.052045549801
Bolivia,2021,10.272425296249915,,89.66912711965261
Bolivia,2020,9.029722965212764,,90.9005159726385
Bolivia,2019,9.498849382295637,,90.42356052261025
Bolivia,2018,9.002261400495398,,90.90557243681995
Bolivia,2016,8.152185556904445,,91.7068820467998
Bolivia,2015,8.189436758397406,,91.64122611520338
Bolivia,2014,9.581366759934472,,90.21599892212257
Bolivia,2013,9.039100880275207,,90.7180498341483
Bolivia,2012,6.821534019920544,,92.86196632077333
Bolivia,2017,7.7987525942673575,,92.09297451300858
Bolivia,2010,2.896283442291923,,96.60408934325326
Bolivia,2009,3.077553987577643,,96.33712545339532
Bolivia,2008,3.2453630889336034,,96.13371198630632
Bolivia,2007,1.832260596598791,,97.4462284459647
Bolivia,2006,1.206280876209803,,98.3435656536923
Bolivia,2005,0.6415026082739932,,99.0699088775259
Bolivia,2004,0.30572189383314435,,99.42887540715216
Bolivia,2002,0.6135607507501356,,99.05158678950166
Bolivia,2001,0.8256912403630773,,98.82946675646193
Bolivia,2000,0.7310341396495049,,98.97178755997744
Bolivia,2011,4.984520672675708,,94.61901502732442
Bosnia and Herzegovina,2023,0.0,,100.0
Bosnia and Herzegovina,2022,0.0,,100.0
Bosnia and Herzegovina,2024,0.608504756400344,,99.39149524359966
Botswana,2000,6.784537454495687,,93.21546254550431
Botswana,2001,7.4490630478977735,,92.55093695210222
Botswana,2023,0.0,,100.00000000000001
Botswana,2022,0.0,,99.99999999999999
Botswana,2021,0.2571436836337858,,99.74285631636621
Botswana,2020,0.7053611297860427,,99.29463887021396
Botswana,2019,1.0098875296567233,,98.99011247034326
Botswana,2018,1.304156235894594,,98.6958437641054
Botswana,2016,2.046995017322072,,97.95300498267792
Botswana,2015,2.5777381814069833,,97.42226181859301
Botswana,2014,3.0304891105097416,,96.96951088949027
Botswana,2013,2.6403371501084925,,97.3596628498915
Botswana,2017,1.8212595563639915,,98.178740443636
Botswana,2011,3.024614732571854,,96.97538526742814
Botswana,2012,2.796618958251536,,97.20338104174844
Botswana,2003,6.394742445600478,,93.60525755439951
Botswana,2004,9.220744675034107,,90.7792553249659
Botswana,2005,11.828464066939055,,88.17153593306094
Botswana,2006,13.82741240401075,,86.17258759598926
Botswana,2002,5.629508665485485,,94.37049133451451
Botswana,2008,20.451098191153566,,79.54890180884644
Botswana,2009,5.983300626821369,,94.01669937317862
Botswana,2010,5.847806136802,,94.152193863198
Botswana,2007,20.18293341839859,,79.81706658160141
Brazil,2012,6.7526260893200885,,93.24737391067991
Brazil,2021,2.1494412924232207,0.026171938993396805,97.82438676858338
Brazil,2020,2.5769413928856437,0.026106882981725227,97.39695172413263
Brazil,2019,2.6021351982451564,,97.39786480175484
Brazil,2018,5.429651360463337,,94.57034863953666
Brazil,2017,6.196023782786328,,93.80397621721367
Brazil,2016,2.7021767928310716,,97.29782320716893
Brazil,2015,3.593020551359735,,96.40697944864026
Brazil,2014,4.404793320223971,,95.59520667977603
Brazil,2013,5.706588386411461,,94.29341161358853
Brazil,2011,8.395311293202727,,91.60468870679728
Brazil,2024,1.334974182832771,0.02610187552225483,98.63892394164496
Brazil,2009,4.601093573837816,,95.39890642616218
Brazil,2008,1.110281135853143,,98.88971886414686
Brazil,2007,9.265066982216484e-05,,99.99990734933017
Brazil,2006,0.0,,100.0
Brazil,2003,,0.0,99.99999999999999
Brazil,2002,,0.0007924816322723637,99.99920751836773
Brazil,2001,,0.001635298985393683,99.99836470101461
Brazil,2000,,0.0,100.00000000000001
Brazil,2022,1.7511836404653,0.02665336790994675,98.22216299162477
Brazil,2010,8.221380094775059,,91.77861990522494
Brazil,2023,1.570471789694728,0.02655877192612411,98.40296943837915
Burkina Faso,2002,2.42893655673186,,97.57106344326814
Burkina Faso,2000,2.8019908197194656,,97.19800918028054
Burkina Faso,2023,2.2176426934658147,,97.78235730653418
Burkina Faso,2022,2.7058303970841684,,97.29416960291583
Burkina Faso,2021,2.788460588940448,,97.21153941105955
Burkina Faso,2020,2.1986698915566794,,97.80133010844332
Burkina Faso,2019,1.691874208194279,,98.30812579180572
Burkina Faso,2018,2.027043031837995,,97.97295696816201
Burkina Faso,2017,2.3362199616159285,,97.66378003838408
Burkina Faso,2016,2.731251617247229,,97.26874838275278
Burkina Faso,2015,3.2198118965709384,,96.78018810342907
Burkina Faso,2014,1.6443839036564918,,98.35561609634348
Burkina Faso,2013,1.9270550844359269,,98.07294491556408
Burkina Faso,2012,2.1679758484859124,,97.8320241515141
Burkina Faso,2011,2.516761115621061,,97.48323888437895
Burkina Faso,2010,2.808756163276774,,97.19124383672323
Burkina Faso,2009,3.327414210220902,,96.67258578977909
Burkina Faso,2008,4.043149128018805,,95.9568508719812
Burkina Faso,2007,3.9413165394216185,,96.05868346057841
Burkina Faso,2006,5.189945680607598,,94.8100543193924
Burkina Faso,2005,2.939107553829228,,97.06089244617077
Burkina Faso,2004,3.22444410734917,,96.77555589265083
Burkina Faso,2003,2.0219620058029792,,97.97803799419702
Burkina Faso,2024,1.930075497985426,,98.06992450201457
Burkina Faso,2001,2.6599537477288813,,97.34004625227111
Burundi,2024,6.1944263798778225,,93.80557362012217
Burundi,2002,1.0941494820374753,,98.85757882159074
Burundi,2023,6.988133479545872,,93.0118665204541
Burundi,2022,7.61456350795533,,92.38543649204468
Burundi,2021,8.054744976099665,,91.94525502390033
Burundi,2020,8.489105332209732,,91.51089466779027
Burundi,2019,8.814532110281075,,91.18546788971894
Burundi,2018,3.255750950667124,,96.74424904933288
Burundi,2017,3.4841022671580126,,96.51589773284198
Burundi,2016,3.3463061371232996,,96.6536938628767
Burundi,2015,2.626452069672501,,97.37354793032749
Burundi,2014,0.0,,100.0
Burundi,2013,0.0,,100.00000000000001
Burundi,2012,0.0,,100.0
Burundi,2011,0.0,,99.85352637489395
Burundi,2010,0.0,,99.86038902024823
Burundi,2009,0.0,,99.86447374540481
Burundi,2008,0.0,,99.95681751864431
Burundi,2007,0.0,,99.95823120256007
Burundi,2006,1.0403632967311596,,98.91633639705397
Burundi,2005,1.0536040015493486,,98.90107610090074
Burundi,2004,0.9490531110931638,,99.00908060203668
Burundi,2003,0.9651603994930694,,98.99226173182922
Burundi,2001,0.2902369473940416,,99.65567881406734
Burundi,2000,1.8852085759398782,,98.06334435670179
Cabo Verde,2015,1.7987222082815788,,98.20127779171843
Cabo Verde,2024,1.1218341112792285,,98.87816588872077
Cabo Verde,2023,1.2696311683163146,,98.73036883168368
Cabo Verde,2022,1.4527959112419062,,98.5472040887581
Cabo Verde,2021,1.6572265171742673,,98.34277348282573
Cabo Verde,2020,1.5537480575484433,,98.44625194245157
Cabo Verde,2019,1.66263744890541,,98.33736255109459
Cabo Verde,2018,1.8636085064877062,,98.13639149351229
Cabo Verde,2016,1.5537328553722878,,98.44626714462771
Cabo Verde,2014,2.0501027715603053,,97.9498972284397
Cabo Verde,2013,2.2131327963278475,,97.78686720367214
Cabo Verde,2012,2.5761777306574323,,97.42382226934258
Cabo Verde,2011,2.931405549116955,,97.06859445088304
Cabo Verde,2017,1.9591911195945486,,98.04080888040545
Cabo Verde,2009,2.351359817757722,,97.64864018224227
Cabo Verde,2008,0.0,,100.0
Cabo Verde,2007,0.0,,100.0
Cabo Verde,2006,0.0,,100.0
Cabo Verde,2005,0.0,,99.99999999999999
Cabo Verde,2004,0.0,,100.0
Cabo Verde,2003,0.0,,100.0
Cabo Verde,2002,0.0,,100.0
Cabo Verde,2001,0.0,,100.0
Cabo Verde,2000,1.90620276677645,,98.09379723322355
Cabo Verde,2010,2.5726780347187628,,97.42732196528122
Cambodia,2013,39.867260228876965,,60.132739771123035
Cambodia,2014,45.19266514564016,,54.80733485435985
Cambodia,2015,47.572033034721656,,52.42796696527835
Cambodia,2017,47.642128667172514,,52.35787133282749
Cambodia,2018,48.856472568267115,,51.14352743173287
Cambodia,2023,36.584853380379606,,63.415146619620394
Cambodia,2020,44.389457270121376,,55.61054272987864
Cambodia,2021,42.750192195784486,,57.249807804215514
Cambodia,2022,39.814091883414676,,60.18590811658533
Cambodia,2012,35.15429730732887,,64.84570269267113
Cambodia,2019,47.592829995692135,,52.40717000430786
Cambodia,2011,23.00947048086078,,76.99052951913922
Cambodia,2016,47.94217135932756,,52.05782864067243
Cambodia,2009,10.959089362772062,,89.04091063722794
Cambodia,2008,9.307975945769876,,90.69202405423013
Cambodia,2007,4.774249372175288,,95.22575062782472
Cambodia,2006,2.709319243670957,,97.29068075632902
Cambodia,2005,1.3677733625574073,,98.6322266374426
Cambodia,2004,1.3104644332974673,,98.68953556670255
Cambodia,2003,0.5377047592426832,,99.46229524075733
Cambodia,2002,0.6117081787929506,,99.38829182120705
Cambodia,2001,0.5328957935992392,,99.46710420640076
Cambodia,2000,0.25019209747755383,,99.74980790252245
Cambodia,2024,34.13060770774244,,65.86939229225756
Cambodia,2010,17.17810491508554,,82.82189508491444
Cameroon,2000,0.3556333772559167,,99.6443666227441
Cameroon,2001,0.3739987697712927,,99.62600123022871
Cameroon,2013,30.87507027426724,,69.12492972573277
Cameroon,2023,28.534713304072735,0.7755561963282719,70.68973049959901
Cameroon,2022,30.969834915115303,1.004754800040458,68.02541028484424
Cameroon,2021,28.88030328974019,1.1662982143501057,69.95339849590971
Cameroon,2020,31.625404014446687,1.4884518830028985,66.88614410255043
Cameroon,2019,32.96929007766263,1.7142761493905152,65.31643377294687
Cameroon,2018,33.02141857310833,1.1857127478460219,65.79286867904564
Cameroon,2017,37.17229826061604,0.9986691768098571,61.829032562574106
Cameroon,2016,37.09623101983113,0.7900300484568723,62.11373893171199
Cameroon,2015,37.333586098344604,0.0,62.666413901655396
Cameroon,2014,41.245699525308495,,58.75430047469151
Cameroon,2002,0.5237523970321079,,99.47624760296789
Cameroon,2012,19.380482389782454,,80.61951761021754
Cameroon,2011,11.465888530885994,,88.534111469114
Cameroon,2010,9.138352701662106,,90.86164729833787
Cameroon,2009,5.460024184887593,,94.53997581511241
Cameroon,2008,5.069392342412502,,94.9306076575875
Cameroon,2007,2.349273284805603,,97.65072671519441
Cameroon,2006,1.790799798506133,,98.20920020149387
Cameroon,2005,0.8957295250649785,,99.10427047493502
Cameroon,2004,0.5289842319301559,,99.47101576806986
Cameroon,2003,0.4754055396793622,,99.52459446032066
Cameroon,2024,25.856138406441314,0.5504636577236098,73.59339793583507
Central African Republic,2024,4.371276197997327,,95.62872380200268
Central African Republic,2000,0.9223585097970095,,99.07764149020299
Central African Republic,2002,1.2344923408270174,,98.76550765917298
Central African Republic,2022,4.505544738470654,,95.49445526152935
Central African Republic,2021,5.072519227897925,,94.92748077210207
Central African Republic,2020,9.665891125971198,,90.33410887402881
Central African Republic,2019,14.408211318720564,,85.59178868127944
Central African Republic,2018,16.307284012132495,,83.6927159878675
Central African Republic,2017,26.41928506875017,,73.58071493124984
Central African Republic,2016,24.051234428544745,,75.94876557145527
Central African Republic,2015,25.181955603863795,,74.81804439613622
Central African Republic,2014,18.854788412414393,,81.1452115875856
Central African Republic,2001,0.9697660997739497,,99.03023390022605
Central African Republic,2013,23.278983239400155,,76.72101676059987
Central African Republic,2012,18.355545045559012,,81.644454954441
Central African Republic,2011,16.522169245896144,,83.47783075410386
Central African Republic,2010,12.773896609442911,,87.2261033905571
Central African Republic,2009,4.283808074218679,,95.7161919257813
Central African Republic,2008,1.296054305435674,,98.70394569456434
Central African Republic,2007,1.2904196379976944,,98.7095803620023
Central African Republic,2006,1.1910261712848083,,98.80897382871518
Central African Republic,2005,1.1419838979126096,,98.85801610208739
Central African Republic,2004,1.0422434975136432,,98.95775650248636
Central African Republic,2003,1.1580464117666727,,98.84195358823332
Central African Republic,2023,4.297511977707004,,95.702488022293
Chad,2001,1.9744638792041413,,98.02553612079586
Chad,2000,2.2235230588122126,,97.7764769411878
Chad,2002,1.6945520170474393,,98.30544798295256
Chad,2005,0.978477634947186,,99.0215223650528
Chad,2003,1.0440104879600058,,98.95598951203998
Chad,2007,0.0,,100.0
Chad,2008,2.6065968897622604,,97.39340311023773
Chad,2009,2.599027836821812,,97.4009721631782
Chad,2010,2.2885429200523633,,97.71145707994764
Chad,2011,5.97580294741406,,94.02419705258595
Chad,2012,7.627990238029248,,92.37200976197076
Chad,2013,6.169539187515499,,93.83046081248452
Chad,2014,6.6969032472512104,,93.3030967527488
Chad,2015,8.912835432971058,,91.08716456702896
Chad,2004,0.960473998898224,,99.03952600110176
Chad,2006,0.0,,100.00000000000001
Chad,2017,8.872984877074332,,91.12701512292568
Chad,2018,8.742013757731721,,91.25798624226827
Chad,2019,8.656621602577223,,91.34337839742277
Chad,2020,11.179382791016081,,88.82061720898392
Chad,2021,11.973578519628171,,88.02642148037182
Chad,2022,12.296225999236212,,87.70377400076379
Chad,2023,10.362954402281892,,89.63704559771811
Chad,2024,8.522506579979796,,91.47749342002021
Chad,2016,9.329884188478378,,90.67011581152163
Comoros,2013,0.0,,100.0
Comoros,2023,31.06328805520004,,68.93671194479997
Comoros,2021,38.35911403416123,,61.64088596583876
Comoros,2020,35.58032661036182,,64.41967338963818
Comoros,2019,32.02631648894558,,67.97368351105442
Comoros,2018,32.49619658634405,,67.50380341365596
Comoros,2017,19.454602669212196,,80.54539733078781
Comoros,2016,20.17568708624015,,79.82431291375985
Comoros,2015,0.0,,100.0
Comoros,2014,0.0,,100.0
Comoros,2012,0.0,,100.0
Comoros,2011,0.0,,99.99999999999999
Comoros,2010,0.0,,100.0
Comoros,2007,0.4979836509636185,,99.50201634903637
Comoros,2006,0.5002176550434483,,99.49978234495654
Comoros,2005,0.488116545090745,,99.51188345490927
Comoros,2004,0.44889015151380196,,99.5511098484862
Comoros,2003,0.46245798001589744,,99.5375420199841
Comoros,2002,0.5041824588733123,,99.49581754112668
Comoros,2001,0.5565153136971385,,99.44348468630287
Comoros,2000,0.5988093068238722,,99.40119069317612
Comoros,2022,34.06418488315573,,65.93581511684428
Comoros,2024,27.736432687658233,,72.26356731234176
"Congo, Dem. Rep.",2023,47.46581453592472,,52.534185464075286
"Congo, Dem. Rep.",2000,0.7839889394247541,,99.21601106057525
"Congo, Dem. Rep.",2022,52.89503014808198,,47.10496985191802
"Congo, Dem. Rep.",2021,57.81926785520594,,42.18073214479405
"Congo, Dem. Rep.",2020,58.491298712491414,,41.50870128750858
"Congo, Dem. Rep.",2019,55.20967491827065,,44.79032508172935
"Congo, Dem. Rep.",2018,57.13134437125142,,42.86865562874859
"Congo, Dem. Rep.",2017,45.271324293477925,,54.72867570652207
"Congo, Dem. Rep.",2016,46.51156724680851,,53.48843275319149
"Congo, Dem. Rep.",2015,44.15097263541398,,55.84902736458602
"Congo, Dem. Rep.",2014,40.825161377351705,,59.1748386226483
"Congo, Dem. Rep.",2012,25.9909440726809,,74.0090559273191
"Congo, Dem. Rep.",2011,23.505557197724997,,76.494442802275
"Congo, Dem. Rep.",2010,17.153040093427762,,82.84695990657224
"Congo, Dem. Rep.",2009,0.5414036127429278,,99.45859638725707
"Congo, Dem. Rep.",2008,0.585273961689581,,99.41472603831042
"Congo, Dem. Rep.",2007,0.595917854111805,,99.40408214588821
"Congo, Dem. Rep.",2006,0.6556440237986303,,99.34435597620137
"Congo, Dem. Rep.",2005,0.7154851484874124,,99.2845148515126
"Congo, Dem. Rep.",2004,0.6865124804413133,,99.31348751955869
"Congo, Dem. Rep.",2003,0.7182327438388213,,99.28176725616119
"Congo, Dem. Rep.",2002,0.6983656098299659,,99.30163439017001
"Congo, Dem. Rep.",2001,0.8144066475704201,,99.18559335242958
"Congo, Dem. Rep.",2024,44.423813542090095,,55.576186457909905
"Congo, Dem. Rep.",2013,36.66883957145066,,63.331160428549346
"Congo, Rep.",2012,33.97767360739958,19.94805139563611,46.07427499696431
"Congo, Rep.",2024,29.85669673258326,25.88308881705636,44.26021445036038
"Congo, Rep.",2023,30.178267346086233,23.181933583059113,46.63979907085465
"Congo, Rep.",2022,30.438359862985624,20.922412200236927,48.63922793677745
"Congo, Rep.",2021,29.595050466354483,20.275997725956977,50.12895180768855
"Congo, Rep.",2020,28.399064015874437,20.4156739778211,51.18526200630446
"Congo, Rep.",2019,30.02339571821359,20.944350446854074,49.032253834932334
"Congo, Rep.",2018,35.939268956336754,7.96610471610696,56.09462632755628
"Congo, Rep.",2016,37.89626082807703,6.398600337420329,55.70513883450264
"Congo, Rep.",2015,38.73418325197621,6.752745311890644,54.513071436133146
"Congo, Rep.",2014,41.950492058555305,9.12308321493346,48.92642472651124
"Congo, Rep.",2013,43.419003583461524,14.71408459661506,41.8669118199234
"Congo, Rep.",2011,28.53674074559976,20.949108094020268,50.514151160379974
"Congo, Rep.",2017,37.245098961473246,5.641743429190781,57.11315760933597
"Congo, Rep.",2009,2.077490955522662,4.882394455898221,93.0401145885791
"Congo, Rep.",2008,1.6757630972298572,4.808606153840298,93.51563074892982
"Congo, Rep.",2007,1.507528063465237,4.854197359310412,93.63827457722434
"Congo, Rep.",2006,1.3581376655607327,4.08831281190248,94.55354952253678
"Congo, Rep.",2005,1.1727377282059273,2.1768031735195374,96.65045909827454
"Congo, Rep.",2004,0.8388904556007054,0.0,99.1611095443993
"Congo, Rep.",2003,0.9618312111361769,0.0,99.03816878886381
"Congo, Rep.",2002,1.019430009159142,,98.98056999084088
"Congo, Rep.",2001,1.045081110030906,,98.95491888996911
"Congo, Rep.",2000,0.9483401190916624,,99.05165988090835
"Congo, Rep.",2010,23.331088931934104,23.20454457709152,53.46436649097438
Cote d'Ivoire,2014,7.722189772091613,0.8838966880730302,91.39391353983535
Cote d'Ivoire,2015,8.761218856987128,0.5994275833499211,90.63935355966295
Cote d'Ivoire,2016,13.878302268967516,0.5079933034539861,85.61370442757848
Cote d'Ivoire,2017,15.92973312386532,0.32561255147268453,83.744654324662
Cote d'Ivoire,2018,14.691388131544446,0.1927344986863867,85.11587736976917
Cote d'Ivoire,2023,13.069823591291714,1.4326575180858672,85.49751889062242
Cote d'Ivoire,2020,14.70090262739986,0.9421782271789249,84.35691914542122
Cote d'Ivoire,2021,13.653645959324832,0.9201144003363708,85.42623964033879
Cote d'Ivoire,2022,13.332611333620891,1.4912525471117803,85.17613611926734
Cote d'Ivoire,2012,2.194069906439108,1.061527717426841,96.74440237613406
Cote d'Ivoire,2019,15.21707947245677,0.9531058165855056,83.82981471095773
Cote d'Ivoire,2011,0.8134388511187497,0.5172567190656705,98.66930442981558
Cote d'Ivoire,2013,5.654107074126405,0.9186069473474814,93.42728597852613
Cote d'Ivoire,2009,0.5878958246451617,0.0,99.41210417535484
Cote d'Ivoire,2008,0.6323306420576545,0.0,99.36766935794235
Cote d'Ivoire,2007,0.5176096715161554,0.0,99.48239032848382
Cote d'Ivoire,2006,0.4201395713860915,,99.5798604286139
Cote d'Ivoire,2005,0.4448957064202797,,99.55510429357975
Cote d'Ivoire,2004,0.3880943061966087,,99.61190569380338
Cote d'Ivoire,2003,0.2037422440010553,,99.79625775599894
Cote d'Ivoire,2002,0.1896611761734258,,99.81033882382658
Cote d'Ivoire,2001,0.17805231074806477,,99.82194768925193
Cote d'Ivoire,2000,0.15673133905977799,,99.84326866094023
Cote d'Ivoire,2024,12.06997907685751,1.0818898718968213,86.84813105124567
Cote d'Ivoire,2010,0.9241028775622093,0.27633848820152923,98.79955863423626
Djibouti,2000,1.7731221225056073,,98.22687787749439
Djibouti,2001,1.7862699060239706,,98.21373009397603
Djibouti,2024,50.54259748598687,,49.45740251401313
Djibouti,2023,51.91296098298799,,48.087039017012
Djibouti,2022,55.27674202229792,,44.72325797770208
Djibouti,2021,55.53080069941163,,44.46919930058837
Djibouti,2020,56.99121112683633,,43.00878887316367
Djibouti,2019,55.718867067772806,,44.28113293222718
Djibouti,2018,58.01927661843931,,41.98072338156069
Djibouti,2016,55.37237453887123,,44.62762546112878
Djibouti,2015,44.10636563283157,,55.89363436716844
Djibouti,2014,21.97448506850167,,78.02551493149832
Djibouti,2013,3.704095342232763,,96.29590465776724
Djibouti,2017,59.6708134489005,,40.3291865510995
Djibouti,2011,3.035206469613327,,96.96479353038667
Djibouti,2012,2.463141302265669,,97.53685869773433
Djibouti,2003,0.6933377141434558,,99.30666228585655
Djibouti,2004,0.453640291950306,,99.54635970804969
Djibouti,2005,0.27439697477628316,,99.72560302522372
Djibouti,2006,0.06520904589022912,,99.93479095410977
Djibouti,2002,1.9998160340868865,,98.00018396591312
Djibouti,2008,3.483041681084965,,96.51695831891502
Djibouti,2009,3.5701351963174357,,96.42986480368255
Djibouti,2010,3.7423101414402704,,96.25768985855971
Djibouti,2007,3.297029959770745,,96.70297004022925
Dominica,2012,10.602191895150536,,89.29756427841107
Dominica,2021,9.514417338577434,,90.46616924314618
Dominica,2020,10.248620184005505,,89.72221249538703
Dominica,2019,11.750961818873607,,88.20840552040326
Dominica,2018,13.220907950079427,,86.729620106299
Dominica,2017,14.12329219149106,,85.82251261634592
Dominica,2016,14.109726373619706,,85.82690855831495
Dominica,2015,15.125826238552296,,84.80572698159692
Dominica,2014,13.975137417940676,,85.94626434206819
Dominica,2013,12.300109253015735,,87.61166842623389
Dominica,2011,6.635916301570555,,93.36408369842944
Dominica,2024,5.025657249338085,,94.97434275066192
Dominica,2006,0.0,,100.0
Dominica,2005,3.47018781810852,,96.52981218189147
Dominica,2004,3.4326851875565048,,96.5673148124435
Dominica,2003,3.813653285129278,,96.18634671487072
Dominica,2002,3.666638405507646,,96.33336159449237
Dominica,2001,4.934948249796047,,95.06505175020395
Dominica,2000,3.599408881069339,,96.40059111893066
Dominica,2022,7.219797061123963,,92.76818354771713
Dominica,2010,4.701117851507233,,95.29888214849277
Dominica,2023,5.682508956734361,,94.31189513558436
Dominican Republic,2002,0.2192542003333832,,99.7807457996666
Dominican Republic,2000,0.0,,100.0
Dominican Republic,2023,0.0013216720182125093,,99.99867832798179
Dominican Republic,2022,0.001988223994062507,,99.99801177600594
Dominican Republic,2021,0.0027963632808651355,,99.99720363671912
Dominican Republic,2020,0.0037211653414004693,,99.99627883465861
Dominican Republic,2019,0.005761974975404763,,99.99423802502459
Dominican Republic,2018,0.007087716906924537,,99.99291228309308
Dominican Republic,2017,0.009274098589093172,,99.9907259014109
Dominican Republic,2016,0.011166310286091217,,99.98883368971391
Dominican Republic,2015,0.013411454463905006,,99.9865885455361
Dominican Republic,2014,0.01479552927218443,,99.98520447072781
Dominican Republic,2013,0.01781347509226282,,99.98218652490775
Dominican Republic,2012,0.029716544701471306,,99.97028345529853
Dominican Republic,2011,0.04269801024678869,,99.95730198975323
Dominican Republic,2010,0.05964659534052486,,99.94035340465948
Dominican Republic,2009,0.08168106772783201,,99.91831893227216
Dominican Republic,2008,0.10570596531199478,,99.894294034688
Dominican Republic,2007,0.12799594792397231,,99.87200405207602
Dominican Republic,2006,0.14155554403300155,,99.858444455967
Dominican Republic,2005,0.15653892688455875,,99.84346107311545
Dominican Republic,2004,0.15069533325219614,,99.8493046667478
Dominican Republic,2003,0.14419118701171768,,99.85580881298829
Dominican Republic,2024,0.0007592925308212715,,99.99924070746918
Dominican Republic,2001,0.2586201011495259,,99.74137989885047
East Asia & Pacific (excluding high income),2024,1.6563763547328945,0.13953744218798111,98.20408620307913
East Asia & Pacific (excluding high income),2002,0.32432154399910124,0.057522112339282415,99.61815634366161
East Asia & Pacific (excluding high income),2023,1.831060493739877,0.1707451082411171,97.99819439801901
East Asia & Pacific (excluding high income),2022,1.8306911388247158,0.18173330733490317,97.98757555384037
East Asia & Pacific (excluding high income),2021,1.8164001949969042,0.21090758994840023,97.9726922150547
East Asia & Pacific (excluding high income),2020,2.139984881925068,0.28446078779122147,97.57555433028371
East Asia & Pacific (excluding high income),2019,2.3782283303082115,0.3160514034084637,97.30572026628333
East Asia & Pacific (excluding high income),2018,2.6558438314914485,0.3902733962924453,96.95388277221612
East Asia & Pacific (excluding high income),2017,2.9199504827942686,0.49995263210784013,96.58009688509789
East Asia & Pacific (excluding high income),2016,3.0890402809762145,0.5405182511017746,96.370441467922
East Asia & Pacific (excluding high income),2015,3.1973455566399394,0.6179134154691523,96.18474102789091
East Asia & Pacific (excluding high income),2014,2.790369054747427,0.6296638096498464,96.57996713560271
East Asia & Pacific (excluding high income),2013,2.6063674687702614,0.5620446525851471,96.8315878786446
East Asia & Pacific (excluding high income),2012,2.1210715871305,0.42932296575448187,97.44960544711503
East Asia & Pacific (excluding high income),2011,1.864398066566137,0.32285644752041304,97.81274548591345
East Asia & Pacific (excluding high income),2010,1.4620763718321188,0.1858853944206037,98.35203823374728
East Asia & Pacific (excluding high income),2009,0.9452805279071269,0.06605657119009348,98.9886629009028
East Asia & Pacific (excluding high income),2008,0.8354226577736955,0.056139154882807,99.1084381873435
East Asia & Pacific (excluding high income),2007,0.6424736933640128,0.05903680705232892,99.29848949958365
East Asia & Pacific (excluding high income),2006,0.4049245536835839,0.06138056063350823,99.5336948856829
East Asia & Pacific (excluding high income),2005,0.42445166494825387,0.05789532451597657,99.51765301053577
East Asia & Pacific (excluding high income),2004,0.3789402886077825,0.0607987392026495,99.56026097218957
East Asia & Pacific (excluding high income),2003,0.28589252078344274,0.057932294481720034,99.65617518473483
East Asia & Pacific (excluding high income),2001,0.48292582855462973,0.05740256369321599,99.45967160775216
East Asia & Pacific (excluding high income),2000,0.47333267099445864,0.05493926182316303,99.47172806718237
Ecuador,2006,0.0320700675260608,,99.96792993247394
Ecuador,2024,6.654641140821622,,93.34535885917836
Ecuador,2023,8.53058364430078,,91.46941635569924
Ecuador,2022,10.254060730293327,,89.74593926970667
Ecuador,2021,12.698780641506142,0.0,87.30121935849385
Ecuador,2020,13.467201970891107,0.14026637267273082,86.39253165643618
Ecuador,2019,15.087901573911436,0.6848185216166256,84.22727990447194
Ecuador,2018,17.891857640267506,1.3326059336056433,80.77553642612685
Ecuador,2016,29.384080366448966,2.724804479337524,67.8911151542135
Ecuador,2015,27.20727973744851,,72.79272026255148
Ecuador,2014,29.49178844692064,,70.50821155307936
Ecuador,2013,37.05444130762654,,62.94555869237346
Ecuador,2012,26.15306385305735,,73.84693614694265
Ecuador,2017,22.1831826702833,1.6852738390033069,76.1315434907134
Ecuador,2010,9.112182499284648,,90.88781750071534
Ecuador,2009,0.033075466337316166,,99.96692453366269
Ecuador,2008,0.02187624742278482,,99.9781237525772
Ecuador,2007,0.02865625432849421,,99.9713437456715
Ecuador,2005,0.05490988991227829,,99.94509011008772
Ecuador,2004,0.0629187407173878,,99.9370812592826
Ecuador,2003,0.045891578167847696,,99.95410842183215
Ecuador,2002,0.05251230993575417,,99.94748769006425
Ecuador,2001,0.05519328596725313,,99.94480671403275
Ecuador,2000,0.05746412416450298,,99.9425358758355
Ecuador,2011,22.51571849223144,,77.48428150776856
"Egypt, Arab Rep.",2013,0.8912122491766753,,99.10878775082331
"Egypt, Arab Rep.",2014,0.9741525511946203,,99.0258474488054
"Egypt, Arab Rep.",2015,0.7920125677452038,,99.2079874322548
"Egypt, Arab Rep.",2016,3.6609278201571374,,96.33907217984287
"Egypt, Arab Rep.",2017,3.5821027974391546,,96.41789720256084
"Egypt, Arab Rep.",2023,3.439581450391438,1.9826634602563313,94.57775508935224
"Egypt, Arab Rep.",2020,4.006690854993833,0.49972283884224494,95.49358630616392
"Egypt, Arab Rep.",2021,3.457373331090268,0.7856848747916918,95.75694179411803
"Egypt, Arab Rep.",2022,3.237561809708295,1.4935432713575667,95.26889491893414
"Egypt, Arab Rep.",2012,1.1699225436324936,,98.8300774563675
"Egypt, Arab Rep.",2018,5.301936404003071,,94.69806359599693
"Egypt, Arab Rep.",2011,0.5533419815399965,0.0,99.44665801846
"Egypt, Arab Rep.",2019,4.770690223251064,0.0,95.22930977674896
"Egypt, Arab Rep.",2009,0.46180255730677794,0.0,99.53819744269325
"Egypt, Arab Rep.",2008,0.43995926341921004,0.0,99.56004073658079
"Egypt, Arab Rep.",2007,0.39041492949343304,0.0,99.60958507050657
"Egypt, Arab Rep.",2006,0.3805522498056124,,99.61944775019438
"Egypt, Arab Rep.",2005,0.34945461320705984,,99.65054538679294
"Egypt, Arab Rep.",2004,0.391325304590827,,99.60867469540916
"Egypt, Arab Rep.",2003,0.3768927719954011,,99.62310722800461
"Egypt, Arab Rep.",2002,0.35691740808606626,,99.64308259191394
"Egypt, Arab Rep.",2001,0.2862793789765048,,99.7137206210235
"Egypt, Arab Rep.",2000,0.3429819575306023,,99.65701804246939
"Egypt, Arab Rep.",2024,3.3507853608001223,2.173442261084034,94.47577237811583
"Egypt, Arab Rep.",2010,0.5143841552370556,0.0,99.48561584476295
El Salvador,2000,0.13747155520243318,,99.86252844479758
El Salvador,2001,0.14232235901215368,,99.85767764098786
El Salvador,2016,0.04572240514332199,,99.95427759485668
El Salvador,2021,0.004325252144682764,,99.99567474785532
El Salvador,2024,0.0,,100.0
El Salvador,2002,0.08353407711782812,,99.91646592288218
El Salvador,2020,0.010187926988207382,,99.98981207301179
El Salvador,2019,0.018541727939330586,,99.98145827206068
El Salvador,2018,0.026881864986361154,,99.97311813501365
El Salvador,2017,0.034393872055039215,,99.96560612794497
El Salvador,2023,0.0007905125853946513,,99.9992094874146
El Salvador,2015,0.07192801271332508,,99.92807198728669
El Salvador,2014,0.1142594642501601,,99.88574053574986
El Salvador,2022,0.002470332844864898,,99.99752966715513
El Salvador,2012,0.22043198586620857,,99.77956801413379
El Salvador,2011,0.28634604044883327,,99.71365395955117
El Salvador,2010,0.3586426606797824,,99.64135733932021
El Salvador,2009,0.4592461279249023,,99.5407538720751
El Salvador,2008,0.5384320450091299,,99.46156795499087
El Salvador,2007,0.5913593419141056,,99.40864065808589
El Salvador,2006,0.6295107294209566,,99.37048927057904
El Salvador,2003,0.632437381564727,,99.36756261843527
El Salvador,2013,0.1736077641193462,,99.82639223588065
El Salvador,2004,0.6824551406639107,,99.3175448593361
El Salvador,2005,0.7612229668836941,,99.23877703311632
Equatorial Guinea,2023,92.88308864624082,,7.116911353759176
Equatorial Guinea,2021,93.6760072224548,,6.323992777545199
Equatorial Guinea,2022,93.57947832389374,,6.420521676106253
Equatorial Guinea,2024,92.58764606821816,,7.412353931781826
Equatorial Guinea,2020,93.77988767316815,,6.2201123268318534
Equatorial Guinea,2019,94.36019061072169,,5.639809389278299
Eritrea,2021,2.7623794659084844,,97.23762053409152
Eritrea,2000,0.9263641326123313,,99.07363586738767
Eritrea,2017,4.869880949789552,,95.13011905021044
Eritrea,2016,5.4631026139146535,,94.53689738608534
Eritrea,2015,6.2579547869864225,,93.74204521301358
Eritrea,2014,6.660994281298817,,93.3390057187012
Eritrea,2013,6.415681465166745,,93.58431853483326
Eritrea,2012,10.107919501796388,,89.89208049820361
Eritrea,2011,13.410847766323776,,86.58915223367622
Eritrea,2010,13.410004438421975,,86.58999556157804
Eritrea,2009,13.153451278097684,,86.84654872190232
Eritrea,2008,9.28716925095955,,90.71283074904045
Eritrea,2007,1.8394443954936608,,98.16055560450636
Eritrea,2006,0.7036976302403936,,99.2963023697596
Eritrea,2005,0.7358778488488357,,99.26412215115117
Eritrea,2004,0.7368939792216752,,99.26310602077832
Eritrea,2003,0.857273699364663,,99.14272630063535
Eritrea,2002,1.0603132957693828,,98.93968670423062
Eritrea,2001,0.699186058842543,,99.30081394115747
Eritrea,2019,3.615603662360789,,96.3843963376392
Eritrea,2020,3.167791365884994,,96.832208634115
Eritrea,2018,4.159611226258077,,95.8403887737419
Eritrea,2023,1.2488723871887273,,98.75112761281129
Eritrea,2024,0.5856086312266335,,99.41439136877338
Eritrea,2022,1.9819732197840436,,98.01802678021596
Eswatini,2020,32.37911847556758,,67.62088152443243
Eswatini,2018,25.068403532651256,,74.93159646734874
Eswatini,2019,29.433272282239365,,70.56672771776064
Eswatini,2021,29.96329591942419,,70.03670408057582
Eswatini,2022,24.066913590398222,,75.93308640960178
Eswatini,2023,22.84692423025224,,77.15307576974776
Eswatini,2024,24.56778655513962,,75.43221344486038
Eswatini,2015,0.18135803808723644,,99.81864196191279
Eswatini,2014,0.25235605672777645,,99.74764394327222
Eswatini,2013,0.31238616955939275,,99.68761383044061
Eswatini,2012,0.34241190417146355,,99.65758809582854
Eswatini,2011,0.36442322602023364,,99.63557677397976
Eswatini,2010,0.37445212253054017,,99.62554787746946
Eswatini,2009,0.42511869090042226,,99.57488130909957
Eswatini,2008,0.4846660020813223,,99.51533399791867
Eswatini,2007,0.5795420405676318,,99.42045795943237
Eswatini,2006,0.6803133758245254,,99.31968662417547
Eswatini,2005,0.7541578096655496,,99.24584219033446
Eswatini,2004,0.8253816815457764,,99.17461831845424
Eswatini,2003,0.9647473245155018,,99.03525267548449
Eswatini,2002,1.1962156588404997,,98.8037843411595
Eswatini,2001,1.4900437385799974,,98.50995626141999
Eswatini,2000,1.5247654146408318,,98.47523458535916
Eswatini,2017,13.366604677633992,,86.63339532236601
Eswatini,2016,8.870054742046166,,91.12994525795384
Ethiopia,2020,20.25242223000509,5.321329654002455,74.42624811599245
Ethiopia,2022,19.451250893911816,4.03834284854972,76.51040625753846
Ethiopia,2001,0.8316427784027821,,99.0485901961773
Ethiopia,2017,24.922584131407824,9.687845252701962,65.38957061589022
Ethiopia,2016,25.249234757200956,11.9947261923692,62.756039050429855
Ethiopia,2015,24.159759751198948,13.134100822132572,62.706139426668486
Ethiopia,2014,22.209775565985744,11.519874014983484,66.27035041903076
Ethiopia,2013,15.719679771168787,11.380929561845239,72.899390666986
Ethiopia,2012,13.77568651730271,13.367926708419013,72.85638677427828
Ethiopia,2011,10.675096371806804,15.93055824270944,73.39434538548376
Ethiopia,2010,8.447834529282149,18.916141852774256,72.6360236179436
Ethiopia,2009,5.753888136785194,20.318236349139706,73.9278755140751
Ethiopia,2008,0.9223802694460649,0.0,99.07761973055393
Ethiopia,2007,0.935404509251584,0.0,99.06459549074843
Ethiopia,2006,0.6906683855475619,0.0,99.30933161445243
Ethiopia,2021,19.941742036503808,4.6541700849595715,75.40408787853661
Ethiopia,2005,0.7226869181032046,,99.14967443014862
Ethiopia,2004,0.6773942394254874,,99.17842895796349
Ethiopia,2003,0.39928489038391085,,99.4758825963057
Ethiopia,2002,0.5412977381210319,,99.3384095074848
Ethiopia,2000,1.1538596220966828,,98.65398044317332
Ethiopia,2018,22.45817627438847,7.543754279472896,69.99806944613864
Ethiopia,2019,21.715028756120333,6.482169298195983,71.80280194568368
Ethiopia,2023,17.208641314465122,3.425810809522561,79.36554787601231
Ethiopia,2024,17.794135734356882,4.123203784242102,78.082660481401
Europe & Central Asia (excluding high income),2008,1.056892451921534,0.0414967280819359,98.90161081999652
Europe & Central Asia (excluding high income),2020,5.250069368759948,0.41135954328927277,94.33499109294674
Europe & Central Asia (excluding high income),2019,5.781575682087614,0.31175176046690495,93.90667255744548
Europe & Central Asia (excluding high income),2000,0.2661439504442512,0.06242014293774367,99.671435906618
Europe & Central Asia (excluding high income),2001,0.4195024027366844,0.06201349398811397,99.5184841032752
Europe & Central Asia (excluding high income),2002,0.38933735094103084,0.052563325011279055,99.54248892816646
Europe & Central Asia (excluding high income),2003,0.3863952595821699,0.053185353086795915,99.56041938733104
Europe & Central Asia (excluding high income),2004,0.338115570949278,0.06388879510563174,99.59799563394509
Europe & Central Asia (excluding high income),2021,5.136793003506085,0.44079992348976554,94.41246937720936
Europe & Central Asia (excluding high income),2005,0.4079585866037221,0.07138124626060156,99.52066016713567
Europe & Central Asia (excluding high income),2007,0.663336364903571,0.04956872262076529,99.28709491247567
Europe & Central Asia (excluding high income),2018,6.132493995297143,0.1369028173296281,93.73060318737322
Europe & Central Asia (excluding high income),2017,6.074964577050008,0.0010442881817330771,93.92399113476827
Europe & Central Asia (excluding high income),2009,1.6544183682970217,0.04125033033661601,98.30433130136636
Europe & Central Asia (excluding high income),2010,2.3712583326024106,0.031728438463132724,97.59701322893447
Europe & Central Asia (excluding high income),2011,3.9381139471412188,0.025282320195281895,96.03660373266351
Europe & Central Asia (excluding high income),2012,4.9631522940118415,0.016487932173858237,95.0203597738143
Europe & Central Asia (excluding high income),2013,5.963815455146092,0.012045085703536278,94.02413945915036
Europe & Central Asia (excluding high income),2014,6.27098820269236,0.007485396281590967,93.72152640102604
Europe & Central Asia (excluding high income),2006,0.5186920353643341,0.06335245612159295,99.41795550851408
Europe & Central Asia (excluding high income),2015,6.6354955958943025,0.00397546786001511,93.36052893624567
Europe & Central Asia (excluding high income),2022,4.89905637714245,0.30005256223819826,94.50414048071178
Europe & Central Asia (excluding high income),2024,3.900412644557356,0.10713863852596581,95.73025865861132
Europe & Central Asia (excluding high income),2023,4.3688052159235395,0.146025575154046,95.20716945685828
Europe & Central Asia (excluding high income),2016,6.341085148601416,0.0018993746754710401,93.65701547672312
Fiji,2002,43.21280579506753,,56.787194204932476
Fiji,2018,33.48452858682697,,66.51547141317302
Fiji,2017,38.387865133192435,,61.612134866807565
Fiji,2016,41.52839234665546,,58.471607653344535
Fiji,2015,42.71115440874839,,57.2888455912516
Fiji,2014,39.37786993285916,,60.62213006714084
Fiji,2013,33.6969790603861,,66.3030209396139
Fiji,2012,29.65834491128633,,70.34165508871367
Fiji,2011,24.09577841442647,,75.90422158557354
Fiji,2010,24.971015654281146,,75.02898434571884
Fiji,2000,42.24924255161249,,57.75075744838752
Fiji,2008,20.61064569434558,,79.38935430565441
Fiji,2022,11.085809779605038,,88.91419022039496
Fiji,2007,20.86318026647982,,79.13681973352017
Fiji,2006,21.74886155667389,,78.25113844332611
Fiji,2005,39.33073585456651,,60.669264145433495
Fiji,2004,37.86309040370029,,62.13690959629971
Fiji,2003,39.73924318786377,,60.26075681213623
Fiji,2001,45.77878909856875,,54.22121090143125
Fiji,2009,22.817987806955202,,77.1820121930448
Fiji,2023,9.393253569516546,,90.60674643048345
Fiji,2021,17.998363910153472,,82.00163608984653
Fiji,2024,7.261826260590754,,92.73817373940925
Fiji,2019,29.982465911049797,,70.01753408895021
Fiji,2020,23.115094418510704,,76.88490558148929
Gabon,2021,15.917291364906868,1.8814312546737002,82.20127738041944
Gabon,2024,14.45275164509887,1.4538943786100802,84.09335397629106
Gabon,2000,1.038797920652626,,98.96120207934737
Gabon,2001,1.2184587580361304,,98.78154124196386
Gabon,2002,1.6037284503599214,,98.39627154964008
Gabon,2003,2.347003450443229,,97.65299654955678
Gabon,2004,2.222299421796871,,97.77770057820314
Gabon,2005,2.5102108028669106,,97.48978919713308
Gabon,2006,2.502705166436607,,97.4972948335634
Gabon,2007,2.275893707621775,,97.72410629237822
Gabon,2008,6.483691195955766,,93.51630880404423
Gabon,2022,14.568887055379832,1.6507989367593967,83.78031400786077
Gabon,2009,8.617599305897318,0.0,91.38240069410269
Gabon,2023,13.618330371742864,1.327909750294208,85.05375987796292
Gabon,2012,15.930348030813928,0.0,84.06965196918607
Gabon,2013,15.609057606336016,0.0,84.39094239366398
Gabon,2014,18.53969471437657,,81.46030528562343
Gabon,2015,18.712526116782723,0.0,81.28747388321727
Gabon,2016,18.81751092370595,2.480972711505503,78.70151636478856
Gabon,2017,15.885182192480041,2.638063230608467,81.47675457691149
Gabon,2018,16.945177650749592,2.5048876785385734,80.54993467071185
Gabon,2019,17.73631285877714,1.9357614086584924,80.32792573256437
Gabon,2020,16.541221220340596,1.8236742066231006,81.63510457303632
Gabon,2010,12.782346336945233,0.0,87.21765366305475
Gabon,2011,14.050726821884913,0.0,85.94927317811509
"Gambia, The",2010,3.1604155590192367,,96.83958444098077
"Gambia, The",2023,2.4935856495288746,,97.50641435047112
"Gambia, The",2021,3.2426212616430563,,96.75737873835695
"Gambia, The",2020,3.219580506268263,,96.78041949373174
"Gambia, The",2019,3.3458664375709457,,96.65413356242905
"Gambia, The",2018,0.0,,100.0
"Gambia, The",2017,0.0,,100.0
"Gambia, The",2014,0.0,,100.0
"Gambia, The",2013,3.0277692049568965,,96.97223079504312
"Gambia, The",2012,3.1158079776500434,,96.88419202234995
"Gambia, The",2011,3.2102588887611168,,96.78974111123888
"Gambia, The",2009,3.1460757462216846,,96.85392425377832
"Gambia, The",2008,3.6506701322910535,,96.34932986770895
"Gambia, The",2007,1.237493411649079,,98.76250658835093
"Gambia, The",2006,2.6953499736717417,,97.30465002632826
"Gambia, The",2005,2.902847798175827,,97.09715220182417
"Gambia, The",2004,2.836519775330984,,97.16348022466902
"Gambia, The",2003,3.121192527910164,,96.87880747208983
"Gambia, The",2002,3.499235400810903,,96.50076459918911
"Gambia, The",2001,4.080066866724181,,95.91993313327582
"Gambia, The",2000,4.228792368374121,,95.77120763162587
"Gambia, The",2022,2.8103396267359,,97.1896603732641
"Gambia, The",2024,2.374516813606366,,97.62548318639362
Georgia,2000,0.18328023501211774,,99.81671976498791
Georgia,2022,0.0,,100.0
Georgia,2021,0.005185404855650372,,99.99481459514435
Georgia,2020,0.01152302007063997,,99.98847697992936
Georgia,2019,0.018417587566958497,,99.98158241243304
Georgia,2018,0.025946808663068272,,99.97405319133692
Georgia,2017,0.034822606151089945,,99.9651773938489
Georgia,2016,0.04161637094876112,,99.95838362905123
Georgia,2015,0.05654661558270816,,99.94345338441728
Georgia,2014,0.07033984238255736,,99.92966015761745
Georgia,2013,0.08250047904833356,,99.91749952095165
Georgia,2012,0.09349168279560455,,99.9065083172044
Georgia,2010,0.13833614318718077,,99.86166385681283
Georgia,2009,0.12448469384729688,,99.8755153061527
Georgia,2008,0.14760362812911254,,99.8523963718709
Georgia,2007,0.0,,100.0
Georgia,2006,0.0,,100.0
Georgia,2005,0.18925608960797058,,99.81074391039203
Georgia,2004,0.20820156899211428,,99.79179843100789
Georgia,2003,0.19751215596238839,,99.80248784403761
Georgia,2002,0.19069309156020528,,99.8093069084398
Georgia,2001,0.17381415982276857,,99.82618584017725
Georgia,2011,0.12528041269679052,,99.8747195873032
Ghana,2010,10.990956205402064,,89.00904379459794
Ghana,2024,6.274976382087795,0.9738954290361612,92.75112818887604
Ghana,2023,5.618078951890963,0.8734417722988517,93.50847927581019
Ghana,2022,5.8623396066577556,0.9283111021478193,93.20934929119443
Ghana,2021,5.987393130008494,1.0008231220057426,93.01178374798576
Ghana,2020,6.478377995278484,1.2135940907639629,92.30802791395756
Ghana,2019,7.709093146791891,1.5845798770923456,90.70632697611576
Ghana,2018,9.662939658042827,0.8307194154931988,89.50634092646398
Ghana,2016,13.526306729948905,0.6430863915231948,85.83060687852789
Ghana,2015,15.837858344581326,0.6130833548202985,83.54905830059838
Ghana,2014,18.304682386444664,0.13215263412942957,81.56316497942592
Ghana,2013,19.55798355989886,0.15704176723166774,80.28497467286948
Ghana,2012,17.404104797895382,0.2110542854788464,82.38484091662578
Ghana,2017,11.56266804949936,0.6278346572950431,87.8094972932056
Ghana,2009,7.927325366893052,,92.07267463310696
Ghana,2008,4.790773922757827,,95.20922607724218
Ghana,2007,3.1891074494571616,,96.81089255054285
Ghana,2006,2.163097368153238,,97.83690263184675
Ghana,2005,0.8078616170204614,,99.19213838297954
Ghana,2004,0.8119696782148218,,99.18803032178518
Ghana,2003,0.8821881565511375,,99.11781184344886
Ghana,2002,0.9935624895201706,,99.00643751047983
Ghana,2001,0.5270042838823285,,99.47299571611768
Ghana,2000,0.49823311694104405,,99.50176688305895
Ghana,2011,12.227593340378418,,87.77240665962158
Grenada,2017,0.0,,100.0
Grenada,2018,0.0,,100.0
Grenada,2023,6.7405815177568495,,93.25941848224318
Grenada,2020,0.0,,100.0
Grenada,2021,3.1654617324532066,,96.83453826754682
Grenada,2022,3.4419437120890946,,96.5580562879109
Grenada,2019,0.0,,100.0
Grenada,2003,0.0,,100.0
Grenada,2002,0.09745462060505806,,99.90254537939494
Grenada,2001,0.1867011531933239,,99.81329884680667
Grenada,2000,0.22274017852901415,,99.77725982147099
Grenada,2024,7.43844878722839,,92.56155121277163
Guatemala,2000,2.457262840182592,,97.4922064455001
Guatemala,2001,3.283006069343392,,96.67303302127874
Guatemala,2024,0.32253553309050453,,99.6774644669095
Guatemala,2023,0.3664270236159988,,99.633572976384
Guatemala,2022,0.4311981473486359,,99.56880185265135
Guatemala,2021,0.45198883856180483,,99.5480111614382
Guatemala,2020,0.48674699599920784,,99.51325300400079
Guatemala,2019,0.5581278697987219,,99.44187213020128
Guatemala,2018,0.6330378015593648,,99.36696219844063
Guatemala,2016,0.26395488176921095,,99.73604511823079
Guatemala,2015,0.11119776430443566,,99.88880223569556
Guatemala,2014,0.1438314426103214,,99.85616855738968
Guatemala,2013,0.16639453718877345,,99.83360546281122
Guatemala,2017,0.44841111676595363,,99.55158888323405
Guatemala,2011,0.43150812138910993,,99.56849187861089
Guatemala,2012,0.26206420103744066,,99.73793579896255
Guatemala,2003,2.3852057619951346,,97.57688521365917
Guatemala,2004,2.0241286041787374,,97.95465827725397
Guatemala,2005,1.823493711761901,,98.1765062882381
Guatemala,2006,1.5012694193651979,,98.4987305806348
Guatemala,2002,2.9021788072271897,,97.05619937376406
Guatemala,2008,1.1229783916825837,,98.87702160831742
Guatemala,2009,0.8417028993479384,,99.15829710065206
Guatemala,2010,0.6094763379769996,,99.39052366202301
Guatemala,2007,1.3480808223648235,,98.65191917763518
Guinea,2012,5.904169288629107,,94.0958307113709
Guinea,2021,36.3950892664557,7.325631636634032,56.27927909691028
Guinea,2020,39.05223041975299,6.165788987627547,54.78198059261946
Guinea,2019,43.09438802909839,1.5446190279117038,55.36099294298991
Guinea,2018,30.319018387886395,0.0,69.68098161211361
Guinea,2017,30.80087505839223,,69.19912494160776
Guinea,2016,31.110765851375817,,68.8892341486242
Guinea,2015,32.13006199726215,,67.86993800273785
Guinea,2014,25.3045924085901,,74.6954075914099
Guinea,2013,19.001846875173225,,80.99815312482679
Guinea,2011,2.0817903638003505,,97.91820963619966
Guinea,2024,27.884528958767817,12.419405525035629,59.696065516196555
Guinea,2009,1.953432098752464,,98.04656790124753
Guinea,2008,1.9231705396948335,,98.07682946030518
Guinea,2007,1.5239403027390024,,98.476059697261
Guinea,2006,1.9467087576151507,,98.05329124238484
Guinea,2005,1.2657838813158873,,98.7342161186841
Guinea,2004,0.9875475886251704,,99.01245241137482
Guinea,2003,0.9911863600476164,,99.0088136399524
Guinea,2002,1.154556722015374,,98.84544327798463
Guinea,2001,1.305858883219367,,98.69414111678063
Guinea,2000,1.325565127906778,,98.67443487209323
Guinea,2022,33.96346358811461,10.185647123737922,55.85088928814747
Guinea,2010,2.0763286765395312,,97.92367132346047
Guinea,2023,30.57761943215438,14.479765766875172,54.94261480097045
Guinea-Bissau,2000,2.010496240421657,,97.98950375957835
Guinea-Bissau,2001,0.0,,100.0
Guyana,2024,22.533519402830617,,77.4664805971694
Guyana,2002,2.7530264797871773,,97.24697352021283
Guyana,2023,15.594399840479518,,84.40560015952049
Guyana,2022,13.39452925975397,,86.60547074024603
Guyana,2021,17.920131335419743,,82.07986866458025
Guyana,2020,19.36373531209765,,80.63626468790235
Guyana,2019,18.511398333770597,,81.48860166622941
Guyana,2018,17.70686525905349,,82.2931347409465
Guyana,2017,16.740322549802805,,83.2596774501972
Guyana,2016,13.502976773999803,,86.4970232260002
Guyana,2015,11.931828607234038,,88.06817139276596
Guyana,2014,11.785138272496896,,88.21486172750312
Guyana,2013,10.198342739386312,,89.80165726061368
Guyana,2012,8.003867927697382,,91.9961320723026
Guyana,2011,6.365577279084247,,93.63442272091575
Guyana,2010,5.04464372943124,,94.95535627056876
Guyana,2009,4.150782835350531,,95.84921716464947
Guyana,2008,4.445608820080917,,95.5543911799191
Guyana,2007,4.596625009848523,,95.40337499015146
Guyana,2006,3.961757096122303,,96.0382429038777
Guyana,2005,3.167073002272081,,96.83292699772792
Guyana,2004,1.3169335807800369,,98.68306641921995
Guyana,2003,1.2526733337891194,,98.74732666621087
Guyana,2001,2.602173373691211,,97.39782662630878
Guyana,2000,2.5431538452524474,,97.45684615474752
Honduras,2013,1.209174872579385,0.9596625972852262,97.83116253013539
Honduras,2014,1.112297956791925,0.8970144812838104,97.99068756192426
Honduras,2015,2.7156327565898404,1.6524540987428167,95.63176133910952
Honduras,2016,2.626553881419956,2.776546524010794,94.59689959456925
Honduras,2017,2.2286480094872645,3.7049240742874354,94.0664279162253
Honduras,2022,1.6254606234808413,2.473584924224019,95.90095445229514
Honduras,2019,2.0226311193387696,3.823288135580679,94.15408074508055
Honduras,2020,1.8143570002719003,3.0499341174570644,95.13570888227103
Honduras,2021,1.7648423216014413,2.6351352545133864,95.60002242388518
Honduras,2012,1.7402732234524254,1.3595884558222073,96.90013832072536
Honduras,2018,2.1465368478309848,4.201601337456615,93.6518618147124
Honduras,2011,1.2429413655437764,1.5536767069297206,97.20338192752652
Honduras,2023,1.593530533375612,2.13687340691221,96.26959605971219
Honduras,2009,0.8732939947424415,2.015355844970095,97.11135016028747
Honduras,2008,1.0710100995386154,2.1420201990772307,96.78696970138415
Honduras,2007,1.4109697752347812,2.489975956013802,96.09905426875142
Honduras,2006,1.0525422478236341,,98.94745775217638
Honduras,2005,0.8444149524046,,99.15558504759541
Honduras,2004,0.7682494262751293,,99.0657471302731
Honduras,2003,0.9029993606863135,,98.95060404061364
Honduras,2002,1.0520381545919675,,98.89063979315817
Honduras,2001,1.1845733752974459,,98.7923787526042
Honduras,2000,1.1180060903350482,,98.87974286047569
Honduras,2024,1.406167591741046,1.4530677242061043,97.14076468405285
Honduras,2010,0.6467863888805386,1.7639949514005853,97.58921865971888
IDA only,2000,1.6901713763537396,0.13215448708363922,98.15644336856643
IDA only,2001,1.8006383569707594,0.1587308458027831,98.021065034059
IDA only,2013,12.180196740675978,1.9886569074118365,85.82828187339803
IDA only,2023,13.091916099559517,1.8743549736366205,85.03362958484196
IDA only,2022,14.128958211962248,2.058429936890613,83.81261185114712
IDA only,2021,14.754591186661289,2.2559407040847126,82.98946810925399
IDA only,2020,14.835654390644162,2.3223414414281884,82.84200416792764
IDA only,2019,15.547772728246656,2.3573555220786133,82.09487174967472
IDA only,2018,16.074696065038793,2.312742756855923,81.6125611781053
IDA only,2017,15.716105219518688,2.198605264159898,82.08528951632141
IDA only,2016,16.102058706175214,2.366671972097153,81.52892727757558
IDA only,2015,15.623026115011827,2.4878397826353518,81.88664365509302
IDA only,2014,14.39359592036325,2.3469669202180454,83.256777009936
IDA only,2002,1.7535911599684137,0.14778305551214524,98.06930414820641
IDA only,2012,10.36816864312809,1.8264321951920033,87.8021904146528
IDA only,2011,8.796039029774349,1.4814414568728433,89.71864052628787
IDA only,2010,7.276169299282301,1.1803888860029055,91.5392456915196
IDA only,2009,5.047537277480052,0.8404888571547756,94.10539269035141
IDA only,2008,3.7610907264988898,0.1829991385327927,96.04888215435498
IDA only,2007,3.0277496209152215,0.22321666652437475,96.74107052183554
IDA only,2006,2.7950756871221074,0.18368528094007122,97.01268690964709
IDA only,2005,2.0305782174565707,0.15046023995523874,97.8070429031323
IDA only,2004,1.7225225147124006,0.13617323143644156,98.12499860791714
IDA only,2003,1.6646247567485863,0.13783120361923293,98.17554458291576
IDA only,2024,13.384987318100443,1.3261867470042896,85.28872815771898
IDA total,2024,14.886658254049228,1.084971058096825,84.02831162599364
IDA total,2000,1.3135303445693138,0.1781899427504633,98.49515769694726
IDA total,2002,1.2597684973762746,0.09860510855713502,98.62325737466273
IDA total,2022,16.22669896517854,1.7048645093366015,82.06843039536703
IDA total,2021,16.961743734901106,1.916980332497464,81.12126656141275
IDA total,2020,17.20648172233953,2.117634407963755,80.67587054173357
IDA total,2019,18.025248927345373,2.124858695399835,79.84987362064125
IDA total,2018,17.976264230161927,1.8954492491624964,80.12826163340799
IDA total,2017,16.779539936656082,1.7547219026504013,81.4657057642815
IDA total,2016,16.885647999516678,1.7542182229580265,81.35851375797775
IDA total,2015,15.849394754450865,1.840457612117306,82.3084100040367
IDA total,2014,14.561933154495433,1.7976869424146884,83.63849889619885
IDA total,2001,1.2482360321736374,0.10454846766213022,98.63515122089449
IDA total,2013,12.165907780238365,1.6137566865292072,86.21827512676296
IDA total,2011,8.23188649716977,1.274754049621978,90.49081099668885
IDA total,2010,6.69470868569293,1.0712769148115011,92.23127483546425
IDA total,2009,4.8238737831030845,0.7176068795028097,94.45432066910567
IDA total,2008,3.601369582204481,0.3248284304096184,96.06932731523027
IDA total,2007,2.984127238620287,0.3503183302277607,96.66035501749087
IDA total,2006,2.6525630792871784,0.326624357854699,97.0154254030973
IDA total,2005,1.7234450957010752,0.19924770014188045,98.06978049347707
IDA total,2004,1.3742394688810649,0.1169271912089797,98.498818164817
IDA total,2003,1.246319249635748,0.10722030473156384,98.63280460723986
IDA total,2012,10.077860568331257,1.5376885029288847,88.38216841876685
IDA total,2023,15.188923660868362,1.4538184014076387,83.3571945013123
India,2000,0.018988622941279003,0.0,99.98101137705872
India,2001,0.01746690393075304,,99.98253309606926
India,2002,0.01483446931511686,,99.98516553068488
India,2003,0.01656757553393328,,99.98343242446606
India,2004,0.013759356211860673,,99.98624064378812
India,2005,0.013346457935374022,,99.98665354206463
India,2006,0.009461546760844259,0.25999075182545833,99.73054770141371
India,2007,0.005804800018021578,0.2899811381473132,99.70421406183465
India,2008,0.0031906659811893317,0.3037066370861926,99.69310269693263
India,2009,0.0009520126138099641,0.2719037806161858,99.72714420677
India,2010,0.0,0.24613568877526582,99.75386431122473
India,2011,,0.044598336774879684,99.95540166322512
India,2012,,0.0,99.99999999999999
Indonesia,2024,0.5893271586642848,,99.41067284133571
Indonesia,2000,0.026906408450062813,,99.97309359154994
Indonesia,2001,0.030241016294911847,,99.96975898370509
Indonesia,2003,0.03148774304792818,,99.96851225695207
Indonesia,2023,0.61807301113394,,99.38192698886607
Indonesia,2022,0.6490934572326609,0.0,99.35090654276733
Indonesia,2021,0.7008329726141757,0.001536076523558669,99.29763095086227
Indonesia,2020,0.7170397673182707,0.004108123594040488,99.2788521090877
Indonesia,2019,0.747704123818157,0.007118442105112599,99.24517743407675
Indonesia,2018,0.7400356527168187,0.009830728787694237,99.25013361849548
Indonesia,2017,0.6666567029830326,0.008647818514389113,99.32469547850258
Indonesia,2016,0.5790787700344295,0.0,99.42092122996557
Indonesia,2015,0.6037135456553114,0.0035679475325295427,99.39271850681214
Indonesia,2014,0.6695398841299834,0.009102913558948184,99.32135720231106
Indonesia,2013,0.7115030373925721,0.015748284120058156,99.27274867848736
Indonesia,2012,0.6432328046450047,0.018735780884419878,99.33803141447056
Indonesia,2011,0.711079523203134,0.023181545096503157,99.26573893170037
Indonesia,2010,0.47001179153758305,0.023571678701808128,99.50641652976061
Indonesia,2009,0.42730120074133904,0.005351057739931599,99.56734774151873
Indonesia,2008,0.4415107581965198,,99.55848924180347
Indonesia,2007,0.29803675877424285,0.0,99.70196324122577
Indonesia,2006,0.11137591492870173,0.003523150295328803,99.88510093477596
Indonesia,2005,0.026726521515037953,0.006948303701372343,99.96632517478359
Indonesia,2004,0.038480037273734044,0.012065317985308249,99.94945464474097
Indonesia,2002,0.02780514777289321,,99.9721948522271
"Iran, Islamic Rep.",2002,3.1968647231918346,3.776311586732147,93.02682369007601
"Iran, Islamic Rep.",2003,2.3369490192668723,1.734089176145515,95.92896180458762
"Iran, Islamic Rep.",2001,4.5441444069317605,6.446042899158847,89.0098126939094
"Iran, Islamic Rep.",2018,1.389258908672164,0.0,98.61074109132784
"Iran, Islamic Rep.",2004,2.088032408089549,1.298446999169281,96.61352059274118
"Iran, Islamic Rep.",2005,5.835201882371441,1.6470601156403433,92.51773800198822
"Iran, Islamic Rep.",2006,6.395734328204869,1.3382795358550115,92.26598613594011
"Iran, Islamic Rep.",2007,6.652024374498658,1.018735414351349,92.32924021115002
"Iran, Islamic Rep.",2008,7.307215444300861,0.8023983867302902,91.89038616896885
"Iran, Islamic Rep.",2009,7.808613437419165,0.6513064844631995,91.54008007811763
"Iran, Islamic Rep.",2010,8.27310078772084,1.6434918326332244,90.08340737964593
"Iran, Islamic Rep.",2011,7.993593055770398,4.259714864500259,87.74669207972934
"Iran, Islamic Rep.",2012,8.122718599960004,4.30588369653853,87.57139770350146
"Iran, Islamic Rep.",2013,7.38555440488206,3.932591395277642,88.68185419984029
"Iran, Islamic Rep.",2014,7.28806214824959,3.659045555000357,89.05289229675006
"Iran, Islamic Rep.",2015,4.998284061613725,2.5731160171140246,92.42859992127225
"Iran, Islamic Rep.",2016,7.115513868472754,7.6566185044346655,85.22786762709258
"Iran, Islamic Rep.",2017,1.0306176666879767,4.231251487490749,94.73813084582127
"Iran, Islamic Rep.",2000,8.36110294057069,5.46601198536121,86.1728850740681
"Iran, Islamic Rep.",2019,1.640987059763754,,98.35901294023624
"Iran, Islamic Rep.",2020,1.450090515650461,,98.54990948434954
"Iran, Islamic Rep.",2021,1.8272065319151203,,98.17279346808488
"Iran, Islamic Rep.",2022,1.5308365951260807,,98.46916340487392
"Iran, Islamic Rep.",2023,1.56461550168023,,98.43538449831976
"Iran, Islamic Rep.",2024,1.8773491182883337,,98.12265088171166
Iraq,2015,9.43947859148242,,90.56052140851759
Iraq,2016,7.439134548844997,,92.56086545115498
Iraq,2017,5.608206124502254,,94.39179387549775
Iraq,2018,4.961955088114886,,95.03804491188511
Iraq,2019,4.394617067119779,,95.60538293288022
Iraq,2020,3.860745944591948,,96.13925405540805
Iraq,2021,3.701594958658606,,96.2984050413414
Iraq,2022,3.599813379757686,,96.40018662024231
Iraq,2024,3.1772328000236914,,96.8227671999763
Iraq,2023,3.367798301093778,,96.63220169890623
Jamaica,2008,1.430074613953758,,98.56992538604625
Jamaica,2023,7.1791914205045915,,92.8208085794954
Jamaica,2021,6.635466060978131,,93.36453393902187
Jamaica,2020,6.3773892361855244,,93.62261076381448
Jamaica,2019,6.431237092024535,,93.56876290797545
Jamaica,2018,6.40159367335309,,93.59840632664692
Jamaica,2017,5.872677457530566,,94.12732254246943
Jamaica,2016,5.797323757615841,,94.20267624238417
Jamaica,2015,5.8994346884996,,94.10056531150042
Jamaica,2014,6.9734511437173285,,93.02654885628267
Jamaica,2013,6.8228577827582235,,93.17714221724178
Jamaica,2012,5.222675484785696,,94.7773245152143
Jamaica,2011,3.4500970702838347,,96.54990292971617
Jamaica,2010,2.0209344682711072,,97.97906553172889
Jamaica,2009,1.224502217210208,,98.7754977827898
Jamaica,2007,1.0528870880170578,,98.94711291198294
Jamaica,2006,0.7141985970956692,,99.28580140290433
Jamaica,2005,0.47959884717454915,,99.52040115282546
Jamaica,2004,0.2513620154066162,,99.74863798459339
Jamaica,2003,0.29504902480118467,,99.7049509751988
Jamaica,2002,0.2957584789004776,,99.70424152109953
Jamaica,2001,0.16746581829627755,,99.8325341817037
Jamaica,2000,0.19790398858881406,,99.8020960114112
Jamaica,2022,7.000651511600555,,92.99934848839945
Jamaica,2024,6.697093522762952,,93.30290647723706
Jordan,2023,0.2641524458435666,,99.73584755415644
Jordan,2000,0.21325661386943637,,99.78674338613057
Jordan,2022,0.2532185540031111,,99.74678144599689
Jordan,2021,0.276260933817126,,99.72373906618287
Jordan,2020,0.2964629384146326,,99.70353706158538
Jordan,2019,0.32248292992246935,,99.67751707007753
Jordan,2018,0.3496774336621318,,99.65032256633786
Jordan,2017,0.40853950408462186,,99.59146049591538
Jordan,2016,0.48217059415008134,,99.51782940584991
Jordan,2015,0.60562254578647,,99.39437745421355
Jordan,2014,0.7504493734877309,,99.24955062651229
Jordan,2013,0.8256704556456811,,99.17432954435432
Jordan,2012,1.014829526471922,,98.98517047352807
Jordan,2011,0.9261891973519125,,99.0738108026481
Jordan,2010,0.6148536196509198,,99.38514638034908
Jordan,2009,0.5744822330526048,,99.42551776694741
Jordan,2007,0.3534036438577293,,99.64659635614227
Jordan,2006,0.3443715681557124,,99.65562843184429
Jordan,2005,0.3334762018488843,,99.66652379815112
Jordan,2004,0.19666948328278322,,99.80333051671721
Jordan,2003,0.19835548930921548,,99.80164451069079
Jordan,2002,0.18968327250623454,,99.81031672749377
Jordan,2001,0.2022557572747513,,99.79774424272524
Jordan,2024,0.23815036457689792,,99.7618496354231
Jordan,2008,0.6100112330018673,,99.38998876699816
Kazakhstan,2024,5.570676955854288,,94.42932304414572
Kazakhstan,2023,5.374399397533564,,94.62560060246645
Kazakhstan,2022,4.825359312083928,,95.17464068791607
Kazakhstan,2021,4.216989745513027,,95.78301025448698
Kazakhstan,2020,3.763477424545579,,96.23652257545442
Kazakhstan,2019,3.241467458270653,,96.75853254172935
Kazakhstan,2018,4.388220796981414,,95.61177920301859
Kazakhstan,2016,1.0339012170639454,,98.96609878293604
Kazakhstan,2017,3.565814473477266,,96.43418552652274
Kenya,2014,16.76333603362199,,83.23666396637802
Kenya,2015,20.642528813752964,,79.35747118624704
Kenya,2016,25.20949577987102,,74.79050422012897
Kenya,2017,25.98422560394235,,74.01577439605764
Kenya,2018,25.48977494119577,,74.51022505880422
Kenya,2023,16.744099258465276,,83.25590074153472
Kenya,2020,21.642954091087198,,78.35704590891281
Kenya,2021,20.915447718176924,,79.08455228182306
Kenya,2022,19.082064251596833,,80.91793574840317
Kenya,2013,9.546852335897622,,90.45314766410236
Kenya,2019,24.2447850188916,,75.75521498110838
Kenya,2012,7.88427824059329,0.0,92.1157217594067
Kenya,2003,0.147763865655565,0.09056127378983489,99.7616748605546
Kenya,2010,3.9140782354783594,0.04174692437225516,96.04417484014938
Kenya,2009,2.531503129406575,0.04204495392661959,97.42645191666678
Kenya,2008,0.9474924540287724,0.044192612781920604,99.0083149331893
Kenya,2007,0.7136115912694662,0.04234184807369261,99.24404656065684
Kenya,2006,0.6259098746249875,0.0525304543309811,99.32155967104403
Kenya,2005,0.4029826563769714,0.09340920818828993,99.50360813543475
Kenya,2004,0.19624842098548498,0.08681200196777555,99.71693957704674
Kenya,2002,0.1619017911369747,0.10769881200364288,99.73039939685938
Kenya,2001,0.1726818652939651,0.14071514037915636,99.68660299432689
Kenya,2000,0.17376669147375623,0.01687094756136763,99.80936236096488
Kenya,2024,15.083747871985711,,84.91625212801428
Kenya,2011,6.223915132005517,0.0100769667473548,93.76600790124714
Kyrgyz Republic,2017,43.905609578114934,,56.09439042188507
Kyrgyz Republic,2014,34.33149070851805,,65.66850929148195
Kyrgyz Republic,2015,37.981178795371115,,62.018821204628885
Kyrgyz Republic,2016,42.17174255600623,,57.82825744399377
Kyrgyz Republic,2018,47.06580653065647,,52.934193469343526
Kyrgyz Republic,2006,3.65608912078189,,96.3439108792181
Kyrgyz Republic,2020,45.953744672581266,,54.04625532741874
Kyrgyz Republic,2021,45.41670972483449,,54.58329027516551
Kyrgyz Republic,2022,44.21383459515007,,55.786165404849925
Kyrgyz Republic,2013,25.654752192835524,,74.34524780716447
Kyrgyz Republic,2019,47.915408702246445,,52.084591297753555
Kyrgyz Republic,2012,18.508868041820982,,81.49113195817901
Kyrgyz Republic,2004,0.7807013760164282,,99.21929862398358
Kyrgyz Republic,2010,6.17182487472662,,93.82817512527338
Kyrgyz Republic,2009,2.017226269569999,,97.98277373043001
Kyrgyz Republic,2008,0.4656329087069305,,99.53436709129306
Kyrgyz Republic,2007,0.45107417993329046,,99.54892582006671
Kyrgyz Republic,2005,0.8370572156982757,,99.16294278430173
Kyrgyz Republic,2023,40.74644520996331,,59.25355479003668
Kyrgyz Republic,2003,0.8469367058899129,,99.1530632941101
Kyrgyz Republic,2002,0.7362490247916834,,99.26375097520831
Kyrgyz Republic,2001,0.4795764287087156,,99.52042357129129
Kyrgyz Republic,2000,0.0,,100.0
Kyrgyz Republic,2011,10.38336468802739,,89.6166353119726
Kyrgyz Republic,2024,39.21875520140093,,60.781244798599076
Lao PDR,2001,0.46691083235351816,,99.5330891676465
Lao PDR,2011,26.346232903891153,,73.65376709610885
Lao PDR,2002,0.4343770861326334,,99.56562291386736
Lao PDR,2000,0.08083865579718272,,99.91916134420282
Lao PDR,2010,16.001085654137096,,83.9989143458629
Lao PDR,2003,1.6795742005324639,,98.32042579946754
Lao PDR,2005,5.097240814973174,,94.90275918502682
Lao PDR,2024,52.26957367900972,0.6900332767892842,47.04039304420099
Lao PDR,2023,50.9718687540202,0.6782797150657356,48.34985153091408
Lao PDR,2022,50.68669887909611,0.6735600268683889,48.63974109403549
Lao PDR,2021,48.48224757530477,0.6944587199809785,50.82329370471426
Lao PDR,2020,45.24698659755324,0.6763727919354446,54.07664061051131
Lao PDR,2004,3.2265202930188486,,96.77347970698115
Lao PDR,2018,45.47228290930218,0.9245355870403932,53.60318150365742
Lao PDR,2017,41.95372723548583,0.43435892576215207,57.61191383875203
Lao PDR,2019,44.2304469510537,0.7874824646835169,54.982070584262786
Lao PDR,2015,43.47269195812226,,56.52730804187774
Lao PDR,2014,44.98641632691651,,55.01358367308349
Lao PDR,2013,39.603292259033466,,60.39670774096654
Lao PDR,2012,32.77503945727035,,67.22496054272963
Lao PDR,2008,11.65703500713499,,88.342964992865
Lao PDR,2007,9.211121255030973,,90.78887874496904
Lao PDR,2006,6.186543798842401,,93.81345620115759
Lao PDR,2016,42.95796828266153,0.4448710489147051,56.59716066842377
Lao PDR,2009,13.998543803176858,,86.00145619682314
Latin America & Caribbean (excluding high income),2000,0.07443202755993303,0.002810119078296273,99.90220176216347
Latin America & Caribbean (excluding high income),2001,0.0781830725621656,0.0029790524759723803,99.89999803705086
Latin America & Caribbean (excluding high income),2002,0.07043565939493902,0.0022977554037533748,99.9100206044979
Latin America & Caribbean (excluding high income),2003,0.06673904572153702,0.001643055107767071,99.91469516769475
Latin America & Caribbean (excluding high income),2007,0.08312916151007958,0.013914087775987363,99.8907304272295
Latin America & Caribbean (excluding high income),2006,0.08160620684966935,0.0007581809327391343,99.90495253403517
Latin America & Caribbean (excluding high income),2024,1.4299070362044484,0.026600630636633354,98.54291286001511
Latin America & Caribbean (excluding high income),2023,1.8371766843140858,0.03199913748011179,98.13016441776246
Latin America & Caribbean (excluding high income),2022,1.6019585674368526,0.036846986099578524,98.36045510236816
Latin America & Caribbean (excluding high income),2021,1.6415951896440109,0.03750012309732696,98.32005671865718
Latin America & Caribbean (excluding high income),2020,1.7660306193359396,0.04775343105452661,98.1852654627206
Latin America & Caribbean (excluding high income),2019,1.941014227283802,0.07252222298741995,97.9854437427024
Latin America & Caribbean (excluding high income),2018,2.6159260501701995,0.10040598617740747,97.28256488140431
Latin America & Caribbean (excluding high income),2017,2.8450682781145367,0.10729301704132295,97.04638855312001
Latin America & Caribbean (excluding high income),2016,2.103741580002258,0.12039995983744013,97.77369873921413
Latin America & Caribbean (excluding high income),2015,2.193461675229483,0.014368689437017098,97.78969044514625
Latin America & Caribbean (excluding high income),2014,2.2539921946898285,0.0076146874629813704,97.73562645366832
Latin America & Caribbean (excluding high income),2013,2.433627283231127,0.008816770940875717,97.55408004665104
Latin America & Caribbean (excluding high income),2012,2.2579717700128805,0.00980671033662134,97.72772289502778
Latin America & Caribbean (excluding high income),2011,2.4218550984744125,0.011149688092075227,97.561016147748
Latin America & Caribbean (excluding high income),2010,2.184473682547777,0.011851926912566679,97.79630949046806
Latin America & Caribbean (excluding high income),2009,1.127618755970221,0.012989178765737137,98.85011479707406
Latin America & Caribbean (excluding high income),2008,0.3274180064932411,0.013191487156294632,99.64899097755804
Latin America & Caribbean (excluding high income),2005,0.07742112766572161,0.0010879359234820813,99.9090991719278
Latin America & Caribbean (excluding high income),2004,0.06066804201983146,0.0012816916050964176,99.92426691625653
Least developed countries: UN classification,2003,1.9826465673979794,0.17989492724278666,97.81838741997676
Least developed countries: UN classification,2023,12.909760001846415,5.3309764079628374,81.75914791528695
Least developed countries: UN classification,2024,12.272905083191723,4.445882149583504,83.28110024068583
Least developed countries: UN classification,2022,13.950060092108767,6.34362041040412,79.70631949748712
Least developed countries: UN classification,2021,14.607598791408876,6.780234567343175,78.61216664124794
Least developed countries: UN classification,2020,14.862062625123334,7.1777566048500985,77.96018077002657
Least developed countries: UN classification,2019,15.303720883455316,7.990652517164134,76.70562659938055
Least developed countries: UN classification,2018,15.838812273096886,8.412614044081101,75.748573682822
Least developed countries: UN classification,2017,14.9032329901634,9.084033994053971,76.01273301578263
Least developed countries: UN classification,2015,14.477570488090869,6.334295618347528,79.1881338935616
Least developed countries: UN classification,2014,12.870199804217254,6.884376194146742,80.24542400163601
Least developed countries: UN classification,2013,11.060624211227427,6.147966317626639,82.79140947114593
Least developed countries: UN classification,2012,9.501542209512815,5.184553750696431,85.31390403979076
Least developed countries: UN classification,2016,15.004743962377969,9.46284382812742,75.53241220949461
Least developed countries: UN classification,2010,7.272913229323954,3.95698081277266,88.76970007633102
Least developed countries: UN classification,2009,5.615241066938921,0.9349854768395056,93.4467158885209
Least developed countries: UN classification,2008,4.523941339693466,0.1711559366142673,95.30166913379587
Least developed countries: UN classification,2007,3.842954987678386,0.23114772403981365,95.92176784925655
Least developed countries: UN classification,2006,3.536578959354779,0.23742295155176973,96.22137994299932
Least developed countries: UN classification,2005,2.314175198994095,0.19712647901341923,97.47913565173297
Least developed countries: UN classification,2004,2.047875512876699,0.1745867889974317,97.76713894734273
Least developed countries: UN classification,2002,2.0940458561149726,0.19347372891809558,97.693304342427
Least developed countries: UN classification,2001,2.252121109688021,0.2100675840796979,97.5181205446321
Least developed countries: UN classification,2011,8.35322951472932,5.259336809849515,86.38705824245969
Least developed countries: UN classification,2000,2.1102706593333984,0.17287699966177586,97.69429912601329
Lebanon,2012,0.032771564599658236,,99.96722843540034
Lebanon,2013,0.03183289250184723,,99.96816710749815
Lebanon,2014,0.03236912819335532,,99.96763087180665
Lebanon,2015,0.02880910329531169,,99.97119089670468
Lebanon,2016,0.025957050005767476,,99.97404294999423
Lebanon,2021,0.023569043867917784,,99.97643095613208
Lebanon,2019,0.021463668794776448,,99.97853633120522
Lebanon,2020,0.02291735056094686,,99.97708264943904
Lebanon,2022,0.021433782873813173,,99.97856621712619
Lebanon,2011,0.03816473603563129,,99.96183526396437
Lebanon,2017,0.025586432770289408,,99.97441356722972
Lebanon,2010,0.03701490865699628,,99.96298509134301
Lebanon,2018,0.02204695056707487,,99.97795304943291
Lebanon,2008,0.035284505577349155,,99.96471549442266
Lebanon,2007,0.03255436627132793,,99.96744563372869
Lebanon,2006,0.0317006816278218,,99.96829931837217
Lebanon,2005,0.032726176805917426,,99.96727382319409
Lebanon,2004,0.03271843945956164,,99.96728156054044
Lebanon,2003,0.03840772723577393,,99.96159227276424
Lebanon,2002,0.04192783916675185,,99.95807216083325
Lebanon,2001,0.06424756469618474,,99.93575243530381
Lebanon,2000,0.05200401656138651,,99.94799598343862
Lebanon,2023,0.02085121591260035,,99.9791487840874
Lebanon,2009,0.03527372126511958,,99.96472627873489
Lebanon,2024,0.02030958556908807,,99.9796904144309
Lesotho,2000,0.6891006052063829,,99.31089939479361
Lesotho,2001,1.8340100706533475,,98.16598992934668
Lesotho,2020,12.320244889884583,,87.67975511011542
Lesotho,2022,16.79727584753053,,83.20272415246947
Lesotho,2021,14.975859642110924,,85.02414035788908
Lesotho,2019,8.355472156271821,,91.64452784372818
Lesotho,2018,5.397718570683496,,94.6022814293165
Lesotho,2017,6.04090880613961,,93.9590911938604
Lesotho,2016,6.41477471847884,,93.58522528152115
Lesotho,2015,5.191556948564925,,94.80844305143509
Lesotho,2014,5.543080170692305,,94.4569198293077
Lesotho,2013,5.644146606386643,,94.35585339361337
Lesotho,2023,18.309904617351943,,81.69009538264805
Lesotho,2012,5.457830808155251,,94.54216919184475
Lesotho,2010,4.173332234905884,,95.82666776509413
Lesotho,2009,3.9869038480970174,,96.01309615190299
Lesotho,2008,2.484838408795788,,97.51516159120422
Lesotho,2007,0.2131807263162953,,99.78681927368369
Lesotho,2006,1.2524818629998444,,98.74751813700016
Lesotho,2005,1.2012228898531623,,98.79877711014684
Lesotho,2004,1.0046606100755755,,98.99533938992442
Lesotho,2003,1.257357126340105,,98.74264287365988
Lesotho,2002,1.3455972037980917,,98.6544027962019
Lesotho,2011,4.456896004850542,,95.54310399514945
Lesotho,2024,17.87099496952721,,82.12900503047278
Liberia,2024,3.521685059937866,,96.44785778536053
Liberia,2023,4.097931387257886,,95.86862670866917
Liberia,2001,1.503919072179312,,98.17413084496155
Liberia,2022,4.8490514871517965,,95.15094851284822
Liberia,2021,5.798476724763531,,94.20152327523647
Liberia,2020,6.077265828461489,,93.92273417153851
Liberia,2019,6.429500214323396,,93.5704997856766
Liberia,2000,1.4673497116291068,,98.21852875751104
Liberia,2017,3.2492509613159366,,96.75074903868406
Liberia,2016,0.9706272961622562,,99.02937270383774
Liberia,2015,1.2579381135538261,,98.74206188644617
Liberia,2014,1.954716975790865,,98.04528302420914
Liberia,2013,2.567099057196666,,97.43290094280333
Liberia,2018,7.565590353505671,,92.43440964649433
Liberia,2011,3.1281179878400422,,96.87188201215997
Liberia,2010,0.0,,100.0
Liberia,2009,0.0,,99.48479683795087
Liberia,2008,0.5895861408269308,,99.00949528341076
Liberia,2007,1.567434323767462,,98.09701862470008
Liberia,2006,1.3457266837176405,,98.36618812250873
Liberia,2005,1.373949679704134,,98.33192331478881
Liberia,2004,1.304624491563374,,98.41608922839083
Liberia,2003,1.3597040616061882,,98.3492185503907
Liberia,2002,1.4352326174124272,,98.2575212889341
Liberia,2012,2.7862100956946105,,97.2137899043054
Low income,2015,14.440224817449758,2.8844419835891,82.67533319896113
Low income,2016,15.318663411676448,2.861888901290261,81.81944768703327
Low income,2017,15.439882293564759,2.3954915299706756,82.16462617646457
Low income,2018,16.158555208994084,1.9923425303531852,81.84910226065273
Low income,2019,15.396518656790102,1.665531854036562,82.93794948917333
Low income,2024,12.690037763602602,1.0406158172388202,86.26902750783769
Low income,2021,14.81083353500742,1.1049869993152623,84.08417946567732
Low income,2022,13.986333550814319,0.9377778860246909,85.07588856316099
Low income,2023,12.749807526467869,0.823132083773746,86.42673736874565
Low income,2014,12.924726814914475,2.21141314870641,84.86386003637911
Low income,2020,14.975053368564797,1.2986610372913274,83.72628559414387
Low income,2013,10.540856905119272,1.7252937116601843,87.73384938322053
Low income,2006,3.5607681239624376,0.0001449914251045334,96.43043751959883
Low income,2011,9.051904832059057,1.978407643125336,88.96885414898428
Low income,2000,2.2979769445978446,0.00010840804552671618,97.66680697162838
Low income,2001,2.3430630417053226,0.00011267511916598662,97.62630513197509
Low income,2002,2.224985743005277,0.00010472097113708866,97.7446823401912
Low income,2003,2.1130351369060016,9.634487495001114e-05,97.85692978009611
Low income,2004,2.2246516557721607,9.564329460881744e-05,97.75859462367355
Low income,2012,9.313239420244177,1.9129257889449696,88.77383479081085
Low income,2007,3.0914342533192425,0.0001334804801492729,96.90063436950842
Low income,2008,3.6618310742866265,0.00013011556176482198,96.33161174394641
Low income,2009,5.269123632292593,1.4858090970994928,93.23892606938341
Low income,2010,8.338609321672207,2.006632749468279,89.65388813342713
Low income,2005,2.6664876262554666,0.00011446196162721494,97.31583770294945
Lower middle income,2015,7.251950590669009,1.6651020561841612,91.08048685790872
Lower middle income,2016,8.158603861062716,2.748931456212161,89.09022917877216
Lower middle income,2017,8.142987640197807,2.6834694744663787,89.17234198657599
Lower middle income,2018,9.261208803177691,2.781546312636086,87.95621905177332
Lower middle income,2019,9.400897955241335,2.810649191601056,87.78756860127069
Lower middle income,2021,9.079182465789934,2.5947291338670686,88.3254182377379
Lower middle income,2014,6.789648408882717,1.9486251858318298,91.25894018173481
Lower middle income,2022,8.794879958718022,2.512018786820452,88.69252024499987
Lower middle income,2023,8.303170242833568,2.1650068614839917,89.53131639019784
Lower middle income,2024,7.988690608996678,1.6581328895066207,90.35274144698857
Lower middle income,2020,9.090611761293053,2.7231213929099907,88.18548268412749
Lower middle income,2013,5.977794253738148,1.7913153602675669,92.22760141354206
Lower middle income,2012,4.939186687533742,1.4427979583133306,93.61437881496587
Lower middle income,2011,3.9933490965229628,1.450293364795305,94.5523716453928
Lower middle income,2001,0.486473677704122,0.06841220136962788,99.44012884231621
Lower middle income,2002,0.5089192221694814,0.06419008369846924,99.41768770863766
Lower middle income,2003,0.5548401737280362,0.07445964974535585,99.36446511298269
Lower middle income,2004,0.6638371496345197,0.08029472733574929,99.24938092265714
Lower middle income,2005,0.8425937810149549,0.13731408736177458,99.01489374202086
Lower middle income,2000,0.5375842591424507,0.1174603510537401,99.33994397897568
Lower middle income,2007,1.6329059350642539,0.25537876396603204,98.10594707088042
Lower middle income,2008,2.013137049590532,0.241548498322616,97.74001653817912
Lower middle income,2009,2.4621976679974384,0.2252350889649519,97.30767617364269
Lower middle income,2010,3.2195965811277625,1.0916542907383064,95.68439723897636
Lower middle income,2006,1.2258679315119105,0.2377165180200993,98.53054707269808
Madagascar,2014,2.617862394527937,,97.38213760547205
Madagascar,2015,2.1962737534472856,,97.80372624655273
Madagascar,2016,1.9095990061182946,,98.09040099388172
Madagascar,2017,1.666031673831772,,98.33396832616823
Madagascar,2018,2.6744084891637945,,97.3255915108362
Madagascar,2020,4.428308532040035,,95.57169146795997
Madagascar,2021,4.961149252380784,,95.03885074761922
Madagascar,2022,7.935750507309652,,92.06424949269035
Madagascar,2023,7.370712888527221,,92.62928711147278
Madagascar,2013,2.9017433428134787,,97.09825665718654
Madagascar,2019,4.344916991029041,,95.65508300897096
Madagascar,2024,6.661707342814808,,93.3382926571852
Madagascar,2012,2.918546609622673,,97.08145339037732
Madagascar,2010,3.0573214534704394,,96.94267854652955
Madagascar,2000,0.49401277214276373,,99.2512785008068
Madagascar,2001,0.5594067741886217,,99.17082461691875
Madagascar,2002,0.5129617602157394,,99.22776678111036
Madagascar,2003,0.45910340374284453,,99.29544724429596
Madagascar,2004,0.9893438251472537,,99.01065617485274
Madagascar,2011,3.0457821635731346,,96.95421783642688
Madagascar,2006,3.0311558996247365,,96.96884410037528
Madagascar,2007,0.21071237736925488,,99.78928762263075
Madagascar,2008,1.9141371017847308,,98.08586289821527
Madagascar,2009,2.852693304001596,,97.1473066959984
Madagascar,2005,1.1111764067075376,,98.88882359329247
Malawi,2014,17.692332840214174,,82.30766715978584
Malawi,2015,16.3941323881817,,83.60586761181828
Malawi,2016,14.41509384086411,,85.5849061591359
Malawi,2017,12.296783136975735,,87.70321686302427
Malawi,2018,11.442129455354793,,88.55787054464521
Malawi,2020,10.396776058113694,,89.6032239418863
Malawi,2021,10.061544236500568,,89.93845576349943
Malawi,2022,8.952938696659732,,91.04706130334026
Malawi,2023,7.154845917929093,,92.8451540820709
Malawi,2013,19.450559471994215,,80.54944052800579
Malawi,2019,10.151285449789006,,89.84871455021099
Malawi,2024,6.772440215554824,,93.22755978444518
Malawi,2012,16.843285437577503,,83.15671456242251
Malawi,2010,6.441368886602528,,93.55863111339748
Malawi,2011,16.71700248410684,,83.28299751589319
Malawi,2009,3.1172513860088116,,96.88274861399118
Maldives,2018,34.140776878174215,12.17788483178076,53.68133829004502
Maldives,2015,21.867196203109714,,78.13280379689029
Maldives,2016,33.62292538395493,,66.37707461604509
Maldives,2017,32.04333405305318,0.0,67.95666594694681
Maldives,2019,38.23463578512711,14.124774644680876,47.64058957019202
Maldives,2014,21.054636347099862,,78.94536365290014
Maldives,2021,31.707343236030948,12.348218549319483,55.94443821464957
Maldives,2022,29.851641900057825,11.341409286098106,58.80694881384406
Maldives,2023,23.95683042303861,9.036067515116997,67.00710206184439
Maldives,2024,17.88854420794284,6.966563290450672,75.14489250160649
Maldives,2020,31.496401565492427,14.265529549075962,54.238068885431616
Maldives,2013,14.533814311165733,,85.46618568883426
Maldives,2006,0.23855878418426021,,99.76144121581574
Maldives,2011,5.898805701812954,,94.10119429818705
Maldives,2000,1.1094821194805036,,98.8905178805195
Maldives,2001,1.0838352987856221,,98.91616470121438
Maldives,2002,0.8123186472148269,,99.18768135278518
Maldives,2003,0.4770918260933739,,99.52290817390663
Maldives,2004,0.3578519261176473,,99.64214807388234
Maldives,2012,9.792515954393437,,90.20748404560655
Maldives,2007,0.17380812900800022,,99.82619187099199
Maldives,2008,0.1265116007246462,,99.87348839927535
Maldives,2009,0.08226243464101779,,99.91773756535899
Maldives,2010,3.5183554544299462,,96.48164454557005
Maldives,2005,0.3241665159544798,,99.67583348404553
Mali,2015,13.240681920607601,,86.7593180793924
Mali,2016,14.709376900538997,,85.290623099461
Mali,2017,13.887446983376448,,86.11255301662355
Mali,2018,12.839918791627529,,87.16008120837247
Mali,2019,12.24287309323708,,87.7571269067629
Mali,2021,11.36867541058902,,88.63132458941098
Mali,2014,11.378907174380581,,88.62109282561941
Mali,2022,10.032229212005138,,89.96777078799487
Mali,2023,8.753256042385718,,91.2467439576143
Mali,2024,8.899421846882923,,91.10057815311708
Mali,2020,11.79618192819447,,88.20381807180554
Mali,2013,8.847277507459468,,91.15272249254053
Mali,2011,3.1940683165435866,,96.8059316834564
Mali,2010,3.226817745423389,,96.7731822545766
Mali,2009,3.8658681767971728,,96.13413182320284
Mali,2008,3.5205549841725903,,96.47944501582741
Mali,2007,3.2567249608641875,,96.74327503913581
Mali,2006,9.542496179595249,,90.45750382040477
Mali,2005,4.618736768319173,,95.38126323168082
Mali,2004,4.763118085454336,,95.23688191454566
Mali,2003,4.740600162915635,,95.25939983708437
Mali,2002,4.525980983941343,,95.47401901605866
Mali,2001,3.9497252808528214,,96.05027471914718
Mali,2000,5.622334843079374,,94.37766515692063
Mali,2012,7.467852955647801,,92.53214704435221
Mauritania,2018,8.260583002321395,,91.73941699767862
Mauritania,2016,8.782129379412208,,91.2178706205878
Mauritania,2017,8.702029725519962,,91.29797027448004
Mauritania,2019,7.946927572413742,,92.05307242758626
Mauritania,2015,9.175219409239817,,90.82478059076017
Mauritania,2021,8.798914063946222,,91.20108593605377
Mauritania,2022,8.603346638622606,,91.39665336137739
Mauritania,2023,8.209277692305065,,91.79072230769495
Mauritania,2024,7.290227132726759,,92.70977286727324
Mauritania,2014,7.2862679192833975,,92.7137320807166
Mauritania,2020,8.129338640589157,,91.87066135941085
Mauritania,2013,7.733700887169908,,92.2662991128301
Mauritania,2012,6.034097502069028,,93.96590249793098
Mauritania,2011,7.093660645089587,,92.90633935491041
Mauritania,2001,3.9701160616777114,,96.02988393832229
Mauritania,2002,3.865126452720396,,96.13487354727961
Mauritania,2003,3.583135039894277,,96.41686496010573
Mauritania,2004,3.519670909915927,,96.48032909008407
Mauritania,2005,3.0132160832496235,,96.98678391675038
Mauritania,2000,3.9515489417314753,,96.04845105826853
Mauritania,2007,0.0,,100.0
Mauritania,2008,0.0,,100.0
Mauritania,2009,7.266501096053762,,92.73349890394624
Mauritania,2010,6.406409764261165,,93.59359023573883
Mauritania,2006,3.747914739896956,,96.25208526010304
Mauritius,2015,24.28680021211724,,75.71319978788276
Mauritius,2016,22.62248118064805,,77.37751881935195
Mauritius,2017,21.963126869963876,,78.03687313003613
Mauritius,2018,23.433969962351163,,76.56603003764883
Mauritius,2019,21.25357571268099,,78.74642428731902
Mauritius,2021,8.919341419769196,,91.08065858023082
Mauritius,2022,6.085441463733141,,93.91455853626687
Mauritius,2023,4.391152430672887,,95.6088475693271
Mauritius,2024,3.6986586730115927,,96.3013413269884
Mauritius,2014,23.732658898043557,,76.26734110195646
Mauritius,2020,14.892711089662749,,85.10728891033726
Mauritius,2013,23.255025727070148,,76.74497427292985
Mauritius,2012,24.566564794267844,,75.43343520573215
Mauritius,2011,18.733387908129732,,81.26661209187029
Mauritius,2001,2.7525220935263883,,97.24747790647362
Mauritius,2002,2.592548203460787,,97.4074517965392
Mauritius,2003,2.6125890560497784,,97.38741094395021
Mauritius,2004,3.0686712180962785,,96.93132878190372
Mauritius,2005,3.8443425878628092,,96.1556574121372
Mauritius,2000,2.0650565759263624,,97.93494342407364
Mauritius,2007,4.226212301677221,,95.77378769832279
Mauritius,2008,4.0506450305976704,,95.94935496940232
Mauritius,2009,7.48479563662139,,92.51520436337861
Mauritius,2010,14.874205774053708,,85.1257942259463
Mauritius,2006,4.801042487426075,,95.19895751257394
"Middle East, North Africa, Afghanistan & Pakistan (excluding high income)",2024,8.172429659345399,0.6673691239038805,91.16020121675072
"Middle East, North Africa, Afghanistan & Pakistan (excluding high income)",2023,8.053635809516221,0.6384168435236673,91.30794734696013
"Middle East, North Africa, Afghanistan & Pakistan (excluding high income)",2022,8.295861868811098,0.699047350981925,91.00509078020698
"Middle East, North Africa, Afghanistan & Pakistan (excluding high income)",2021,8.63634566478081,0.6000473102202154,90.76360702499896
"Middle East, North Africa, Afghanistan & Pakistan (excluding high income)",2020,8.515756525158496,0.6613555180640432,90.82288795677746
"Middle East, North Africa, Afghanistan & Pakistan (excluding high income)",2019,8.727550982139356,0.43604439853762805,90.836404619323
"Middle East, North Africa, Afghanistan & Pakistan (excluding high income)",2018,8.197185350975598,0.46696431906236585,91.33585032996203
"Middle East, North Africa, Afghanistan & Pakistan (excluding high income)",2017,5.840452992932579,0.33313985540987484,93.82640715165755
"Middle East, North Africa, Afghanistan & Pakistan (excluding high income)",2016,5.5658850490653755,0.06547316607219786,94.36864178486242
"Middle East, North Africa, Afghanistan & Pakistan (excluding high income)",2014,4.204931622063134,0.11055632945740367,95.68451204847946
"Middle East, North Africa, Afghanistan & Pakistan (excluding high income)",2013,3.7442942545700233,0.1280288040669888,96.12767694136299
"Middle East, North Africa, Afghanistan & Pakistan (excluding high income)",2015,4.359707653490123,0.07471593455808231,95.5655764119518
"Middle East, North Africa, Afghanistan & Pakistan (excluding high income)",2012,3.6110747423452296,0.1542005039483472,96.23472475370643
"Middle East, North Africa, Afghanistan & Pakistan (excluding high income)",2011,3.294060531992593,0.1715173174245668,96.53442215058284
"Middle East, North Africa, Afghanistan & Pakistan (excluding high income)",2000,0.8112979882847502,0.3492454345779994,98.83945657713727
"Middle East, North Africa, Afghanistan & Pakistan (excluding high income)",2001,0.42153357375472683,0.2456649731019192,99.33280145314336
"Middle East, North Africa, Afghanistan & Pakistan (excluding high income)",2002,0.4252247043754676,0.16429746216495855,99.41047783345957
"Middle East, North Africa, Afghanistan & Pakistan (excluding high income)",2004,0.45586935048464333,0.09225988364465323,99.45187076587071
"Middle East, North Africa, Afghanistan & Pakistan (excluding high income)",2003,0.48491574390899095,0.12158601206442962,99.39349824402659
"Middle East, North Africa, Afghanistan & Pakistan (excluding high income)",2006,2.1151272320872345,0.13671479789481336,97.74815797001794
"Middle East, North Africa, Afghanistan & Pakistan (excluding high income)",2007,2.0878958055797976,0.10890372176496399,97.80320047265525
"Middle East, North Africa, Afghanistan & Pakistan (excluding high income)",2008,2.3397091141939748,0.1006461373751406,97.55964474843088
"Middle East, North Africa, Afghanistan & Pakistan (excluding high income)",2009,2.839223601170174,0.08522204766883863,97.075554351161
"Middle East, North Africa, Afghanistan & Pakistan (excluding high income)",2010,3.099516083715038,0.1125987759624071,96.78788514032257
"Middle East, North Africa, Afghanistan & Pakistan (excluding high income)",2005,0.8027742304679227,0.1344072832254028,99.06281848630667
Middle income,2017,4.573848299581651,0.9415494870294591,94.48418967017022
Middle income,2014,3.9351556301274364,0.6400458180251962,95.42386631063843
Middle income,2015,4.210373998003195,0.5706792514535156,95.21809951336921
Middle income,2016,4.329443671236877,0.9493748196980915,94.72043619435544
Middle income,2018,4.836027400671029,0.9919501189250904,94.17167094385817
Middle income,2013,3.736743838381223,0.5959964366532908,95.66613519545058
Middle income,2020,4.402909765473119,1.0005534010666537,94.59586022033729
Middle income,2021,4.221218512724744,0.9389767313514764,94.8385006679001
Middle income,2022,4.145640381513551,0.9101292624804451,94.91043034656838
Middle income,2023,4.0965619322420475,0.7973482463037261,95.07167840309006
Middle income,2019,4.625244963464417,1.0197691799601338,94.35467995035565
Middle income,2024,3.809575552597358,0.6129129635571495,95.54370609844734
Middle income,2012,3.1319643371688137,0.48721545822925155,96.37940120912646
Middle income,2010,2.282371368122215,0.39207633723986074,97.32321479285874
Middle income,2000,0.3558984009516843,0.07384369758470068,99.56319066418806
Middle income,2001,0.32578338372754906,0.06412876873528502,99.60332824105747
Middle income,2002,0.2873680443536061,0.05144828936855576,99.6536517539916
Middle income,2003,0.292016864464495,0.04540760655811437,99.65641329236846
Middle income,2004,0.3166842757994414,0.04398291243641924,99.63450213745637
Middle income,2011,2.7947029183768874,0.5173871923664729,96.68603512555528
Middle income,2006,0.7416979769003734,0.09913109672707954,99.15488612200585
Middle income,2007,0.8957113273071715,0.100324305120563,98.99992532853857
Middle income,2008,1.143541915217414,0.09350225011051513,98.75952775120368
Middle income,2009,1.613988800090207,0.08824753847363587,98.29483063792497
Middle income,2005,0.4265994817994954,0.06771703588837352,99.50147396812217
Moldova,2014,,0.7312840816454542,99.26871591835454
Moldova,2015,,0.2595002077301962,99.74049979226982
Moldova,2016,,0.03944752016933426,99.96055247983067
Moldova,2017,,0.0,100.0
Moldova,2013,,1.0876592115463584,98.91234078845365
Moldova,2012,,0.9136306513304263,99.08636934866958
Moldova,2010,,1.5139319607160564,98.48606803928395
Moldova,2011,,1.5675662925302727,98.43243370746973
Moldova,2000,0.04887450517376142,,99.95112549482624
Moldova,2001,0.0,,100.0
Moldova,2009,,1.6191017748278147,98.38089822517219
Mongolia,2018,28.843394289877942,,71.15660571012205
Mongolia,2015,41.621074321852106,0.0,58.378925678147894
Mongolia,2016,36.63532202253681,,63.36467797746319
Mongolia,2017,27.88554251467926,,72.11445748532074
Mongolia,2019,28.393994895181333,,71.60600510481868
Mongolia,2014,38.05972238972691,0.050623457115992226,61.889654153157096
Mongolia,2024,21.504493742945165,,78.49550625705484
Mongolia,2021,26.906336007071943,,73.09366399292806
Mongolia,2022,30.781621148158074,,69.21837885184193
Mongolia,2023,28.209036553323457,,71.79096344667654
Mongolia,2020,26.65476619539028,,73.34523380460973
Mongolia,2013,30.128001578026513,0.11222233348397632,69.75977608848952
Mongolia,2003,1.318243534011298,0.0,98.68175646598871
Mongolia,2011,1.0771434687575345,0.6343527875473942,98.28850374369509
Mongolia,2012,12.572447627710647,0.21641416568201916,87.21113820660733
Mongolia,2001,1.8144946548088554,,98.18550534519113
Mongolia,2002,1.5799655231579781,,98.42003447684202
Mongolia,2004,1.147629582951821,0.0,98.85237041704818
Mongolia,2005,1.214095073402296,0.0,98.78590492659771
Mongolia,2000,1.7934039896290206,,98.20659601037097
Mongolia,2007,1.2018535818096965,0.8839720587293369,97.91417435946097
Mongolia,2008,1.2255083424272788,0.6810492339073015,98.09344242366542
Mongolia,2009,1.1215449451555495,0.4919383458195917,98.38651670902486
Mongolia,2010,1.0015161911576045,0.3871170192517613,98.61136678959063
Mongolia,2006,1.1678050998213771,0.9404935004593762,97.89170139971925
Montenegro,2017,16.356647000104097,,83.64335299989591
Montenegro,2024,15.891963898182789,,84.10803610181722
Montenegro,2023,19.921476160593844,,80.07852383940616
Montenegro,2022,21.926257494641863,,78.07374250535814
Montenegro,2021,20.19832132462274,,79.80167867537726
Montenegro,2020,17.54312305451792,,82.45687694548208
Montenegro,2019,22.09440811415672,,77.90559188584328
Montenegro,2018,19.484169132564467,,80.51583086743553
Montenegro,2016,11.791475676557758,,88.20852432344223
Montenegro,2015,10.963743225771882,,89.03625677422812
Montenegro,2014,3.97274710261098,,96.02725289738902
Montenegro,2013,2.912059931812363,,97.08794006818763
Montenegro,2012,3.2372692030660053,,96.762730796934
Montenegro,2011,1.7019950897770206,,98.29800491022299
Montenegro,2010,0.0,,100.0
Morocco,2014,1.7875539009818535,,98.21244609901815
Morocco,2016,2.0958275469424232,,97.90417245305757
Morocco,2017,1.7877642855377387,,98.21223571446227
Morocco,2018,1.6572084736510746,,98.34279152634893
Morocco,2019,1.3176220202073732,,98.68237797979263
Morocco,2023,0.723711368926493,,99.27628863107351
Morocco,2021,0.9569045986471387,,99.04309540135287
Morocco,2022,0.8866148295707652,,99.11338517042923
Morocco,2013,1.872755776917484,,98.12724422308253
Morocco,2024,0.6277202866257255,,99.37227971337427
Morocco,2020,1.0134356463869165,,98.98656435361308
Morocco,2012,2.1592080458643648,,97.84079195413564
Morocco,2015,1.6680504493795,,98.3319495506205
Morocco,2010,2.4973981397116503,,97.50260186028834
Morocco,2001,0.0,,99.99999999999999
Morocco,2002,0.0,,100.0
Morocco,2003,0.0,,100.0
Morocco,2004,0.0,,99.99999999999999
Morocco,2005,0.0,,100.00000000000001
Morocco,2000,0.03766878174960989,,99.9623312182504
Morocco,2007,0.0436128753803547,,99.95638712461964
Morocco,2006,0.017746974243216078,,99.98225302575678
Morocco,2009,0.6343180475235084,,99.3656819524765
Morocco,2011,2.3628589041440176,,97.63714109585598
Morocco,2008,0.37711760390859445,,99.62288239609141
Mozambique,2013,9.658242299768455,,90.34175770023154
Mozambique,2023,16.194857121617105,,83.8051428783829
Mozambique,2022,16.348010455106365,,83.65198954489365
Mozambique,2021,17.943530788264766,,82.05646921173522
Mozambique,2019,18.323664698574685,,81.67633530142531
Mozambique,2018,19.562311846759187,,80.43768815324081
Mozambique,2017,18.835809930157026,,81.16419006984299
Mozambique,2016,17.030825770166825,,82.96917422983319
Mozambique,2015,16.24090192029057,,83.75909807970943
Mozambique,2014,15.187504170890701,,84.81249582910931
Mozambique,2024,15.626363932386129,,84.37363606761387
Mozambique,2020,18.08547641516271,,81.91452358483728
Mozambique,2012,7.938970662208394,,92.06102933779162
Mozambique,2010,3.732218016746548,,96.26778198325344
Mozambique,2011,5.771248338346729,,94.22875166165326
Mozambique,2000,0.7061507523765332,,99.29384924762346
Mozambique,2001,0.7245105652191691,,99.27548943478084
Mozambique,2003,0.6220772895532453,,99.37792271044675
Mozambique,2004,0.5849926600960894,,99.41500733990391
Mozambique,2002,0.6637187356413662,,99.33628126435863
Mozambique,2006,1.0533597616182844,,98.9466402383817
Mozambique,2007,0.20277640355283155,,99.79722359644718
Mozambique,2008,0.4927218739607402,,99.50727812603927
Mozambique,2009,4.873703210021797,,95.1262967899782
Mozambique,2005,0.5755584717756952,,99.4244415282243
Myanmar,2018,12.402201324730845,23.610111606931085,63.98768706833807
Myanmar,2014,13.779556359129945,29.85523712702779,56.36520651384224
Myanmar,2016,16.413227696363293,26.649365655795233,56.93740664784147
Myanmar,2017,14.184497411718388,26.335523554354857,59.47997903392676
Myanmar,2019,10.824601765730382,20.712485137492653,68.46291309677694
Myanmar,2013,11.945298653290017,24.105210008968474,63.94949133774152
Myanmar,2021,8.4971032350308,17.168217126101954,74.33467963886726
Myanmar,2022,7.4857020993901795,16.00358486658944,76.51071303402037
Myanmar,2023,6.180538105750147,15.008512100306937,78.81094979394291
Myanmar,2024,5.0975288546365105,13.611523014330768,81.29094813103274
Myanmar,2020,8.721416205888596,18.299663567247745,72.97892022686365
Myanmar,2012,10.376788833199198,17.10217940149584,72.52103176530494
Myanmar,2015,16.99333420032222,28.313287813873437,54.69337798580434
Myanmar,2010,8.638118459547558,5.867964450886014,85.49391708956642
Myanmar,2000,1.494528642119395,2.237398950699861,96.26807240718074
Myanmar,2001,1.6799823176206987,2.391729888713603,95.9282877936657
Myanmar,2002,1.5970972849184149,2.2369062227417693,96.16599649233981
Myanmar,2003,1.4993024479231338,2.0796207081449585,96.42107684393191
Myanmar,2004,1.5935860540793574,2.0315747775858406,96.37483916833479
Myanmar,2011,9.750010357268431,11.173405814423583,79.07658382830799
Myanmar,2006,4.098837944340728,2.03478466623391,93.86637738942537
Myanmar,2007,5.642343037669975,1.9162500255743775,92.44140693675564
Myanmar,2008,6.621488007186972,1.8135263542467228,91.56498563856631
Myanmar,2009,7.575909827861505,2.26467227470502,90.15941789743347
Myanmar,2005,2.689235218529111,2.128698789151689,95.18206599231921
Nepal,2024,2.7853786442909296,,97.21462135570907
Nepal,2023,3.040990572033254,,96.95900942796675
Nepal,2022,3.2813233094525636,,96.71867669054743
Nepal,2021,3.7087674696131403,,96.29123253038686
Nepal,2020,3.4863721108814825,,96.51362788911852
Nepal,2019,3.6746493433892775,,96.32535065661074
Nepal,2018,2.4298548839715566,,97.57014511602846
Nepal,2017,1.8194641233926734,,98.18053587660734
Nepal,2016,2.0562887610019818,,97.94371123899802
Nepal,2014,2.2700059366060374,,97.72999406339396
Nepal,2013,1.3152042475816956,,98.68479575241831
Nepal,2015,2.3308777682964847,,97.66912223170353
Nepal,2012,1.0441388657299306,,98.95586113427008
Nepal,2011,0.5483736144908564,,99.45162638550913
Nepal,2000,0.0,,100.0
Nicaragua,2017,0.39382374597349,,99.60617625402651
Nicaragua,2014,0.5332467222318632,,99.30015453418488
Nicaragua,2015,0.46881769582967464,,99.3804858606373
Nicaragua,2016,0.42659029451131275,,99.43186191903844
Nicaragua,2018,0.3545836354333086,,99.6454163645667
Nicaragua,2013,0.5773244154400458,,99.24254544985757
Nicaragua,2020,0.3136800438367449,,99.68631995616326
Nicaragua,2021,0.29252116297512293,,99.70747883702488
Nicaragua,2022,0.26719598885008544,,99.73280401114991
Nicaragua,2023,0.25096932079915474,,99.74903067920083
Nicaragua,2019,0.3307464292682349,,99.66925357073178
Nicaragua,2024,0.24425894540161652,,99.75574105459839
Nicaragua,2012,0.6132752913162708,,99.19254873089777
Nicaragua,2010,0.6804178121763507,,99.0987925708984
Nicaragua,2000,0.1958061066500807,,99.6943348929195
Nicaragua,2001,0.22663638385027535,,99.6625791517568
Nicaragua,2002,0.3471278752676135,,99.54436174236815
Nicaragua,2003,0.33946066519744783,,99.55769647904174
Nicaragua,2004,0.41135137752990447,,99.44100680699245
Nicaragua,2011,0.657197554101754,,99.13453974681893
Nicaragua,2006,0.5261316499327988,,99.29005009294988
Nicaragua,2007,0.8072723120615559,,98.91878315632565
Nicaragua,2008,0.802600440932544,,98.93312312317353
Nicaragua,2009,0.7179346909460261,,99.04576935820823
Nicaragua,2005,0.3846784790396775,,99.46418625029085
Niger,2014,17.70022937133565,,82.29977062866435
Niger,2015,14.16649685268562,,85.83350314731437
Niger,2016,13.948158829956261,,86.05184117004373
Niger,2017,12.56780439739145,,87.43219560260856
Niger,2018,13.146929141995463,,86.85307085800454
Niger,2020,7.563125119786245,,92.43687488021375
Niger,2021,6.812121588041763,,93.18787841195824
Niger,2022,4.881002196702158,,95.11899780329783
Niger,2023,4.133829516321587,,95.86617048367843
Niger,2013,19.966843277237313,,80.03315672276268
Niger,2019,10.358971050638463,,89.64102894936154
Niger,2024,3.6317812386935557,,96.36821876130644
Niger,2012,23.734277000528962,,76.26572299947104
Niger,2010,27.832700307273882,,72.16729969272612
Niger,2011,46.68955496159267,,53.31044503840732
Niger,2000,1.572798892447634,,98.42720110755236
Niger,2001,1.4209563074022349,,98.57904369259776
Niger,2003,1.0691661328046296,,98.93083386719537
Niger,2004,1.1555825739971692,,98.84441742600283
Niger,2002,1.2509352312170792,,98.74906476878292
Niger,2006,1.9413803349864822,,98.05861966501351
Niger,2007,1.7112441640579363,,98.28875583594206
Niger,2008,1.286648190664556,,98.71335180933545
Niger,2009,14.848215237533058,,85.15178476246695
Niger,2005,1.189697528806179,,98.81030247119382
Nigeria,2017,10.240358018561569,,89.75964198143842
Nigeria,2014,13.37792436381697,,86.62207563618303
Nigeria,2024,10.598195373653825,,89.40180462634618
Nigeria,2016,14.495116488262473,,85.50488351173753
Nigeria,2018,9.83205458680936,,90.16794541319064
Nigeria,2013,11.920386700268335,,88.07961329973166
Nigeria,2020,10.618453446118084,,89.38154655388192
Nigeria,2021,10.05442751455234,,89.94557248544767
Nigeria,2022,10.734349055159647,,89.26565094484037
Nigeria,2023,11.727856269678758,,88.27214373032125
Nigeria,2019,11.51262149327409,,88.48737850672592
Nigeria,2012,12.021537567570263,,87.97846243242974
Nigeria,2015,13.530616358819902,,86.4693836411801
Nigeria,2010,8.106249894406607,0.0,91.89375010559338
Nigeria,2002,0.0,,100.00000000000001
Nigeria,2003,0.09640163026641768,,99.90359836973359
Nigeria,2004,0.2536878965208112,,99.74631210347917
Nigeria,2011,10.728234845845254,,89.27176515415474
Nigeria,2006,11.591611415541012,1.550773839626002,86.85761474483299
Nigeria,2007,16.08098024477875,2.1463436300594423,81.77267612516181
Nigeria,2008,19.550450807864117,2.592178133792041,77.85737105834384
Nigeria,2009,14.497390404925188,1.9603559388654799,83.54225365620933
Nigeria,2005,0.6634980563888578,0.12911264556965799,99.20738929804146
North Macedonia,2014,3.9041802869663593,0.23592686305760505,95.85989284997603
North Macedonia,2016,9.339267978634945,0.12796436710176945,90.5327676542633
North Macedonia,2017,10.668465135408335,0.07739156519684098,89.25414329939483
North Macedonia,2018,11.587730811587159,0.03646875302969445,88.37580043538314
North Macedonia,2019,12.754542522318596,0.0,87.2454574776814
North Macedonia,2021,10.0334104789574,,89.96658952104262
North Macedonia,2013,0.0,0.34553727594430195,99.65446272405569
North Macedonia,2022,10.158036658354483,,89.84196334164551
North Macedonia,2023,9.638399927885015,,90.36160007211498
North Macedonia,2024,8.57994769806826,,91.42005230193173
North Macedonia,2020,10.272175394171146,,89.72782460582886
North Macedonia,2012,0.47569203711368263,0.47615908529252937,99.04814887759379
North Macedonia,2015,6.2372557696671835,0.19062981676095045,93.57211441357187
North Macedonia,2010,1.4356958584148771,0.7790571620969947,97.78524697948814
North Macedonia,2011,1.0237639218114982,0.6033978654650819,98.37283821272342
North Macedonia,2001,4.692268957710122,2.1573424336160953,93.15038860867378
North Macedonia,2002,5.003132371660203,1.842232285340414,93.15463534299938
North Macedonia,2003,5.389140820881254,1.62214525688263,92.98871392223612
North Macedonia,2004,5.552918207064883,1.5111188425268423,92.93596295040827
North Macedonia,2000,5.385663966424344,2.092545005033303,92.52179102854235
North Macedonia,2006,4.616886272014707,1.4348565876279769,93.94825714035731
North Macedonia,2007,4.262450091798424,1.3427023711357489,94.39484753706583
North Macedonia,2008,3.429067093128967,1.1742284204068965,95.39670448646413
North Macedonia,2009,2.3052950743174563,0.8843031181443914,96.81040180753814
North Macedonia,2005,5.2777219432281575,1.4362295241234881,93.28604853264835
Pakistan,2014,10.054248866227168,0.2056354173136354,89.74011571645919
Pakistan,2023,24.301704922387138,0.0,75.69829507761285
Pakistan,2022,24.94229986126483,0.8780243901100732,74.1796757486251
Pakistan,2021,25.518896351895798,1.3642150005475142,73.1168886475567
Pakistan,2020,25.897769283450444,2.0711556266704374,72.03107508987912
Pakistan,2019,25.94936657444089,1.7682391909840587,72.28239423457504
Pakistan,2018,22.99510099846284,1.8951911342315466,75.10970786730562
Pakistan,2017,15.152554949564047,1.3249786272000168,83.52246642323593
Pakistan,2016,13.685227819658671,0.16254750837878365,86.15222467196254
Pakistan,2024,24.99555308806422,,75.00444691193579
Pakistan,2013,8.824892987936785,0.2210664559427015,90.95404055612053
Pakistan,2015,11.320552221085915,0.18957823536529075,88.48986954354879
Pakistan,2012,6.689865115293934,0.21676362571879385,93.09337125898728
Pakistan,2000,1.5314994036596459,0.8313723227886038,97.63712827355175
Pakistan,2001,0.3197208634105408,0.0,99.68027913658946
Pakistan,2002,0.41109402738975526,0.005943707091888604,99.58296226551836
Pakistan,2003,0.7871478819147212,0.128516456081605,99.08433566200368
Pakistan,2004,1.2844917502851523,0.18465443569811354,98.53085381401674
Pakistan,2011,5.321947976672153,0.22092506716188817,94.45712695616595
Pakistan,2006,2.4515241437494337,0.2686534433710617,97.27982241287951
Pakistan,2007,2.499106025332502,0.2567827283927789,97.2441112462747
Pakistan,2008,2.334218179626469,0.23993170883640133,97.42585011153712
Pakistan,2009,4.23445136461808,0.23009661326416575,95.53545202211774
Pakistan,2010,4.533664303016621,0.22876674487381404,95.23756895210957
Pakistan,2005,1.5781013055959723,0.23201949795743745,98.18987919644658
Papua New Guinea,2014,16.5271854638927,,83.47281453610728
Papua New Guinea,2015,19.991920684008466,,80.00807931599154
Papua New Guinea,2016,21.383809889303347,,78.61619011069666
Papua New Guinea,2017,23.634323583925866,,76.36567641607414
Papua New Guinea,2018,17.672326204659957,,82.32767379534005
Papua New Guinea,2021,18.28177368442379,,81.71822631557622
Papua New Guinea,2020,18.360981260050835,,81.63901873994917
Papua New Guinea,2022,17.37472393567731,,82.62527606432269
Papua New Guinea,2023,16.354213776894934,,83.64578622310508
Papua New Guinea,2013,10.713169469299098,,89.2868305307009
Papua New Guinea,2019,19.55789495769481,,80.4421050423052
Papua New Guinea,2024,15.252630701137777,,84.74736929886222
Papua New Guinea,2011,6.333357571396482,,93.66664242860351
Papua New Guinea,2010,1.168046406989729,,98.83195359301027
Papua New Guinea,2012,9.779875996318383,,90.22012400368162
Papua New Guinea,2000,0.5868948849029864,,99.41310511509703
Papua New Guinea,2001,0.5476405382278657,,99.45235946177213
Papua New Guinea,2003,0.3741798214763477,,99.62582017852365
Papua New Guinea,2004,0.3162292172252209,,99.68377078277479
Papua New Guinea,2002,0.4499131415754265,,99.55008685842456
Papua New Guinea,2006,0.46357777143517975,,99.5364222285648
Papua New Guinea,2007,0.45872691799338283,,99.54127308200663
Papua New Guinea,2008,0.49402275947233326,,99.50597724052766
Papua New Guinea,2009,0.8920423149904624,,99.10795768500954
Papua New Guinea,2005,0.4881975324486998,,99.5118024675513
Paraguay,2000,0.7408331779699494,,97.02139977834744
Paraguay,2001,0.49281948046280116,,97.37028538440319
Paraguay,2002,0.2760932553319077,,97.91953437999416
Paraguay,2003,0.20127906643600096,,98.17044670639682
Paraguay,2004,0.07020758804906278,,98.94639947154796
Paraguay,2006,0.026211095107899256,,99.10583612794329
Paraguay,2007,0.0133321288906704,,99.1308268216072
Paraguay,2008,0.0,,99.34963190997232
Paraguay,2005,0.03850869257053582,,99.04418106830593
Peru,2000,0.32374112870840427,,99.64458151653433
Peru,2001,0.24083727156034113,,99.72498017241602
Peru,2002,0.18217145381390687,,99.78782385902502
Peru,2004,0.08956557727906181,,99.88786650343064
Peru,2003,0.13206951140836334,,99.84146578074561
Peru,2006,0.03999860952031432,,99.93970075489267
Peru,2007,0.0249568315608236,,99.95510844148963
Peru,2008,0.016791571428320263,,99.96566999277002
Peru,2009,0.007841221012198595,,99.97846791088921
Peru,2010,0.0,,99.98860502401756
Peru,2005,0.06737988195138855,,99.91024447132834
Philippines,2017,0.7624932914476239,,99.23750670855236
Philippines,2014,1.2735644161671642,,98.72643558383285
Philippines,2015,0.8512663884626366,,99.14873361153737
Philippines,2016,0.8280950745506361,,99.17190492544937
Philippines,2018,0.6702834394169835,,99.329716560583
Philippines,2013,1.4115543153558996,,98.5884456846441
Philippines,2020,0.4555639487142801,,99.54443605128571
Philippines,2021,0.4280012993066581,,99.57199870069334
Philippines,2022,0.40319811860606963,,99.59680188139393
Philippines,2023,0.4898076832925692,,99.51019231670743
Philippines,2019,0.5744575600467497,,99.42554243995323
Philippines,2024,0.420596855482676,,99.57940314451731
Philippines,2012,1.2761248303450077,,98.72387516965499
Philippines,2010,0.8958955153945436,,99.10410448460546
Philippines,2000,0.019857701059656174,,99.98014229894035
Philippines,2001,0.022938886970149494,,99.97706111302986
Philippines,2002,0.0,,100.0
Philippines,2003,0.0021871354170751823,,99.99781286458293
Philippines,2004,0.2967084065738071,,99.70329159342619
Philippines,2011,1.1310402388189158,,98.86895976118107
Philippines,2006,0.5052649104102808,,99.49473508958972
Philippines,2007,0.8201533953689651,,99.17984660463105
Philippines,2008,0.8346725143880682,,99.16532748561191
Philippines,2009,0.7838056940226731,,99.21619430597733
Philippines,2005,0.32511008248565654,,99.67488991751434
Rwanda,2014,4.916137579441626,,95.08386242055838
Rwanda,2015,5.693027275795878,,94.30697272420412
Rwanda,2016,5.504143697459021,,94.49585630254099
Rwanda,2017,5.6475283780331225,,94.35247162196686
Rwanda,2018,4.93469873168904,,95.06530126831096
Rwanda,2020,5.038528429616093,,94.96147157038392
Rwanda,2021,5.7556092703263175,,94.24439072967368
Rwanda,2022,5.411383951179156,,94.58861604882085
Rwanda,2023,4.764465647832559,,95.23553435216743
Rwanda,2013,3.6355044387057407,,96.36449556129426
Rwanda,2019,4.955729668608389,,95.04427033139162
Rwanda,2024,4.3308578847075365,,95.66914211529246
Rwanda,2012,2.969703996851571,,97.03029600314842
Rwanda,2010,2.687847910119171,,97.31215208988083
Rwanda,2011,2.953782233470578,,97.04621776652942
Rwanda,2000,1.5736311700887136,,98.3365402981727
Rwanda,2001,1.5366186319416009,,98.3747273361302
Rwanda,2003,1.17553840137312,,98.75163826541838
Rwanda,2004,1.012284568015197,,98.92084829631366
Rwanda,2002,1.3548131355266742,,98.56616616360142
Rwanda,2006,4.296065482598036,,95.49058840492232
Rwanda,2007,5.399003105075656,,94.47182204716336
Rwanda,2008,0.0,,99.99999999999999
Rwanda,2009,0.8623848706056979,,99.1376151293943
Rwanda,2005,1.056583836966368,,98.87759829362145
Samoa,2017,39.7913607656892,,60.2086392343108
Samoa,2014,40.84785935424169,,59.1521406457583
Samoa,2015,40.84584257705277,,59.15415742294723
Samoa,2016,40.57874989324745,,59.421250106752545
Samoa,2018,39.92111498046717,,60.07888501953283
Samoa,2024,35.18491522856335,,64.81508477143664
Samoa,2020,39.132992684465506,,60.867007315534494
Samoa,2021,42.281038811674996,,57.718961188325004
Samoa,2022,39.87021664340623,,60.12978335659378
Samoa,2023,37.31834244968046,,62.681657550319535
Samoa,2019,38.426367154692734,,61.57363284530726
Samoa,2013,35.239893700873886,,64.76010629912611
Samoa,2010,24.001247165540576,,75.99875283445942
Samoa,2011,28.3709372967821,,71.62906270321791
Samoa,2000,4.7190080255523075,,95.2809919744477
Samoa,2001,8.82364484283722,,91.17635515716277
Samoa,2002,8.059087564005106,,91.94091243599487
Samoa,2003,7.083190381121576,,92.91680961887842
Samoa,2004,6.764847858683947,,93.23515214131604
Samoa,2012,31.767454424035687,,68.23254557596431
Samoa,2006,0.061949430266197154,,99.93805056973379
Samoa,2007,4.798105547175414,,95.20189445282458
Samoa,2008,14.321359750608163,,85.67864024939185
Samoa,2009,19.733873233283475,,80.26612676671652
Samoa,2005,7.231909882287156,,92.76809011771284
Sao Tome and Principe,2014,10.218662763419978,,89.78133723658001
Sao Tome and Principe,2016,8.080465066485507,,91.9195349335145
Sao Tome and Principe,2017,7.26676059825896,,92.73323940174103
Sao Tome and Principe,2018,0.0,,100.0
Sao Tome and Principe,2013,10.441293550355192,,89.55870644964479
Sao Tome and Principe,2012,11.210390483639921,,88.78960951636009
Sao Tome and Principe,2015,8.496105523491861,,91.50389447650814
Sao Tome and Principe,2010,12.407994615863869,,87.59200538413613
Sao Tome and Principe,2011,10.447002747952798,,89.5529972520472
Sao Tome and Principe,2001,5.915835354691505,,94.0841646453085
Sao Tome and Principe,2002,5.5688491436343766,,94.43115085636562
Sao Tome and Principe,2003,5.2280421445017575,,94.77195785549823
Sao Tome and Principe,2004,5.000715274928407,,94.9992847250716
Sao Tome and Principe,2000,6.019289587413637,,93.98071041258638
Sao Tome and Principe,2006,5.153848279691905,,94.8461517203081
Sao Tome and Principe,2007,12.33370664022388,,87.6662933597761
Sao Tome and Principe,2008,16.783920065112543,,83.21607993488746
Sao Tome and Principe,2009,14.315755578561545,,85.68424442143845
Sao Tome and Principe,2005,5.385083744732737,,94.61491625526727
Senegal,2014,7.257253060449064,,92.74274693955093
Senegal,2016,14.673699999389735,,85.32630000061027
Senegal,2017,13.699355824601462,,86.30064417539853
Senegal,2018,12.123466684734504,0.0,87.87653331526549
Senegal,2019,12.430970635306476,0.0,87.56902936469353
Senegal,2021,11.46554338182399,0.0,88.534456618176
Senegal,2022,11.646770011812386,0.06530358271836025,88.28792640546926
Senegal,2023,9.96992016151623,0.08672868127179985,89.94335115721198
Senegal,2024,8.758764998760569,0.08722263439153302,91.1540123668479
Senegal,2013,7.424493298556075,,92.57550670144393
Senegal,2020,11.057144188034213,0.0,88.94285581196579
Senegal,2012,7.218288487358624,,92.78171151264137
Senegal,2015,9.458092641618304,,90.54190735838169
Senegal,2010,5.844871634881338,,94.15512836511867
Senegal,2001,3.1116022990245615,,96.88839770097543
Senegal,2002,2.771049438861447,,97.22895056113856
Senegal,2003,2.4438947461476985,,97.55610525385231
Senegal,2004,2.6758818617877456,,97.32411813821226
Senegal,2005,2.6410672384968352,,97.35893276150316
Senegal,2000,3.113783157988483,,96.88621684201152
Senegal,2007,4.85729078410766,,95.14270921589234
Senegal,2006,5.375885622676173,,94.62411437732383
Senegal,2009,5.944746174950798,,94.0552538250492
Senegal,2011,5.823722319958812,,94.17627768004118
Senegal,2008,5.596790028159717,,94.4032099718403
Serbia,2013,2.379584473101346,,97.62041552689865
Serbia,2023,10.795248389993827,,85.41519166735833
Serbia,2022,10.44283731407773,,85.05774816509171
Serbia,2021,8.270157429827453,,91.72984257017255
Serbia,2019,7.940910495257968,,92.05908950474203
Serbia,2018,6.940236798900197,,93.0597632010998
Serbia,2017,5.633053577285764,,94.36694642271424
Serbia,2016,4.916420483420537,,95.08357951657946
Serbia,2015,4.552484160723955,,95.44751583927605
Serbia,2014,3.292870759087931,,96.70712924091207
Serbia,2024,11.465412775361115,,84.95948872109483
Serbia,2020,6.878983371938126,,93.12101662806188
Serbia,2012,2.7469613970880955,,97.2530386029119
Serbia,2010,2.2285758054012197,,97.77142419459877
Serbia,2011,2.4317015301908507,,97.56829846980915
Serbia,2000,2.314684113510052,,97.68531588648995
Serbia,2001,4.439462004285795,,95.5605379957142
Serbia,2003,2.395319359117776,,97.60468064088222
Serbia,2004,1.947804010137427,,98.05219598986258
Serbia,2002,2.6157173371655804,,97.38428266283442
Serbia,2006,2.147577423018102,,97.8524225769819
Serbia,2007,1.9655846367697094,,98.03441536323028
Serbia,2008,1.9821071643223303,,98.01789283567766
Serbia,2009,2.321009903648794,,97.6789900963512
Serbia,2005,2.146357401532773,,97.85364259846722
Sierra Leone,2018,4.1741102075594325,,95.82588979244058
Sierra Leone,2014,5.411126658742251,,94.58887334125775
Sierra Leone,2016,5.430421654030134,,94.56957834596986
Sierra Leone,2017,4.8637543023559395,,95.13624569764406
Sierra Leone,2019,3.5520142141121585,,96.44798578588785
Sierra Leone,2013,5.63252209910764,,94.36747790089235
Sierra Leone,2021,5.499216758263548,,94.50078324173646
Sierra Leone,2022,5.141192671212933,,94.85880732878707
Sierra Leone,2023,4.680845072312214,,95.31915492768776
Sierra Leone,2024,4.403922447451181,,95.5960775525488
Sierra Leone,2020,4.634339947926233,,95.36566005207376
Sierra Leone,2012,5.696551814304561,,94.30344818569544
Sierra Leone,2015,5.975259147672699,,94.02474085232731
Sierra Leone,2010,3.886261878851243,,96.11373812114877
Sierra Leone,2000,4.441988944308464,,95.55801105569154
Sierra Leone,2001,2.857329899491032,,97.14267010050897
Sierra Leone,2002,2.524566264856208,,97.47543373514378
Sierra Leone,2003,2.2419068952285546,,97.75809310477145
Sierra Leone,2004,2.125101055344016,,97.87489894465598
Sierra Leone,2011,3.895134700818501,,96.1048652991815
Sierra Leone,2006,1.8024486844427074,,98.19755131555729
Sierra Leone,2007,2.451726155764358,,97.54827384423564
Sierra Leone,2008,4.615774832695836,,95.38422516730417
Sierra Leone,2009,4.161220309802932,,95.83877969019706
Sierra Leone,2005,1.9884166385635766,,98.01158336143644
Solomon Islands,2024,6.3154511431559035,,93.6845488568441
Solomon Islands,2023,7.368701157017283,,92.63129884298272
South Africa,2017,1.1032309151840867,,98.89676908481592
South Africa,2018,1.5787568295585033,,98.4212431704415
South Africa,2020,2.934401305959995,,97.06559869404
South Africa,2021,3.4705210297055604,,96.52947897029445
South Africa,2022,3.7579410677479284,,96.24205893225206
South Africa,2023,3.9423921154467,,96.05760788455329
South Africa,2019,2.252320017417715,,97.74767998258228
South Africa,2024,3.404979320047523,,96.59502067995248
South Asia,2015,2.5421472642372542,,97.45785273576274
South Asia,2024,4.377300445894823,0.0769976424711354,95.54570191163405
South Asia,2017,2.6633550658219147,0.0,97.33664493417808
South Asia,2018,3.373038990218488,0.4680442243412495,96.15891678544027
South Asia,2014,2.567919041201809,,97.4320809587982
South Asia,2020,3.699332511622112,0.6392377230177371,95.66142976536017
South Asia,2021,4.085462849506376,0.8148225581432419,95.09971459235038
South Asia,2022,4.090423257312443,0.7816983704876467,95.12787837219992
South Asia,2023,4.00393311342846,0.7228045551744249,95.27326233139712
South Asia,2019,3.5071114342700747,0.4592889970269807,96.03359956870294
South Asia,2012,1.7720839265228836,0.0,98.22791607347712
South Asia,2016,2.75408831901563,,97.24591168098438
South Asia,2010,1.0312211071530644,0.17379809217048647,98.79498080067646
South Asia,2011,1.2884393514586816,0.03124059808770126,98.6803200504536
South Asia,2000,0.07344549668624233,0.06428298988245647,99.8622715134313
South Asia,2001,0.09358044799690934,0.09790905394076378,99.80851049806233
South Asia,2002,0.136653761902747,0.09226491037482573,99.77108132772243
South Asia,2003,0.1720684734553392,0.10607554286180794,99.72185598368284
South Asia,2004,0.17338601552607602,0.10120565935590127,99.72540832511801
South Asia,2013,2.4210186981599007,,97.57898130184012
South Asia,2006,0.1766793631985665,0.2723144224770065,99.55100621432443
South Asia,2007,0.29988645547819726,0.281122519456969,99.41899102506484
South Asia,2008,0.3304748456468773,0.2263561519150225,99.4431690024381
South Asia,2009,0.5231509467651602,0.20235256406422605,99.2744964891706
South Asia,2005,0.19364860148293692,0.11351618521227595,99.69283521330479
Sri Lanka,2014,16.62914286159904,,83.37085713840098
Sri Lanka,2016,15.534604976545241,,84.46539502345476
Sri Lanka,2017,15.540345396306432,,84.45965460369356
Sri Lanka,2018,14.730825365675447,2.910715497269569,82.358459137055
Sri Lanka,2019,14.52291342999516,2.70365646730536,82.77343010269949
Sri Lanka,2021,17.003575680632828,5.775504372019309,77.22091994734788
Sri Lanka,2013,14.283870328298981,,85.71612967170101
Sri Lanka,2022,15.792210029960316,5.704040204635516,78.50374976540417
Sri Lanka,2023,14.560781774241894,5.288636867909598,80.15058135784851
Sri Lanka,2024,21.970018733050665,0.0,78.02998126694932
Sri Lanka,2020,14.15840129094621,3.9926871886370705,81.8489115204167
Sri Lanka,2012,11.835036215390003,,88.16496378461001
Sri Lanka,2015,16.466429939224742,,83.53357006077526
Sri Lanka,2010,8.783398394395146,,91.21660160560485
Sri Lanka,2011,10.040272628398604,,89.95972737160142
Sri Lanka,2001,0.5224152963737428,,99.47758470362625
Sri Lanka,2002,0.8299894501179806,,99.17001054988202
Sri Lanka,2003,0.9577402582169755,,99.04225974178303
Sri Lanka,2004,1.0076372580242976,,98.99236274197571
Sri Lanka,2000,0.34225379164017183,,99.65774620835982
Sri Lanka,2006,0.9997432547003969,,99.00025674529961
Sri Lanka,2007,2.2976498515148913,,97.70235014848511
Sri Lanka,2008,2.489346524183849,,97.51065347581614
Sri Lanka,2009,4.419701223008776,,95.58029877699121
Sri Lanka,2005,1.0323439663393832,,98.96765603366063
St. Vincent and the Grenadines,2023,1.7262882814369829,,98.27371171856302
St. Vincent and the Grenadines,2024,6.516178571171668,,93.48382142882834
St. Vincent and the Grenadines,2011,0.0,,100.0
St. Vincent and the Grenadines,2010,0.0956499202258529,,99.90435007977415
St. Vincent and the Grenadines,2009,0.3523936970605327,,99.64760630293947
St. Vincent and the Grenadines,2008,0.5790326309816802,,99.42096736901831
St. Vincent and the Grenadines,2007,0.9196061724454911,,99.0803938275545
St. Vincent and the Grenadines,2006,0.979316928946466,,99.02068307105353
St. Vincent and the Grenadines,2005,1.184058794334874,,98.81594120566513
St. Vincent and the Grenadines,2004,1.5441310053678776,,98.45586899463213
St. Vincent and the Grenadines,2003,2.045733674307153,,97.95426632569286
St. Vincent and the Grenadines,2002,2.623575684461639,,97.37642431553836
St. Vincent and the Grenadines,2001,3.120713182403733,,96.87928681759627
St. Vincent and the Grenadines,2000,3.4302246659518434,,96.56977533404816
Sub-Saharan Africa (excluding high income),2015,13.303197314049537,3.995051226288047,82.70175145966242
Sub-Saharan Africa (excluding high income),2024,10.695914523195803,3.342089430654764,85.96191522724652
Sub-Saharan Africa (excluding high income),2017,13.17677987670372,5.7135850303290825,81.1096350929672
Sub-Saharan Africa (excluding high income),2018,13.711972865067244,5.505808699022745,80.78221843591
Sub-Saharan Africa (excluding high income),2014,11.764793039727584,4.224291690831506,84.01091526944091
Sub-Saharan Africa (excluding high income),2020,13.018073207761805,5.050313392115505,81.93161340012269
Sub-Saharan Africa (excluding high income),2021,12.83560882548042,4.836083331721473,82.32830784279811
Sub-Saharan Africa (excluding high income),2022,12.345307180423452,4.637615841471021,83.01707697810552
Sub-Saharan Africa (excluding high income),2023,11.53659898722521,4.008457527889437,84.45485924975249
Sub-Saharan Africa (excluding high income),2019,13.341647462061415,5.4985845105273805,81.1597680274112
Sub-Saharan Africa (excluding high income),2013,9.976990320136881,3.889539755709913,86.1334699241532
Sub-Saharan Africa (excluding high income),2016,13.425305007175051,6.295315883145294,80.27937910967965
Sub-Saharan Africa (excluding high income),2012,8.203412102588885,3.424772294185626,88.3718156032255
Sub-Saharan Africa (excluding high income),2000,1.5187778125610087,0.0005695284828458095,98.46461243456005
Sub-Saharan Africa (excluding high income),2001,1.6149901382256056,0.0043117133337445155,98.3666009564044
Sub-Saharan Africa (excluding high income),2002,1.5055465198374796,0.003328555522133475,98.47755700304376
Sub-Saharan Africa (excluding high income),2003,1.4339900594890693,0.0028364578516539164,98.54986056040246
Sub-Saharan Africa (excluding high income),2004,1.5319119634803844,0.00276919474741808,98.45803424211115
Sub-Saharan Africa (excluding high income),2011,7.326905065221732,3.9035584853117884,88.7692431117779
Sub-Saharan Africa (excluding high income),2006,3.2928869019783065,0.26050931348023687,96.44263233095425
Sub-Saharan Africa (excluding high income),2007,3.7249871719779226,0.2713075521331073,96.0000663298109
Sub-Saharan Africa (excluding high income),2008,4.424624225837927,0.2801405505888997,95.29232951271602
Sub-Saharan Africa (excluding high income),2009,5.207465179575138,0.8866517588156824,93.9032207244598
Sub-Saharan Africa (excluding high income),2010,6.612213760960366,3.3067352466644158,90.08071828688824
Sub-Saharan Africa (excluding high income),2005,1.8254915723247696,0.10111012446430595,98.06620023518344
Sudan,2015,9.90561727869429,,90.0943827213057
Sudan,2016,9.481772870985116,,90.51822712901489
Sudan,2017,8.88949052954943,,91.11050947045057
Sudan,2018,8.43934084190966,,91.56065915809035
Sudan,2019,7.420590442289062,,92.57940955771095
Sudan,2022,6.823198445153119,,93.17680155484689
Sudan,2021,7.128446783971418,,92.87155321602859
Sudan,2023,6.400310522191482,,93.59968947780851
Sudan,2024,6.1580826305731735,,93.84191736942682
Sudan,2013,10.233060681810887,,89.76693931818912
Sudan,2020,6.95148674661062,,93.04851325338937
Sudan,2012,10.511905633103654,,89.48809436689636
Sudan,2014,10.448807449856453,,89.55119255014355
Sudan,2010,16.099482238118757,0.000553364685346598,83.8999643971959
Sudan,2011,11.000155319577528,0.0,88.99984468042247
Sudan,2000,9.925807412896361,0.0007971230069450829,90.07339546409668
Sudan,2001,10.957277759440627,0.0008039409564430355,89.04191829960293
Sudan,2002,10.276971107256717,0.0007589143446443411,89.72226997839864
Sudan,2004,10.055914058576114,0.0006910599397307814,89.94339488148415
Sudan,2003,10.030134881165047,0.00072097907141672,89.96914413976356
Sudan,2006,10.93255541105145,0.000674128961569728,89.06677045998698
Sudan,2007,10.174162070037823,0.0006272567202898968,89.82521067324188
Sudan,2008,11.530636108919694,0.0006086597977509071,88.46875523128254
Sudan,2009,13.878943357690929,0.0005829171000305105,86.12047372520904
Sudan,2005,10.338727648443964,0.0007162993227163129,89.66055605223332
Suriname,2021,24.029785400180888,2.6794984391714523,73.29071616064766
Suriname,2023,18.74311899205694,2.2728785917742877,78.98400241616876
Suriname,2022,20.818908390872338,2.4644666250728253,76.71662498405483
Suriname,2024,17.50836689891608,2.1546301264813286,80.33700297460258
Suriname,2020,23.30812581501464,2.642836172521968,74.0490380124634
Suriname,2017,16.38142512742103,3.877103554085911,79.74147131849305
Suriname,2018,20.13023817961977,3.4856193686231847,76.38414245175704
Suriname,2016,13.217773680101077,1.7613845535484325,85.02084176635047
Suriname,2015,27.895347650855612,0.0,72.1046523491444
Suriname,2019,22.83903529297988,2.7381155029999924,74.42284920402012
Syrian Arab Republic,2018,1.943904374133931,,98.05609562586608
Syrian Arab Republic,2023,1.9423487771462542,,98.05765122285375
Syrian Arab Republic,2022,1.98818474252075,,98.01181525747926
Syrian Arab Republic,2024,1.9521923265222096,,98.04780767347778
Syrian Arab Republic,2021,2.0997351692084885,,97.90026483079151
Syrian Arab Republic,2020,1.9819603973599806,,98.01803960264003
Syrian Arab Republic,2019,1.9130357375241533,,98.08696426247585
Syrian Arab Republic,2017,2.042141672086052,,97.95785832791394
Syrian Arab Republic,2010,1.5080703095209504,,98.49192969047905
Syrian Arab Republic,2015,2.121262191667349,,97.87873780833264
Syrian Arab Republic,2014,2.1625408518453844,,97.83745914815461
Syrian Arab Republic,2013,2.0380903118801714,,97.96190968811983
Syrian Arab Republic,2012,1.9528996894192805,,98.04710031058072
Syrian Arab Republic,2011,1.9249872427389245,,98.07501275726106
Syrian Arab Republic,2009,1.0697341351012468,,98.93026586489876
Syrian Arab Republic,2008,1.0017348222146953,,98.99826517778529
Syrian Arab Republic,2016,1.998986024397954,,98.00101397560204
Tajikistan,2015,49.96547149863537,,50.034528501364626
Tajikistan,2016,53.17180276532565,,46.82819723467434
Tajikistan,2017,42.06246296988514,,57.93753703011486
Tajikistan,2018,41.101934570145936,,58.898065429854064
Tajikistan,2022,32.12457780658825,,67.87542219341177
Tajikistan,2020,37.484413879504366,,62.51558612049564
Tajikistan,2021,35.3256079139766,,64.6743920860234
Tajikistan,2013,44.74618932886999,,55.25381067113001
Tajikistan,2023,29.339866279246674,,70.66013372075334
Tajikistan,2024,27.536703344053866,,72.46329665594612
Tajikistan,2019,39.7162825763629,,60.2837174236371
Tajikistan,2012,44.19491257086345,,55.80508742913655
Tajikistan,2014,45.44046280833176,,54.55953719166824
Tajikistan,2010,40.93617615800792,,59.06382384199208
Tajikistan,2011,44.682204977280115,,55.317795022719885
Tajikistan,2000,0.47999672582770414,,99.5200032741723
Tajikistan,2001,0.4759119314597351,,99.52408806854025
Tajikistan,2003,0.7339586935096529,,99.26604130649035
Tajikistan,2004,0.8287135399071072,,99.1712864600929
Tajikistan,2002,0.6297124076505998,,97.70812440410695
Tajikistan,2006,4.453824907800541,,95.54617509219946
Tajikistan,2007,20.949522215172564,,79.05047778482742
Tajikistan,2008,35.824421900782944,,64.17557809921705
Tajikistan,2009,39.90327374970433,,60.09672625029567
Tajikistan,2005,0.8336281983559689,,99.16637180164403
Tanzania,2017,16.996620180560775,1.5125890751024025,81.49079074433682
Tanzania,2014,16.789074514274876,1.4783367608104399,81.73258872491468
Tanzania,2015,18.741855651980014,1.5097771887051668,79.74836715931482
Tanzania,2016,18.48990565534781,1.7470649160253298,79.76302942862687
Tanzania,2018,15.210813600508466,1.1974703980244907,83.59171600146703
Tanzania,2024,5.624407724384238,0.23279089876768336,94.14280137684808
Tanzania,2020,11.175556333178037,1.4845872630365706,87.33985640378539
Tanzania,2021,9.630782333589226,1.0379824047173587,89.33123526169342
Tanzania,2022,8.024090955876094,0.7111564827970925,91.26475256132679
Tanzania,2023,6.508883978994558,0.43403603593104084,93.0570799850744
Tanzania,2019,12.861873178762286,1.702886887527032,85.43523993371068
Tanzania,2013,11.934122752881668,1.6334675412186332,86.43240970589969
Tanzania,2011,5.163402483050547,1.3023890728430703,93.53420844410638
Tanzania,2010,4.169489451379562,,95.83051054862044
Tanzania,2000,2.7643499162034386,,97.23565008379656
Tanzania,2001,2.419785209814149,,97.58021479018585
Tanzania,2002,2.232877544236199,,97.7671224557638
Tanzania,2003,2.298668789786644,,97.70133121021335
Tanzania,2004,2.114267425901564,,97.88573257409843
Tanzania,2012,7.471688955062862,2.122426346461303,90.40588469847584
Tanzania,2006,6.140244270548826,,93.85975572945115
Tanzania,2007,5.486350949280646,,94.51364905071935
Tanzania,2008,5.0933819668023,,94.9066180331977
Tanzania,2009,4.692955235876303,,95.3070447641237
Tanzania,2005,2.220244561195453,,97.77975543880456
Thailand,2000,2.0364967537260714,,97.96350324627393
Thailand,2001,2.0291673293145087,,97.97083267068548
Thailand,2002,0.6024288916757946,,99.39757110832421
Thailand,2003,0.0,,100.00000000000003
Togo,2014,41.805647275727274,,58.19435272427273
Togo,2016,46.799280592392826,,53.200719407607174
Togo,2017,45.83646640714878,,54.16353359285124
Togo,2018,45.869940009920356,,54.13005999007963
Togo,2019,37.85628757014388,,62.14371242985614
Togo,2022,23.940873203545948,,76.05912679645407
Togo,2021,28.01795872100398,,71.98204127899604
Togo,2013,32.80620973102734,,67.19379026897265
Togo,2023,18.550096799313447,,81.44990320068655
Togo,2024,13.610768955504218,,86.38923104449579
Togo,2020,29.431537581823246,,70.56846241817675
Togo,2012,35.58028993741831,,64.41971006258169
Togo,2015,44.924069137114714,,55.07593086288528
Togo,2010,7.187794241018614,,92.81220575898139
Togo,2011,19.493587577450917,,80.50641242254908
Togo,2001,2.291039952377821,,97.70896004762218
Togo,2002,2.0645529386959884,,97.935447061304
Togo,2003,1.8415008336015035,,98.1584991663985
Togo,2004,1.7253433720112297,,98.27465662798876
Togo,2000,2.057934353378154,,97.94206564662184
Togo,2006,0.8299726787915097,,99.1700273212085
Togo,2007,0.8335196245375428,,99.16648037546244
Togo,2008,0.995684691396896,,99.0043153086031
Togo,2009,2.4595830714958167,,97.54041692850419
Togo,2005,1.545059258464865,,98.45494074153513
Tonga,2014,67.00016712274814,,32.999832877251855
Tonga,2015,66.82326086483785,,33.17673913516215
Tonga,2016,63.52980576547349,,36.47019423452652
Tonga,2017,61.11111657593542,,38.88888342406458
Tonga,2019,57.23791131436491,,42.76208868563509
Tonga,2021,60.431756092936496,,39.568243907063504
Tonga,2022,58.93584342610337,,41.06415657389663
Tonga,2023,55.41063640715063,,44.58936359284936
Tonga,2024,50.8367596433449,,49.1632403566551
Tonga,2013,66.45764268647164,,33.54235731352836
Tonga,2020,58.14298354591877,,41.85701645408124
Tonga,2012,64.69055022020021,,35.30944977979979
Tonga,2018,58.25844846917148,,41.74155153082851
Tonga,2010,49.93075190640184,,50.06924809359816
Tonga,2000,3.3826731942520247,,96.61732680574798
Tonga,2001,7.44768035813872,,92.55231964186127
Tonga,2002,7.105706918789183,,92.89429308121082
Tonga,2003,9.18575878033732,,90.81424121966269
Tonga,2004,9.128196867632202,,90.8718031323678
Tonga,2011,61.884443460493124,,38.11555653950687
Tonga,2006,9.89092019584157,,90.10907980415843
Tonga,2007,9.97437311795225,,90.02562688204775
Tonga,2008,18.566009629932296,,81.4339903700677
Tonga,2009,29.433663793348362,,70.56633620665164
Tonga,2005,9.818712486045373,,90.18128751395463
Tunisia,2015,0.5239115332041704,,99.47608846679584
Tunisia,2016,0.4615096000387838,,99.5384903999612
Tunisia,2017,0.3548302021704837,,99.64516979782952
Tunisia,2018,0.3043087440089043,,99.6956912559911
Tunisia,2019,0.2494676810762572,,99.75053231892375
Tunisia,2021,0.201329188289996,,99.79867081171
Tunisia,2014,0.5707613531164603,,99.42923864688353
Tunisia,2022,0.19064385667540482,,99.8093561433246
Tunisia,2023,0.16819419889991175,,99.83180580110009
Tunisia,2024,0.14960545007561968,,99.85039454992437
Tunisia,2020,0.2022038855606861,,99.79779611443932
Tunisia,2013,0.630158053766266,,99.36984194623373
Tunisia,2012,0.46280506713892466,,99.53719493286108
Tunisia,2011,0.24999539649959426,,99.7500046035004
Tunisia,2001,0.2044409944718092,,99.79555900552819
Tunisia,2002,0.1520580860954986,,99.8479419139045
Tunisia,2003,0.11151850084400536,,99.88848149915599
Tunisia,2004,0.09111034632542242,,99.90888965367458
Tunisia,2005,0.21868395523392087,,99.78131604476609
Tunisia,2000,0.22279731074289427,,99.77720268925711
Tunisia,2007,0.3412801328680608,,99.65871986713195
Tunisia,2008,0.35212834160922657,,99.64787165839077
Tunisia,2009,0.31371803701011036,,99.68628196298988
Tunisia,2010,0.29163202772612845,,99.70836797227386
Tunisia,2006,0.2972883339278262,,99.70271166607218
Turkiye,2014,0.4876863527415928,,99.51231364725841
Turkiye,2015,0.5060444110323279,,99.49395558896768
Turkiye,2016,0.4707997792326925,,99.52920022076731
Turkiye,2017,0.7306818437761556,,99.26931815622383
Turkiye,2018,0.9929424421226039,0.3239893929325444,98.68306816494487
Turkiye,2020,0.6246063095552191,0.7606963323597785,98.60580735361415
Turkiye,2021,0.7055669272760692,0.8838778187229311,98.38507464956704
Turkiye,2022,0.6636055115707193,0.5800755808222039,98.68837647028519
Turkiye,2023,0.48925269584654757,0.22911273600275417,99.18551793047844
Turkiye,2013,0.3822242135121755,,99.61777578648783
Turkiye,2019,0.9172765253118037,0.6930119627794945,98.3897115119087
Turkiye,2024,0.6048319299734257,0.15972494026202264,99.13834672110197
Turkiye,2012,0.31972195749335314,,99.68027804250664
Turkiye,2010,0.2846448812829087,,99.7153551187171
Turkiye,2000,0.02180262351708549,,99.97819737648291
Turkiye,2001,0.018038369059740236,,99.98196163094026
Turkiye,2002,0.012186402286305032,,99.9878135977137
Turkiye,2003,0.007382094421766434,,99.99261790557824
Turkiye,2004,0.0034692909380020388,,99.996530709062
Turkiye,2011,0.30944247593316426,,99.69055752406685
Turkiye,2007,0.0,,100.0
Turkiye,2008,0.15131214375096805,,99.84868785624901
Turkiye,2009,0.2865682821930417,,99.71343171780696
Turkiye,2005,0.0,,100.0
Turkmenistan,2014,91.19454438631588,,8.805455613684112
Turkmenistan,2015,87.70844253445675,,12.291557465543246
Turkmenistan,2016,61.96431249569735,,38.035687504302665
Turkmenistan,2017,44.68629914732103,,55.31370085267898
Turkmenistan,2018,33.886529989615354,,66.11347001038465
Turkmenistan,2020,11.933727015425829,,88.06627298457418
Turkmenistan,2021,3.3885590910991494,,96.61144090890086
Turkmenistan,2022,2.8980899697059708,,97.10191003029402
Turkmenistan,2023,2.783836778211145,,97.21616322178885
Turkmenistan,2013,91.00417141954169,,8.995828580458305
Turkmenistan,2019,25.00089421991413,,74.99910578008587
Turkmenistan,2024,2.6429946869762913,,97.35700531302372
Turkmenistan,2012,87.52674131318179,,12.473258686818204
Turkmenistan,2010,79.84589680331865,,20.154103196681355
Turkmenistan,2011,83.86247647667953,,16.137523523320475
Turkmenistan,2000,0.335905033629129,,99.66409496637088
Turkmenistan,2001,0.5632967818962372,,99.43670321810377
Turkmenistan,2003,2.584922807427538,,97.41507719257245
Turkmenistan,2004,3.4310351987156222,,96.56896480128438
Turkmenistan,2002,1.8704994857022181,,98.12950051429779
Turkmenistan,2006,6.237898290384388,,93.7621017096156
Turkmenistan,2007,14.574470092384892,,85.42552990761513
Turkmenistan,2008,23.322264030363037,,76.67773596963696
Turkmenistan,2009,28.869196261486927,,71.13080373851308
Turkmenistan,2005,4.7681292405273465,,95.23187075947266
Uganda,2017,22.408536714868184,,77.59146328513182
Uganda,2014,9.480121181942648,,90.51987881805734
Uganda,2015,15.659825050799691,,84.3401749492003
Uganda,2016,20.169773270972676,,79.83022672902732
Uganda,2018,25.222664973422543,,74.77733502657746
Uganda,2013,8.30687528270538,,91.69312471729462
Uganda,2020,22.028401930070196,,77.9715980699298
Uganda,2021,20.366660034707603,,79.63333996529238
Uganda,2022,21.137310609542336,,78.86268939045767
Uganda,2023,18.29681597062762,,81.70318402937238
Uganda,2019,24.81426757299326,,75.18573242700676
Uganda,2012,8.116592635536563,,91.88340736446344
Uganda,2024,18.20961751834896,,81.79038248165105
Uganda,2010,3.479735571953296,,96.52026442804672
Uganda,2000,0.5590444613684349,,99.44095553863157
Uganda,2001,0.5457654231409802,,99.45423457685902
Uganda,2002,0.5059736007957917,,99.49402639920422
Uganda,2003,0.43460054030055134,,99.56539945969945
Uganda,2004,0.4083113450098542,,99.59168865499014
Uganda,2011,3.3393838167872554,,96.66061618321274
Uganda,2006,1.7389722924708484,,98.26102770752912
Uganda,2007,1.582057902884886,,98.4179420971151
Uganda,2008,1.832654984141944,,98.16734501585806
Uganda,2009,2.49527653374762,,97.50472346625237
Uganda,2005,0.439529853790017,,99.56047014620998
Ukraine,2015,3.3093139157012352,,96.69068608429876
Ukraine,2016,3.455697552938072,,96.54430244706192
Ukraine,2017,3.1213675574597883,,96.87863244254024
Ukraine,2018,3.0215963435431488,,96.97840365645685
Ukraine,2019,2.6627012247714203,,97.33729877522858
Ukraine,2021,2.003665445759285,,97.99633455424072
Ukraine,2022,1.3394556599383243,,98.66054434006168
Ukraine,2023,0.919381558002506,,99.08061844199749
Ukraine,2024,0.7843670208152929,,99.2156329791847
Ukraine,2014,2.4780839733754836,,97.52191602662452
Ukraine,2020,2.2925562067531757,,97.70744379324682
Ukraine,2013,0.9498850853560852,,99.05011491464393
Ukraine,2012,0.0,,100.0
Upper middle income,2015,2.6409862800932746,0.005980761832571367,97.35301812715862
Upper middle income,2016,2.444493638205871,0.06352148025014222,97.49197313036382
Upper middle income,2017,2.7464042712382946,0.049664644465706856,97.20392218898473
Upper middle income,2018,2.5751968148986757,0.07764323680908333,97.34715291032904
Upper middle income,2019,2.1445067820668036,0.08948709480251804,97.76600064162365
Upper middle income,2021,1.7156752072139176,0.0850059345758384,98.19768781683655
Upper middle income,2022,1.6895532533129791,0.06388759732269478,98.19521030061699
Upper middle income,2023,1.7636832398395645,0.0388793311443591,98.14422320254985
Upper middle income,2024,1.490297226715053,0.03284855103926516,98.42452934549202
Upper middle income,2014,2.564668537662026,0.011776184136839172,97.42351316321285
Upper middle income,2020,1.9183112403777154,0.08754956769010293,97.99351958221096
Upper middle income,2013,2.6525379494357373,0.017708769731629166,97.32967589499766
Upper middle income,2012,2.253268500346904,0.022598381977289413,97.723792321807
Upper middle income,2011,2.1674786086780102,0.029218589584521247,97.80253274418077
Upper middle income,2001,0.2384164620992358,0.06179987684017559,99.69205935683783
Upper middle income,2002,0.16383629301278835,0.04434376307212219,99.7852197829382
Upper middle income,2003,0.14842147696887983,0.029534815782056714,99.81592126015495
Upper middle income,2004,0.13556819699411232,0.025038366605017164,99.83542700239731
Upper middle income,2005,0.21081624342083455,0.031615874942515235,99.7538713137521
Upper middle income,2000,0.254496357741112,0.049500483292676756,99.68778852912891
Upper middle income,2007,0.521571879451662,0.021631394172013988,99.45363528272918
Upper middle income,2008,0.6858776940502254,0.015586139260194375,99.29609216702974
Upper middle income,2009,1.1510858939570696,0.013487726797833617,98.83356194292303
Upper middle income,2010,1.7829708099240347,0.019306147500848525,98.19645890733281
Upper middle income,2006,0.49958888187103995,0.029831482792067248,99.46708674655856
Uzbekistan,2015,22.224429446696575,,77.77557055330342
Uzbekistan,2016,22.5558744463159,,77.4441255536841
Uzbekistan,2017,20.693766155662814,,79.30623384433719
Uzbekistan,2018,19.421342128751146,,80.57865787124885
Uzbekistan,2019,17.194052358179025,0.5603677132752066,82.24557992854577
Uzbekistan,2021,15.795984491230694,1.3099591487857445,82.89405635998357
Uzbekistan,2022,13.95207287702338,1.0253474196509038,85.02257970332572
Uzbekistan,2023,12.749763026090701,0.7881041374993971,86.46213283640989
Uzbekistan,2024,9.442941040439269,0.5617281321138423,89.99533082744686
Uzbekistan,2014,22.692256244424435,0.0,77.30774375557556
Uzbekistan,2020,16.577495193753865,1.6235730181224162,81.79893178812372
Uzbekistan,2013,21.148719815851745,0.07250078867432007,78.77877939547395
Uzbekistan,2012,20.52405190613961,0.1851488739136953,79.29079921994669
Uzbekistan,2011,20.94172347461905,0.3055372488227108,78.75273927655823
Uzbekistan,2001,0.0,,100.0
Uzbekistan,2002,0.3726865879385314,0.0,99.62731341206147
Uzbekistan,2003,0.5437163808374095,0.17691079497139853,99.27937282419119
Uzbekistan,2004,0.5490395214312122,0.5988399526177453,98.85212052595104
Uzbekistan,2005,0.9059865579965621,0.804860798729309,98.28915264327414
Uzbekistan,2007,2.788179158921397,0.8832437051599962,96.32857713591861
Uzbekistan,2008,5.6015232741244505,0.7516469690634903,93.64682975681205
Uzbekistan,2009,10.981344053362564,0.6057204698300994,88.41293547680733
Uzbekistan,2010,15.273967172180148,0.45678343312904235,84.2692493946908
Uzbekistan,2006,1.5777008788502596,0.879230766334705,97.54306835481503
Vanuatu,2014,37.97944470417525,,62.02055529582476
Vanuatu,2015,64.50956302946439,,35.49043697053562
Vanuatu,2016,60.88658101297409,,39.113418987025916
Vanuatu,2017,54.43643318792913,,45.56356681207086
Vanuatu,2024,44.6495831008335,,55.350416899166504
Vanuatu,2020,40.11413903397922,,59.88586096602078
Vanuatu,2021,42.189220664658976,,57.81077933534102
Vanuatu,2022,44.171780035427545,,55.828219964572455
Vanuatu,2023,43.080958278846936,,56.919041721153064
Vanuatu,2013,36.779992027966294,,63.22000797203373
Vanuatu,2019,40.40460285563891,,59.59539714436109
Vanuatu,2012,38.976828397032904,,61.023171602967096
Vanuatu,2018,45.592144596423175,,54.40785540357681
Vanuatu,2010,29.765923962413193,,70.2340760375868
Vanuatu,2000,5.217162370972309,,94.7828376290277
Vanuatu,2001,5.428993274972624,,94.57100672502737
Vanuatu,2002,4.985249308621211,,95.01475069137881
Vanuatu,2003,4.65062185283752,,95.34937814716248
Vanuatu,2004,4.562464668026077,,95.43753533197392
Vanuatu,2011,34.043406675789065,,65.95659332421094
Vanuatu,2007,5.260386251064192,,94.7396137489358
Vanuatu,2008,16.387124792877856,,83.61287520712213
Vanuatu,2009,26.694786081450875,,73.30521391854913
Vanuatu,2005,0.0,,100.0
Viet Nam,2015,4.903872765546799,0.014158704718533805,95.08196852973467
Viet Nam,2016,4.641238617261207,0.0,95.35876138273879
Viet Nam,2017,4.586185190450285,,95.41381480954972
Viet Nam,2018,3.9966834889727854,,96.00331651102721
Viet Nam,2019,3.3563771572533287,,96.64362284274667
Viet Nam,2021,2.391560481636388,,97.60843951836361
Viet Nam,2022,2.0787541672046452,,97.92124583279536
Viet Nam,2023,1.6435974368815809,,98.35640256311842
Viet Nam,2024,1.3096456642219256,,98.69035433577807
Viet Nam,2014,5.209921074237369,0.04507620425388061,94.74500272150874
Viet Nam,2020,2.7566521754518036,,97.24334782454821
Viet Nam,2013,5.279230903070696,0.06956796725496235,94.65120112967433
Viet Nam,2012,5.440947876097934,0.11433554485093102,94.44471657905112
Viet Nam,2011,5.342852694172356,0.1523485492575761,94.50479875657007
Viet Nam,2001,3.1841233731745304,0.04701475992186991,96.76886186690359
Viet Nam,2002,3.1643404871502785,0.03174727880037569,96.80391223404935
Viet Nam,2003,2.7951985302832836,0.016405373411358504,97.18839609630535
Viet Nam,2004,2.9243854787013785,0.007202457271775382,97.06841206402683
Viet Nam,2005,2.841401194458008,0.004600287538626394,97.15399851800338
Viet Nam,2000,3.148328899494869,0.05947674832935749,96.79219435217577
Viet Nam,2007,1.0560488458475132,5.40484398112251e-06,98.94394574930848
Viet Nam,2008,1.3397032150571577,4.525172250096595e-06,98.6602922597706
Viet Nam,2009,1.7166340590399463,,98.28336594096004
Viet Nam,2010,4.998733743995977,0.20199873645919247,94.79926751954483
Viet Nam,2006,0.7115315856657759,0.0023354251738878615,99.28613298916034
"Yemen, Rep.",2014,4.133472877218551,,95.86652712278143
"Yemen, Rep.",2015,4.14091894095085,,95.85908105904915
"Yemen, Rep.",2016,4.056783716231575,,95.94321628376844
"Yemen, Rep.",2017,2.480753714545849,,97.51924628545416
"Yemen, Rep.",2024,2.641933512144152,,97.35806648785585
"Yemen, Rep.",2020,2.4978051681394238,,97.50219483186056
"Yemen, Rep.",2021,2.5827628753517153,,97.41723712464828
"Yemen, Rep.",2022,2.5805770634225933,,97.41942293657739
"Yemen, Rep.",2023,2.594561178679241,,97.40543882132077
"Yemen, Rep.",2013,4.13655575423073,,95.86344424576927
"Yemen, Rep.",2019,2.4585345881748943,,97.5414654118251
"Yemen, Rep.",2012,4.138607057300298,,95.8613929426997
"Yemen, Rep.",2018,2.4719434307359363,,97.52805656926407
"Yemen, Rep.",2010,4.736866595067716,,95.26313340493229
"Yemen, Rep.",2009,4.705373880114431,,95.29462611988556
"Yemen, Rep.",2008,3.2361880920563295,,96.76381190794368
"Yemen, Rep.",2007,3.2297250842994902,,96.77027491570051
"Yemen, Rep.",2006,3.3124409639584367,,96.68755903604158
"Yemen, Rep.",2005,3.2401567719461046,,96.75984322805391
"Yemen, Rep.",2004,2.6600842228288006,,97.33991577717119
"Yemen, Rep.",2003,2.441398145280011,,97.55860185471998
"Yemen, Rep.",2002,2.5029186123963796,,97.49708138760361
"Yemen, Rep.",2001,2.630721857897515,,97.36927814210249
"Yemen, Rep.",2000,2.7833564302330442,,97.21664356976694
"Yemen, Rep.",2011,4.858439377095604,,95.1415606229044
Zambia,2014,30.373172538758794,5.644201007810945,63.982626453430264
Zambia,2015,27.387664723642253,4.042010973551463,68.5703243028063
Zambia,2016,30.56698602817286,3.6416908383198825,65.79132313350726
Zambia,2017,27.184906031286054,5.479509037389042,67.3355849313249
Zambia,2024,23.078298339620414,11.365785891274465,65.55591576910511
Zambia,2020,24.871092277497866,12.29272649492153,62.83618122758061
Zambia,2021,24.786170569034063,12.187633616407982,63.02619581455796
Zambia,2022,23.467874572195488,11.489503003366197,65.04262242443832
Zambia,2023,23.353130878595866,11.606690229690768,65.04017889171338
Zambia,2013,33.381784289884216,7.125266744857718,59.49294896525808
Zambia,2019,26.130376548927885,11.628069110413533,62.24155434065859
Zambia,2012,34.74372279717882,5.225329975350345,60.03094722747083
Zambia,2018,26.21169432888272,6.01070284995254,67.77760282116475
Zambia,2010,25.007688043411758,4.269687109269368,70.72262484731887
Zambia,2009,19.01465921994819,4.823883950477034,76.16145682957477
Zambia,2008,20.53573756908999,3.9968478110875956,75.46741461982242
Zambia,2007,21.942747826016213,1.9384086081538612,76.11884356582992
Zambia,2006,18.955020608859257,0.0,81.04497939114074
Zambia,2005,4.46395257351648,,95.53604742648352
Zambia,2004,2.974654889118921,,97.02534511088108
Zambia,2003,3.6984268849604134,,96.30157311503959
Zambia,2002,3.954416329482388,,96.0455836705176
Zambia,2001,4.304003434541956,,95.69599656545803
Zambia,2000,2.721569866134321,,97.27843013386568
Zambia,2011,43.38760305185361,2.576414134980819,54.03598281316557
Zimbabwe,2014,19.015695918428804,,80.9843040815712
Zimbabwe,2015,22.118550406543935,,77.88144959345607
Zimbabwe,2016,24.928075840165764,,75.07192415983424
Zimbabwe,2017,26.863524942321728,,73.13647505767827
Zimbabwe,2022,39.09699464292055,,60.90300535707944
Zimbabwe,2019,32.28204778914137,,67.71795221085861
Zimbabwe,2020,32.510442512781836,,67.48955748721815
Zimbabwe,2021,35.46560493211837,,64.53439506788165
Zimbabwe,2013,16.697462912684056,,83.30253708731594
Zimbabwe,2018,31.679663116775,,68.32033688322501
Zimbabwe,2012,15.581860649048032,,84.41813935095196
Zimbabwe,2006,3.775101231658535,,96.22489876834148
Zimbabwe,2010,9.949793129999325,,90.05020687000066
Zimbabwe,2009,9.658017575037997,,90.34198242496201
Zimbabwe,2008,8.735209065749181,,91.26479093425081
Zimbabwe,2007,7.828020892405661,,92.17197910759434
Zimbabwe,2005,3.45485061755843,,96.54514938244156
Zimbabwe,2004,3.5589876541008274,,96.44101234589917
Zimbabwe,2003,2.0916522980123204,,97.90834770198768
Zimbabwe,2002,2.1401237887509783,,97.85987621124903
Zimbabwe,2001,1.7820232245662024,,98.2179767754338
Zimbabwe,2000,1.7397483570114873,,98.26025164298852
Zimbabwe,2023,36.36144836338677,,63.638551636613215
Zimbabwe,2011,12.066851927741821,,87.93314807225818
Zimbabwe,2024,37.76886286877823,,62.231137131221764
