debtor_name,year,entity_code,debt service,health,education
Low & middle income (median),2024,,8.266760991448686,,14.19320011138916
Low & middle income (median),2022,,6.943153631150545,8.205765249999999,14.195792103202681
Low & middle income (median),2021,,7.546426221278808,8.9053545,14.79613700165819
Low & middle income (median),2020,,7.639388332748405,8.599604609999998,14.738503293811739
Low & middle income (median),2019,,8.196120971577272,8.239240645000002,14.242754282848644
Low & middle income (median),2018,,6.49143936068962,8.06625938,15.61973705828652
Low & middle income (median),2017,,6.181336179840053,8.324994090000002,15.66137981414795
Low & middle income (median),2016,,5.813529990116174,8.031248090000002,15.692560195922855
Low & middle income (median),2015,,4.818775110074543,7.726661679999999,15.69221973419189
Low & middle income (median),2014,,4.476133643739261,7.77581406,16.17557576823983
Low & middle income (median),2013,,4.082711677433345,7.466825959999999,15.432564735412594
Low & middle income (median),2023,,7.547235229360819,8.325519085,14.02253664058327
Low & middle income (median),2012,,4.379953412830885,8.063390729999998,15.74512004852295
Low & middle income (median),2010,,4.0211639962424535,7.44341135,15.74985980987549
Low & middle income (median),2009,,4.326153554351924,7.267819170000001,16.161179542541504
Low & middle income (median),2008,,4.89724565601504,7.25110531,17.38015937805176
Low & middle income (median),2007,,5.251234072543019,7.630736350000001,17.274510383605957
Low & middle income (median),2006,,5.830918102251674,7.84512997,16.36517000198364
Low & middle income (median),2005,,6.7490516847622795,7.927574395000001,15.424865245819095
Low & middle income (median),2004,,8.228555583990877,8.39099884,15.574465274810791
Low & middle income (median),2003,,9.805510071862045,7.989341735000001,16.11750984191895
Low & middle income (median),2002,,9.381319255433432,8.00459766,15.69379997253418
Low & middle income (median),2001,,9.910473695750277,7.996624945000001,16.39036083221436
Low & middle income (median),2011,,3.967193525630867,7.965254309999999,15.081989765167235
Low & middle income (median),2000,,11.00487794944683,7.50158787,15.32380962371826
Africa (excluding high income) (median),2024,,7.943787837477323,,16.0
Africa (excluding high income) (median),2001,,8.587251812042053,6.632662769999999,16.195710182189938
Africa (excluding high income) (median),2022,,7.0651673059777,5.86133051,15.50950162568215
Africa (excluding high income) (median),2021,,7.546426221278808,7.1242857,15.44771003723145
Africa (excluding high income) (median),2020,,7.042578517661159,6.79223251,15.7422594255765
Africa (excluding high income) (median),2019,,6.878244769938089,5.579713819999999,16.02175872935791
Africa (excluding high income) (median),2018,,5.813248211874413,5.66878557,17.371270989011055
Africa (excluding high income) (median),2017,,5.815503983648968,6.07456493,16.53433036804199
Africa (excluding high income) (median),2016,,4.76556997751199,5.75632954,15.978994846343994
Africa (excluding high income) (median),2015,,4.061465446016484,5.530210970000001,16.737170219421387
Africa (excluding high income) (median),2014,,3.9639084311149695,6.072990889999998,17.40730954418632
Africa (excluding high income) (median),2013,,3.604384995290731,6.00545788,16.19137954711914
Africa (excluding high income) (median),2012,,3.434422303938648,5.85058403,16.42831993103027
Africa (excluding high income) (median),2011,,2.911387632212901,6.44818449,16.90378952026367
Africa (excluding high income) (median),2010,,3.524919926901009,6.048321485000001,17.61123085021973
Africa (excluding high income) (median),2009,,3.5904480549548645,5.821324349999999,18.240939140319824
Africa (excluding high income) (median),2008,,3.7049989545520337,5.612905029999999,17.90630912780762
Africa (excluding high income) (median),2007,,3.542642071784193,6.270682810000001,18.0445499420166
Africa (excluding high income) (median),2006,,5.749938733632495,6.54068851,17.747610092163086
Africa (excluding high income) (median),2005,,5.9912681666329215,6.400394919999999,18.03303909301758
Africa (excluding high income) (median),2004,,7.087282317084405,6.755742069999999,17.56172466278076
Africa (excluding high income) (median),2003,,6.154603484080402,6.904202459999999,17.31999969482422
Africa (excluding high income) (median),2002,,6.8852784189390555,6.40628171,16.42729949951172
Africa (excluding high income) (median),2000,,9.520245817478443,6.6637258500000005,15.280364990234375
Africa (excluding high income) (median),2023,,7.095428335461171,5.943278789999999,15.02464008331299
Afghanistan,2006,AFG,0.7321526044459025,2.726059200000001,
Afghanistan,2013,AFG,0.2318497832163373,1.77506959,14.1028003692627
Afghanistan,2012,AFG,0.19519197591941517,1.37000275,10.3568000793457
Afghanistan,2024,AFG,1.0003187635714803,,
Afghanistan,2023,AFG,0.451738870725844,1.46018374,
Afghanistan,2022,AFG,0.51422409765116,1.12605727,
Afghanistan,2014,AFG,0.40573630642479486,1.8606740199999998,14.46592998504639
Afghanistan,2020,AFG,0.5101937563370708,4.24602795,
Afghanistan,2019,AFG,0.6202348282830371,1.7752600899999997,
Afghanistan,2021,AFG,0.7511511998701332,3.961010929999999,
Afghanistan,2017,AFG,0.5843072661137851,2.3191156399999993,15.66137981414795
Afghanistan,2016,AFG,0.5993063300989391,2.14110541,16.21170043945313
Afghanistan,2015,AFG,0.5268194647218144,2.0144059700000003,12.50899982452393
Afghanistan,2011,AFG,0.2483881412723014,2.18811917,16.04842948913574
Afghanistan,2010,AFG,0.27228970975170474,2.2567358,17.07712936401367
Afghanistan,2009,AFG,0.378905437147195,2.5147831399999996,
Afghanistan,2008,AFG,0.338846682139872,3.0039205599999996,
Afghanistan,2018,AFG,0.6158546945603275,1.9090468900000002,
Afghanistan,2007,AFG,0.24599084970665658,2.61078191,
Albania,2000,ALB,1.398851190755773,8.173727040000001,10.13702964782715
Albania,2001,ALB,1.4028519315482375,8.42368317,10.58193016052246
Albania,2002,ALB,2.7209519779307847,8.20897484,9.886919975280762
Albania,2003,ALB,2.499121833619571,8.99717617,10.57359981536865
Albania,2004,ALB,2.6422609084830206,9.354475019999999,10.70316028594971
Albania,2005,ALB,2.7174846125710315,9.300947190000002,11.35797023773193
Albania,2007,ALB,2.763083219556515,9.37710953,11.17718982696533
Albania,2024,ALB,6.425649633636675,,
Albania,2023,ALB,6.782202868698659,12.282822609999998,10.85657978057861
Albania,2022,ALB,6.598006412712191,12.30900955,9.014089584350586
Albania,2021,ALB,8.192502036135565,9.1411314,9.40900993347168
Albania,2020,ALB,12.805803602535635,9.185170170000001,10.26743030548096
Albania,2019,ALB,7.983475435342075,10.046224590000001,13.43340015411377
Albania,2018,ALB,15.274211521211262,9.88601398,10.88173224365852
Albania,2006,ALB,3.152535157678047,9.0339222,10.93295001983643
Albania,2017,ALB,8.018922775062236,9.51418209,12.38521003723145
Albania,2015,ALB,16.821650491124352,8.803565979999998,11.17755031585693
Albania,2014,ALB,6.071548002891058,8.174278260000001,10.91816811673631
Albania,2013,ALB,5.2397995799836155,8.830062870000003,12.12390995025635
Albania,2012,ALB,8.396364787564035,8.69734573,11.50985671468504
Albania,2011,ALB,7.929916543182494,8.29091167,10.96722347168107
Albania,2010,ALB,6.857176643112737,8.094512940000001,
Albania,2009,ALB,3.844114022935125,7.217092040000002,
Albania,2016,ALB,7.953903141375076,9.888667109999998,13.59696006774902
Albania,2008,ALB,2.4828438187000414,7.251064779999998,
Algeria,2007,DZA,1.592280930937193,7.630736350000001,
Algeria,2000,DZA,27.279858104780192,8.77923775,
Algeria,2001,DZA,23.99660773427527,9.26661205,
Algeria,2002,DZA,18.776344622949175,7.97343826,
Algeria,2006,DZA,38.51381290884221,7.84512997,
Algeria,2005,DZA,17.05281472358057,7.761599059999999,
Algeria,2003,DZA,19.2602634066575,9.43778801,
Algeria,2004,DZA,20.501175395473293,8.66916943,
Algeria,2015,DZA,0.24498237025783967,10.604810709999999,16.08455526888726
Algeria,2016,DZA,0.24683164588489714,10.60594082,16.11104415043452
Algeria,2024,DZA,0.10457602148496957,,23.88846015930176
Algeria,2023,DZA,0.12364448090151417,6.16833448,13.26102322941753
Algeria,2014,DZA,0.2700953367055173,11.41803837,16.46920163613744
Algeria,2021,DZA,0.20215091522978434,8.828529360000001,16.05069774001689
Algeria,2020,DZA,0.16073181139998216,8.83030605,16.54917134063403
Algeria,2019,DZA,0.1610473184871969,8.830361370000002,16.02175872935791
Algeria,2022,DZA,0.16982362156885328,5.251564029999999,13.10150652428898
Algeria,2017,DZA,0.2413890778084603,10.606039999999998,17.55607198088715
Algeria,2013,DZA,0.38911571615898166,11.70106602,17.64603466557793
Algeria,2012,DZA,0.7308258410407453,10.06144714,15.98372508480203
Algeria,2011,DZA,0.573158836235172,9.034251209999999,17.56471598370765
Algeria,2010,DZA,0.6224058977677142,9.18787575,17.76915671014429
Algeria,2009,DZA,0.7674711924991162,8.644684790000001,
Algeria,2018,DZA,0.2091722502591986,10.606168750000002,15.61973705828652
Algeria,2008,DZA,1.5185450500060624,7.687209129999999,11.02075958251953
Angola,2000,AGO,37.07747480141691,2.7385826100000004,5.255080223083496
Angola,2001,AGO,58.948222630799165,5.968254570000001,
Angola,2002,AGO,29.853837558542946,4.19123077,
Angola,2003,AGO,24.092597010152144,4.260468009999999,
Angola,2004,AGO,26.60815003974406,5.659238820000001,
Angola,2005,AGO,25.957380739839444,4.820637700000001,7.992350101470947
Angola,2006,AGO,27.005678461201803,4.718737599999999,7.454790115356445
Angola,2008,AGO,3.3811385667558445,4.0603714,
Angola,2024,AGO,46.472152330625455,,6.36976605603197
Angola,2023,AGO,50.451676762922425,5.8957567200000005,7.738962509912019
Angola,2022,AGO,31.114973509446394,6.699635029999999,6.640472120780773
Angola,2021,AGO,61.19598020393459,8.777365679999999,6.919610063027055
Angola,2020,AGO,52.37093900701028,7.305021760000001,5.294735722737711
Angola,2019,AGO,58.14368729470472,5.5068841,6.045355647235148
Angola,2018,AGO,44.3257041129475,5.364319320000001,5.777524545665425
Angola,2017,AGO,27.59712379690472,5.364319320000001,6.763776862139573
Angola,2016,AGO,41.85903814180492,5.432696819999999,6.550974048507172
Angola,2015,AGO,20.721049623109415,4.562625410000001,8.918776535199198
Angola,2014,AGO,13.293632688741825,3.6156802200000002,
Angola,2013,AGO,9.717003723021232,4.57540083,8.826970611277849
Angola,2012,AGO,9.076592398765303,4.201513290000001,8.370432445245541
Angola,2011,AGO,6.700961061997433,4.58056879,
Angola,2009,AGO,11.161321959140322,5.77788925,
Angola,2007,AGO,17.531166890775594,4.51627111,
Angola,2010,AGO,6.935882449162321,4.249567990000001,8.684769630432129
Argentina,2008,ARG,5.2529502384320175,14.556316380000002,15.74783992767334
Argentina,2000,ARG,17.55214124936117,17.81966209,16.22615051269531
Argentina,2001,ARG,12.586198787668904,16.93632507,16.35596084594727
Argentina,2002,ARG,14.556449939096385,17.747657780000004,16.44220924377441
Argentina,2003,ARG,21.782072317470668,17.08436966,14.35472011566162
Argentina,2004,ARG,6.802498147751635,14.932990069999997,15.13930034637451
Argentina,2006,ARG,6.460212476587262,15.19339085,15.50984001159668
Argentina,2005,ARG,6.5298062773874825,16.097414020000002,15.8031702041626
Argentina,2007,ARG,5.889740415989802,14.36670208,15.10157012939453
Argentina,2020,ARG,6.528997677434302,16.45645332,12.42228984832764
Argentina,2021,ARG,3.129400470569414,16.756961819999997,12.28489971160889
Argentina,2019,ARG,16.54236030693367,16.311374660000002,12.51445960998535
Argentina,2024,ARG,7.206910990123423,,
Argentina,2018,ARG,13.111866792026333,15.68969917,12.52334022521973
Argentina,2017,ARG,11.42667584404352,16.25163269,13.26391983032227
Argentina,2016,ARG,7.641974132755282,15.8416214,13.35554027557373
Argentina,2023,ARG,3.9529187980353693,16.347297669999996,13.22395992279053
Argentina,2015,ARG,4.331218976194602,16.445961000000004,13.96331024169922
Argentina,2014,ARG,4.616068306549631,16.487079619999996,13.79932975769043
Argentina,2013,ARG,3.2259618601582476,16.740732190000003,14.45792961120605
Argentina,2012,ARG,2.859860105264596,16.68478775,14.51826000213623
Argentina,2011,ARG,4.2465453167966345,16.38767624,15.15855979919434
Argentina,2010,ARG,6.16510650755153,16.697248459999997,15.04796981811523
Argentina,2022,ARG,3.355003445322501,15.795044899999999,12.70757961273193
Argentina,2009,ARG,6.59847591844213,16.64416885,16.02066993713379
Armenia,2011,ARM,2.6224767815758283,6.701019759999999,12.59333992004395
Armenia,2005,ARM,2.5617051357290554,7.44000816,13.64809036254883
Armenia,2006,ARM,2.04829961985863,7.93185902,13.57851982116699
Armenia,2007,ARM,1.29447177268293,7.198548790000001,13.46558952331543
Armenia,2008,ARM,1.006373339929784,6.692461970000002,14.2684497833252
Armenia,2009,ARM,1.7863648126627971,6.344901080000001,13.45121955871582
Armenia,2010,ARM,2.431290386680839,6.43608856,12.40050983428955
Armenia,2012,ARM,3.0860814111342134,7.04075432,12.36896991729736
Armenia,2014,ARM,4.065381595579092,6.275260449999999,9.367119789123535
Armenia,2015,ARM,12.949190788322209,6.1153030400000015,10.65635967254639
Armenia,2016,ARM,6.865933425278743,6.0535473799999995,10.19719982147217
Armenia,2017,ARM,7.681114206232892,5.27347183,10.40312957763672
Armenia,2019,ARM,22.297063319768473,5.668850420000001,8.575244272365575
Armenia,2020,ARM,12.397607020736363,7.6896224,8.827779769897461
Armenia,2021,ARM,9.818577503766134,7.6349659,9.655320167541504
Armenia,2022,ARM,8.12050954626855,6.502753729999998,9.446550369262695
Armenia,2023,ARM,10.946775283055848,5.45642519,9.03689956665039
Armenia,2024,ARM,7.563209726917735,,9.440014663011535
Armenia,2013,ARM,21.8596240770886,5.780879970000001,11.13675975799561
Armenia,2018,ARM,10.011987824905557,5.133859159999999,8.678587595846022
Azerbaijan,2012,AZE,1.4795675765114984,3.04532456,5.643670082092285
Azerbaijan,2014,AZE,2.5335888624214453,3.1070067900000007,7.238729953765869
Azerbaijan,2000,AZE,4.822592160921784,4.75029039,21.11907958984375
Azerbaijan,2001,AZE,7.264478237647917,4.79820633,20.87755012512207
Azerbaijan,2002,AZE,4.449766138601039,3.1931574300000003,13.6307201385498
Azerbaijan,2003,AZE,5.098804547737499,3.57235146,15.1708402633667
Azerbaijan,2004,AZE,3.302569016777178,3.5575993099999996,14.23503971099854
Azerbaijan,2005,AZE,2.4915318449291246,3.959491729999999,13.2231502532959
Azerbaijan,2006,AZE,1.8068551186715007,3.4299800399999993,10.10041999816895
Azerbaijan,2007,AZE,1.5823699377087088,3.4903397600000003,9.779370307922363
Azerbaijan,2008,AZE,1.4856892998181537,2.75191212,7.763840198516846
Azerbaijan,2009,AZE,1.756378825337159,3.2848393899999997,9.3439302444458
Azerbaijan,2013,AZE,3.001545957656124,2.8222861299999997,6.46412992477417
Azerbaijan,2010,AZE,1.7720001910286023,3.171261069999999,8.70083999633789
Azerbaijan,2011,AZE,1.5229976411492951,2.8160138100000003,7.219860076904297
Azerbaijan,2024,AZE,13.116070256656451,,11.44960076291508
Azerbaijan,2016,AZE,7.425231440409945,3.289870979999999,8.195779800415039
Azerbaijan,2017,AZE,10.822586620371895,2.8237726699999994,6.954559803009033
Azerbaijan,2018,AZE,13.439872156485608,2.6780352600000006,7.399650096893311
Azerbaijan,2019,AZE,9.798504665713391,3.2879271499999994,9.767569541931152
Azerbaijan,2020,AZE,7.944043032227724,5.797718049999999,10.78785037994385
Azerbaijan,2015,AZE,3.8611419487207406,3.3728263399999996,7.627110004425049
Azerbaijan,2021,AZE,10.264604650910849,4.60517836,11.50881958007813
Azerbaijan,2022,AZE,6.8681871547167646,3.6410746599999997,11.63961029052734
Azerbaijan,2023,AZE,6.391382107207412,4.2580843,11.18455028533936
Bangladesh,2012,BGD,6.795944296194148,4.016204360000001,15.74512004852295
Bangladesh,2011,BGD,6.762852566004564,4.181591030000001,16.79397010803223
Bangladesh,2010,BGD,6.276798851605804,4.43941641,
Bangladesh,2009,BGD,6.9058437440237626,4.115338330000001,14.02987003326416
Bangladesh,2013,BGD,7.098201531278982,3.6174552400000004,14.03464984893799
Bangladesh,2007,BGD,9.903034592610375,5.07518816,18.15340042114258
Bangladesh,2006,BGD,7.451639384352412,4.728203299999999,17.3365306854248
Bangladesh,2005,BGD,9.479432033604747,4.38883734,
Bangladesh,2014,BGD,6.616519446990597,3.5924532399999998,13.30632793577933
Bangladesh,2004,BGD,8.224263636891584,4.865266320000001,15.95312023162842
Bangladesh,2008,BGD,6.586005702107601,3.84091425,17.81619071960449
Bangladesh,2015,BGD,4.818775110074543,3.376888749999999,12.04410314352193
Bangladesh,2020,BGD,4.047499080450671,2.6732916799999997,15.03070258948972
Bangladesh,2017,BGD,4.138309194723084,4.10705233,
Bangladesh,2018,BGD,4.104474381743927,3.7503542899999998,14.24517178526184
Bangladesh,2019,BGD,4.005473826431076,2.6642131800000004,8.732950210571289
Bangladesh,2003,BGD,7.841915198563634,4.755313400000001,16.6816291809082
Bangladesh,2001,BGD,8.68782544403307,3.5785534399999994,18.58477973937988
Bangladesh,2021,BGD,5.168039231437953,3.0042543400000006,12.76997604748202
Bangladesh,2022,BGD,5.670914988276675,2.6232759999999997,12.40404380791912
Bangladesh,2023,BGD,7.762813539259233,2.4716196100000007,13.00122481669384
Bangladesh,2024,BGD,9.423567797587646,,11.99301640226573
Bangladesh,2000,BGD,10.868121240363353,5.21146441,20.49041938781738
Bangladesh,2016,BGD,3.9925573323496866,4.09935808,11.0494499206543
Bangladesh,2002,BGD,8.977133136807748,4.5399313,15.69379997253418
Belarus,2014,BLR,9.167221495334399,8.684838290000002,12.40672016143799
Belarus,2016,BLR,15.761575713054633,10.30651379,12.15878009796143
Belarus,2001,BLR,3.493453471083351,10.042576790000002,
Belarus,2002,BLR,2.4206490650320496,9.32076073,
Belarus,2003,BLR,2.1161770708279826,10.07395458,
Belarus,2004,BLR,2.046322754323316,9.99574471,12.55235004425049
Belarus,2005,BLR,1.53709887937687,10.051697729999999,12.62010955810547
Belarus,2006,BLR,1.198013870996589,8.44287395,12.45032024383545
Belarus,2007,BLR,1.312261204557427,8.12453842,10.13372039794922
Belarus,2008,BLR,0.9687302323411728,5.80340672,
Belarus,2009,BLR,2.1791971618901753,6.731016640000002,8.449549674987793
Belarus,2010,BLR,2.329296408755212,8.68532658,11.77812957763672
Belarus,2011,BLR,7.193770219139724,7.66490793,11.62664985656738
Belarus,2015,BLR,13.871005517619183,8.826387409999999,11.46173000335693
Belarus,2012,BLR,13.258073724103046,8.85453033,12.75230026245117
Belarus,2013,BLR,5.407598699489403,8.743941309999999,12.2739896774292
Belarus,2018,BLR,19.71479521722278,10.305416110000001,12.7802095413208
Belarus,2024,BLR,11.43141370478188,,12.34191989898682
Belarus,2023,BLR,15.31349477142534,11.726583479999999,12.2770299911499
Belarus,2022,BLR,12.715443563640749,11.70340729,12.17733001708984
Belarus,2021,BLR,11.144816271715584,13.27325821,12.81599998474121
Belarus,2020,BLR,15.449968255235241,11.935428620000001,12.78114986419678
Belarus,2017,BLR,11.927472654143354,10.1955843,12.28168964385986
Belarus,2019,BLR,14.87148629487645,11.043889050000002,13.33073997497559
Belize,2007,BLZ,172.40497683930943,10.76810741,
Belize,2008,BLZ,26.695126644767107,13.38402843,19.4965991973877
Belize,2006,BLZ,40.77726280748495,9.33244514,
Belize,2009,BLZ,24.521500638569606,12.482730870000001,22.05760955810547
Belize,2010,BLZ,23.64626353374233,12.76388073,22.61046981811523
Belize,2011,BLZ,20.586275372238383,12.696216580000002,21.5642707347762
Belize,2017,BLZ,13.714489665071772,11.624960900000001,21.5186595916748
Belize,2012,BLZ,22.158823593380614,12.936385150000001,21.23012168501997
Belize,2013,BLZ,22.922031001031993,12.273202900000001,23.13282012939453
Belize,2014,BLZ,14.010805409990576,12.23422432,21.56307983398438
Belize,2018,BLZ,13.901698537774168,12.209848400000002,22.14901924133301
Belize,2005,BLZ,72.39258628797383,8.332172390000002,
Belize,2000,BLZ,27.624206451612903,5.84757805,15.61225986480713
Belize,2003,BLZ,47.03099119363632,7.13568306,16.02519035339355
Belize,2002,BLZ,61.561046798679875,7.5145411499999994,
Belize,2001,BLZ,31.068742838283825,6.827048299999999,18.30537033081055
Belize,2015,BLZ,12.559735709624798,11.34556484,21.59255027770996
Belize,2019,BLZ,14.291599466056445,12.07653427,22.22006034851074
Belize,2020,BLZ,11.121815899142975,11.438439370000001,18.99353981018066
Belize,2021,BLZ,98.10262600855773,13.614673610000002,17.95356941223145
Belize,2022,BLZ,10.760859146717872,11.447967530000001,17.83135032653809
Belize,2023,BLZ,13.561027642114338,10.87746048,18.05937957763672
Belize,2024,BLZ,14.717417204748578,,18.9034569346512
Belize,2004,BLZ,107.54032351973683,7.88192844,16.32427978515625
Belize,2016,BLZ,13.691077980879967,12.11457348,20.48530006408691
Benin,2005,BEN,4.173795142364121,7.4113364200000005,18.79039001464844
Benin,2017,BEN,3.8423691422819664,3.9717438200000004,19.8796501159668
Benin,2004,BEN,3.8370529385720284,8.63661289,19.21394920349121
Benin,2007,BEN,2.264195385198299,6.039541240000001,14.94869041442871
Benin,2008,BEN,1.8612492840104962,5.103364470000001,19.08857917785645
Benin,2009,BEN,2.6298922600559718,5.1059413000000005,18.17561912536621
Benin,2010,BEN,2.8842008200049465,5.34460402,26.14396095275879
Benin,2016,BEN,4.8550360404353485,4.62731457,18.79140090942383
Benin,2011,BEN,2.716133209676968,4.423614500000001,
Benin,2012,BEN,3.5348123006450507,5.24633551,25.02131080627441
Benin,2006,BEN,4.355706950752425,8.17379951,19.70960998535156
Benin,2003,BEN,5.238549542725254,7.689203260000001,16.68252944946289
Benin,2015,BEN,3.353365185310779,3.254780050000001,17.47952079772949
Benin,2001,BEN,6.119796658018895,7.772350790000002,15.31058025360107
Benin,2000,BEN,10.914738510565925,7.25110769,13.51319980621338
Benin,2013,BEN,4.348980776305468,5.1338048,22.34122085571289
Benin,2024,BEN,24.559455621453484,,17.96803182192264
Benin,2023,BEN,20.146635436113655,2.55340433,15.797556817439
Benin,2022,BEN,13.14580801486201,2.55340433,14.99147068718993
Benin,2021,BEN,20.73392482238504,1.6808979499999999,14.7747873406015
Benin,2020,BEN,7.042578517661159,2.6806235299999996,15.72035389877586
Benin,2019,BEN,9.044092993186588,3.1248140300000005,18.86811614915913
Benin,2018,BEN,8.878245093243518,4.024349209999999,17.70918083190918
Benin,2002,BEN,6.833102248636225,6.13154125,14.12907981872559
Benin,2014,BEN,3.7642404495298645,4.04459238,22.22771072387695
Bhutan,2020,BTN,7.529552113922768,10.29558849,16.25513860217371
Bhutan,2023,BTN,16.316043066468954,10.20342922,19.19111061096191
Bhutan,2021,BTN,13.508064336287656,6.32587957,16.90229552017217
Bhutan,2019,BTN,9.582219226477818,10.23985958,18.08603525567063
Bhutan,2018,BTN,10.868381560588439,7.703246590000001,21.85482025146484
Bhutan,2017,BTN,10.896556301331454,7.58420563,23.04472923278809
Bhutan,2016,BTN,12.006880117412576,7.959978099999998,24.36861991882324
Bhutan,2015,BTN,22.51589375749212,9.264266010000002,25.34506988525391
Bhutan,2014,BTN,15.321146647598047,7.7240905799999995,17.45413970947266
Bhutan,2013,BTN,12.165910576699938,7.098041059999998,15.68694972991943
Bhutan,2012,BTN,19.63528634346264,6.45828485,
Bhutan,2011,BTN,12.572693958872064,6.14636755,11.38751029968262
Bhutan,2010,BTN,13.756692130675102,5.649349689999999,10.29551982879639
Bhutan,2009,BTN,15.08720805559708,6.193681720000001,12.84471035003662
Bhutan,2008,BTN,16.61092667142933,6.02861881,15.10490989685059
Bhutan,2007,BTN,8.669612390290665,7.4637923200000005,
Bhutan,2006,BTN,3.177642028168185,6.829673770000002,
Bhutan,2005,BTN,2.224417962188704,6.7238621699999985,22.83286094665527
Bhutan,2004,BTN,5.489111428187808,9.085556980000002,18.60663032531738
Bhutan,2003,BTN,3.341536932459917,7.638212200000001,
Bhutan,2002,BTN,3.1734967105430454,7.879703040000001,
Bhutan,2001,BTN,2.628179295589483,6.546528820000001,13.22609996795654
Bhutan,2000,BTN,3.34899943341403,7.6619949300000005,13.92039012908936
Bhutan,2022,BTN,14.048460974930668,6.66407251,22.10643543228469
Bhutan,2024,BTN,18.781459635936198,,17.17575353471745
Bolivia,2023,BOL,8.45269600093132,12.029773709999997,20.39962959289551
Bolivia,2000,BOL,11.00487794944683,8.29598331,
Bolivia,2022,BOL,11.337525563855612,12.82034683,21.04229927062988
Bolivia,2021,BOL,5.661906716614648,16.9197998,22.90138053894043
Bolivia,2019,BOL,5.25871614497205,13.546630859999999,22.38405990600586
Bolivia,2018,BOL,4.41520646273014,12.72148514,21.25337982177734
Bolivia,2017,BOL,3.9817727672561394,11.510429379999998,20.95578956604004
Bolivia,2016,BOL,3.4008213083429615,11.07505703,20.37919044494629
Bolivia,2015,BOL,3.558249962852599,9.67435074,18.29406929016113
Bolivia,2014,BOL,2.7050842696198987,8.952018740000002,18.1302604675293
Bolivia,2013,BOL,2.601578202679079,9.205464359999999,19.19638061523438
Bolivia,2012,BOL,4.5024089766569295,8.314374919999997,18.39156913757324
Bolivia,2011,BOL,2.709381797718715,8.543414120000001,18.24453926086426
Bolivia,2010,BOL,4.823647868270397,9.7059021,22.13941955566406
Bolivia,2009,BOL,4.627160581825859,9.51188183,22.81318092346191
Bolivia,2008,BOL,8.004345647855445,7.646891120000001,19.02747917175293
Bolivia,2007,BOL,6.244269777548962,8.50024891,20.58189964294434
Bolivia,2006,BOL,9.10722720022235,8.752001759999999,21.56677055358887
Bolivia,2005,BOL,8.980801335435116,8.298798559999998,
Bolivia,2004,BOL,9.208924255908075,7.839162830000001,
Bolivia,2003,BOL,10.33717300580136,8.61168194,
Bolivia,2002,BOL,8.349884447836663,7.815952300000001,
Bolivia,2001,BOL,9.469267493429136,8.18012047,
Bolivia,2024,BOL,8.212997644482597,,20.16016006469727
Bolivia,2020,BOL,6.051138021965397,15.777553560000001,22.94177055358887
Bosnia and Herzegovina,2006,BIH,2.265042656490299,10.95802307,
Bosnia and Herzegovina,2024,BIH,4.425613062039544,,
Bosnia and Herzegovina,2023,BIH,7.18777998876107,14.42121029,
Bosnia and Herzegovina,2022,BIH,4.7579955571836425,14.565588,
Bosnia and Herzegovina,2021,BIH,5.194548314593889,16.0575676,10.1768798828125
Bosnia and Herzegovina,2020,BIH,5.163678473844051,14.88035202,
Bosnia and Herzegovina,2019,BIH,5.5596994005089515,15.367925640000001,10.13315010070801
Bosnia and Herzegovina,2018,BIH,5.087725839623243,15.14290047,9.630789756774902
Bosnia and Herzegovina,2016,BIH,4.7333213998970125,15.62966251,10.2874002456665
Bosnia and Herzegovina,2015,BIH,5.754373689152698,14.9841013,
Bosnia and Herzegovina,2014,BIH,3.6538753014389207,14.43189335,
Bosnia and Herzegovina,2013,BIH,3.1971452992989784,14.79470253,
Bosnia and Herzegovina,2012,BIH,2.937268474005256,13.883348459999999,
Bosnia and Herzegovina,2017,BIH,5.066500822458223,15.4665451,
Bosnia and Herzegovina,2010,BIH,2.4192947999901784,12.600886340000002,
Bosnia and Herzegovina,2009,BIH,2.0274678442018033,12.523983000000001,
Bosnia and Herzegovina,2008,BIH,1.8630482549636058,10.918696400000002,
Bosnia and Herzegovina,2007,BIH,2.115900707898348,11.328330040000003,
Bosnia and Herzegovina,2005,BIH,2.1626312854008507,10.81009102,
Bosnia and Herzegovina,2004,BIH,2.1070537616587854,11.320334429999999,
Bosnia and Herzegovina,2003,BIH,2.37370556407819,11.586452480000002,
Bosnia and Herzegovina,2002,BIH,3.330874995045105,9.322557449999998,
Bosnia and Herzegovina,2001,BIH,8.82872640236401,8.60074425,
Bosnia and Herzegovina,2000,BIH,8.276559103730913,7.253992559999999,
Bosnia and Herzegovina,2011,BIH,2.771658521957971,13.380139350000002,
Botswana,2014,BWA,1.0191400008601357,10.958581920000002,22.66012520102593
Botswana,2015,BWA,2.900216764382161,10.41588783,23.05355280998783
Botswana,2016,BWA,3.067728300496498,11.21129513,22.00429103147222
Botswana,2017,BWA,3.048201637178285,14.315474509999998,22.8162628925243
Botswana,2018,BWA,2.8419544306175237,11.542102810000001,22.56106645769163
Botswana,2023,BWA,3.412668741525651,14.610138889999998,
Botswana,2020,BWA,2.9409438173915516,11.661524770000002,21.46508740641373
Botswana,2021,BWA,2.40744466310547,14.610138889999998,
Botswana,2022,BWA,2.655247391757875,14.610138889999998,
Botswana,2013,BWA,3.686779212806178,11.934481620000001,20.91291976578029
Botswana,2019,BWA,2.974384172365332,12.006065370000002,22.34200103692729
Botswana,2012,BWA,1.029399036283119,10.68447876,21.67181957951714
Botswana,2007,BWA,1.1512442722752143,8.178297040000002,26.50778961181641
Botswana,2010,BWA,1.335183819096923,8.060935020000002,23.55052847334032
Botswana,2009,BWA,0.8152560537391647,6.252062320000001,20.4773998260498
Botswana,2008,BWA,1.332035784957873,7.64480686,
Botswana,2006,BWA,1.6169972188304582,8.178297040000002,
Botswana,2005,BWA,1.5144275293013767,8.178297040000002,25.82353019714355
Botswana,2004,BWA,1.287197288003206,8.178297040000002,
Botswana,2003,BWA,1.5050355318043196,8.178297040000002,
Botswana,2002,BWA,2.407610463248667,8.178297040000002,
Botswana,2001,BWA,2.1843170497774835,8.178297040000002,
Botswana,2000,BWA,2.9799507802468534,8.178297040000002,
Botswana,2024,BWA,3.876005282674824,,
Botswana,2011,BWA,1.2968164128982829,9.63225174,24.19450015552829
Brazil,2001,BRA,7.111751230770308,8.826087,9.659440040588379
Brazil,2002,BRA,9.647647239999747,8.28490639,8.428790092468262
Brazil,2018,BRA,4.027820548325473,8.80304146,13.78094005584717
Brazil,2024,BRA,4.188315449252281,,
Brazil,2023,BRA,3.143581442268031,9.47691154,
Brazil,2022,BRA,3.6374742852384028,9.80471611,12.93400955200195
Brazil,2021,BRA,4.2874840876373135,10.667906760000001,13.61616039276123
Brazil,2020,BRA,4.5376869732429475,9.03431797,12.49825000762939
Brazil,2019,BRA,5.195231149587713,9.10027695,13.85472011566162
Brazil,2017,BRA,3.272504074985701,8.924132349999999,14.26830959320068
Brazil,2016,BRA,2.999362774720333,8.67635441,13.8761100769043
Brazil,2014,BRA,1.4638371585166887,8.92875195,14.35914039611816
Brazil,2013,BRA,2.1228806811830836,8.92691326,14.67778968811035
Brazil,2015,BRA,3.4667827105990665,8.34357262,13.51146030426025
Brazil,2011,BRA,2.0696307752626057,8.80345917,14.57406997680664
Brazil,2010,BRA,1.695740206752799,9.052088740000002,14.29500961303711
Brazil,2009,BRA,1.9869160069933338,9.14586353,13.47807025909424
Brazil,2008,BRA,3.3105121298643776,8.779575349999998,13.19997024536133
Brazil,2007,BRA,3.760806815519325,8.63562584,12.32724952697754
Brazil,2006,BRA,6.715885097017657,8.320194240000001,11.44332981109619
Brazil,2005,BRA,4.334398676500468,7.989563940000002,10.69752025604248
Brazil,2004,BRA,7.732487484117155,8.737055779999999,10.01616954803467
Brazil,2003,BRA,8.991513692775548,8.500115390000001,
Brazil,2012,BRA,1.2153678347336838,8.533899309999999,14.89486980438232
Burkina Faso,2008,BFA,2.3873799944864182,7.32152605,
Burkina Faso,2011,BFA,2.5964928987765266,6.587393759999999,19.5006103515625
Burkina Faso,2010,BFA,2.2111592250569077,6.03235245,16.17281913757324
Burkina Faso,2009,BFA,2.163934670836542,7.629394049999999,
Burkina Faso,2007,BFA,2.1551957639491857,6.270682810000001,17.86381912231445
Burkina Faso,2012,BFA,2.289030196915352,4.696058750000001,15.8953800201416
Burkina Faso,2005,BFA,3.31368778219281,6.048640250000001,19.49419021606445
Burkina Faso,2004,BFA,4.383594391315899,8.39099884,
Burkina Faso,2003,BFA,5.100755429809015,5.5697293299999995,
Burkina Faso,2000,BFA,6.5081378774784024,4.848368639999999,
Burkina Faso,2006,BFA,3.0210390232482265,6.54068851,18.20170021057129
Burkina Faso,2013,BFA,2.158565909575398,6.382932189999999,16.16527938842773
Burkina Faso,2024,BFA,4.597915887219211,,
Burkina Faso,2015,BFA,4.094286481492877,7.15264177,18.02708053588867
Burkina Faso,2016,BFA,3.8434240618669047,11.033993720000002,
Burkina Faso,2017,BFA,3.1414980534167922,10.235204699999999,21.44400024414063
Burkina Faso,2018,BFA,3.005511610128913,8.785023690000001,22.66116905212402
Burkina Faso,2019,BFA,3.504635156674084,9.576910970000002,21.65662042305029
Burkina Faso,2020,BFA,3.207877344810578,11.647500040000002,20.99245879205485
Burkina Faso,2021,BFA,2.64409055565444,9.83841515,21.39246515992313
Burkina Faso,2022,BFA,3.0135406857694567,8.39684868,21.9580967321077
Burkina Faso,2023,BFA,3.929617453973983,8.77536201,20.2971969686914
Burkina Faso,2002,BFA,4.7495238513844535,5.434931279999999,
Burkina Faso,2014,BFA,3.017193772960627,7.77367115,19.36811065673828
Burkina Faso,2001,BFA,4.491521725757068,4.942176820000001,
Burundi,2003,BDI,9.796113868733354,3.7158155400000004,
Burundi,2000,BDI,6.493639480180859,5.944540020000002,10.73526000976563
Burundi,2004,BDI,15.791767379412699,5.80384302,9.17908000946045
Burundi,2005,BDI,10.563959438058749,6.223104000000001,10.95926952362061
Burundi,2006,BDI,4.033560562375134,6.481419560000001,
Burundi,2007,BDI,3.2081051830597893,6.32315588,
Burundi,2008,BDI,2.816891202492358,3.78774738,12.61553955078125
Burundi,2009,BDI,1.7930472419042425,5.4775238,16.30168914794922
Burundi,2010,BDI,0.4651737062820275,4.86066389,16.58810043334961
Burundi,2011,BDI,0.7589493220431237,8.227913859999997,14.97929954528809
Burundi,2012,BDI,1.4750489900984851,7.110281940000002,16.42831993103027
Burundi,2001,BDI,7.480224196757559,6.662638660000001,11.43313026428223
Burundi,2014,BDI,1.2516280377363957,9.79248333,23.84000015258789
Burundi,2015,BDI,1.3087580837711232,10.44351768,27.49724006652832
Burundi,2016,BDI,2.2860975478473264,9.904492379999999,20.78461074829102
Burundi,2017,BDI,1.393121032105675,8.357585909999997,19.76485061645508
Burundi,2018,BDI,1.4005426844980722,7.90786219,19.51926040649414
Burundi,2019,BDI,2.3389953571130473,7.90786219,21.2221666369194
Burundi,2020,BDI,1.5695257363532162,7.3328781099999985,20.74195234309137
Burundi,2021,BDI,1.961547387430182,7.3328781099999985,20.43854000560069
Burundi,2022,BDI,1.9456586095584198,4.72897339,20.63708380730232
Burundi,2023,BDI,2.2513730873763738,4.72897339,
Burundi,2024,BDI,1.9642630439836377,,
Burundi,2002,BDI,9.362857334172697,6.37957811,12.48608016967773
Burundi,2013,BDI,2.505807758193478,4.43170166,17.24325942993164
Cabo Verde,2007,CPV,6.540290358864596,10.09019661,18.32875061035156
Cabo Verde,2024,CPV,18.093595069933997,,13.40885595218155
Cabo Verde,2023,CPV,19.47131569049218,13.789449689999998,14.70472311499097
Cabo Verde,2022,CPV,14.392000012175227,16.06422043,15.69360418589167
Cabo Verde,2021,CPV,8.61723348978138,14.889709469999996,15.11298200301099
Cabo Verde,2020,CPV,9.372985479686927,13.44707775,17.09018707185526
Cabo Verde,2019,CPV,9.786840442779642,11.783460620000001,15.15369987487793
Cabo Verde,2018,CPV,9.199489501599999,11.265526770000001,17.56854079329492
Cabo Verde,2016,CPV,8.864868810059045,10.392424580000002,17.84300994873047
Cabo Verde,2015,CPV,8.265634784904083,10.09395409,16.74822998046875
Cabo Verde,2014,CPV,7.418040265076901,9.98307133,16.28219032287598
Cabo Verde,2013,CPV,5.916101733450504,9.029556269999999,14.77822971343994
Cabo Verde,2012,CPV,5.49268276046279,8.86496925,16.1216750633724
Cabo Verde,2017,CPV,9.071839754053453,9.123748779999998,16.4125804901123
Cabo Verde,2010,CPV,5.019928075756988,7.226752279999998,14.21689987182617
Cabo Verde,2009,CPV,5.519560621288436,8.311655040000002,15.886549949646
Cabo Verde,2008,CPV,5.638726071279859,8.108488079999999,18.24098968505859
Cabo Verde,2006,CPV,7.634142605052517,8.921114919999999,17.54058074951172
Cabo Verde,2005,CPV,9.740227943760836,8.802990910000002,
Cabo Verde,2004,CPV,7.229318562634692,9.631425859999998,20.84048080444336
Cabo Verde,2003,CPV,7.349457141332621,11.36700153,
Cabo Verde,2002,CPV,9.252267703228775,9.504278179999998,19.7662296295166
Cabo Verde,2001,CPV,7.16476862645551,11.17305183,
Cabo Verde,2000,CPV,6.288110731133548,7.50158787,
Cabo Verde,2011,CPV,5.64420538958178,8.60777664,15.15328025817871
Cambodia,2014,KHM,3.707110394307847,6.1677031499999995,8.791600227355957
Cambodia,2015,KHM,3.899991488942241,6.9401135400000005,
Cambodia,2016,KHM,4.596220453930306,6.848249909999998,
Cambodia,2017,KHM,4.4622696449885355,6.995914459999997,
Cambodia,2018,KHM,4.983781977858941,7.52334309,9.97500991821289
Cambodia,2023,KHM,6.152184192642382,6.64742565,12.01438511188561
Cambodia,2020,KHM,5.067802696688949,6.897967339999999,11.06877199074884
Cambodia,2021,KHM,5.1123085980029215,14.31049252,9.349599512147341
Cambodia,2022,KHM,6.348563684595865,6.415088180000001,11.67428084419715
Cambodia,2013,KHM,3.699965761057155,6.79168367,9.59706974029541
Cambodia,2019,KHM,4.80968756370173,6.991035459999999,12.13110673475463
Cambodia,2012,KHM,2.9272165231796485,6.33065081,7.199850082397461
Cambodia,2007,KHM,2.1351907785428725,6.748274799999999,11.1035099029541
Cambodia,2010,KHM,2.5319986312839498,6.519642350000001,7.337470054626465
Cambodia,2009,KHM,2.207691000956451,5.967683320000001,8.165240287780762
Cambodia,2008,KHM,2.4205082088373233,6.6590457,
Cambodia,2006,KHM,3.0053183455224004,7.411104679999999,
Cambodia,2005,KHM,2.570260780922973,9.89736652,
Cambodia,2004,KHM,2.178923933951019,9.901090620000002,12.40431022644043
Cambodia,2003,KHM,1.5373975716270012,9.43044186,
Cambodia,2002,KHM,1.0073684986903202,8.29783154,10.13757038116455
Cambodia,2001,KHM,0.9043888485781317,7.830317970000001,11.3807897567749
Cambodia,2000,KHM,0.753285037278555,8.591735839999998,11.07901000976563
Cambodia,2024,KHM,6.8420764651774,,11.23393228785298
Cambodia,2011,KHM,2.710135258685984,6.21460676,7.335400104522705
Cameroon,2000,CMR,24.408149086122336,4.42626905,11.68369960784912
Cameroon,2001,CMR,12.637507364558534,5.34374762,15.73330974578857
Cameroon,2012,CMR,2.231342866472348,3.731803420000001,15.17621994018555
Cameroon,2022,CMR,21.689189909263494,3.91280055,12.76697549752368
Cameroon,2021,CMR,10.38700755054356,2.86292386,15.04790385368358
Cameroon,2020,CMR,14.06821722108903,3.65950561,14.45112220468882
Cameroon,2019,CMR,8.95293622151719,2.1798591600000004,14.17869849931574
Cameroon,2018,CMR,8.415086661825892,1.9570337500000001,16.88315963745117
Cameroon,2017,CMR,5.968775072927015,0.73440903,15.91281032562256
Cameroon,2016,CMR,6.525730864298588,1.8129396399999997,12.69468975067139
Cameroon,2015,CMR,5.962355676631892,1.8129396399999997,13.24398994445801
Cameroon,2014,CMR,6.617067106319446,2.9397316,12.87975978851318
Cameroon,2013,CMR,2.267692282142862,2.50095606,13.82495021820068
Cameroon,2024,CMR,15.360526071509028,,13.83037652518901
Cameroon,2011,CMR,3.481590471127066,3.21048117,14.86777019500732
Cameroon,2010,CMR,3.5667615339643377,2.67579794,18.7538890838623
Cameroon,2009,CMR,3.4305279182932162,3.04738736,19.7797908782959
Cameroon,2008,CMR,4.4446441365726574,3.46105146,15.70061016082764
Cameroon,2007,CMR,7.806206072089219,4.226081849999999,21.37933921813965
Cameroon,2006,CMR,9.527872031477576,5.18314695,20.31266021728516
Cameroon,2005,CMR,23.62461053291358,5.24748802,21.37760925292969
Cameroon,2004,CMR,18.812462446688663,5.26183367,20.84712028503418
Cameroon,2003,CMR,14.468787364049144,6.5153770400000015,21.44202041625977
Cameroon,2002,CMR,15.505043815573268,6.432985310000001,
Cameroon,2023,CMR,16.687586744778393,3.91280055,13.08295109449348
Central African Republic,2024,CAF,2.542226150250155,,
Central African Republic,2000,CAF,7.894014250594629,10.021616940000001,9.930769920349121
Central African Republic,2012,CAF,1.1553939640919253,4.2233171500000015,10.61656912548137
Central African Republic,2022,CAF,1.5958212146779087,8.47619724,10.7420521886098
Central African Republic,2021,CAF,1.5666957304911293,6.42073488,9.088691997242643
Central African Republic,2020,CAF,0.9052185147143801,4.864420410000001,9.782442732726116
Central African Republic,2019,CAF,4.679348812019542,4.842317580000001,9.79781209629898
Central African Republic,2018,CAF,3.032393947096983,3.9108746100000005,9.135496419530963
Central African Republic,2017,CAF,6.4211019085423215,5.259977339999999,8.895049900832982
Central African Republic,2016,CAF,2.6352356428594303,4.9471330600000005,7.31902194047271
Central African Republic,2015,CAF,1.4482576292625542,3.2645256500000004,8.386741861801614
Central African Republic,2014,CAF,1.8574854144954276,3.94678593,9.387187516772306
Central African Republic,2013,CAF,1.6589380979808832,7.345152849999998,8.083443903931409
Central African Republic,2023,CAF,1.5983831894395772,8.47619724,9.993928156111604
Central African Republic,2010,CAF,0.5425361438120796,3.3414733399999994,6.475379943847656
Central African Republic,2009,CAF,3.122909055355057,4.57543802,7.841720104217529
Central African Republic,2008,CAF,5.4600424065764095,5.28349304,7.860000133514404
Central African Republic,2007,CAF,27.448775605291292,9.874658579999998,9.86948013305664
Central African Republic,2006,CAF,30.898667722155388,9.177922249999998,10.05424022674561
Central African Republic,2005,CAF,0.3777389330458626,6.400394919999999,9.666500091552734
Central African Republic,2004,CAF,4.033736928355529,11.276063920000002,12.04712963104248
Central African Republic,2003,CAF,0.08498462560528193,12.548629759999999,12.01257991790771
Central African Republic,2002,CAF,3.0112264161807194,8.60752106,9.199870109558105
Central African Republic,2001,CAF,10.032899507686196,10.725757600000001,
Central African Republic,2011,CAF,0.3314894961165893,2.93255639,7.825459957122803
Chad,2000,TCD,7.761219446369977,11.398789410000003,12.84449005126953
Chad,2001,TCD,6.019496458510063,11.868776320000002,13.78684997558594
Chad,2002,TCD,4.653394735560754,11.72442532,
Chad,2018,TCD,11.940279505428512,4.861495489999999,
Chad,2024,TCD,7.849094442335036,,
Chad,2023,TCD,12.487597163173039,7.2637333900000005,16.48435344243246
Chad,2022,TCD,17.36456122029147,7.2637333900000005,16.72260975170407
Chad,2021,TCD,14.52762399825183,5.64191198,15.44771003723145
Chad,2020,TCD,8.966206136930301,3.954435110000001,11.6715060004173
Chad,2019,TCD,8.388060377944612,4.861495489999999,14.21379003899466
Chad,2017,TCD,11.076972669403336,4.678395750000001,16.36274909973145
Chad,2016,TCD,11.011668127781721,5.725020889999998,
Chad,2014,TCD,19.10415914150723,5.548615459999999,
Chad,2013,TCD,3.9383395450513885,5.036792759999999,12.46146011352539
Chad,2015,TCD,4.987797250181007,5.24520254,
Chad,2011,TCD,2.741208844486973,3.6880266700000006,10.08325958251953
Chad,2010,TCD,2.368777636970153,3.49792719,8.119279861450195
Chad,2009,TCD,2.6600680114827955,3.5498657200000006,8.828180313110352
Chad,2008,TCD,6.258123373537525,4.2314992,
Chad,2007,TCD,3.5320397975506235,5.9949445699999995,
Chad,2006,TCD,3.888982221240779,7.14463902,
Chad,2005,TCD,5.210493661062718,12.423414229999999,14.67282009124756
Chad,2004,TCD,3.902624255608516,15.031379699999999,11.03190040588379
Chad,2003,TCD,4.4570356926116705,8.981556889999998,
Chad,2012,TCD,2.682589847746841,3.9646971199999994,9.212409973144531
China,2017,CHN,0.46955159474567,8.797344209999999,
China,2014,CHN,0.4837529771609005,9.660885809999998,
China,2015,CHN,0.9873462747129993,9.41902351,
China,2016,CHN,0.5101610334968119,8.952765459999998,
China,2018,CHN,0.4651701157632417,8.761463169999999,
China,2024,CHN,1.2833525416272822,,
China,2020,CHN,0.6427108061634788,8.64632607,
China,2021,CHN,0.8675573988167897,8.9053545,
China,2022,CHN,1.6102681139578485,10.39417267,
China,2013,CHN,0.4429165187171225,9.416842460000002,
China,2019,CHN,0.5982901838112503,8.76956177,
China,2012,CHN,0.4343934289615917,9.03729343,
China,2000,CHN,7.331128095324092,6.08984089,
China,2010,CHN,0.9112258370994151,8.7509222,
China,2009,CHN,0.6649054615252313,8.37523174,
China,2008,CHN,0.9142353899327595,7.708582399999999,
China,2007,CHN,1.3390522552740818,7.90135717,
China,2006,CHN,1.7581607493936564,7.563820840000001,
China,2005,CHN,2.127172481572706,7.488829140000002,
China,2004,CHN,2.2943755468606866,7.26605844,
China,2003,CHN,4.629182538991188,6.87652969,
China,2002,CHN,4.809345316476559,6.025803089999999,
China,2001,CHN,5.708806731223769,5.589241979999999,
China,2023,CHN,1.9860319663052504,10.367977139999997,11.90557956695557
China,2011,CHN,0.6957938217187648,8.60284996,
Colombia,2002,COL,17.925502016646277,14.864780430000001,
Colombia,2003,COL,21.090342725680976,15.598855019999998,
Colombia,2014,COL,4.476133643739261,16.18276405,
Colombia,2024,COL,10.248626431416161,,
Colombia,2023,COL,10.566996444379747,16.18694687,
Colombia,2022,COL,7.478595052239593,15.76684952,
Colombia,2021,COL,12.152565476062783,19.372188570000002,
Colombia,2020,COL,7.761258329135382,18.45023155,
Colombia,2019,COL,7.971030134780166,16.65906715,
Colombia,2018,COL,8.91680386087713,15.54749584,
Colombia,2017,COL,11.223981661378131,18.60467529,
Colombia,2016,COL,6.89539151669708,17.659179690000002,
Colombia,2015,COL,5.296294418319138,17.03754425,
Colombia,2000,COL,13.335774555403734,14.881616589999998,
Colombia,2013,COL,3.7472445044593607,16.341106410000002,
Colombia,2012,COL,4.68370282781833,16.19955254,
Colombia,2011,COL,4.376564594430729,16.48455429,
Colombia,2010,COL,5.10579095020695,16.827739719999997,
Colombia,2009,COL,5.266153017466339,17.040620800000003,
Colombia,2008,COL,6.2527337532015865,16.6930294,
Colombia,2007,COL,8.275973265800996,16.2844429,
Colombia,2006,COL,11.12236099053951,16.05757141,
Colombia,2005,COL,17.773519496591046,16.83091927,
Colombia,2004,COL,12.05637245146083,15.737346650000001,
Colombia,2001,COL,16.5211584452647,15.377504349999999,
Comoros,2024,COM,5.854788621080767,,9.933377655502706
Comoros,2001,COM,4.0631986254772405,4.11416817,
Comoros,2003,COM,3.699167348426763,6.684473510000001,
Comoros,2023,COM,4.399333440021679,4.73731661,11.0260827119111
Comoros,2022,COM,0.7375674905049333,4.73731661,10.47602302600098
Comoros,2021,COM,0.6259824095839217,4.73731661,10.28568683717058
Comoros,2020,COM,3.4419565587962673,6.88908243,11.47596467202517
Comoros,2019,COM,2.1912861375805517,4.13345671,
Comoros,2018,COM,1.9396691224125084,3.9939124599999998,
Comoros,2017,COM,0.9656852574604154,3.5854959500000008,
Comoros,2016,COM,2.3689463859096556,3.03607512,
Comoros,2015,COM,3.833044603977023,2.44571519,13.35365009307861
Comoros,2002,COM,6.937454589241887,6.71070385,15.789719581604
Comoros,2014,COM,0.46464364957431836,3.8196549400000004,18.89289093017578
Comoros,2012,COM,5.161695456565469,5.352248189999999,18.49151039123535
Comoros,2011,COM,2.904109258620341,7.2384433700000015,21.41486930847168
Comoros,2010,COM,3.5285286965070406,2.8392360200000004,
Comoros,2009,COM,8.15554328316391,2.7746560600000003,
Comoros,2008,COM,8.883199723899295,2.86453962,29.23311996459961
Comoros,2007,COM,24.955375740312554,4.3323988899999994,
Comoros,2006,COM,4.066440913624866,5.181739810000002,
Comoros,2005,COM,4.580561137105255,5.4200544399999995,
Comoros,2004,COM,4.133265972807123,6.755742069999999,
Comoros,2013,COM,0.34607493028400793,4.449965000000001,16.07073020935059
Comoros,2000,COM,6.065093645689703,9.155146599999998,
"Congo, Dem. Rep.",2000,COD,0.0,2.49895263,
"Congo, Dem. Rep.",2023,COD,3.594296507425359,4.000719070000001,
"Congo, Dem. Rep.",2024,COD,3.0990946797285726,,
"Congo, Dem. Rep.",2022,COD,7.0651673059777,3.9843409100000002,
"Congo, Dem. Rep.",2021,COD,3.893229727882766,4.512646200000001,
"Congo, Dem. Rep.",2020,COD,3.5035472723822605,5.08724737,
"Congo, Dem. Rep.",2019,COD,3.6730627657314265,4.1286587699999995,
"Congo, Dem. Rep.",2018,COD,3.9841863939545594,4.166941169999999,
"Congo, Dem. Rep.",2016,COD,6.439610457702656,3.80773497,14.22933959960938
"Congo, Dem. Rep.",2015,COD,4.73387408854401,4.10415363,14.85070037841797
"Congo, Dem. Rep.",2014,COD,6.81103607948206,3.9867942299999997,13.35221004486084
"Congo, Dem. Rep.",2013,COD,8.20035517005943,3.9094405199999995,16.17480087280273
"Congo, Dem. Rep.",2012,COD,5.5848072055386915,3.8775920899999994,
"Congo, Dem. Rep.",2017,COD,5.932638454795508,3.8418848500000005,13.14776992797852
"Congo, Dem. Rep.",2010,COD,6.211223585163074,2.49895263,9.578410148620605
"Congo, Dem. Rep.",2009,COD,20.233443100409897,2.49895263,
"Congo, Dem. Rep.",2008,COD,19.47554008324684,2.49895263,
"Congo, Dem. Rep.",2007,COD,28.05570730807791,2.49895263,
"Congo, Dem. Rep.",2006,COD,23.959002529120976,2.49895263,
"Congo, Dem. Rep.",2005,COD,21.60855142111926,2.49895263,
"Congo, Dem. Rep.",2004,COD,17.088197271234154,2.49895263,
"Congo, Dem. Rep.",2003,COD,17.575997151132842,2.49895263,
"Congo, Dem. Rep.",2002,COD,113.34644640381872,2.49895263,
"Congo, Dem. Rep.",2011,COD,6.983079998020217,2.5320143699999997,
"Congo, Dem. Rep.",2001,COD,0.0,2.49895263,
"Congo, Rep.",2013,COG,5.653245991007323,2.2095162900000007,14.7248982435275
"Congo, Rep.",2014,COG,5.519618648552316,1.9499675,6.555920124053955
"Congo, Rep.",2015,COG,8.245170941605618,2.7098102600000002,7.950399875640869
"Congo, Rep.",2016,COG,8.370043404973455,2.8850231200000005,8.709630671311789
"Congo, Rep.",2021,COG,17.5646942077264,8.21684074,16.56100485034036
"Congo, Rep.",2018,COG,17.773450592220634,3.4871990700000004,15.58290004730225
"Congo, Rep.",2019,COG,17.67216731032147,5.10725212,17.00742215760968
"Congo, Rep.",2020,COG,26.223918493854043,8.21684074,17.00914003582359
"Congo, Rep.",2012,COG,3.066783172032077,2.67131019,
"Congo, Rep.",2017,COG,12.905535625612755,3.41114736,15.68577003479004
"Congo, Rep.",2011,COG,2.969588825523279,2.33683133,6.493709291750934
"Congo, Rep.",2024,COG,32.684873426061024,,
"Congo, Rep.",2009,COG,7.334477091862601,2.52816463,
"Congo, Rep.",2008,COG,5.834550938982827,4.548922060000001,
"Congo, Rep.",2007,COG,4.101715258524927,2.0520796800000003,
"Congo, Rep.",2006,COG,3.747901999680049,2.08378863,
"Congo, Rep.",2005,COG,6.7490516847622795,1.95315254,7.597819805145264
"Congo, Rep.",2004,COG,15.96727359844241,1.78429937,8.561809539794922
"Congo, Rep.",2003,COG,5.4308849594257,1.8552578699999998,9.519949913024902
"Congo, Rep.",2002,COG,1.4220032274908054,1.3442719000000003,9.054849624633789
"Congo, Rep.",2001,COG,9.29510932910858,3.3190190799999995,
"Congo, Rep.",2022,COG,41.27423679000745,3.52587986,15.50950162568215
"Congo, Rep.",2010,COG,3.930704032870412,3.6021020400000006,24.72777938842773
"Congo, Rep.",2023,COG,35.63366749678744,5.421774860000001,14.72915282472632
"Congo, Rep.",2000,COG,1.6647625333598273,2.2729034399999994,
Cote d'Ivoire,2000,CIV,35.072018042164686,4.55759859,20.80694961547852
Cote d'Ivoire,2022,CIV,11.931661198850016,6.822236059999997,15.90301036834717
Cote d'Ivoire,2021,CIV,8.632157309206267,7.773895259999999,16.26627922058105
Cote d'Ivoire,2020,CIV,14.756723365125026,6.53835297,18.59025001525879
Cote d'Ivoire,2019,CIV,23.720634305190917,5.601275919999999,19.8460693359375
Cote d'Ivoire,2018,CIV,10.787619219027194,5.11727667,18.28890037536621
Cote d'Ivoire,2017,CIV,18.371485684425828,5.15028763,20.63349914550781
Cote d'Ivoire,2016,CIV,12.226302535584866,4.851992610000001,22.38759994506836
Cote d'Ivoire,2015,CIV,5.265078344754636,4.8747077,21.17321968078613
Cote d'Ivoire,2014,CIV,7.9842874293797,5.111254220000001,21.76678085327148
Cote d'Ivoire,2013,CIV,7.7234172292843075,4.58988285,21.57472991943359
Cote d'Ivoire,2012,CIV,5.011556695988758,4.622003080000001,20.85876083374023
Cote d'Ivoire,2011,CIV,8.843320286671984,4.393692489999999,22.42686080932617
Cote d'Ivoire,2010,CIV,9.972854148150342,5.806788439999999,22.77275085449219
Cote d'Ivoire,2009,CIV,15.96487331875161,5.821324349999999,22.18955993652344
Cote d'Ivoire,2008,CIV,15.688433812733452,4.657881260000001,21.52691078186035
Cote d'Ivoire,2007,CIV,3.662283579265525,4.579221729999999,20.75588035583496
Cote d'Ivoire,2006,CIV,0.4576452379187485,3.857184410000001,20.01789093017578
Cote d'Ivoire,2005,CIV,0.7326023927967061,3.891348839999999,21.84568977355957
Cote d'Ivoire,2004,CIV,3.0643870283482406,4.1451525700000005,22.1071605682373
Cote d'Ivoire,2003,CIV,11.187436072266088,4.067087170000001,22.64822959899902
Cote d'Ivoire,2002,CIV,22.48894380095376,4.14795876,22.59230041503906
Cote d'Ivoire,2023,CIV,16.83523480142435,6.58320475,15.94645977020264
Cote d'Ivoire,2024,CIV,24.51537191168462,,17.62277030944824
Cote d'Ivoire,2001,CIV,17.10871390395913,4.456547259999999,23.20203018188477
Djibouti,2001,DJI,4.786863853540656,5.968404770000001,26.28001976013184
Djibouti,2023,DJI,5.809167452597587,4.891822810000001,
Djibouti,2022,DJI,6.943153631150545,5.095563410000001,
Djibouti,2021,DJI,6.205337432619743,3.31527162,
Djibouti,2020,DJI,6.59148972699984,4.15930223,
Djibouti,2019,DJI,8.314724485741309,5.161097529999999,
Djibouti,2018,DJI,7.88486897709104,5.169797900000001,14.47414970397949
Djibouti,2017,DJI,9.220114211637105,4.8029952,15.64371967315674
Djibouti,2016,DJI,8.364771332452651,5.13736486,15.15958976745605
Djibouti,2015,DJI,4.199574918518228,4.06950951,8.57643985748291
Djibouti,2014,DJI,5.581506598660667,6.072990889999998,
Djibouti,2024,DJI,12.387215787288063,,
Djibouti,2013,DJI,7.310390045990581,6.73504782,
Djibouti,2011,DJI,8.169684081630018,8.47449207,
Djibouti,2010,DJI,7.446792412052345,6.97048712,12.32839965820313
Djibouti,2009,DJI,6.388174605170255,6.139916900000001,
Djibouti,2008,DJI,6.464325231445578,6.348880770000001,
Djibouti,2007,DJI,7.576411640986317,6.52659225,22.52743911743164
Djibouti,2006,DJI,8.483060283313364,7.23246288,24.70796012878418
Djibouti,2005,DJI,5.658970090421315,5.327818389999999,22.71504974365234
Djibouti,2004,DJI,7.087282317084405,5.386150360000001,24.70113945007324
Djibouti,2003,DJI,6.165726184527644,5.815307139999999,24.2714900970459
Djibouti,2002,DJI,5.079135445266824,5.495635990000001,25.48930931091309
Djibouti,2012,DJI,7.819941153589927,7.13329363,
Djibouti,2000,DJI,5.838634201265867,6.07547617,29.38595008850098
Dominica,2023,DMA,7.029185044540336,5.03135157,6.412836916666667
Dominica,2024,DMA,12.293815606224012,,7.090665076051297
Dominica,2022,DMA,6.516433666965911,6.20045137,9.356604358153465
Dominica,2021,DMA,4.701631686468017,5.7531628600000015,7.76732754491018
Dominica,2020,DMA,7.639388332748405,5.408915039999999,10.66617012023926
Dominica,2019,DMA,9.336467091660836,7.56691742,8.298299789428711
Dominica,2018,DMA,7.333248457858055,6.157971380000001,8.445836483421536
Dominica,2017,DMA,9.462801881006634,6.769862169999999,9.749302418283284
Dominica,2015,DMA,11.696175149281427,9.731401440000003,10.20800971984863
Dominica,2014,DMA,10.796410862877227,9.619799609999998,
Dominica,2013,DMA,9.913542274724016,9.594572070000002,
Dominica,2012,DMA,9.432696945524198,9.49375534,
Dominica,2011,DMA,8.495217617811775,9.09039211,
Dominica,2016,DMA,9.617116242252125,7.278490070000001,12.6980996948118
Dominica,2009,DMA,11.588871502624857,7.4169898000000005,
Dominica,2008,DMA,11.174267857928955,7.2852678300000004,
Dominica,2007,DMA,11.076410636669262,7.0998449300000015,
Dominica,2006,DMA,14.358666351031838,8.74014854,
Dominica,2005,DMA,13.196331151287827,8.72012901,
Dominica,2004,DMA,14.337099186813019,8.52756691,
Dominica,2003,DMA,13.510663946423328,8.666076660000002,
Dominica,2002,DMA,12.626494447350723,8.401412959999998,
Dominica,2001,DMA,16.856091457143137,8.783469199999999,
Dominica,2000,DMA,7.654543390028853,8.64061165,
Dominica,2010,DMA,7.75656901105871,7.44341135,
Dominican Republic,2013,DOM,12.20417579873395,15.035639759999999,21.70730648981093
Dominican Republic,2014,DOM,15.740233513011228,14.475960730000002,21.54460429943541
Dominican Republic,2015,DOM,29.710840018659606,14.195518490000001,22.31356993478897
Dominican Republic,2016,DOM,13.863896113762905,15.69811821,21.9452020986914
Dominican Republic,2017,DOM,11.149096805455091,15.108494760000003,22.34360032877145
Dominican Republic,2022,DOM,14.997942051141367,15.2007637,19.2600265459877
Dominican Republic,2019,DOM,12.414681052968518,14.95226765,22.34150730083174
Dominican Republic,2020,DOM,24.11249788482316,14.678337099999998,20.63404198848996
Dominican Republic,2021,DOM,12.658958018396838,18.260875699999996,19.59417804309385
Dominican Republic,2012,DOM,8.931148274916845,13.968768119999998,
Dominican Republic,2018,DOM,12.285554577041,15.667870520000003,22.15546882873581
Dominican Republic,2011,DOM,13.600842708132364,17.069700240000003,10.63718033579033
Dominican Republic,2024,DOM,17.544762735295567,,21.86369775622919
Dominican Republic,2009,DOM,15.644044598659356,14.433601380000002,
Dominican Republic,2008,DOM,13.046804689375389,11.476502420000001,
Dominican Republic,2007,DOM,16.971871022764738,10.323028559999997,12.54104995727539
Dominican Republic,2006,DOM,18.499961545533814,8.26970291,
Dominican Republic,2005,DOM,12.091381242832927,8.9872961,
Dominican Republic,2004,DOM,19.426026041822546,6.62144899,
Dominican Republic,2003,DOM,17.850801930240344,6.7342433900000005,10.70979022979736
Dominican Republic,2002,DOM,12.736883690195382,10.19451523,11.61762046813965
Dominican Republic,2001,DOM,15.128759510758771,11.43885326,13.21448040008545
Dominican Republic,2000,DOM,13.867951442649119,12.137586590000002,13.39904022216797
Dominican Republic,2023,DOM,18.03811552242846,15.411338809999998,20.55798350419906
Dominican Republic,2010,DOM,13.110176176754756,15.678898809999998,9.875718105797617
Ecuador,2000,ECU,55.11686358100164,4.139431,4.957300186157227
Ecuador,2001,ECU,29.34833391752577,6.207802770000001,
Ecuador,2013,ECU,4.099377458783904,8.26161385,10.54977035522461
Ecuador,2023,ECU,8.338612650166327,11.87373734,9.681349754333496
Ecuador,2022,ECU,7.1692029385430285,12.14216518,9.299229621887207
Ecuador,2021,ECU,7.745683201066108,14.189287189999998,9.761850357055664
Ecuador,2020,ECU,12.93614030982407,13.13262463,10.59955024719238
Ecuador,2019,ECU,14.733896837490942,12.35584259,10.68029022216797
Ecuador,2018,ECU,12.36934995134705,12.205158230000002,
Ecuador,2017,ECU,11.012114346613076,11.459780690000002,
Ecuador,2016,ECU,7.095343172316188,10.479515080000002,
Ecuador,2015,ECU,7.4029035043632465,10.204524039999999,11.58061981201172
Ecuador,2014,ECU,4.305403628078505,9.049722669999998,11.34290981292725
Ecuador,2002,ECU,28.438822670021104,6.54682684,
Ecuador,2012,ECU,4.529624861382478,8.17220497,10.77888965606689
Ecuador,2011,ECU,4.571162407798019,7.965254309999999,11.97611045837402
Ecuador,2010,ECU,4.01269399369896,8.4362812,12.99656009674072
Ecuador,2009,ECU,34.055315401261524,7.4589715,13.17257022857666
Ecuador,2008,ECU,8.016953667570425,6.151633739999999,
Ecuador,2007,ECU,15.931441375863473,8.827395440000002,
Ecuador,2006,ECU,25.433639892224015,8.56826591,
Ecuador,2005,ECU,19.33973725563063,7.865584849999999,
Ecuador,2004,ECU,27.334343954357397,8.461230279999999,
Ecuador,2003,ECU,21.96002968574465,8.213147159999998,
Ecuador,2024,ECU,9.49603451092338,,9.694049835205078
"Egypt, Arab Rep.",2024,EGY,27.6182497579796,,
"Egypt, Arab Rep.",2000,EGY,5.8342766425477866,6.6637258500000005,
"Egypt, Arab Rep.",2002,EGY,6.741916316293016,6.14118385,
"Egypt, Arab Rep.",2022,EGY,12.349877649567704,6.760738370000001,
"Egypt, Arab Rep.",2021,EGY,15.42399008488957,6.799449439999999,
"Egypt, Arab Rep.",2020,EGY,11.641918453608934,5.1611223200000005,
"Egypt, Arab Rep.",2019,EGY,9.485068783848918,4.822846889999999,
"Egypt, Arab Rep.",2018,EGY,10.48858904065425,4.72158527,
"Egypt, Arab Rep.",2017,EGY,8.155292689918497,5.41994762,
"Egypt, Arab Rep.",2016,EGY,5.633024369366604,5.057976720000001,
"Egypt, Arab Rep.",2015,EGY,3.2670976687489266,5.057976720000001,
"Egypt, Arab Rep.",2014,EGY,5.369503220284103,4.16148472,
"Egypt, Arab Rep.",2001,EGY,5.854232076056368,6.632662769999999,
"Egypt, Arab Rep.",2013,EGY,3.3059950132059077,4.1566329,
"Egypt, Arab Rep.",2011,EGY,4.69765228589493,4.82708216,
"Egypt, Arab Rep.",2010,EGY,4.031374388887367,4.361563210000001,
"Egypt, Arab Rep.",2009,EGY,4.405063210142508,4.718084810000001,
"Egypt, Arab Rep.",2008,EGY,5.6679935998201225,4.69924688,10.94180011749268
"Egypt, Arab Rep.",2007,EGY,6.327846191243873,5.017645839999998,11.20963954925537
"Egypt, Arab Rep.",2006,EGY,6.060322633038293,5.049946780000001,11.01858997344971
"Egypt, Arab Rep.",2005,EGY,7.689665026443169,5.24353075,15.04360961914063
"Egypt, Arab Rep.",2004,EGY,7.884859815541552,5.243089680000001,14.7487096786499
"Egypt, Arab Rep.",2003,EGY,8.804985480839852,5.443203449999999,15.35190010070801
"Egypt, Arab Rep.",2012,EGY,3.436516725934524,4.385409360000001,
"Egypt, Arab Rep.",2023,EGY,16.97077034043801,6.92673063,
El Salvador,2000,SLV,10.674205263157894,18.813766479999998,13.54397010803223
El Salvador,2001,SLV,11.604823876784373,17.68815994,
El Salvador,2002,SLV,13.339843507541213,17.78228951,14.40474987030029
El Salvador,2016,SLV,14.596289373776909,17.65205383,13.9301700592041
El Salvador,2003,SLV,16.659340587253922,17.186676030000005,13.85227012634277
El Salvador,2022,SLV,19.529712700897747,21.43788528,11.4042797088623
El Salvador,2021,SLV,12.28167824786798,20.65044975,11.50806999206543
El Salvador,2020,SLV,12.826108674846626,17.72463989,11.19429969787598
El Salvador,2019,SLV,24.93990317755758,16.971138,12.19194030761719
El Salvador,2018,SLV,14.271885081442292,16.460561750000004,13.06204986572266
El Salvador,2017,SLV,13.992583246401596,16.314199449999997,13.26113033294678
El Salvador,2024,SLV,27.593280761879,,10.57559013366699
El Salvador,2015,SLV,14.15805564841045,17.73853302,14.42251014709473
El Salvador,2014,SLV,14.024886348188522,16.978040699999998,13.8507604598999
El Salvador,2023,SLV,18.443357009870333,18.509180069999996,10.44163990020752
El Salvador,2012,SLV,14.735016079234972,16.2677002,13.55786037445068
El Salvador,2011,SLV,19.613499555295498,18.986028670000003,15.42368030548096
El Salvador,2010,SLV,17.70200226223258,17.085517880000005,15.81840991973877
El Salvador,2009,SLV,20.442911024294155,15.814736369999997,17.95026016235352
El Salvador,2008,SLV,16.30670281993205,16.65882492,18.16251945495605
El Salvador,2007,SLV,18.428285979912438,17.98424721,15.81505012512207
El Salvador,2006,SLV,21.89735671115857,19.30836487,14.91919040679932
El Salvador,2005,SLV,16.01136457385502,18.938655850000004,14.16685009002686
El Salvador,2004,SLV,19.48302349034226,18.6806469,
El Salvador,2013,SLV,13.353327507181614,16.716999050000002,13.34160041809082
Equatorial Guinea,2024,GNQ,6.203807462502815,,
Equatorial Guinea,2023,GNQ,6.543540687485247,5.86530781,
Equatorial Guinea,2022,GNQ,8.827268712439388,5.86133051,
Equatorial Guinea,2021,GNQ,11.03615964049138,8.997376440000002,
Equatorial Guinea,2019,GNQ,9.931977929239299,4.79222822,
Equatorial Guinea,2020,GNQ,12.142812157629377,6.39538145,
Eritrea,2019,ERI,3.1668374175439626,2.3728718799999995,
Eritrea,2001,ERI,1.7508006732763086,3.01020408,8.784939765930176
Eritrea,2017,ERI,3.1535953825358343,2.3728718799999995,
Eritrea,2016,ERI,3.719787891300206,2.3728718799999995,
Eritrea,2015,ERI,4.973743474023949,2.3728718799999995,
Eritrea,2014,ERI,7.676688794242685,2.3728718799999995,
Eritrea,2013,ERI,13.53215075151848,2.3728718799999995,
Eritrea,2012,ERI,12.375150416886349,2.3728718799999995,
Eritrea,2011,ERI,3.2632594368225187,2.3728718799999995,
Eritrea,2010,ERI,3.9473619890738174,2.3728718799999995,
Eritrea,2000,ERI,0.6413323529833354,2.4220676399999994,
Eritrea,2009,ERI,3.6976726742762915,2.3728718799999995,
Eritrea,2008,ERI,2.4330362643863337,2.3728718799999995,
Eritrea,2007,ERI,1.096574110563589,2.3728718799999995,
Eritrea,2006,ERI,2.60197080649221,1.6211192599999997,5.445159912109375
Eritrea,2005,ERI,3.1061315897663233,1.11400759,
Eritrea,2004,ERI,3.8643201752234244,2.7329978899999996,7.131400108337402
Eritrea,2003,ERI,2.780377755530106,2.87028527,
Eritrea,2002,ERI,2.6337468546533698,3.52871037,7.581009864807129
Eritrea,2018,ERI,5.028692489778714,2.3728718799999995,
Eswatini,2000,SWZ,6.922991124785355,9.79427242,18.74508094787598
Eswatini,2001,SWZ,6.333732770729572,9.284857749999999,19.65617942810059
Eswatini,2002,SWZ,5.486454434736098,9.189381599999999,17.29376983642578
Eswatini,2018,SWZ,3.1445463432040666,9.697674750000001,17.22101182665492
Eswatini,2024,SWZ,5.737988658868168,,19.35419607602253
Eswatini,2023,SWZ,5.075167410600962,10.635377880000002,16.93638831213255
Eswatini,2022,SWZ,3.8029492294577665,10.635377880000002,16.620931006141
Eswatini,2021,SWZ,4.411581372878314,12.30096912,15.34087001860497
Eswatini,2020,SWZ,4.388063944035115,10.393843649999999,15.8905396021243
Eswatini,2019,SWZ,3.4990252624974545,12.93035984,18.5068975878254
Eswatini,2017,SWZ,3.019577830240391,9.97164059,18.66627509147846
Eswatini,2016,SWZ,3.068509882679251,8.21805286,16.55491112702872
Eswatini,2014,SWZ,2.3928884296894823,8.50093365,24.79544067382813
Eswatini,2013,SWZ,2.8350534847516307,11.66008472,17.23399640698286
Eswatini,2015,SWZ,2.4545529560960118,8.587017059999997,16.41538784288528
Eswatini,2011,SWZ,3.9699670485133587,14.277363780000002,22.33392906188965
Eswatini,2010,SWZ,3.759095559302947,13.756533619999999,18.28302955627441
Eswatini,2009,SWZ,4.578914428735796,13.33174038,19.38637924194336
Eswatini,2008,SWZ,5.36117733793588,13.342635150000001,21.81324005126953
Eswatini,2007,SWZ,4.885861908340091,12.373457910000003,
Eswatini,2006,SWZ,4.4560774768748495,12.620983120000002,22.70756912231445
Eswatini,2005,SWZ,3.8493127130515106,12.61231613,20.89185905456543
Eswatini,2004,SWZ,5.341602420057367,9.742611890000001,21.10407066345215
Eswatini,2003,SWZ,5.522086764732647,11.396681789999999,22.06381988525391
Eswatini,2012,SWZ,3.460965029496664,12.654773709999997,21.43775954342454
Ethiopia,2017,ETH,10.239825559602231,4.788360119999999,23.32417186571006
Ethiopia,2014,ETH,7.925859090603003,4.0883421900000005,25.91838073730469
Ethiopia,2015,ETH,9.689005153582707,5.57211685,22.34983060990013
Ethiopia,2016,ETH,9.042520441148291,5.0244526899999995,23.01336282376745
Ethiopia,2018,ETH,12.193605442591837,4.76060486,22.99175734506698
Ethiopia,2024,ETH,8.018292727894877,,16.6954473535013
Ethiopia,2020,ETH,14.23914320682804,6.79223251,22.44771928828446
Ethiopia,2021,ETH,14.630017415331956,7.096745009999998,23.56204274559288
Ethiopia,2022,ETH,13.126696741107041,5.6767020200000005,23.00640250333574
Ethiopia,2013,ETH,7.887138272281651,6.193302630000001,27.02109909057617
Ethiopia,2019,ETH,15.129425339125913,4.76060486,20.92220251939825
Ethiopia,2012,ETH,6.097824134948094,6.406854630000001,30.5395393371582
Ethiopia,2000,ETH,5.90102556990138,7.029584409999998,14.90773010253906
Ethiopia,2010,ETH,3.521311157294977,5.10711384,26.30404090881348
Ethiopia,2009,ETH,1.9316025465155318,5.300199990000001,23.58374977111816
Ethiopia,2008,ETH,2.089928503923255,2.74178195,26.3557300567627
Ethiopia,2007,ETH,3.129887588056045,6.495981689999999,24.69944953918457
Ethiopia,2006,ETH,3.8502432457911517,5.076044560000001,23.97537994384766
Ethiopia,2005,ETH,2.8100322014881245,7.5500240299999986,
Ethiopia,2004,ETH,3.5970230450209124,5.72665405,
Ethiopia,2003,ETH,3.528035177269911,8.417793269999999,
Ethiopia,2002,ETH,3.748752863825567,8.368676190000002,16.1877498626709
Ethiopia,2001,ETH,9.336224916363681,8.98233509,14.46177005767822
Ethiopia,2023,ETH,8.180889817661573,5.6767020200000005,18.33261773450317
Ethiopia,2011,ETH,6.146187579858761,2.09114432,29.67443084716797
Fiji,2002,FJI,3.311244939010537,8.03575706,21.03780937194824
Fiji,2003,FJI,2.64894762728967,8.61062717,
Fiji,2014,FJI,3.5775255989622763,7.104276180000001,16.17557576823983
Fiji,2024,FJI,9.188650838528943,,14.70003561495398
Fiji,2023,FJI,8.939191146326664,9.322113040000001,14.62911048479398
Fiji,2022,FJI,6.731531501520449,10.329376220000002,12.64653425561562
Fiji,2021,FJI,1.572924948630269,10.31014252,13.55910811640185
Fiji,2020,FJI,16.68019509359801,8.681464199999997,16.64013835413739
Fiji,2019,FJI,11.163303602017447,8.72794247,16.83369923117153
Fiji,2018,FJI,3.6892758859360186,7.75502872,14.93481193843894
Fiji,2017,FJI,3.8764199137289306,7.72321415,16.81718692825801
Fiji,2016,FJI,4.599062440418343,6.6678991299999995,15.16988685509207
Fiji,2015,FJI,22.620213919251615,7.044175149999999,17.39185485370105
Fiji,2000,FJI,5.6090101489477835,10.588044169999998,21.75859069824219
Fiji,2013,FJI,3.9840608867099774,7.466825959999999,14.30039024353027
Fiji,2012,FJI,3.661418379110395,7.505091669999999,16.70896968947985
Fiji,2011,FJI,18.414672256410928,7.4741101300000015,15.23478984832764
Fiji,2010,FJI,2.8866990647798114,8.794444080000002,
Fiji,2009,FJI,3.2849558443604745,8.370369909999999,15.85361957550049
Fiji,2008,FJI,2.8772494917255567,9.781818390000002,17.36972045898438
Fiji,2007,FJI,3.1833913323095446,10.593208309999998,23.17040061950684
Fiji,2006,FJI,1.629912846188304,9.968857769999998,20.84329032897949
Fiji,2005,FJI,1.8463230198957823,10.35953331,20.2661304473877
Fiji,2004,FJI,1.644442148441149,9.25405025,23.74914932250977
Fiji,2001,FJI,3.6902906196746015,7.902227400000001,19.63863945007324
Gabon,2024,GAB,15.982451223722105,,
Gabon,2001,GAB,30.691519924293353,4.5377697900000005,
Gabon,2003,GAB,25.715661532813566,6.7543745,
Gabon,2023,GAB,31.342267972219673,9.591558459999998,13.56582336675369
Gabon,2022,GAB,12.626545054916754,9.591558459999998,13.80337861374016
Gabon,2021,GAB,33.54202812014688,9.591558459999998,15.35516318543324
Gabon,2020,GAB,46.376114710473225,9.591558459999998,15.76416495237714
Gabon,2019,GAB,23.021878697564446,9.591558459999998,14.07447729193581
Gabon,2018,GAB,24.70593359909264,9.415206909999998,14.6146271384588
Gabon,2017,GAB,22.895719193045142,9.7150774,15.27667169359652
Gabon,2016,GAB,11.972659780905277,9.202557559999999,10.30154224564391
Gabon,2015,GAB,14.616005234253254,7.0348739600000005,11.61052173332244
Gabon,2002,GAB,27.82708924284101,4.6636676800000005,
Gabon,2014,GAB,11.982663377802847,6.384582520000001,11.22548961639404
Gabon,2012,GAB,10.291040622047056,6.1915850599999995,12.5822696685791
Gabon,2011,GAB,10.352747072289977,7.183163640000001,13.53407955169678
Gabon,2010,GAB,13.560953279112335,6.81337643,13.33041954040527
Gabon,2009,GAB,15.329474160075113,6.817636970000001,
Gabon,2008,GAB,88.94207755094452,5.612905029999999,
Gabon,2007,GAB,34.212468894792124,6.361906529999999,
Gabon,2006,GAB,7.285579727916909,5.760071750000001,
Gabon,2005,GAB,8.523104597398635,5.076802729999999,
Gabon,2004,GAB,13.055144190498899,6.5132160200000015,
Gabon,2013,GAB,18.95802409250207,5.257540229999999,8.737569808959961
Gabon,2000,GAB,28.48622318294966,5.24128246,17.70648956298828
"Gambia, The",2012,GMB,9.803517449866186,6.308975220000001,13.79553031921387
"Gambia, The",2024,GMB,7.943787837477323,,15.10347217915986
"Gambia, The",2023,GMB,7.121888922785787,5.458729270000001,18.69554957290834
"Gambia, The",2022,GMB,6.732002432017624,6.830123419999998,17.12517417857725
"Gambia, The",2021,GMB,8.427473620318713,5.98440981,15.62181876123116
"Gambia, The",2020,GMB,7.367171586213248,7.6984744099999975,14.27606001588469
"Gambia, The",2019,GMB,9.238966537430759,5.37906027,16.85204544830215
"Gambia, The",2018,GMB,12.92783365116783,5.513436319999999,12.444580078125
"Gambia, The",2016,GMB,13.190655040784627,6.657701489999999,10.44995975494385
"Gambia, The",2015,GMB,13.29221949660491,5.0990448,11.03293037414551
"Gambia, The",2014,GMB,19.389648889978783,5.754019740000001,11.75232028961182
"Gambia, The",2013,GMB,12.18479266179005,6.308975220000001,10.58541965484619
"Gambia, The",2011,GMB,11.607181178150954,6.308975220000001,15.11833000183105
"Gambia, The",2017,GMB,10.109795798414908,4.491470810000001,15.44113756076256
"Gambia, The",2009,GMB,9.115939266056984,6.308975220000001,13.29374027252197
"Gambia, The",2008,GMB,8.884135471729955,6.308975220000001,18.88171005249023
"Gambia, The",2007,GMB,20.165667410030892,6.308975220000001,7.297500133514404
"Gambia, The",2006,GMB,16.84946791074464,6.308975220000001,5.36076021194458
"Gambia, The",2005,GMB,19.043332110083966,6.308975220000001,5.344170093536377
"Gambia, The",2004,GMB,21.25407890061998,6.308975220000001,5.029540061950684
"Gambia, The",2003,GMB,25.396600939605673,6.308975220000001,8.468839645385742
"Gambia, The",2002,GMB,18.624803744891416,6.308975220000001,10.94752025604248
"Gambia, The",2001,GMB,13.484530458023356,6.308975220000001,8.205269813537598
"Gambia, The",2000,GMB,19.377480934141545,6.308975220000001,11.921799659729
"Gambia, The",2010,GMB,10.880566025598117,6.308975220000001,17.61123085021973
Georgia,2014,GEO,7.210846048099532,7.779560090000001,9.666605037715279
Georgia,2015,GEO,14.62399415242557,9.60857868,10.12915439596197
Georgia,2016,GEO,9.512464665746382,10.326514240000002,12.66619968414307
Georgia,2017,GEO,13.59265754859991,9.5190258,12.95335960388184
Georgia,2018,GEO,9.755985024221324,10.324947360000001,12.95149993896484
Georgia,2023,GEO,7.547235229360819,7.779910559999999,12.49619007110596
Georgia,2020,GEO,17.09787616224788,10.73317242,10.34467876223047
Georgia,2021,GEO,20.06260667492758,14.229895590000002,11.52476024627686
Georgia,2022,GEO,6.958076425136299,10.735195159999998,13.17226028442383
Georgia,2012,GEO,4.128630079865784,5.506010060000001,6.707759857177734
Georgia,2019,GEO,10.052814969053522,9.38722324,13.35789966583252
Georgia,2011,GEO,15.27432950133706,5.04166079,9.269430160522461
Georgia,2013,GEO,7.677434090177293,6.851613040000001,9.553533701151533
Georgia,2009,GEO,5.619913294990229,5.8841795900000005,8.998250007629395
Georgia,2008,GEO,3.917296779154558,4.830685139999999,8.937600135803223
Georgia,2007,GEO,3.8408328656422643,3.953632829999999,9.486650466918945
Georgia,2006,GEO,10.622492893217618,5.23038626,12.89538955688477
Georgia,2005,GEO,7.30585355505597,5.577072139999999,11.18124961853027
Georgia,2004,GEO,16.209092424824522,6.25,15.0367603302002
Georgia,2003,GEO,14.464859114065606,7.132768150000001,12.49293994903564
Georgia,2002,GEO,12.499068463536132,7.02040815,13.6035099029541
Georgia,2001,GEO,9.092754170458175,6.75043344,12.36196041107178
Georgia,2000,GEO,15.519248698247676,4.85252142,12.54071998596191
Georgia,2024,GEO,7.927092350177296,,12.20669414726865
Georgia,2010,GEO,6.632678685826579,6.15339756,8.185358151235766
Ghana,2000,GHA,25.308332200731794,6.101942539999999,
Ghana,2001,GHA,11.352555740935651,6.101942539999999,15.74110984802246
Ghana,2017,GHA,16.836677382244275,9.27400303,20.0976390838623
Ghana,2023,GHA,3.4600292289477688,10.051485059999997,
Ghana,2022,GHA,9.616500648075466,7.409587859999999,13.17930452770039
Ghana,2021,GHA,13.806153588204072,7.71420717,12.16741440536586
Ghana,2020,GHA,11.119593512890585,8.023230549999997,13.62947488294126
Ghana,2019,GHA,14.48097988244903,8.76836586,14.27171852670263
Ghana,2018,GHA,17.12994815940075,6.560504439999998,18.59816932678223
Ghana,2024,GHA,4.4060712361872865,,
Ghana,2016,GHA,13.443051217991844,6.537678720000001,22.09332084655762
Ghana,2015,GHA,10.155263654850437,8.557857509999998,23.80879974365234
Ghana,2013,GHA,4.133514206382328,8.61669731,21.22220993041992
Ghana,2014,GHA,6.250154821188312,6.71953726,20.98513984680176
Ghana,2011,GHA,2.918666005805461,12.074167250000002,30.63430976867676
Ghana,2010,GHA,3.100751018717619,11.91557407,20.69614028930664
Ghana,2009,GHA,3.5904480549548645,12.356557849999998,22.49513053894043
Ghana,2008,GHA,2.9510021425061312,9.87775517,24.03750038146973
Ghana,2007,GHA,3.262396474227267,9.739489559999999,22.31702041625977
Ghana,2006,GHA,5.749938733632495,11.497241019999999,24.16197967529297
Ghana,2005,GHA,8.146179667605718,13.63450813,23.42996025085449
Ghana,2004,GHA,7.688079751948301,6.917196270000001,22.37924957275391
Ghana,2003,GHA,9.815159360440786,7.780280589999999,
Ghana,2002,GHA,11.06503381183571,6.101942539999999,
Ghana,2012,GHA,3.432327881942772,8.9727478,26.58139038085938
Grenada,2008,GRD,7.3696958561909875,7.037453650000001,
Grenada,2010,GRD,11.896969748797803,7.35750103,15.55981096221902
Grenada,2009,GRD,9.54776478666892,7.982572559999999,
Grenada,2007,GRD,7.300291781032497,7.25542021,
Grenada,2011,GRD,11.18705095807106,8.53557777,14.72077350104389
Grenada,2005,GRD,4.863394381842885,9.111078260000001,
Grenada,2004,GRD,18.507065036522715,10.49572659,
Grenada,2003,GRD,17.83100332778274,7.53162813,10.97463989257813
Grenada,2002,GRD,14.15164119702292,7.579084400000002,
Grenada,2006,GRD,5.383909051827985,6.309695239999998,
Grenada,2012,GRD,6.737423724381614,9.10919189,10.70311860096915
Grenada,2024,GRD,7.341556573748723,,14.51909423757452
Grenada,2014,GRD,6.908043628695978,7.29635763,11.79899890627003
Grenada,2015,GRD,8.853947852901605,7.660074709999999,9.902500406260712
Grenada,2016,GRD,18.758095498476766,7.508206370000001,
Grenada,2017,GRD,21.50617344049962,8.351559640000001,14.0616397857666
Grenada,2018,GRD,19.926879593196073,8.334067339999999,10.08057320329803
Grenada,2019,GRD,19.72035339638848,9.43220234,
Grenada,2020,GRD,13.18037394218458,6.998328690000001,
Grenada,2021,GRD,15.291913959108156,6.94147873,10.05946401476978
Grenada,2022,GRD,11.99329913383164,6.284530640000001,9.87272223310091
Grenada,2023,GRD,12.620680556394726,7.272037509999999,16.71856867050965
Grenada,2001,GRD,10.40386095516997,7.276999950000001,
Grenada,2013,GRD,9.303609211919015,8.09837151,
Grenada,2000,GRD,10.141075950000026,7.25555325,
Guatemala,2002,GTM,12.68447064043546,14.791300770000003,
Guatemala,2024,GTM,7.514485044333731,,22.9936695098877
Guatemala,2003,GTM,12.375332931534219,14.208873749999999,
Guatemala,2004,GTM,15.215538401120615,15.732374190000002,
Guatemala,2005,GTM,10.797107010794628,14.20312977,
Guatemala,2006,GTM,10.645526079530113,14.587104800000002,20.33844947814941
Guatemala,2007,GTM,12.50914298550442,14.230330469999995,21.27816009521484
Guatemala,2008,GTM,9.688291567000816,15.49126434,23.34815979003906
Guatemala,2009,GTM,9.840807506439122,16.02617264,
Guatemala,2010,GTM,9.124070313245891,14.24816608,19.29692077636719
Guatemala,2011,GTM,12.924540923421453,13.75957489,20.24641036987305
Guatemala,2000,GTM,12.421483749367408,14.082758900000002,
Guatemala,2013,GTM,11.748275334868435,15.82706833,20.6379508972168
Guatemala,2014,GTM,7.518318204041622,16.46030045,21.95939064025879
Guatemala,2015,GTM,8.154611639923926,18.10749817,24.08550071716309
Guatemala,2016,GTM,8.499503414400994,18.205314640000005,23.43474960327148
Guatemala,2017,GTM,9.10439262103841,17.21218491,23.08805084228516
Guatemala,2018,GTM,6.301083008575374,16.67445374,23.74954032897949
Guatemala,2019,GTM,7.738277675421165,17.65140152,23.75538063049316
Guatemala,2020,GTM,8.502221118631592,15.86299229,21.14117050170898
Guatemala,2021,GTM,7.370707440814058,19.77280235,22.95527076721191
Guatemala,2022,GTM,11.467641779754626,17.330539700000003,22.48452949523926
Guatemala,2023,GTM,6.680386119532268,17.7543602,22.63916015625
Guatemala,2001,GTM,12.791935199885293,14.40040016,
Guatemala,2012,GTM,7.761071082696633,14.318862919999997,21.10514068603516
Guinea,2016,GIN,4.09092704823714,4.12965584,15.83125972747803
Guinea,2024,GIN,6.690561769947825,,9.293803501818514
Guinea,2023,GIN,5.262073920545928,5.11740255,10.02691827598385
Guinea,2022,GIN,5.354370426980713,5.11740255,11.9496957293769
Guinea,2021,GIN,4.104313882182305,4.510334970000001,11.50166804226586
Guinea,2020,GIN,3.2245583268855413,4.5516514799999985,14.33590030670166
Guinea,2019,GIN,4.9770684926632125,6.18767548,12.48435020446777
Guinea,2018,GIN,5.813248211874413,3.8791775700000004,14.98083972930908
Guinea,2015,GIN,2.4112542103621495,1.98006856,11.60953998565674
Guinea,2014,GIN,2.919028510585774,3.04792023,12.0756196975708
Guinea,2013,GIN,2.440862602344667,2.6236228899999996,14.14521026611328
Guinea,2012,GIN,5.983517998998125,2.6300339700000004,9.695520401000977
Guinea,2011,GIN,15.820066542144726,3.18447471,14.27241992950439
Guinea,2017,GIN,4.449039352261544,3.47824264,13.43634986877441
Guinea,2009,GIN,9.677594832633531,1.6039820900000001,13.60393047332764
Guinea,2008,GIN,15.087998284882778,2.67598891,15.69478034973145
Guinea,2007,GIN,24.9553276747276,2.78024507,
Guinea,2006,GIN,25.84325612311883,1.8866088400000003,
Guinea,2005,GIN,28.354880016160532,2.37759972,10.96621036529541
Guinea,2004,GIN,23.738009350175226,1.8615269699999994,12.34939956665039
Guinea,2003,GIN,13.370497724345437,2.8638539300000003,11.64904975891113
Guinea,2002,GIN,15.453939695330071,4.44303322,13.20514011383057
Guinea,2001,GIN,17.52450359955012,2.4863112000000003,10.3699197769165
Guinea,2000,GIN,28.921839742986904,2.38682532,15.23692035675049
Guinea,2010,GIN,4.905890529300767,1.76977015,12.43877029418945
Guinea-Bissau,2013,GNB,1.7153724663140868,4.44277668,16.19137954711914
Guinea-Bissau,2014,GNB,2.2654563646717327,2.59810638,
Guinea-Bissau,2015,GNB,2.685965293178179,2.5010154199999994,
Guinea-Bissau,2017,GNB,5.470874626899521,2.75228286,
Guinea-Bissau,2018,GNB,5.804484230103089,2.594297889999999,
Guinea-Bissau,2023,GNB,10.859576329678607,4.286431310000001,
Guinea-Bissau,2020,GNB,10.615667029741363,4.79536724,
Guinea-Bissau,2021,GNB,13.43181302023811,4.55369139,
Guinea-Bissau,2022,GNB,16.606790348003283,4.8797121,
Guinea-Bissau,2012,GNB,4.143070410684048,3.88817143,14.53979969024658
Guinea-Bissau,2019,GNB,8.88926156900023,2.44074059,
Guinea-Bissau,2011,GNB,2.770869370409161,2.52350521,10.19974040985107
Guinea-Bissau,2016,GNB,3.539826405137507,2.36231256,
Guinea-Bissau,2009,GNB,10.550846374194647,2.52350521,
Guinea-Bissau,2008,GNB,6.157823930477105,2.52350521,
Guinea-Bissau,2007,GNB,3.844648812301992,2.52350521,
Guinea-Bissau,2006,GNB,4.551999536142103,2.52350521,
Guinea-Bissau,2005,GNB,2.291525142046283,2.52350521,
Guinea-Bissau,2004,GNB,3.1850012944313013,2.52350521,
Guinea-Bissau,2003,GNB,2.7984092236775515,2.52350521,
Guinea-Bissau,2002,GNB,2.4033040659409766,2.52350521,
Guinea-Bissau,2001,GNB,5.105602719735367,2.52350521,
Guinea-Bissau,2000,GNB,4.539135584565517,2.52350521,
Guinea-Bissau,2024,GNB,7.097939697186149,,
Guinea-Bissau,2010,GNB,5.508625350126524,2.52350521,9.069239616394043
Guyana,2000,GUY,14.14291157760992,7.816504480000001,17.65683937072754
Guyana,2001,GUY,10.201971141532006,6.795393470000002,16.5555591583252
Guyana,2013,GUY,3.941288796865906,8.818890569999999,
Guyana,2023,GUY,2.4591272302023746,7.312097550000002,
Guyana,2022,GUY,2.804304154887816,8.56493282,
Guyana,2021,GUY,3.987072513954451,12.894852640000002,
Guyana,2020,GUY,4.575086956623646,13.011634829999997,
Guyana,2019,GUY,5.294684214823349,10.324250220000001,
Guyana,2018,GUY,5.836725135886644,10.711575509999998,16.15208053588867
Guyana,2017,GUY,4.622902428604952,10.61353874,17.73406028747559
Guyana,2016,GUY,4.4025508045598025,10.0542078,18.81353950500488
Guyana,2015,GUY,4.901239088779721,10.84070492,17.91942024230957
Guyana,2014,GUY,4.140145638388806,9.41685009,18.87751960754395
Guyana,2002,GUY,14.702383322957473,7.50901365,16.90000915527344
Guyana,2012,GUY,14.952852169012615,8.22607517,10.25959014892578
Guyana,2011,GUY,4.233982950892746,8.62060642,11.82289981842041
Guyana,2010,GUY,3.9262674959066968,7.605152609999999,11.96580982208252
Guyana,2009,GUY,2.8174864462748768,7.414193150000001,10.338210105896
Guyana,2008,GUY,4.385405837753323,7.0215044,
Guyana,2007,GUY,4.4088871668755125,6.608776089999999,11.52616024017334
Guyana,2006,GUY,5.31008671029904,5.69657898,13.48169040679932
Guyana,2005,GUY,5.2069311047573015,6.27540493,13.8234395980835
Guyana,2004,GUY,10.19630962549869,7.35295486,11.08073997497559
Guyana,2003,GUY,12.8323782884162,7.3576483700000015,13.81455993652344
Guyana,2024,GUY,2.1357217831358097,,
Haiti,2024,HTI,38.581997479682315,,13.01935627097854
Haiti,2000,HTI,8.021058737283083,13.943683619999998,
Haiti,2002,HTI,4.055384530451346,7.3620429000000005,
Haiti,2022,HTI,0.9592817676203083,4.10843086,13.12404456183104
Haiti,2021,HTI,0.6038978702782446,4.394725799999999,16.10693634818653
Haiti,2020,HTI,0.6808559917541114,4.841908450000001,10.00410946552592
Haiti,2019,HTI,0.6750004563281803,4.24965858,12.8616709116158
Haiti,2018,HTI,0.4552029186768567,4.675016879999999,14.49096965789795
Haiti,2017,HTI,0.6758083114917941,4.543719770000001,14.69501972198486
Haiti,2016,HTI,5.813529990116174,5.02242136,13.23316955566406
Haiti,2015,HTI,1.84687615185922,4.40003729,14.56777954101563
Haiti,2014,HTI,1.082307318237926,3.2014870600000007,11.98414993286133
Haiti,2001,HTI,5.975094367578892,11.90920353,
Haiti,2013,HTI,0.5392548257355362,2.9984676800000005,
Haiti,2011,HTI,0.2767273341153512,2.98426127,
Haiti,2010,HTI,8.709721513331205,6.43083429,
Haiti,2009,HTI,3.062694599817862,6.771647449999999,
Haiti,2008,HTI,4.89458071830753,7.42596531,
Haiti,2007,HTI,4.293413881078972,7.113584040000002,
Haiti,2006,HTI,6.994441438992831,2.9942770000000003,
Haiti,2005,HTI,8.101848102008734,6.668754579999998,
Haiti,2004,HTI,20.259730901513386,7.9492502200000015,
Haiti,2003,HTI,9.814906274990737,6.606169700000001,
Haiti,2012,HTI,0.23358743180454744,2.78391457,
Haiti,2023,HTI,3.239282198012275,4.5637707700000005,11.23081088448598
Honduras,2000,HND,10.816830984693391,13.678984640000001,
Honduras,2001,HND,6.640326875812537,9.938683509999999,
Honduras,2002,HND,8.161447430755354,9.474991800000002,
Honduras,2018,HND,8.315789609894939,10.892012600000001,23.15510940551758
Honduras,2024,HND,9.703363417034085,,
Honduras,2023,HND,9.266207045647928,9.428586959999999,
Honduras,2022,HND,9.27255543722566,13.315738679999999,
Honduras,2021,HND,6.708929165069503,12.09214497,
Honduras,2020,HND,16.93351666349141,12.34406281,
Honduras,2019,HND,9.003441810053136,11.167436599999998,
Honduras,2017,HND,6.788896967958655,10.626306529999997,
Honduras,2016,HND,6.664334261507748,11.29591942,
Honduras,2014,HND,5.562496592943846,11.55319595,26.86442947387695
Honduras,2013,HND,3.719409348970889,11.81287098,20.99983024597168
Honduras,2015,HND,6.037888823370864,11.328797339999998,24.64455986022949
Honduras,2011,HND,2.7223178294773107,15.026724819999998,
Honduras,2010,HND,2.6079644039337495,13.96672344,
Honduras,2009,HND,3.9359163871921545,13.993237500000001,
Honduras,2008,HND,2.8199100633607808,12.56671429,
Honduras,2007,HND,5.22013561678526,13.63652325,
Honduras,2006,HND,5.86941888802989,13.421832080000001,
Honduras,2005,HND,8.874498179183972,12.366880419999998,
Honduras,2004,HND,9.163906466370864,9.59641266,
Honduras,2003,HND,8.88667379138738,9.882689480000002,
Honduras,2012,HND,2.6962408448110367,12.83597755,
India,2017,IND,2.032053902008063,3.6608045100000006,15.80976963043213
India,2014,IND,2.523073062537548,3.2507054800000006,15.71815397007452
India,2015,IND,2.402022268652381,3.37624002,15.69221973419189
India,2016,IND,3.6126765164181425,3.3933346299999996,15.72150039672852
India,2018,IND,3.325410655998231,3.6753218200000006,16.63537979125977
India,2024,IND,2.4138535777932217,,
India,2020,IND,3.133680577424531,3.68660474,15.99260997772217
India,2021,IND,1.7124136571417277,4.45562935,14.92459964752197
India,2022,IND,1.8087678957539235,4.714390279999999,14.15547447282382
India,2013,IND,2.193633349317512,3.2388324699999997,14.05018043518066
India,2019,IND,2.1679569731244004,3.84729862,14.82382011413574
India,2012,IND,1.5260095582810689,3.4384939700000006,13.99211978912354
India,2000,IND,7.807409039418717,3.05056,16.73051071166992
India,2010,IND,1.3278742187829293,3.1116299599999997,11.83368015289307
India,2009,IND,1.73824904700639,3.1219337000000005,11.19120025634766
India,2008,IND,4.26304113411653,2.79898262,
India,2007,IND,3.13918614130501,2.7873427899999994,
India,2006,IND,2.405464548279736,2.88599753,11.69371032714844
India,2005,IND,7.025891513843159,2.9360442200000003,11.20845985412598
India,2004,IND,4.60824689048716,2.6527741000000002,11.19686031341553
India,2003,IND,9.907896151277777,2.6768760699999996,12.41079998016357
India,2002,IND,7.911061496568317,2.7712764699999997,
India,2001,IND,6.102269823851011,2.90321684,
India,2023,IND,2.1804300832230563,4.58670855,
India,2011,IND,1.594169860734624,3.3813006899999998,13.56490993499756
Indonesia,2002,IDN,18.231954988286436,3.98283839,14.36905002593994
Indonesia,2003,IDN,16.145032736037283,4.49961615,16.27817916870117
Indonesia,2014,IDN,17.327314471323714,5.4055018399999994,17.90389060974121
Indonesia,2024,IDN,16.24412755232695,,
Indonesia,2023,IDN,11.418897607928143,8.52073097,
Indonesia,2022,IDN,17.39720575011535,8.07985115,8.70282050991956
Indonesia,2021,IDN,14.51176885795887,12.149898529999998,8.965597690311167
Indonesia,2020,IDN,14.364993041906724,10.241962429999997,9.319640244565266
Indonesia,2019,IDN,11.6098507342572,8.545353890000003,9.342609248993478
Indonesia,2018,IDN,10.120184467821987,8.40313911,10.14524638809098
Indonesia,2017,IDN,10.985456693690734,8.208926199999999,10.88036268382381
Indonesia,2016,IDN,10.140653501074977,8.12968636,11.32283857807055
Indonesia,2015,IDN,9.389938048348467,6.57872438,20.35886001586914
Indonesia,2000,IDN,27.907171663653884,3.5924179599999997,
Indonesia,2013,IDN,6.765979622120113,4.340429779999999,17.8482608795166
Indonesia,2012,IDN,5.705821955060461,4.07335424,18.09041976928711
Indonesia,2011,IDN,6.049487054643732,3.96251845,18.0055103302002
Indonesia,2010,IDN,8.710072292965949,3.9148962500000004,16.65394020080566
Indonesia,2009,IDN,10.013628437621312,5.4129438400000005,19.30813980102539
Indonesia,2008,IDN,8.77175928828173,4.629851820000001,13.67475032806396
Indonesia,2007,IDN,12.255004695880798,5.43742085,14.93992042541504
Indonesia,2006,IDN,12.385631378930748,4.511374470000001,
Indonesia,2005,IDN,15.117016590796542,4.2081809,15.18210983276367
Indonesia,2004,IDN,20.830842844182087,4.201495169999999,14.1702995300293
Indonesia,2001,IDN,19.710728603086476,3.95831513,11.59389019012451
"Iran, Islamic Rep.",2024,IRN,0.12927240000311463,,
"Iran, Islamic Rep.",2001,IRN,1.9730222208527997,11.87062645,24.42416954040527
"Iran, Islamic Rep.",2003,IRN,4.966595334370527,10.212297440000002,22.13546943664551
"Iran, Islamic Rep.",2023,IRN,0.13936541485181578,19.061492919999996,
"Iran, Islamic Rep.",2022,IRN,0.11417634955881437,19.11185074,18.82119941711426
"Iran, Islamic Rep.",2021,IRN,0.23069834917455995,16.05150604,
"Iran, Islamic Rep.",2020,IRN,0.3928780799799048,19.02957344,22.66550064086914
"Iran, Islamic Rep.",2019,IRN,0.31704542192048973,19.447935100000002,21.24452972412109
"Iran, Islamic Rep.",2018,IRN,0.3069446767010099,20.785600660000007,21.14603996276855
"Iran, Islamic Rep.",2017,IRN,0.49146283235182,24.504798889999996,20.30521011352539
"Iran, Islamic Rep.",2016,IRN,2.5900117089839103,24.21533966,19.44543075561523
"Iran, Islamic Rep.",2015,IRN,1.0355290054458488,25.84053993,18.56875038146973
"Iran, Islamic Rep.",2002,IRN,5.036006107565426,9.56564999,26.50642967224121
"Iran, Islamic Rep.",2014,IRN,0.7753344521059466,23.143846509999996,19.66486930847168
"Iran, Islamic Rep.",2012,IRN,0.864244422104656,15.606088640000001,17.39579010009766
"Iran, Islamic Rep.",2011,IRN,1.4233138374063208,12.02372837,20.15138053894043
"Iran, Islamic Rep.",2010,IRN,1.98093688299045,12.52360535,19.25691032409668
"Iran, Islamic Rep.",2009,IRN,2.882706952129011,12.377064699999998,18.56262016296387
"Iran, Islamic Rep.",2008,IRN,3.1873013537871433,9.475168230000001,22.38460922241211
"Iran, Islamic Rep.",2007,IRN,4.123422795593888,11.534694670000002,20.03128051757813
"Iran, Islamic Rep.",2006,IRN,3.612946684057425,9.6129694,19.45677947998047
"Iran, Islamic Rep.",2005,IRN,4.399229182989277,9.00558662,21.89969062805176
"Iran, Islamic Rep.",2004,IRN,5.170857182159771,10.162406919999999,21.52145004272461
"Iran, Islamic Rep.",2013,IRN,0.7524370457203149,16.34275436,21.67350006103516
"Iran, Islamic Rep.",2000,IRN,4.602727212963495,10.952403069999999,20.63385009765625
Iraq,2019,IRQ,2.3533454829665565,5.99367142,
Iraq,2015,IRQ,1.6626615742962023,1.6812643999999999,
Iraq,2016,IRQ,1.7824520975247025,5.98492527,
Iraq,2017,IRQ,2.0852356324920645,4.77492046,
Iraq,2018,IRQ,2.466976651987828,6.43102264,
Iraq,2020,IRQ,3.6446831226185283,6.16059875,
Iraq,2021,IRQ,4.081194613281312,6.98392916,
Iraq,2022,IRQ,4.33593435136351,5.841526029999999,
Iraq,2023,IRQ,3.8552195877009,6.18478203,
Iraq,2024,IRQ,2.7143574093642266,,
Jamaica,2019,JAM,41.551904346889486,13.3204546,17.31398963928223
Jamaica,2015,JAM,28.854840284673134,12.820219990000002,20.05147933959961
Jamaica,2016,JAM,43.26295036216369,12.683865550000004,19.14512062072754
Jamaica,2017,JAM,28.882085333916695,13.9547863,18.40254020690918
Jamaica,2018,JAM,22.43345331407681,13.03939724,18.58399963378906
Jamaica,2024,JAM,16.754670676131575,,17.86577033996582
Jamaica,2021,JAM,22.016111297831625,16.17764664,17.41790008544922
Jamaica,2022,JAM,20.411702419402555,18.96323967,16.93285942077637
Jamaica,2023,JAM,23.40196093516151,15.855963710000001,
Jamaica,2013,JAM,19.72401596527982,10.76929092,20.57386016845703
Jamaica,2020,JAM,23.914418402212625,13.988928790000003,
Jamaica,2012,JAM,24.46229721932228,9.15779209,18.80925941467285
Jamaica,2014,JAM,24.446789449983473,11.25196075,21.79748916625977
Jamaica,2010,JAM,18.55320012864784,9.032932279999999,16.10293960571289
Jamaica,2011,JAM,26.00380917657519,9.52876663,18.58193016052246
Jamaica,2000,JAM,22.871612437125687,11.841486929999999,16.79660034179688
Jamaica,2001,JAM,24.98014925761192,8.20096111,19.99114990234375
Jamaica,2003,JAM,25.413344909809823,6.13759899,13.36233997344971
Jamaica,2004,JAM,24.550492922341,7.645274639999999,11.73301982879639
Jamaica,2002,JAM,25.71281302870554,8.66761017,18.36392974853516
Jamaica,2006,JAM,19.22108838145708,6.25744629,
Jamaica,2007,JAM,25.111319377500745,8.22749615,17.17304992675781
Jamaica,2008,JAM,19.55176429577162,8.35763645,19.11938095092773
Jamaica,2009,JAM,26.09289956668504,7.45104456,17.5528392791748
Jamaica,2005,JAM,26.802352926593976,7.4342041,14.26937007904053
Jordan,2008,JOR,32.179602822356586,15.12543488,
Jordan,2013,JOR,5.720433003131679,13.126521110000002,13.07868718131611
Jordan,2012,JOR,7.256879058185245,13.670977590000001,11.87684168839197
Jordan,2011,JOR,9.090181470843259,15.41755867,11.09997597353175
Jordan,2010,JOR,7.732380598098477,17.02058601,10.69395401981491
Jordan,2009,JOR,6.177479745676487,17.915905,
Jordan,2007,JOR,9.315023157469103,12.51918411,
Jordan,2001,JOR,17.904921624979526,13.614800449999999,
Jordan,2005,JOR,10.116157037316317,11.78674316,
Jordan,2004,JOR,13.179560341306404,9.400589940000001,
Jordan,2003,JOR,27.01355335121822,11.370369909999999,
Jordan,2002,JOR,14.758124398363698,13.38210011,
Jordan,2000,JOR,18.93234085541077,12.68911648,
Jordan,2014,JOR,7.719651779150562,13.064030650000001,12.55225712879914
Jordan,2006,JOR,9.903581465910591,11.360123629999999,
Jordan,2015,JOR,14.657570226626465,12.219738009999999,13.1707308975649
Jordan,2016,JOR,15.509362876881132,11.23799038,11.5762996673584
Jordan,2017,JOR,7.6191035900593995,11.099240300000002,10.85793972015381
Jordan,2018,JOR,7.8851674822711395,9.97671986,9.239620208740234
Jordan,2019,JOR,14.802628673678106,10.080313680000001,9.236700057983398
Jordan,2020,JOR,15.601312775925653,10.765897749999999,11.96798131241838
Jordan,2021,JOR,16.632575258370974,10.3472929,9.216389656066895
Jordan,2022,JOR,22.25882444085109,10.466299059999999,9.476269721984863
Jordan,2023,JOR,14.089418439457823,10.50131416,11.55861289402402
Jordan,2024,JOR,11.739782302822777,,9.785690307617188
Kazakhstan,2020,KAZ,10.486115605295133,10.06113434,17.99516493085393
Kazakhstan,2014,KAZ,2.0814178452628536,10.03429031,16.08365153861613
Kazakhstan,2015,KAZ,2.9908383715018885,8.394762040000002,12.193039894104
Kazakhstan,2024,KAZ,9.20937384021031,,21.95535386566118
Kazakhstan,2023,KAZ,10.211245208105296,10.70054817,20.79612922668457
Kazakhstan,2019,KAZ,10.494730586408568,8.251245500000001,14.10953044891357
Kazakhstan,2021,KAZ,6.935030405278088,11.61758327,19.82799145375141
Kazakhstan,2016,KAZ,5.778613825444421,9.48439407,13.84409999847412
Kazakhstan,2013,KAZ,1.2163746922097884,9.324193000000001,17.32329650992277
Kazakhstan,2022,KAZ,15.566553447707715,10.60115337,20.05521042883349
Kazakhstan,2012,KAZ,0.7236716211757737,9.446363450000002,17.76632605120977
Kazakhstan,2008,KAZ,0.5456628007619992,8.41329765,13.64694023132324
Kazakhstan,2010,KAZ,0.9990269533397775,8.205227849999998,15.91928479165183
Kazakhstan,2009,KAZ,0.7006340093136728,11.363522530000001,13.04090023040771
Kazakhstan,2018,KAZ,6.430449888460006,9.09603882,13.88018035888672
Kazakhstan,2007,KAZ,2.959066503297277,7.57602596,11.94447040557861
Kazakhstan,2006,KAZ,2.0901076137551566,11.72052765,13.26669979095459
Kazakhstan,2005,KAZ,9.830159454852245,11.53032875,10.28594970703125
Kazakhstan,2004,KAZ,9.554919237470521,10.941607480000002,10.60968017578125
Kazakhstan,2003,KAZ,7.087976335915879,9.565211300000001,
Kazakhstan,2002,KAZ,17.25638705683801,9.420598980000001,14.75948047637939
Kazakhstan,2011,KAZ,0.47737139732505207,8.676865580000001,16.97598616377303
Kazakhstan,2017,KAZ,6.176378226413308,7.85734415,11.4199104309082
Kenya,2019,KEN,16.25108844490026,8.227235790000002,19.05114365316146
Kenya,2000,KEN,17.259375607184683,7.0889825800000015,24.06613922119141
Kenya,2020,KEN,9.82808301384431,8.91046047,17.76485477092805
Kenya,2017,KEN,5.683973540298072,6.79240465,17.63139915466309
Kenya,2022,KEN,11.141475602429212,8.65115547,16.08167547957224
Kenya,2023,KEN,13.856057869780589,8.65115547,24.99424813407208
Kenya,2024,KEN,19.056767009702664,,27.92465549914242
Kenya,2016,KEN,4.063885379796705,8.02543449,17.49838066101074
Kenya,2015,KEN,4.0550211989456555,8.074480059999999,17.36208915710449
Kenya,2014,KEN,7.678632720850256,7.845007899999999,17.8151798248291
Kenya,2013,KEN,3.146846226030081,7.149720670000001,18.68946075439453
Kenya,2012,KEN,3.8157938844725203,7.35927916,19.48481941223145
Kenya,2011,KEN,4.1288741243615705,7.981091020000001,20.19197082519531
Kenya,2010,KEN,3.581557856716987,7.244126320000001,20.35201072692871
Kenya,2009,KEN,4.0168840901818506,7.200776100000001,
Kenya,2008,KEN,4.89724565601504,7.17080498,
Kenya,2007,KEN,6.251557765179358,7.039386270000001,
Kenya,2006,KEN,7.630590165059036,6.8128094699999995,26.95387077331543
Kenya,2005,KEN,11.759100721178726,6.89238787,28.94343948364258
Kenya,2004,KEN,8.630680715015602,6.989377499999999,27.59770965576172
Kenya,2003,KEN,14.900267177976009,7.022429939999999,25.8499698638916
Kenya,2002,KEN,14.253983859596927,7.0889825800000015,26.84721946716309
Kenya,2001,KEN,12.703419139563326,7.0889825800000015,22.96161079406738
Kenya,2018,KEN,10.242100787928786,7.218745229999999,18.95112037658691
Kenya,2021,KEN,7.888099641159624,9.28240871,17.27012062487641
Kyrgyz Republic,2021,KGZ,5.29302979252943,9.223443979999999,16.106689453125
Kyrgyz Republic,2024,KGZ,4.884204002753035,,19.64759166999856
Kyrgyz Republic,2023,KGZ,5.516169029829687,7.301263329999999,22.10962153337157
Kyrgyz Republic,2022,KGZ,5.661860454748325,7.54843807,23.51836483215024
Kyrgyz Republic,2020,KGZ,6.804418949410364,6.9168787,17.87512969970703
Kyrgyz Republic,2019,KGZ,6.1443074759917105,7.0939359699999995,16.47274971008301
Kyrgyz Republic,2018,KGZ,5.6842956994942835,7.334376340000001,16.79590034484863
Kyrgyz Republic,2017,KGZ,4.644551651002912,6.34161329,16.27813911437988
Kyrgyz Republic,2015,KGZ,4.613479637765659,7.12018585,15.71675968170166
Kyrgyz Republic,2014,KGZ,3.4625931665522103,7.13890553,14.36483955383301
Kyrgyz Republic,2013,KGZ,2.7884988170891085,10.346405029999998,17.77379035949707
Kyrgyz Republic,2012,KGZ,2.734379628596329,10.400711059999999,18.19500923156738
Kyrgyz Republic,2011,KGZ,3.652666739592346,9.883313180000002,18.17252922058105
Kyrgyz Republic,2016,KGZ,5.017112825572183,6.415807720000001,16.92091941833496
Kyrgyz Republic,2009,KGZ,3.769362888511344,10.696232800000002,19.15300941467285
Kyrgyz Republic,2008,KGZ,3.6813418442442063,10.385349269999999,21.20623970031738
Kyrgyz Republic,2007,KGZ,3.6336846966485377,10.425050740000001,21.85145950317383
Kyrgyz Republic,2006,KGZ,4.183780621264375,14.458957669999998,19.0526008605957
Kyrgyz Republic,2005,KGZ,4.021861432304222,13.06986713,16.76840019226074
Kyrgyz Republic,2004,KGZ,4.172317347807527,8.212595940000002,16.24381065368652
Kyrgyz Republic,2003,KGZ,5.192677173865428,8.07252979,15.93953037261963
Kyrgyz Republic,2002,KGZ,9.740783095616697,7.563291070000001,15.14647006988525
Kyrgyz Republic,2001,KGZ,11.714713142566339,7.1314992900000025,13.72138977050781
Kyrgyz Republic,2000,KGZ,9.58181119194513,7.064006330000001,11.61130046844482
Kyrgyz Republic,2010,KGZ,3.448090443955561,9.203639030000001,15.68130970001221
Lao PDR,2013,LAO,6.2503755306784035,2.9400711100000003,13.34101009368896
Lao PDR,2014,LAO,6.710624788447994,2.7363533999999996,11.75734996795654
Lao PDR,2015,LAO,6.699177057072582,3.35080194,10.46939689717049
Lao PDR,2016,LAO,11.375056322252746,3.62799406,12.89050726641641
Lao PDR,2017,LAO,12.819874814092227,4.0769591300000005,11.43893559961442
Lao PDR,2023,LAO,30.346592670792905,3.2051065000000007,9.803671883860723
Lao PDR,2019,LAO,23.222065535282383,5.16324902,10.83162056832696
Lao PDR,2020,LAO,19.116633029818406,4.314829830000001,10.66222109241873
Lao PDR,2021,LAO,23.38053004744666,4.57976532,11.50620642277846
Lao PDR,2012,LAO,6.262875701441449,1.7665906,7.368390083312988
Lao PDR,2018,LAO,17.311909588430396,4.197330470000001,11.16837801407134
Lao PDR,2011,LAO,8.78622890238447,1.8174867600000006,8.2595796585083
Lao PDR,2022,LAO,21.15201382937706,4.25355053,9.824934171803848
Lao PDR,2009,LAO,6.924557814963335,5.703765870000001,7.463099956512451
Lao PDR,2008,LAO,7.7710677996576365,3.19745922,13.00520992279053
Lao PDR,2007,LAO,7.9679134578356905,3.9029948699999997,18.1017894744873
Lao PDR,2006,LAO,8.824248010220057,4.36346436,17.76235961914063
Lao PDR,2005,LAO,11.611350124398777,5.914171220000001,14.12926959991455
Lao PDR,2004,LAO,12.801028077223389,5.853271010000001,15.87508010864258
Lao PDR,2003,LAO,11.42779476138247,6.834805009999999,
Lao PDR,2002,LAO,11.622793033156855,6.12984419,15.26266002655029
Lao PDR,2001,LAO,10.349085727848436,7.05502892,9.94657039642334
Lao PDR,2000,LAO,9.418314229169077,6.19914436,7.295569896697998
Lao PDR,2024,LAO,32.96400194464499,,8.241551313701287
Lao PDR,2010,LAO,5.155462528434785,2.69455552,7.246960163116455
Lebanon,2000,LBN,17.167506055578475,7.5372147599999995,
Lebanon,2001,LBN,17.681976332171217,8.86973667,7.421249866485596
Lebanon,2013,LBN,25.08943741033265,10.79288769,8.575519561767578
Lebanon,2023,LBN,5.696659588119013,15.90552902,
Lebanon,2022,LBN,4.427499854867211,12.46416092,8.858170430357449
Lebanon,2021,LBN,11.601289024099673,11.56579113,
Lebanon,2020,LBN,6.095235766600834,14.470897669999996,9.898285499982261
Lebanon,2019,LBN,31.749045464470193,13.683804509999998,8.143953447501515
Lebanon,2018,LBN,26.70573584974169,11.667254449999998,8.047454523069348
Lebanon,2017,LBN,29.555417011311068,12.027192120000002,7.147536183384924
Lebanon,2016,LBN,30.03825234841313,13.16996193,7.148961776273905
Lebanon,2015,LBN,29.374988314272247,12.660042760000001,
Lebanon,2014,LBN,28.46918609564514,12.38764,
Lebanon,2002,LBN,25.496021567357275,8.29187298,7.056300163269043
Lebanon,2012,LBN,28.62550799353195,10.079383850000001,7.10915994644165
Lebanon,2011,LBN,45.32917541575044,12.403281209999998,5.733809947967529
Lebanon,2010,LBN,34.647619324606275,10.28593254,5.534289836883545
Lebanon,2009,LBN,39.96097588501772,8.34239483,5.502999782562256
Lebanon,2008,LBN,42.61810909084352,8.95981979,5.869770050048828
Lebanon,2007,LBN,47.89899950856347,9.98217583,7.341040134429932
Lebanon,2006,LBN,50.803772256169786,9.829339029999998,7.693190097808838
Lebanon,2005,LBN,45.94569056840863,9.227987290000002,8.421310424804688
Lebanon,2004,LBN,57.72997688245541,8.91796303,7.931230068206787
Lebanon,2003,LBN,41.68853503956202,8.070413590000001,
Lebanon,2024,LBN,3.785622085084532,,6.113990880418318
Lesotho,2024,LSO,6.291311301590675,,10.37344398340249
Lesotho,2000,LSO,15.498725348757628,7.407407279999999,19.14159965515137
Lesotho,2002,LSO,18.157277570484393,7.72369576,23.48707962036133
Lesotho,2022,LSO,5.48841443430506,12.883148190000004,
Lesotho,2021,LSO,3.989041138442394,8.15242481,
Lesotho,2020,LSO,5.252563248626925,8.949593539999999,
Lesotho,2019,LSO,4.906293251595272,12.61054611,
Lesotho,2018,LSO,4.592196342283137,10.77791023,14.08535003662109
Lesotho,2017,LSO,4.036857094788623,11.97283363,15.115309715271
Lesotho,2016,LSO,4.552706478073365,10.336076740000001,13.99764024455647
Lesotho,2015,LSO,4.527216038597789,10.86027813,13.93599496099617
Lesotho,2014,LSO,3.2975568642366557,11.592402459999999,
Lesotho,2001,LSO,19.981129533168826,8.701341629999998,22.96562957763672
Lesotho,2013,LSO,2.8421631231248203,10.487746240000002,
Lesotho,2011,LSO,2.165156116612554,8.198874470000002,
Lesotho,2010,LSO,2.0908600290208095,7.1979928,
Lesotho,2009,LSO,2.491497408104949,7.322744850000001,
Lesotho,2008,LSO,3.6175877650786337,8.081017490000002,24.21858024597168
Lesotho,2007,LSO,11.273476757639274,9.642468449999999,
Lesotho,2006,LSO,6.0266929669410665,7.053844930000001,28.95932006835938
Lesotho,2005,LSO,12.138453940812216,5.99692535,32.5390510559082
Lesotho,2004,LSO,9.063984320031116,8.25498962,27.16360092163086
Lesotho,2003,LSO,12.879241702257888,7.908269880000001,31.50684928894043
Lesotho,2012,LSO,2.452309961588448,9.674311640000003,
Lesotho,2023,LSO,6.340874109915537,11.83322239,10.99967960836137
Liberia,2000,LBR,0.0,4.25491762,
Liberia,2001,LBR,0.0,4.25491762,
Liberia,2002,LBR,0.015200000000000002,4.25491762,
Liberia,2014,LBR,1.3745466054158608,2.4611892699999998,6.760149955749512
Liberia,2024,LBR,2.9992090008613266,,
Liberia,2023,LBR,2.877674651553317,4.79117155,
Liberia,2022,LBR,2.9023854018691586,4.79117155,
Liberia,2021,LBR,1.8922963444976075,3.7302012399999995,7.366199970245361
Liberia,2020,LBR,2.444162537313433,3.7481868299999994,
Liberia,2019,LBR,1.2800038391959798,4.19834614,
Liberia,2018,LBR,1.1489024296435273,5.166229249999999,7.96435022354126
Liberia,2017,LBR,0.8005203605150214,3.9551458399999992,7.769100189208984
Liberia,2016,LBR,0.39624841065292093,3.8970165299999997,
Liberia,2015,LBR,0.44168823170731714,3.2433903199999996,
Liberia,2003,LBR,0.0,4.25491762,
Liberia,2013,LBR,0.7248722634730539,1.15725291,5.652689933776855
Liberia,2012,LBR,0.5645502798053528,5.046602249999999,5.184340000152588
Liberia,2011,LBR,0.4259038210227273,5.046602249999999,
Liberia,2010,LBR,0.8737640322580644,5.046602249999999,
Liberia,2009,LBR,3.8418605727923625,5.046602249999999,
Liberia,2008,LBR,29.41916008287293,4.25491762,6.454070091247559
Liberia,2007,LBR,276.4054621982758,4.25491762,
Liberia,2006,LBR,0.039476829268292685,4.25491762,
Liberia,2005,LBR,0.026860661157024797,4.25491762,
Liberia,2004,LBR,0.0,4.25491762,
Madagascar,2000,MDG,14.382815818398125,12.027845379999999,15.89050960540771
Madagascar,2001,MDG,7.47524173936252,11.971966740000001,17.68247032165527
Madagascar,2024,MDG,7.0138190914407,,
Madagascar,2003,MDG,6.143480783633161,13.117821690000003,15.76313972473145
Madagascar,2023,MDG,6.241527113113696,5.513417720000001,
Madagascar,2022,MDG,5.464916933359707,5.513417720000001,
Madagascar,2021,MDG,6.454701894827177,5.377794270000001,
Madagascar,2020,MDG,4.870856726911973,4.21817684,
Madagascar,2019,MDG,4.4750796661724825,4.44415092,17.9527918245618
Madagascar,2018,MDG,5.105364909483469,10.42956638,19.81801986694336
Madagascar,2017,MDG,5.815503983648968,15.032087330000005,
Madagascar,2016,MDG,5.99161908244074,17.51086807,19.83818054199219
Madagascar,2015,MDG,8.139186629980392,15.27427959,16.96290969848633
Madagascar,2002,MDG,8.79372173789651,14.0413332,17.93675994873047
Madagascar,2014,MDG,4.782840499532131,13.924149510000001,18.96677017211914
Madagascar,2012,MDG,4.456405684166617,12.93699551,20.3257999420166
Madagascar,2011,MDG,3.0050518237221278,13.936785699999998,19.77969932556152
Madagascar,2010,MDG,4.3874076663457195,15.20979691,18.6357054482013
Madagascar,2009,MDG,3.489037966807392,10.43949318,22.58583068847656
Madagascar,2008,MDG,1.5103414055955193,8.97678375,16.25814056396484
Madagascar,2007,MDG,1.3533583582511768,11.838322640000001,18.0445499420166
Madagascar,2006,MDG,4.857926943077047,10.247689249999999,15.32419013977051
Madagascar,2005,MDG,6.177124735385044,10.540405269999999,18.03303909301758
Madagascar,2004,MDG,6.809948101722592,10.014784809999998,12.96076965332031
Madagascar,2013,MDG,3.604384995290731,10.268065449999998,13.9893798828125
Malawi,2004,MWI,5.841330323024455,4.99515104,
Malawi,2003,MWI,4.68503710511147,7.633512499999999,16.49777030944824
Malawi,2005,MWI,6.634752100950786,6.037830349999999,
Malawi,2002,MWI,4.08057529132175,7.042603489999999,
Malawi,2008,MWI,2.0426594833548095,6.6249685299999985,
Malawi,2024,MWI,3.411362760912267,,16.0
Malawi,2023,MWI,3.2028448175199467,3.28711009,16.0
Malawi,2022,MWI,3.01853930263896,3.28711009,
Malawi,2021,MWI,2.870408431964145,5.756381029999998,17.55940964801724
Malawi,2020,MWI,2.675618462067791,6.873320099999999,20.15744840559888
Malawi,2019,MWI,3.6655570227317074,7.938600540000001,
Malawi,2006,MWI,4.946651123959534,5.29271793,
Malawi,2018,MWI,2.8612192330161648,8.713311200000001,15.82935047149658
Malawi,2016,MWI,3.263729803365472,9.677967070000001,17.19881057739258
Malawi,2015,MWI,2.6415473740615014,9.72891998,21.79789924621582
Malawi,2014,MWI,2.6912949082715425,8.580904960000002,16.59646987915039
Malawi,2013,MWI,2.233910947883472,7.15567255,20.49682998657227
Malawi,2012,MWI,1.5275746173379667,5.09623861,13.64096357734451
Malawi,2011,MWI,1.1125275609232024,6.77999687,15.04564952850342
Malawi,2017,MWI,2.6532291257799474,8.189613340000001,14.34442043304443
Malawi,2010,MWI,1.0282901256112813,5.77464294,12.45998001098633
Malawi,2009,MWI,2.1166912118717263,5.2324380900000005,
Malawi,2007,MWI,2.41115027831072,3.54459715,
Maldives,2009,MDV,6.5111384656334526,15.744857790000001,13.73838996887207
Maldives,2024,MDV,13.138160832532053,,10.7169075614071
Maldives,2023,MDV,13.443787682095515,15.56657696,10.6328052020158
Maldives,2022,MDV,23.325775313895274,13.27708149,11.07644473108537
Maldives,2021,MDV,34.80431253383023,14.486053469999998,10.03292621907933
Maldives,2020,MDV,14.178672786143883,18.172746659999998,10.50504097325459
Maldives,2019,MDV,21.868302012288208,17.853942869999997,12.05514433717882
Maldives,2018,MDV,22.56918471114111,17.679086690000002,11.38990175854686
Maldives,2017,MDV,8.04306184246066,21.47161484,11.35420883247632
Maldives,2016,MDV,5.945793504750746,19.748092649999997,9.805020332336426
Maldives,2010,MDV,6.995354192082058,13.543033599999998,10.94631004333496
Maldives,2015,MDV,6.82277166194963,18.45426559,11.44925022125244
Maldives,2013,MDV,7.319081284158714,15.930777550000002,12.55389976501465
Maldives,2000,MDV,8.018994761011117,8.828467370000002,
Maldives,2001,MDV,8.959612020941233,9.031593319999999,
Maldives,2002,MDV,8.546858162857735,8.619259829999999,21.20602989196777
Maldives,2003,MDV,7.48446401541913,8.14470768,20.18581008911133
Maldives,2012,MDV,9.012052320293607,14.140151980000002,11.22364044189453
Maldives,2005,MDV,6.4658947066300305,7.65194798,12.93610000610352
Maldives,2011,MDV,9.339633012761077,11.76247597,9.854999542236328
Maldives,2006,MDV,5.304819376736297,8.44608021,13.25502014160156
Maldives,2007,MDV,5.948131679698339,11.245549200000001,12.6912899017334
Maldives,2008,MDV,6.245250566473361,17.98668861,12.56846046447754
Maldives,2014,MDV,15.474871755797793,16.8629303,10.61962985992432
Maldives,2004,MDV,9.549359442156549,9.603069309999999,19.37100028991699
Mali,2004,MLI,6.554907875652716,7.300545690000002,17.73634910583496
Mali,2006,MLI,5.33738531333473,5.54588985,
Mali,2000,MLI,11.747854344623349,6.668892860000002,15.32380962371826
Mali,2001,MLI,9.788047883814356,5.746562479999999,14.49349975585938
Mali,2005,MLI,5.805411597880799,6.45820856,16.28030014038086
Mali,2002,MLI,7.689461857685783,5.56607676,14.5252103805542
Mali,2003,MLI,5.573117268135083,6.785974979999999,18.28376007080078
Mali,2016,MLI,3.8537481024465707,5.430633070000001,13.90388011932373
Mali,2021,MLI,5.187807579194505,5.037431239999999,16.21821022033691
Mali,2020,MLI,5.069416334143254,5.37126255,15.14260959625244
Mali,2019,MLI,5.127476612908543,4.835014339999999,15.35702991485596
Mali,2018,MLI,4.64114968313226,5.66878557,17.52153015136719
Mali,2017,MLI,4.115247842686552,5.137262819999999,16.53433036804199
Mali,2024,MLI,5.42102721398715,,17.82390310875428
Mali,2015,MLI,3.815342334739235,4.39033413,18.15549087524414
Mali,2014,MLI,3.4960859693203434,4.454732890000001,18.2242603302002
Mali,2013,MLI,4.022662934026957,4.128911020000002,16.62344932556152
Mali,2012,MLI,3.0123024446991336,2.66254306,22.40337944030762
Mali,2011,MLI,2.5464027969233713,2.9412171799999998,18.25834083557129
Mali,2010,MLI,3.142215642036297,3.30154085,16.50391006469727
Mali,2009,MLI,2.901511982537092,2.9260635400000004,16.95940971374512
Mali,2022,MLI,5.996899345095564,5.601661679999999,18.1899960391199
Mali,2008,MLI,3.7049989545520337,3.7941119700000003,18.03169059753418
Mali,2007,MLI,3.542642071784193,4.6381096799999995,
Mali,2023,MLI,5.645099534605964,5.431356429999998,19.12176917699192
Mauritania,2004,MRT,7.801424395051653,2.96115541,8.175809860229492
Mauritania,2005,MRT,8.344560048138522,3.8442106199999997,
Mauritania,2006,MRT,8.314874540198819,3.559678079999999,10.31007957458496
Mauritania,2007,MRT,13.58889043513768,3.8856704200000003,
Mauritania,2008,MRT,5.810045132554829,4.480345250000001,
Mauritania,2009,MRT,8.302052619881401,4.476241589999999,
Mauritania,2010,MRT,11.495569702934471,4.22304821,
Mauritania,2011,MRT,10.7483873025324,4.400928970000001,13.68274974822998
Mauritania,2012,MRT,10.270661709670712,4.166985510000001,10.01766014099121
Mauritania,2013,MRT,11.266999466632607,5.38500309,11.40542984008789
Mauritania,2014,MRT,15.087406517910235,5.24069929,11.90512810405457
Mauritania,2015,MRT,14.857099546183886,5.530210970000001,12.84349379473953
Mauritania,2016,MRT,18.521525686327543,5.75632954,9.330610275268555
Mauritania,2018,MRT,25.537880180489474,4.797127720000001,
Mauritania,2017,MRT,21.951528082421152,6.0655999199999995,
Mauritania,2020,MRT,17.3015935362025,5.4164910299999995,9.727089881896973
Mauritania,2021,MRT,20.649627448902322,7.204095359999999,9.104820251464844
Mauritania,2022,MRT,11.884156159602375,5.943278789999999,4.841780185699463
Mauritania,2023,MRT,13.527487541837813,5.943278789999999,18.88887977600098
Mauritania,2024,MRT,14.403365813859839,,31.88661003112793
Mauritania,2019,MRT,25.141875176082863,6.177919859999999,10.22801971435547
Mauritius,2000,MUS,39.789675440075044,6.879271029999998,12.97033977508545
Mauritius,2001,MUS,12.582161897964001,7.015892030000001,13.23923969268799
Mauritius,2010,MUS,3.5323274780057012,8.29588032,14.57314968109131
Mauritius,2002,MUS,16.557848005177718,7.245552540000001,12.91514015197754
Mauritius,2003,MUS,11.422585291398079,7.119173529999998,17.92271995544434
Mauritius,2004,MUS,11.760043917136109,7.994419570000001,17.38710021972656
Mauritius,2005,MUS,12.983815151948114,7.362707609999999,17.08813095092773
Mauritius,2006,MUS,14.783504705739702,7.302484040000001,15.17617034912109
Mauritius,2011,MUS,3.375007298693407,7.36220407,13.84617042541504
Mauritius,2009,MUS,4.503349203563235,6.28173685,13.24722957611084
Mauritius,2024,MUS,20.33443345444607,,14.19320011138916
Mauritius,2023,MUS,31.419252096247885,8.24311256,15.58454990386963
Mauritius,2022,MUS,4.884322347518142,8.609209059999998,15.709059715271
Mauritius,2021,MUS,5.173484916119234,10.8982172,14.32312965393066
Mauritius,2020,MUS,9.892997959617897,8.99296188,15.64669990539551
Mauritius,2019,MUS,4.689499182961467,9.0032053,18.67692947387695
Mauritius,2018,MUS,4.951460368372988,10.20625019,19.27433013916016
Mauritius,2017,MUS,8.23700629035932,10.204333309999999,20.35720062255859
Mauritius,2016,MUS,4.5957930989888975,10.2022686,19.96249961853027
Mauritius,2015,MUS,4.04117509318125,9.458418850000001,19.45709037780762
Mauritius,2014,MUS,4.577595778675059,10.52838707,20.90517997741699
Mauritius,2013,MUS,2.870353759892199,8.00718403,14.7890100479126
Mauritius,2012,MUS,3.1903270829939476,8.319043159999998,14.96061992645264
Mauritius,2007,MUS,7.481512163158843,6.8428731,14.1832799911499
Mauritius,2008,MUS,5.92477211533831,6.12254477,14.0394401550293
Mexico,2017,MEX,12.201186734271863,10.729535099999998,17.57729911804199
Mexico,2023,MEX,5.275743643062675,9.360709190000001,
Mexico,2021,MEX,14.806887283785667,11.033061029999999,15.88313007354736
Mexico,2020,MEX,13.472970027519915,11.520388599999999,16.19585990905762
Mexico,2019,MEX,12.836954926221015,10.31756687,
Mexico,2018,MEX,9.866170329988174,10.41115475,16.57785034179688
Mexico,2016,MEX,13.827964864601237,10.411558150000001,17.93932914733887
Mexico,2015,MEX,8.126293323116544,10.864587779999997,19.01874923706055
Mexico,2014,MEX,5.242488215266696,10.34577084,18.80594062805176
Mexico,2013,MEX,6.346316283842395,11.241263390000002,16.90599060058594
Mexico,2012,MEX,10.982312378214381,10.65864182,18.08719062805176
Mexico,2011,MEX,6.02131136296861,10.5141964,18.4210205078125
Mexico,2010,MEX,6.763716849440341,10.41032505,18.6425895690918
Mexico,2009,MEX,7.151805777148457,10.292106629999997,18.66511917114258
Mexico,2008,MEX,7.160808511489892,9.43475246,17.38015937805176
Mexico,2007,MEX,8.651208521340576,10.714152339999998,19.88907051086426
Mexico,2006,MEX,17.632034682693988,10.73126125,20.82431983947754
Mexico,2005,MEX,11.966903243547087,11.142335890000002,21.90378952026367
Mexico,2004,MEX,14.994181318254137,12.07247734,22.05382919311523
Mexico,2003,MEX,13.395142635806936,10.692867279999998,22.47187042236328
Mexico,2002,MEX,12.127130851715375,10.431695940000001,21.46491050720215
Mexico,2001,MEX,15.715182076852932,10.257448199999999,20.62428092956543
Mexico,2000,MEX,17.238809699592508,9.899622919999999,19.6461296081543
Mexico,2022,MEX,5.863873358122362,10.38855362,14.23610973358154
Mexico,2024,MEX,6.895889392568197,,
Moldova,2023,MDA,7.997005168119813,12.068118100000001,16.88652992248535
Moldova,2000,MDA,15.593794315002901,8.52794456,12.92393016815186
Moldova,2022,MDA,2.655890703243033,12.34735298,16.69313049316406
Moldova,2021,MDA,3.4970607631562958,14.62191486,16.84165000915527
Moldova,2020,MDA,3.455855225830653,12.3761425,17.99377059936523
Moldova,2019,MDA,3.4339046714872965,12.120483400000001,19.46438026428223
Moldova,2018,MDA,3.1359719667860566,12.025702480000003,17.56772994995117
Moldova,2016,MDA,2.1487988168223553,12.208033559999999,18.62162971496582
Moldova,2015,MDA,2.2541527502412966,12.21473503,18.23871988412744
Moldova,2014,MDA,2.4670898416488654,12.75728226,18.76510047912598
Moldova,2013,MDA,3.250645650505867,12.499175070000001,18.27648746613956
Moldova,2012,MDA,2.78979372089063,13.173970219999998,20.74197006225586
Moldova,2011,MDA,3.189661272803489,13.036990170000001,21.91588020324707
Moldova,2010,MDA,3.0004525481340503,13.626919750000003,22.26700973510742
Moldova,2009,MDA,3.131085390886058,12.875923160000003,20.99263000488281
Moldova,2008,MDA,2.400987450332488,12.721592900000001,19.8500804901123
Moldova,2007,MDA,3.2419783340673685,13.181109430000001,19.41696929931641
Moldova,2006,MDA,5.129099013829134,12.890508649999997,18.60881996154785
Moldova,2005,MDA,5.80694084667522,13.57666016,19.29664993286133
Moldova,2004,MDA,12.325060071449705,15.250319480000002,19.4520206451416
Moldova,2003,MDA,10.045741170181136,9.59353638,16.19259071350098
Moldova,2002,MDA,21.694396541092722,11.537352559999997,17.88434028625488
Moldova,2001,MDA,17.363663139274358,9.711846349999998,16.42476081848145
Moldova,2024,MDA,4.93224911159706,,15.96476004511937
Moldova,2017,MDA,2.3577166568517214,11.64592075,18.43283081054688
Mongolia,2001,MNG,8.485793616367534,11.05122089,
Mongolia,2024,MNG,15.225552341331111,,13.77688980102539
Mongolia,2023,MNG,29.507690698204115,8.560934069999998,11.47054958343506
Mongolia,2022,MNG,36.960047375679615,9.25188732,7.452066419705862
Mongolia,2021,MNG,24.096298328554713,11.73573017,8.364094556565203
Mongolia,2020,MNG,23.00674092472037,6.9206709900000005,8.635278758145478
Mongolia,2019,MNG,10.957309934576356,6.878084179999999,10.33956454958317
Mongolia,2018,MNG,23.304127084902014,7.37636042,13.11474190183242
Mongolia,2017,MNG,7.72237616061268,7.0231714200000015,12.64562034606934
Mongolia,2015,MNG,4.306122619307363,7.726661679999999,13.54710960388184
Mongolia,2014,MNG,4.096701523017971,7.48502493,14.66810035705566
Mongolia,2013,MNG,3.311406775434595,7.106387140000001,15.36744976043701
Mongolia,2012,MNG,2.0292800659662187,6.503386969999999,14.40723037719727
Mongolia,2016,MNG,4.428847280530614,6.461976529999999,13.0631103515625
Mongolia,2010,MNG,6.2156862486286375,7.74286652,14.71113967895508
Mongolia,2000,MNG,7.9503510831050335,13.354763980000001,16.07476997375488
Mongolia,2011,MNG,1.8775309184864772,5.62042999,12.15085029602051
Mongolia,2003,MNG,51.67861255486223,8.858476640000001,
Mongolia,2004,MNG,4.244017451741476,8.80264664,13.59444999694824
Mongolia,2005,MNG,5.040419822120741,9.4847002,
Mongolia,2002,MNG,8.874840316989923,10.90433216,20.31151008605957
Mongolia,2007,MNG,3.0427919219321584,8.163872720000002,13.28645038604736
Mongolia,2008,MNG,3.0378968820344388,8.552504540000003,
Mongolia,2009,MNG,5.3592659989694695,8.748711590000001,14.51142024993896
Mongolia,2006,MNG,4.513687174300017,9.511603359999999,
Montenegro,2017,MNE,12.811403697634633,9.72641945,
Montenegro,2024,MNE,12.686433262516505,,
Montenegro,2023,MNE,12.498922043731003,16.595748899999997,
Montenegro,2022,MNE,15.17761565175015,17.123544690000003,
Montenegro,2021,MNE,21.291696040871642,14.402351380000002,
Montenegro,2020,MNE,24.083248341689934,13.1277895,
Montenegro,2019,MNE,22.472926109639857,11.52457523,
Montenegro,2018,MNE,26.681184243097633,10.531363489999999,
Montenegro,2016,MNE,22.309703579863413,10.921235079999999,
Montenegro,2007,MNE,8.644501181323314,,
Montenegro,2014,MNE,13.29867818564825,10.983649250000001,
Montenegro,2013,MNE,16.993349373011664,10.68526936,
Montenegro,2012,MNE,13.600862106008057,11.605915069999998,
Montenegro,2011,MNE,9.805686283103206,10.73071766,
Montenegro,2010,MNE,4.792393904834773,,
Montenegro,2009,MNE,2.3963067467045116,,
Montenegro,2008,MNE,2.2388965475399774,,
Montenegro,2006,MNE,3.464171183090941,,
Montenegro,2015,MNE,25.279971367303844,11.634808540000002,
Morocco,2005,MAR,12.36433540674922,3.8501186399999994,
Morocco,2000,MAR,25.81867003499916,4.11556196,
Morocco,2001,MAR,24.605137485674057,4.23062134,
Morocco,2002,MAR,25.597018776189152,4.18854809,
Morocco,2003,MAR,27.714669423941192,4.14071369,
Morocco,2004,MAR,16.520396256597433,4.12965059,
Morocco,2006,MAR,10.556721803242585,5.01113462,
Morocco,2007,MAR,10.718565715028438,5.35828495,
Morocco,2021,MAR,10.336258113052578,7.272732260000001,23.75648300450683
Morocco,2024,MAR,11.428848581163738,,23.27887880123122
Morocco,2023,MAR,7.5997658303809015,10.60523701,22.82552009868947
Morocco,2022,MAR,10.649019226081625,8.59881592,23.86566628044771
Morocco,2020,MAR,10.435616829737922,7.220683570000001,24.15809398801193
Morocco,2019,MAR,8.667419665782363,7.307228090000001,21.46507082738493
Morocco,2018,MAR,8.741408516013268,7.15846205,22.44476135166153
Morocco,2016,MAR,9.504830208075306,7.00853348,22.25735674888952
Morocco,2017,MAR,10.104077191837039,7.10552311,21.64990385788905
Morocco,2014,MAR,7.546480636305741,6.83858538,22.06394278413318
Morocco,2013,MAR,8.265748155340454,6.00545788,
Morocco,2012,MAR,6.76570313488056,5.695454120000001,20.74607850492187
Morocco,2011,MAR,6.421981339333888,5.79278231,
Morocco,2010,MAR,7.237134066287335,6.064290520000001,
Morocco,2009,MAR,6.202795225276479,6.1230468799999995,17.29528999328613
Morocco,2008,MAR,8.691702653504413,5.31417799,17.47064018249512
Morocco,2015,MAR,8.116710754369665,6.9568819999999985,22.2395469824195
Mozambique,2013,MOZ,4.837658613106885,4.72615862,19.03288078308105
Mozambique,2016,MOZ,7.297679459111361,5.995962139999999,19.93637084960938
Mozambique,2015,MOZ,5.751589036151375,5.554437639999999,19.85233886814993
Mozambique,2005,MOZ,2.641414494144604,8.39700031,22.71817970275879
Mozambique,2012,MOZ,1.9166461213669062,4.394596099999999,19.76724052429199
Mozambique,2014,MOZ,4.022039208909122,4.317281720000001,17.40730954418632
Mozambique,2010,MOZ,2.8226161531262637,4.672414779999999,20.1663437150228
Mozambique,2009,MOZ,1.4643087971928097,4.965213299999999,
Mozambique,2008,MOZ,1.2134910020765504,5.668106560000001,
Mozambique,2017,MOZ,6.54833214417177,6.07456493,18.59365081787109
Mozambique,2011,MOZ,1.869114958180142,4.34422016,19.09857377051365
Mozambique,2018,MOZ,7.026145282672104,5.73160601,16.40555000305176
Mozambique,2002,MOZ,3.3639364527015414,6.316649439999999,
Mozambique,2020,MOZ,9.415806271033329,7.0641245800000005,17.93492821808247
Mozambique,2021,MOZ,8.517891235381276,7.11263514,20.44973933448757
Mozambique,2022,MOZ,8.288101299507925,6.95726824,
Mozambique,2023,MOZ,10.239675204084795,6.76256466,
Mozambique,2024,MOZ,12.550553304801957,,
Mozambique,2004,MOZ,2.4798803445881745,6.316649439999999,18.00153923034668
Mozambique,2003,MOZ,3.891502959803366,6.316649439999999,
Mozambique,2007,MOZ,1.084275244806337,5.602903840000001,
Mozambique,2001,MOZ,3.9504015783713196,6.316649439999999,
Mozambique,2000,MOZ,5.274015836985469,6.316649439999999,
Mozambique,2019,MOZ,9.19873387527765,6.52060223,19.03368176962698
Mozambique,2006,MOZ,1.881487815471099,5.6725707100000005,18.55003929138184
Myanmar,2008,MMR,2.4143980412234773,1.19463682,
Myanmar,2000,MMR,1.1095702166830679,1.23249876,
Myanmar,2009,MMR,2.4961513583465575,1.3029181999999997,
Myanmar,2010,MMR,4.029633998785947,1.2274093599999998,
Myanmar,2011,MMR,2.600821677081042,1.49485052,5.381509780883789
Myanmar,2012,MMR,9.908712921358166,2.1025085399999996,
Myanmar,2013,MMR,16.429441741995433,2.45782161,
Myanmar,2014,MMR,3.828390221171591,4.056405539999999,
Myanmar,2006,MMR,2.56258325516605,1.7349628200000002,
Myanmar,2016,MMR,5.388678935553572,3.1326794600000007,
Myanmar,2017,MMR,4.7998407836321135,3.52443361,10.19062042236328
Myanmar,2018,MMR,6.49143936068962,3.5932779299999993,10.11594009399414
Myanmar,2019,MMR,4.077778772232881,2.96386218,9.742409706115723
Myanmar,2020,MMR,3.119640419088891,3.3589675399999996,
Myanmar,2021,MMR,6.818027301076316,4.4710865,
Myanmar,2022,MMR,6.259735751183873,2.3379218600000007,
Myanmar,2023,MMR,5.742858538681657,2.3379218600000007,
Myanmar,2024,MMR,5.187578290381121,,
Myanmar,2005,MMR,1.3036219639899909,1.1674208599999996,
Myanmar,2004,MMR,1.3071576167863228,1.74388623,
Myanmar,2003,MMR,1.4584596715507996,1.7049987300000002,
Myanmar,2002,MMR,1.5993539800078547,2.35729265,
Myanmar,2001,MMR,1.086039686061626,1.2772072599999997,
Myanmar,2007,MMR,2.737775747469017,1.3007797,
Myanmar,2015,MMR,3.4246470444788373,4.816284179999999,
Nepal,2006,NPL,11.648835027553906,7.584030150000001,25.50064086914063
Nepal,2024,NPL,4.040485321912627,,11.26471041677373
Nepal,2023,NPL,3.412535036108097,7.66042948,13.08261800001422
Nepal,2022,NPL,2.8756807147278405,8.006701470000001,12.43792560378043
Nepal,2021,NPL,2.7475116179242858,6.48608112,14.38920810645488
Nepal,2020,NPL,2.7146850117548307,5.6691947,15.0051253828918
Nepal,2019,NPL,2.6475062266388125,4.03386211,12.1130298505003
Nepal,2018,NPL,2.318238223741203,3.8115978200000002,14.10186958312988
Nepal,2016,NPL,4.409002446153261,5.31455946,19.12849998474121
Nepal,2015,NPL,4.586153485612578,5.1459527000000005,16.98966026306152
Nepal,2014,NPL,5.471863407608546,5.26823664,18.28129005432129
Nepal,2013,NPL,5.849809921414815,4.8838276899999995,17.56963920593262
Nepal,2012,NPL,5.7139357968012146,4.691861150000001,17.43708038330078
Nepal,2017,NPL,3.042874312422734,4.50787783,17.09638977050781
Nepal,2010,NPL,6.018599506214295,4.8050637200000015,16.03235054016113
Nepal,2009,NPL,6.90353449810089,4.69078159,19.8729305267334
Nepal,2008,NPL,8.341535738893512,5.311275960000001,22.23003005981445
Nepal,2007,NPL,9.214442529550364,5.17588425,21.14613914489746
Nepal,2005,NPL,10.31073988088718,6.25147295,22.29421997070313
Nepal,2004,NPL,11.760512873413735,5.482848639999999,21.61335945129395
Nepal,2003,NPL,12.700817746027958,5.52154541,21.31265068054199
Nepal,2002,NPL,10.925121519837736,6.101346970000001,20.44404983520508
Nepal,2001,NPL,10.174728563390488,4.52761316,21.65620040893555
Nepal,2000,NPL,12.742535983468322,4.2507414799999985,19.15604019165039
Nepal,2011,NPL,5.327822572411246,4.8736372,17.98384094238281
Nicaragua,2014,NIC,4.071024732436098,16.911611559999997,23.04759979248047
Nicaragua,2015,NIC,4.089130757462833,17.550643919999995,22.28290939331055
Nicaragua,2016,NIC,4.579240841019743,17.32945824,21.32547950744629
Nicaragua,2017,NIC,5.454450887939264,17.78736687,22.43330001831055
Nicaragua,2018,NIC,6.345178360444992,18.70357895,22.76133298341563
Nicaragua,2023,NIC,12.613223434262121,18.289672850000002,17.68857002258301
Nicaragua,2020,NIC,9.42950551593072,18.29687119,22.68764741595014
Nicaragua,2021,NIC,8.65598556391415,20.180524830000003,18.52223668663849
Nicaragua,2022,NIC,9.588343339684545,18.09780312,18.51920973594208
Nicaragua,2013,NIC,3.6783943554278093,15.985260009999996,
Nicaragua,2019,NIC,8.40215813070917,18.925168990000003,23.94110248643191
Nicaragua,2012,NIC,3.6234310055256866,15.566650390000001,
Nicaragua,2007,NIC,15.292235288895398,14.67852211,
Nicaragua,2010,NIC,4.51577025996537,15.736391069999996,26.40800094604492
Nicaragua,2009,NIC,5.273136485162107,16.76971817,
Nicaragua,2008,NIC,4.9196827289462846,14.583184240000003,
Nicaragua,2006,NIC,6.778543631586833,13.405312540000002,
Nicaragua,2005,NIC,8.019743848559209,11.79316902,
Nicaragua,2004,NIC,5.495139855016757,10.920972820000001,
Nicaragua,2003,NIC,11.118591303401388,12.24404907,14.88700008392334
Nicaragua,2002,NIC,10.561367410811036,13.145115849999996,15.68778991699219
Nicaragua,2001,NIC,12.224309869439804,12.790487290000002,
Nicaragua,2000,NIC,14.262155979692443,12.483801839999998,14.57369995117188
Nicaragua,2024,NIC,11.935967356270883,,11.0127834019803
Nicaragua,2011,NIC,4.466678351014423,15.000976559999998,
Niger,2000,NER,6.667332754595301,8.368264200000002,19.05752944946289
Niger,2001,NER,5.8268465968730245,8.34352493,16.65031051635742
Niger,2012,NER,2.1734654000074833,6.249121189999999,19.19202041625977
Niger,2022,NER,7.732810300950467,7.1149826,12.3714513252292
Niger,2021,NER,5.4423958980728715,8.747357370000001,11.95261605965375
Niger,2020,NER,5.646524298768405,10.34436893,13.33253984583846
Niger,2019,NER,4.662371862329827,9.37940311,13.01280543286008
Niger,2018,NER,4.327703253610691,8.349277500000001,16.33996963500977
Niger,2017,NER,5.836724527838184,9.66281414,13.21516036987305
Niger,2016,NER,5.199581001102404,5.685809139999999,15.34716033935547
Niger,2015,NER,3.2945037407076114,4.586344720000001,18.5121898651123
Niger,2014,NER,4.027012740164458,5.40269423,21.66150093078613
Niger,2013,NER,3.1037281827029224,6.555336479999999,18.07670021057129
Niger,2024,NER,12.597096709013172,,
Niger,2011,NER,1.9283055745409259,8.299738880000001,20.11651992797852
Niger,2010,NER,1.556978317343564,9.177886959999999,19.08964920043945
Niger,2009,NER,2.2493562816270263,8.694140430000001,18.91250991821289
Niger,2008,NER,1.4105823763685712,9.1883316,16.17733001708984
Niger,2007,NER,1.6238480755756863,8.63178158,17.3759708404541
Niger,2006,NER,6.431496519991593,13.54461861,16.88376998901367
Niger,2005,NER,3.833956484029909,12.34742451,
Niger,2004,NER,4.050021400862336,7.34862614,
Niger,2003,NER,4.835880233722379,7.629894259999999,13.84549999237061
Niger,2002,NER,3.536701173885257,8.355998040000001,16.66684913635254
Niger,2023,NER,5.5452354072308845,6.15017557,12.80697460445993
Nigeria,2024,NGA,12.424795410204709,,2.978497053240286
Nigeria,2000,NGA,10.305028919009427,2.3668198600000006,
Nigeria,2012,NGA,0.36325561760888614,3.66798377,8.547881430944276
Nigeria,2022,NGA,4.250656942075668,4.3079586,4.302818010836684
Nigeria,2021,NGA,4.77615610021571,4.3079586,5.140225971926752
Nigeria,2020,NGA,2.995105175243014,4.18390417,5.131436621204518
Nigeria,2019,NGA,2.3461792518031337,3.76171207,5.854971851660933
Nigeria,2018,NGA,2.651674396224318,3.8811214,5.944552120925064
Nigeria,2017,NGA,0.76346368534259,4.4423522900000005,6.120105477628156
Nigeria,2016,NGA,0.8974112332295735,4.8661375,6.652197285204825
Nigeria,2015,NGA,0.7271905057392659,5.3312463800000005,9.255510762521041
Nigeria,2014,NGA,0.3429271927377944,3.3363800000000006,9.037187638157349
Nigeria,2013,NGA,0.5324614750582988,3.45903826,8.67739295298641
Nigeria,2023,NGA,7.029313658706375,4.3079586,3.647272502361618
Nigeria,2010,NGA,0.49434216033196815,2.70293093,
Nigeria,2009,NGA,0.9134055301499784,3.69395757,
Nigeria,2008,NGA,0.8864839393332327,4.594045159999999,
Nigeria,2007,NGA,2.0746327205105284,4.29357767,
Nigeria,2006,NGA,24.41838880207007,7.32234478,
Nigeria,2005,NGA,29.12381813655662,6.40770292,
Nigeria,2004,NGA,7.133021085868588,6.55428886,
Nigeria,2003,NGA,6.814916298025417,4.00685167,
Nigeria,2002,NGA,7.851241934924682,2.74149632,
Nigeria,2001,NGA,10.937310520399576,2.77955914,
Nigeria,2011,NGA,0.48402092382565454,2.7714133299999997,
North Macedonia,2000,MKD,4.573193198930606,14.714315410000001,
North Macedonia,2001,MKD,10.102941011703212,12.199298859999999,
North Macedonia,2002,MKD,9.771006892207746,12.387857440000001,8.64087963104248
North Macedonia,2018,MKD,13.314551904578808,12.41411114,
North Macedonia,2024,MKD,10.439129013604417,,
North Macedonia,2023,MKD,15.933980890514896,12.049284929999999,
North Macedonia,2022,MKD,7.045507886655042,12.049284929999999,
North Macedonia,2021,MKD,19.401700237167212,13.004403109999998,
North Macedonia,2020,MKD,16.360930617410773,12.828359599999999,
North Macedonia,2019,MKD,8.448720882055099,13.556311609999998,
North Macedonia,2017,MKD,10.397189644526144,11.827318190000002,
North Macedonia,2016,MKD,11.885505975049568,13.053981779999997,
North Macedonia,2014,MKD,6.90217256162878,12.67158699,
North Macedonia,2013,MKD,15.182668060773732,13.927052499999999,
North Macedonia,2015,MKD,12.464538795710288,12.78399658,
North Macedonia,2011,MKD,5.548854315236739,12.73551083,
North Macedonia,2010,MKD,5.06023048721315,12.508528709999998,
North Macedonia,2009,MKD,4.275879889456093,12.192071910000001,
North Macedonia,2008,MKD,3.9585871739335845,12.53623104,
North Macedonia,2007,MKD,13.147454030450076,12.846531870000003,
North Macedonia,2006,MKD,16.637735467118063,13.401445390000003,
North Macedonia,2005,MKD,6.010443734783015,13.467775339999998,
North Macedonia,2004,MKD,6.141908333169373,13.833707809999998,
North Macedonia,2003,MKD,7.287936664543973,13.76112652,
North Macedonia,2012,MKD,7.218025062224666,12.43339729,
Pakistan,2017,PAK,9.17704766547701,4.7719540600000006,14.54477977752686
Pakistan,2014,PAK,5.090178670454259,3.3424859,11.30066013336182
Pakistan,2015,PAK,6.119090204205863,3.8504207099999994,13.18727970123291
Pakistan,2016,PAK,6.750561069235306,3.9600825299999998,15.06348037719727
Pakistan,2018,PAK,6.949973167957591,4.899493689999999,12.19247939863422
Pakistan,2024,PAK,15.507044030582417,,
Pakistan,2020,PAK,13.6079973396632,5.12285709,10.79621215389113
Pakistan,2021,PAK,15.139252738263137,6.021940229999999,7.817207608930894
Pakistan,2022,PAK,18.41886110804124,5.551161289999999,9.404403326004356
Pakistan,2013,PAK,5.053770372453373,3.24930596,11.5139799118042
Pakistan,2019,PAK,14.79600807866069,4.95088243,11.59167957305908
Pakistan,2012,PAK,4.379953412830885,3.17061043,11.04063034057617
Pakistan,2000,PAK,12.991035360645064,6.25985909,8.489879608154297
Pakistan,2010,PAK,8.198835242586922,2.8897414199999996,11.86466026306152
Pakistan,2009,PAK,7.659777623365901,2.96314049,12.0826301574707
Pakistan,2008,PAK,6.106320708836606,2.22334313,14.09696006774902
Pakistan,2007,PAK,6.682027414318188,2.8208477499999995,15.44552040100098
Pakistan,2006,PAK,7.825039566063443,3.2093622700000006,15.28909969329834
Pakistan,2005,PAK,9.321942884221125,3.9787476100000005,13.77750968933105
Pakistan,2004,PAK,19.53597944489301,4.51193905,11.22935009002686
Pakistan,2003,PAK,13.534283854829413,3.98216033,
Pakistan,2002,PAK,15.03725457923343,6.266855720000001,
Pakistan,2001,PAK,16.201423031859797,6.3066840200000005,
Pakistan,2023,PAK,18.362077497126805,4.68260336,9.755060195922852
Pakistan,2011,PAK,5.18499180109762,2.5431916699999997,10.92461013793945
Papua New Guinea,2002,PNG,15.370112868806396,8.476038929999998,
Papua New Guinea,2003,PNG,16.73971343203588,7.634612080000001,
Papua New Guinea,2014,PNG,1.4951037013083406,7.470081810000001,
Papua New Guinea,2024,PNG,9.716032788432566,,
Papua New Guinea,2023,PNG,7.5459398108544296,9.45044518,3.538144028340903
Papua New Guinea,2022,PNG,5.329657632533934,6.987823490000001,2.93439934399344
Papua New Guinea,2021,PNG,11.233481688059186,5.325120450000001,3.249732498124754
Papua New Guinea,2020,PNG,17.63227035446655,6.7297945,3.820020827104105
Papua New Guinea,2019,PNG,8.17447157162587,6.36984921,3.577650189049153
Papua New Guinea,2018,PNG,3.6927060074853877,7.94931364,9.227100372314453
Papua New Guinea,2017,PNG,3.215372841987053,9.154980659999998,10.69820022583008
Papua New Guinea,2016,PNG,2.266449097430362,8.04091835,4.091391353039993
Papua New Guinea,2015,PNG,1.7601973355876932,6.0310936,7.241795778039582
Papua New Guinea,2000,PNG,16.018852508175954,8.316667559999999,
Papua New Guinea,2013,PNG,1.5878623557389597,7.1877017,
Papua New Guinea,2012,PNG,2.015622467312259,8.12861252,
Papua New Guinea,2011,PNG,2.7817717110418685,7.604231830000001,
Papua New Guinea,2010,PNG,3.196439356778101,7.069312099999999,
Papua New Guinea,2009,PNG,2.905552925588904,6.315184589999999,
Papua New Guinea,2008,PNG,8.465561474740289,7.664534090000001,
Papua New Guinea,2007,PNG,12.25158344995843,9.068861010000001,
Papua New Guinea,2006,PNG,9.744543748830543,8.3770504,
Papua New Guinea,2005,PNG,10.048515434351323,7.8258791,
Papua New Guinea,2004,PNG,14.387226911150686,8.74625015,
Papua New Guinea,2001,PNG,14.913789379331785,7.733428000000001,
Paraguay,2024,PRY,15.457941440810538,,16.83370971679688
Paraguay,2001,PRY,14.269088414004836,10.229555129999998,19.87921905517578
Paraguay,2003,PRY,19.365422231971287,10.3490591,20.89402961730957
Paraguay,2023,PRY,13.55405166089048,21.56653404,21.98883056640625
Paraguay,2022,PRY,11.716207330295001,20.26028252,24.06851005554199
Paraguay,2021,PRY,11.248801125224322,21.84190941,23.63689994812012
Paraguay,2020,PRY,7.202968466141105,18.262649539999998,24.52182006835938
Paraguay,2019,PRY,7.05322396269898,16.449121480000002,
Paraguay,2018,PRY,6.232004608966499,16.38777924,
Paraguay,2017,PRY,5.960954083731262,16.76217079,
Paraguay,2016,PRY,6.42870676076073,17.786001210000002,18.15431976318359
Paraguay,2015,PRY,4.883744952937449,17.55841637,
Paraguay,2002,PRY,16.097311244049,8.3170042,18.81539916992188
Paraguay,2014,PRY,3.9542526532635383,18.451297759999996,
Paraguay,2012,PRY,5.148029385672877,16.355955119999997,19.63422966003418
Paraguay,2011,PRY,6.263886963638798,15.795856479999998,23.2977409362793
Paraguay,2010,PRY,8.431058413102258,14.52885723,18.76240921020508
Paraguay,2009,PRY,11.30295195152868,13.956901550000001,
Paraguay,2008,PRY,11.475298676279223,12.98832893,
Paraguay,2007,PRY,13.274006752306686,12.629590030000001,19.42472076416016
Paraguay,2006,PRY,17.190250901872734,11.86864185,
Paraguay,2005,PRY,20.99440588080139,10.888331410000001,
Paraguay,2004,PRY,26.212926741026365,10.34750175,18.21824073791504
Paraguay,2013,PRY,4.185800721774062,15.14324665,
Paraguay,2000,PRY,12.290212528691885,11.8494072,21.55938911437988
Peru,2000,PER,19.088662032247562,10.76997662,15.25037002563477
Peru,2023,PER,8.221397217282817,15.95128155,18.85771942138672
Peru,2024,PER,7.21772620443522,,19.20502090454102
Peru,2022,PER,4.443835436670921,16.663322450000003,16.47299957275391
Peru,2021,PER,3.067727603682034,18.982542040000002,16.7178897857666
Peru,2020,PER,2.7680451303404454,16.6725502,15.92726039886475
Peru,2019,PER,4.887174651478436,15.345537189999998,17.7330207824707
Peru,2018,PER,4.71442353502233,14.89298248,17.15217971801758
Peru,2016,PER,4.6169456998138845,14.634330749999998,17.93577003479004
Peru,2015,PER,4.0174424516110845,13.543408390000002,17.61537933349609
Peru,2014,PER,4.126266918706933,13.095902440000003,16.22751045227051
Peru,2013,PER,8.719998303431458,12.316324230000001,15.22194004058838
Peru,2012,PER,5.914417154382165,12.241564750000002,14.3694896697998
Peru,2017,PER,10.475072576439949,14.433391569999998,18.32115936279297
Peru,2010,PER,14.625930357991553,11.624312399999999,13.49236965179443
Peru,2009,PER,11.180810127514953,11.67159462,14.54763031005859
Peru,2008,PER,15.810333810215358,10.989997859999999,14.37782001495361
Peru,2007,PER,38.835589350064396,11.586437229999998,14.141770362854
Peru,2006,PER,15.147538455933788,11.56533909,14.03530025482178
Peru,2005,PER,29.35160762280952,12.590543750000002,14.27851963043213
Peru,2004,PER,18.92616230846587,11.77817726,15.273850440979
Peru,2003,PER,18.84132660121791,11.613115309999998,14.65830993652344
Peru,2002,PER,29.240258668769442,12.839011190000003,14.57806015014648
Peru,2011,PER,5.604502328105368,11.69203568,13.54423999786377
Peru,2001,PER,16.41284985207353,11.827191349999998,14.79623031616211
Philippines,2013,PHL,11.096362753559037,6.46710253,
Philippines,2014,PHL,10.288089165341582,7.505404469999999,15.51594074074074
Philippines,2015,PHL,10.24509545486408,8.256875990000001,15.14553296239448
Philippines,2016,PHL,10.74802529426209,7.751966949999999,16.64209634219468
Philippines,2021,PHL,7.236785105841609,9.820034979999999,16.68165934309809
Philippines,2018,PHL,6.454768083864265,7.34612989,18.69201292805947
Philippines,2019,PHL,7.975016513081081,7.788763520000001,18.16309199781207
Philippines,2020,PHL,6.027341553836184,9.00173473,16.89326487804878
Philippines,2012,PHL,11.811933997007456,6.201427460000001,
Philippines,2017,PHL,8.237578613199572,7.620329380000001,19.59042695522388
Philippines,2011,PHL,19.19075788883008,6.167432310000001,
Philippines,2024,PHL,8.400325324389152,,16.5494857826479
Philippines,2009,PHL,19.749114443003418,6.64473581,13.21115970611572
Philippines,2008,PHL,19.946738625516222,6.51014423,14.44198989868164
Philippines,2007,PHL,17.898850684727385,6.46384048,13.66701984405518
Philippines,2006,PHL,36.325044670638334,6.63096142,13.26852989196777
Philippines,2005,PHL,28.622471117875513,6.60978031,12.42236042022705
Philippines,2004,PHL,37.20523970784686,5.619200709999999,12.75084972381592
Philippines,2003,PHL,31.751351626018216,5.4588623,14.38022041320801
Philippines,2002,PHL,31.877215688090022,4.75280809,14.06892967224121
Philippines,2001,PHL,32.98553139123093,5.501558299999999,13.91590976715088
Philippines,2022,PHL,5.25785436806101,8.9760952,15.69640052950076
Philippines,2010,PHL,25.608612988930563,7.182790279999999,
Philippines,2023,PHL,5.688879403108843,8.76994514,16.72798407365224
Philippines,2000,PHL,25.253058862896122,6.518385889999999,15.20676040649414
Rwanda,2000,RWA,5.774120693556868,3.5436115299999997,18.83532905578613
Rwanda,2022,RWA,4.210577216118002,8.202532770000001,12.76613998413086
Rwanda,2021,RWA,13.206559583655512,8.35194492,15.53223991394043
Rwanda,2020,RWA,3.329088332903928,6.391299720000001,10.7835245127746
Rwanda,2019,RWA,2.988515741007013,6.27615356,10.99814605239757
Rwanda,2018,RWA,3.158806380640812,6.230246070000001,10.80461025238037
Rwanda,2017,RWA,3.158404584985296,6.230246070000001,11.07960987091064
Rwanda,2016,RWA,2.9628904895542227,6.230246070000001,12.2783899307251
Rwanda,2015,RWA,2.489465874814549,7.9149455999999985,12.53905010223389
Rwanda,2014,RWA,2.3356194109695516,7.981906409999999,13.73431968688965
Rwanda,2013,RWA,1.8257069380551039,8.304118159999998,16.8596305847168
Rwanda,2012,RWA,1.0968384719530322,8.36301804,15.81546974182129
Rwanda,2011,RWA,1.077131328820086,8.90067959,15.34337997436523
Rwanda,2010,RWA,0.9545965361586325,8.55642414,17.54805946350098
Rwanda,2009,RWA,0.8701401337296848,8.43024445,
Rwanda,2008,RWA,1.214921292093855,8.076321599999998,15.59150981903076
Rwanda,2007,RWA,2.482921710094931,7.792907240000001,17.78655052185059
Rwanda,2006,RWA,3.7547372464838955,7.202700609999999,
Rwanda,2005,RWA,3.9716382304085753,8.09271908,
Rwanda,2004,RWA,5.889917896890969,10.78895473,
Rwanda,2003,RWA,4.983618677522452,12.454895019999999,
Rwanda,2002,RWA,3.7860277080393163,3.70572662,
Rwanda,2023,RWA,7.858050608036242,8.923098559999998,15.02464008331299
Rwanda,2024,RWA,5.969534275655967,,14.19097995758057
Rwanda,2001,RWA,4.388946305469033,3.66130519,25.31314086914063
Samoa,2001,WSM,5.755745839173255,10.39145947,12.77033042907715
Samoa,2023,WSM,11.616986344146822,14.63303661,13.74215778569854
Samoa,2022,WSM,12.318314997730063,14.612712859999998,13.60028784624415
Samoa,2021,WSM,4.749616552699559,14.633056640000001,15.36419003988169
Samoa,2020,WSM,8.254020309698305,14.5670929,12.81194919965289
Samoa,2019,WSM,9.300348788436516,13.613756180000001,13.43494376785901
Samoa,2018,WSM,10.617210888983545,12.325143809999997,14.95538266968449
Samoa,2017,WSM,8.783963758434684,12.70851231,15.16972796096324
Samoa,2016,WSM,9.252271501741776,13.9399271,13.03890037536621
Samoa,2015,WSM,7.695089165416909,13.770232199999999,14.69388782500543
Samoa,2014,WSM,6.763951687659832,13.79793644,15.01105645050883
Samoa,2024,WSM,11.047618761676887,,12.87100790475802
Samoa,2013,WSM,6.0594980462332515,13.1184063,14.65286453685526
Samoa,2011,WSM,4.741117659411552,10.89130402,11.03494443700629
Samoa,2010,WSM,5.289290966312916,13.228796960000002,8.817218542851569
Samoa,2009,WSM,4.360676543944919,12.670886040000001,
Samoa,2008,WSM,4.247308790007457,12.518671989999998,16.06422996520996
Samoa,2007,WSM,3.9198340838937793,10.55648518,
Samoa,2006,WSM,4.86360378150165,12.417721750000002,
Samoa,2005,WSM,3.8848296073051696,10.404938699999999,
Samoa,2004,WSM,5.3116024668951,11.03975582,
Samoa,2003,WSM,5.49620876335646,9.873785970000002,
Samoa,2002,WSM,5.333711567813762,11.100323679999999,12.79380035400391
Samoa,2012,WSM,5.133269775663772,11.64214039,12.16064931430171
Samoa,2000,WSM,6.651702080833702,11.796875,10.46129989624023
Sao Tome and Principe,2019,STP,8.638398658721277,9.777804370000002,17.59244509009995
Sao Tome and Principe,2024,STP,1.4914377658926854,,18.08669695163878
Sao Tome and Principe,2023,STP,2.584796856592827,8.7735281,18.34500625165563
Sao Tome and Principe,2022,STP,4.592216712485803,8.344574929999999,17.08632851845202
Sao Tome and Principe,2021,STP,1.8974187292250286,13.14262199,16.58419120232069
Sao Tome and Principe,2020,STP,1.9795769549204727,12.803995129999999,16.12593579791158
Sao Tome and Principe,2018,STP,3.678659252705653,9.38566875,20.11654090881348
Sao Tome and Principe,2017,STP,3.145604160163463,10.76263332,18.39999961853027
Sao Tome and Principe,2015,STP,1.6092827711771724,4.936841009999999,11.29734039306641
Sao Tome and Principe,2014,STP,11.930263701588487,7.77581406,12.32466983795166
Sao Tome and Principe,2013,STP,5.4708435471214925,8.440089230000002,18.82966995239258
Sao Tome and Principe,2012,STP,9.703391302634493,4.56686974,13.72161960601807
Sao Tome and Principe,2011,STP,1.1854205788784649,4.30936193,11.38041578226418
Sao Tome and Principe,2016,STP,1.5763598557100924,8.002157209999998,15.96667957305908
Sao Tome and Principe,2009,STP,2.1023556503625143,3.2723731999999996,20.5607795715332
Sao Tome and Principe,2008,STP,3.59039554051089,4.01797581,18.24863052368164
Sao Tome and Principe,2007,STP,9.5579434356751,4.276384349999999,16.65735054016113
Sao Tome and Principe,2006,STP,14.835968816651743,1.6916550399999999,14.08423042297363
Sao Tome and Principe,2005,STP,8.191068151126576,11.518960949999999,12.12547969818115
Sao Tome and Principe,2004,STP,10.300630390558315,8.563590050000002,5.85359001159668
Sao Tome and Principe,2003,STP,8.899856597202676,11.67833424,6.692009925842285
Sao Tome and Principe,2002,STP,9.968400107476716,8.540808680000001,6.560440063476563
Sao Tome and Principe,2001,STP,7.745215407359823,7.026926040000001,
Sao Tome and Principe,2000,STP,41.030112715341865,32.571323389999996,
Sao Tome and Principe,2010,STP,1.4741927898007865,4.100284579999999,19.3274097442627
Senegal,2013,SEN,6.003986090983784,5.299931999999999,25.74234962463379
Senegal,2014,SEN,4.984843091345442,4.67551136,24.80130958557129
Senegal,2015,SEN,5.88468492804715,4.69870329,23.77827072143555
Senegal,2016,SEN,5.777190490255505,4.45693302,21.33736991882324
Senegal,2017,SEN,9.26480213117175,4.49900484,21.1016902923584
Senegal,2023,SEN,11.797817091582816,3.574546339999999,22.54717094722479
Senegal,2019,SEN,8.217770371528673,3.5002796599999995,14.69312000274658
Senegal,2021,SEN,15.080657286669997,3.8772430399999998,16.67687034606934
Senegal,2022,SEN,8.951856631364445,3.3444905300000003,16.49155044555664
Senegal,2012,SEN,5.640668823010378,5.3075590099999985,20.79524993896484
Senegal,2018,SEN,10.402150155096782,4.96151876,22.65928077697754
Senegal,2011,SEN,5.9620769017532735,5.628116610000001,21.08696937561035
Senegal,2020,SEN,11.309231091134771,5.84758186,19.21673965454102
Senegal,2009,SEN,4.050481428868078,6.660274029999998,23.30044937133789
Senegal,2008,SEN,3.4966105280248247,6.624814990000002,19.22613906860352
Senegal,2007,SEN,3.4289054630709637,5.9480786299999995,
Senegal,2006,SEN,6.339136101226825,8.266728400000002,17.95463943481445
Senegal,2005,SEN,6.212860190141086,8.544135090000001,21.77096939086914
Senegal,2004,SEN,15.245529103507577,8.96697044,16.96224975585938
Senegal,2003,SEN,12.696114918153107,9.04788303,16.11750984191895
Senegal,2002,SEN,16.43204602328239,8.636359209999998,16.72192001342773
Senegal,2001,SEN,15.692396906987776,9.010532379999997,15.72974014282227
Senegal,2000,SEN,21.67528604630227,8.959949490000001,17.61849021911621
Senegal,2024,SEN,17.3024828771563,,
Senegal,2010,SEN,4.231134125545831,5.35332537,2.510600090026855
Serbia,2001,SRB,1.116474483328436,13.56817055,
Serbia,2002,SRB,1.3468076519224337,13.56817055,
Serbia,2014,SRB,7.328312369495318,12.021265029999999,
Serbia,2024,SRB,11.214390422789977,,
Serbia,2023,SRB,7.25852728403394,12.96566105,8.383540153503418
Serbia,2022,SRB,6.900822576683072,13.953868870000003,7.449689865112305
Serbia,2021,SRB,8.200198199829128,13.6076746,7.086689949035645
Serbia,2020,SRB,10.480297279595467,10.999547,
Serbia,2019,SRB,15.058067944277,12.030676839999998,8.604599952697754
Serbia,2018,SRB,14.791732045637776,12.448494909999999,8.804280281066895
Serbia,2017,SRB,15.650708111781137,11.788332940000002,9.256460189819336
Serbia,2016,SRB,9.51068854711231,11.648644449999997,8.69299030303955
Serbia,2015,SRB,8.39978752456727,11.918011669999999,
Serbia,2003,SRB,1.876385277483585,13.563518520000002,
Serbia,2013,SRB,8.58110146520878,13.174777030000001,
Serbia,2012,SRB,5.403798127603428,12.839070320000001,
Serbia,2011,SRB,3.889287046874628,13.378961559999999,10.17957019805908
Serbia,2010,SRB,3.787413045078679,13.561466219999996,
Serbia,2009,SRB,2.6197478421912312,13.469726559999998,10.48217964172363
Serbia,2008,SRB,2.263914706663858,12.929559709999998,
Serbia,2007,SRB,3.269767793180342,13.558921809999998,9.976639747619629
Serbia,2006,SRB,3.9266264316814183,12.532203670000001,
Serbia,2005,SRB,2.606703805847092,13.61884022,
Serbia,2004,SRB,2.1642453425697084,13.705598830000003,
Sierra Leone,2000,SLE,12.030225578760616,5.450975420000001,20.72999954223633
Sierra Leone,2001,SLE,8.369939415035267,5.450975420000001,17.96999931335449
Sierra Leone,2024,SLE,5.56389639638337,,19.95918997330075
Sierra Leone,2003,SLE,6.0119841934193365,5.450975420000001,17.31999969482422
Sierra Leone,2023,SLE,7.095428335461171,4.4684481599999994,
Sierra Leone,2022,SLE,5.646581502986918,4.4684481599999994,29.3700008392334
Sierra Leone,2021,SLE,4.830676369237249,5.666900629999999,33.42000198364258
Sierra Leone,2020,SLE,5.087962837964528,5.30239677,34.2400016784668
Sierra Leone,2019,SLE,5.7887715620362785,5.84172201,35.0099983215332
Sierra Leone,2018,SLE,4.0450294430654665,3.5992188500000006,32.72999954223633
Sierra Leone,2017,SLE,4.403078883766713,3.6321120299999996,19.88999938964844
Sierra Leone,2016,SLE,3.8672478295441874,4.44511318,12.47000026702881
Sierra Leone,2015,SLE,2.466579058754629,6.205217839999999,
Sierra Leone,2002,SLE,5.251086981913333,5.450975420000001,17.69999885559082
Sierra Leone,2014,SLE,2.5394909148915663,7.579884530000001,15.09000015258789
Sierra Leone,2012,SLE,1.7369895410827352,4.75321102,14.13000011444092
Sierra Leone,2011,SLE,2.059415905788763,5.35433006,12.40999984741211
Sierra Leone,2010,SLE,1.6885298328592233,6.5142416999999995,12.79999923706055
Sierra Leone,2009,SLE,1.6490364891127718,5.60554171,15.90000057220459
Sierra Leone,2008,SLE,1.3107459077728907,4.41303635,14.92999935150146
Sierra Leone,2007,SLE,3.365055974210524,5.450975420000001,19.75
Sierra Leone,2006,SLE,5.789164725679176,5.450975420000001,
Sierra Leone,2005,SLE,4.659740163484536,5.450975420000001,15.51000022888184
Sierra Leone,2004,SLE,7.120104163581688,5.450975420000001,17.14999961853027
Sierra Leone,2013,SLE,2.1989550847738397,5.15012884,15.19999980926514
Solomon Islands,2002,SLB,2.5403239975303467,34.48480606,
Solomon Islands,2001,SLB,2.351375464567981,33.21530533,
Solomon Islands,2003,SLB,10.13101674404802,35.179798129999995,
Solomon Islands,2000,SLB,4.552036443540914,23.80240631,
Solomon Islands,2018,SLB,1.0538242153380115,8.50990391,
Solomon Islands,2024,SLB,1.0881564243582562,,25.22878488543724
Solomon Islands,2023,SLB,0.926311035083241,8.40792561,23.19963245685154
Solomon Islands,2022,SLB,0.952948769005417,8.149282459999998,25.78161745826794
Solomon Islands,2019,SLB,1.0798577197291381,9.153508190000002,
Solomon Islands,2017,SLB,1.050088553350514,7.666484829999999,
Solomon Islands,2021,SLB,1.129608238757624,9.138154980000001,25.99682636108489
Solomon Islands,2016,SLB,1.393625473926157,7.96234083,
Solomon Islands,2015,SLB,1.1895865183977412,7.402406220000001,
Solomon Islands,2013,SLB,1.4467805571328378,6.638446330000001,
Solomon Islands,2014,SLB,1.4663081830156504,7.421526909999999,
Solomon Islands,2011,SLB,2.9110536033796235,10.618879320000001,
Solomon Islands,2020,SLB,1.0161968674433128,8.973810199999999,30.49439159197995
Solomon Islands,2010,SLB,5.093782343340583,12.317749980000004,33.12895965576172
Solomon Islands,2009,SLB,4.550745465530129,12.50418663,29.35206985473633
Solomon Islands,2008,SLB,8.012949720157682,11.70896435,28.40707969665527
Solomon Islands,2007,SLB,7.809025454987882,20.93453407,34.68080902099609
Solomon Islands,2006,SLB,3.7988208075146175,26.3789711,
Solomon Islands,2005,SLB,9.147927217358278,37.61906815,
Solomon Islands,2012,SLB,2.316709086826104,10.03662777,
Solomon Islands,2004,SLB,8.228555583990877,33.372295380000004,
"Somalia, Fed. Rep.",2014,SOM,0.0,4.1115641599999995,
"Somalia, Fed. Rep.",2013,SOM,0.0,5.762828830000001,
"Somalia, Fed. Rep.",2015,SOM,0.0,5.251731870000001,1.421131717311304
"Somalia, Fed. Rep.",2017,SOM,0.0,4.7264437699999995,2.223461869229261
"Somalia, Fed. Rep.",2018,SOM,0.0,4.083561899999999,2.961797677124395
"Somalia, Fed. Rep.",2019,SOM,0.0,4.136495590000001,4.287322881221026
"Somalia, Fed. Rep.",2020,SOM,101.8780205720339,4.212816720000001,2.99771462084585
"Somalia, Fed. Rep.",2021,SOM,3.616938434782609,7.1242857,3.650244490654222
"Somalia, Fed. Rep.",2022,SOM,2.1352863055555558,4.42007399,2.762152554394516
"Somalia, Fed. Rep.",2024,SOM,0.6030588044692737,,6.955547596212627
"Somalia, Fed. Rep.",2016,SOM,0.0,5.7761182799999995,1.314840640059248
"Somalia, Fed. Rep.",2023,SOM,2.185157721691678,7.904469970000001,3.591566981105978
South Africa,2015,ZAF,15.194440506489034,15.237735749999995,18.69935035705566
South Africa,2017,ZAF,4.85977466041652,15.28983974,18.71928977966309
South Africa,2000,ZAF,6.753272625995748,11.855307579999998,0.0
South Africa,2001,ZAF,8.692504944103723,10.622845649999999,20.47204971313477
South Africa,2002,ZAF,6.648726509797487,10.379812240000001,20.09569931030273
South Africa,2003,ZAF,5.235649183545457,12.33823776,19.59230041503906
South Africa,2004,ZAF,3.438674922054849,12.029251099999996,19.93462944030762
South Africa,2005,ZAF,5.62395409766888,10.91880608,19.92498970031738
South Africa,2006,ZAF,5.7893187369683625,13.095091819999999,18.00498962402344
South Africa,2007,ZAF,3.354183305862599,13.509318349999997,18.02706909179688
South Africa,2008,ZAF,3.842224941801753,13.01471424,17.90630912780762
South Africa,2009,ZAF,3.379380933759514,13.369973180000002,18.30625915527344
South Africa,2010,ZAF,2.7400905333624324,14.115259169999998,18.04437065124512
South Africa,2011,ZAF,2.9315118979245858,14.67442226,18.66229057312012
South Africa,2012,ZAF,4.812609661447884,14.467313769999999,19.66995048522949
South Africa,2016,ZAF,5.883646863383288,15.28983974,18.04874038696289
South Africa,2013,ZAF,7.2669476836556415,14.337916369999999,18.69659996032715
South Africa,2014,ZAF,3.9639084311149695,14.9161272,18.98916053771973
South Africa,2022,ZAF,10.528473012085882,16.88567543,18.89266014099121
South Africa,2018,ZAF,12.855028228544537,15.28983974,18.90159034729004
South Africa,2019,ZAF,6.2799673622821155,15.28983974,19.60577011108398
South Africa,2020,ZAF,9.503343240103236,16.88567543,19.65570068359375
South Africa,2021,ZAF,8.265362344861842,16.88567543,18.93695068359375
South Africa,2023,ZAF,8.086617997647123,16.88567543,19.17062950134277
South Africa,2024,ZAF,6.752664068523649,,18.51523017883301
Sri Lanka,2011,LKA,8.25113407575729,7.9651293800000005,9.110159873962402
Sri Lanka,2012,LKA,14.31036154639345,8.063390729999998,8.39402961730957
Sri Lanka,2014,LKA,23.700040037763305,9.03347492,10.82396030426025
Sri Lanka,2015,LKA,14.934477899747204,8.40127754,10.95026016235352
Sri Lanka,2016,LKA,13.167058844545965,8.56482697,17.728759765625
Sri Lanka,2017,LKA,20.478439393964678,7.637226100000001,14.49975967407227
Sri Lanka,2018,LKA,26.76764116076429,9.485338209999998,11.33090019226074
Sri Lanka,2013,LKA,10.404351197384749,10.100180629999999,9.419949531555176
Sri Lanka,2019,LKA,28.678876141603688,8.91490173,
Sri Lanka,2020,LKA,23.33172569616216,9.739577290000001,5.468591600836235
Sri Lanka,2021,LKA,23.395122654606688,11.307534219999999,5.038812340874119
Sri Lanka,2022,LKA,14.535699250895473,8.208997729999998,5.345830425661076
Sri Lanka,2023,LKA,9.461592369815282,6.329810139999999,8.67846709056539
Sri Lanka,2024,LKA,14.223666657854528,,7.222699914015478
Sri Lanka,2010,LKA,10.402081375481607,7.834822180000001,8.605660438537598
Sri Lanka,2009,LKA,10.607250923744116,7.83871508,8.270790100097656
Sri Lanka,2007,LKA,9.586519698407479,9.326903340000001,
Sri Lanka,2000,LKA,14.203903698253354,10.137949940000002,
Sri Lanka,2006,LKA,10.032901067750526,9.56101894,
Sri Lanka,2005,LKA,5.349757039836315,10.13588715,
Sri Lanka,2004,LKA,11.561045940789388,11.049073220000002,
Sri Lanka,2003,LKA,11.207851779960452,10.382929800000003,
Sri Lanka,2002,LKA,12.159787519598298,10.37383842,
Sri Lanka,2001,LKA,12.24846937339421,9.517231940000002,
Sri Lanka,2008,LKA,10.949475188307032,8.72877598,
St. Lucia,2006,LCA,9.853090180403543,6.310676099999999,19.01137924194336
St. Lucia,2013,LCA,8.320549858820858,8.15996075,13.84786033630371
St. Lucia,2017,LCA,9.108513165647846,8.7464056,14.09973625126395
St. Lucia,2012,LCA,9.73948979977217,7.283937450000001,12.19244956970215
St. Lucia,2005,LCA,9.254005490449273,6.1630129799999995,16.30697059631348
St. Lucia,2010,LCA,10.699953703464265,6.981131080000002,14.20207977294922
St. Lucia,2009,LCA,12.220076550612745,7.39783144,13.89531993865967
St. Lucia,2007,LCA,13.989009074959363,6.902073859999999,
St. Lucia,2008,LCA,15.233625331925623,7.2154650700000005,19.9433708190918
St. Lucia,2011,LCA,10.216056587224346,6.730288509999999,13.83675956726074
St. Lucia,2004,LCA,8.240756541334731,6.864689349999999,15.04104042053223
St. Lucia,2018,LCA,9.187784535853678,8.518118859999998,14.30671977996826
St. Lucia,2002,LCA,8.057857423255864,7.76684618,
St. Lucia,2001,LCA,11.063380816495458,8.09102249,25.85462951660156
St. Lucia,2000,LCA,14.163251620354538,8.085531229999999,
St. Lucia,2014,LCA,8.367862016956225,8.1174612,15.30152034759521
St. Lucia,2016,LCA,10.29683935943445,8.515809059999999,21.97570037841797
St. Lucia,2024,LCA,11.392714411575449,,13.84879365079365
St. Lucia,2023,LCA,10.08127240512103,9.786120409999999,11.99497985839844
St. Lucia,2022,LCA,9.10021473069866,9.877491000000001,16.89816093444824
St. Lucia,2021,LCA,8.50935564686591,10.01902866,14.46758634149414
St. Lucia,2020,LCA,8.026837721293624,8.599604609999998,14.39326953887939
St. Lucia,2019,LCA,8.72354951055648,8.279419899999999,14.0734395980835
St. Lucia,2003,LCA,11.703374550640453,7.162528510000001,15.42216014862061
St. Lucia,2015,LCA,15.423136608597643,8.40323257,16.45298004150391
St. Vincent and the Grenadines,2020,VCT,14.181725477982003,9.96682358,13.0
St. Vincent and the Grenadines,2023,VCT,8.878196104943617,7.88985729,12.8554647399902
St. Vincent and the Grenadines,2021,VCT,9.569734673700667,9.59724998,
St. Vincent and the Grenadines,2019,VCT,16.474536464562874,9.85360909,
St. Vincent and the Grenadines,2018,VCT,18.9597270591663,10.646690370000002,19.8603401184082
St. Vincent and the Grenadines,2017,VCT,17.5513405030131,10.105023379999999,20.19763946533203
St. Vincent and the Grenadines,2016,VCT,18.206825193024613,9.55696583,20.14841079711914
St. Vincent and the Grenadines,2015,VCT,14.948432941912415,9.153489109999999,17.2
St. Vincent and the Grenadines,2014,VCT,12.564162734746384,8.326664919999999,
St. Vincent and the Grenadines,2013,VCT,14.070490948290606,9.072203640000001,
St. Vincent and the Grenadines,2012,VCT,18.74035194004693,10.48249531,
St. Vincent and the Grenadines,2011,VCT,16.51405696836223,8.159682270000001,
St. Vincent and the Grenadines,2010,VCT,16.05743189287182,8.20729446,15.48563003540039
St. Vincent and the Grenadines,2009,VCT,16.34659980952074,8.065423970000001,17.33849906921387
St. Vincent and the Grenadines,2008,VCT,14.554154145796302,8.15413094,
St. Vincent and the Grenadines,2007,VCT,14.380057623693416,7.859575749999999,20.03841018676758
St. Vincent and the Grenadines,2006,VCT,19.90115111284608,8.33322239,
St. Vincent and the Grenadines,2005,VCT,15.25824638571056,9.00889111,22.59198951721191
St. Vincent and the Grenadines,2004,VCT,14.13709130743294,9.933197980000001,
St. Vincent and the Grenadines,2003,VCT,10.42400962325338,10.121815680000001,31.47550964355469
St. Vincent and the Grenadines,2002,VCT,9.399781176694168,10.86500263,28.70130920410156
St. Vincent and the Grenadines,2001,VCT,10.642504178716123,11.23740292,
St. Vincent and the Grenadines,2000,VCT,11.022521092574431,11.68052864,30.78919982910156
St. Vincent and the Grenadines,2022,VCT,8.996510324926518,8.70174885,15.2270812769575
St. Vincent and the Grenadines,2024,VCT,9.085589975154837,,12.62687748820431
Sudan,2023,SDN,5.243888365431934,7.146174429999999,
Sudan,2000,SDN,13.593416786056514,11.77479267,9.116889953613281
Sudan,2022,SDN,2.83902493820678,4.6226062799999985,
Sudan,2020,SDN,3.6829372386443717,9.54511547,
Sudan,2019,SDN,3.039142750119673,5.55815172,
Sudan,2018,SDN,3.6889112305318585,6.17103291,
Sudan,2017,SDN,3.7398229477279927,8.324994090000002,
Sudan,2016,SDN,4.363392383843903,12.92873669,
Sudan,2015,SDN,6.436452088290531,6.66369581,
Sudan,2014,SDN,3.0297701805890003,10.61807156,
Sudan,2013,SDN,3.52961626182673,7.517609599999998,
Sudan,2012,SDN,4.397254445264921,9.06086254,
Sudan,2011,SDN,4.292903273449052,7.035676959999998,
Sudan,2010,SDN,4.244736674147397,9.48801804,
Sudan,2009,SDN,4.6658038690872665,14.019545560000001,10.78182029724121
Sudan,2008,SDN,2.258143433813421,8.78631306,9.392780303955078
Sudan,2007,SDN,2.634288731421106,10.46531487,
Sudan,2006,SDN,3.0893876110119334,9.4422226,8.25316047668457
Sudan,2005,SDN,4.79511516121352,8.099486350000001,5.966800212860107
Sudan,2004,SDN,6.444873061235554,9.52674675,7.949240207672119
Sudan,2003,SDN,9.206987717709785,10.071520809999999,
Sudan,2002,SDN,6.181510384599374,10.707191470000001,11.04489040374756
Sudan,2001,SDN,11.619683448380453,11.368736269999996,
Sudan,2024,SDN,8.266760991448686,,
Sudan,2021,SDN,48.8001973660623,7.861412049999998,
Suriname,2022,SUR,7.820180807468298,14.050548550000002,10.9554367201426
Suriname,2023,SUR,12.6916731271547,11.5488596,7.536292151822169
Suriname,2015,SUR,3.418273983686209,10.856288909999998,11.37659899072879
Suriname,2016,SUR,15.948709106690412,13.708869930000006,16.07541860914182
Suriname,2017,SUR,12.823435297207622,11.39440918,17.32357800330422
Suriname,2018,SUR,15.27536735066052,17.12870979,14.72417251755266
Suriname,2019,SUR,11.217572366723678,15.045205119999997,15.27698863636364
Suriname,2020,SUR,11.370489846830118,13.350059509999998,13.94234545597361
Suriname,2021,SUR,9.188561992882327,10.20583725,11.78294573643411
Suriname,2024,SUR,15.994013170906666,,8.553004298996902
Syrian Arab Republic,2009,SYR,4.286665837368261,5.95036459,19.18404960632324
Syrian Arab Republic,2010,SYR,3.605491950407113,5.12483168,
Syrian Arab Republic,2008,SYR,5.674649410290864,6.838247779999999,20.04079055786133
Tajikistan,2017,TJK,5.893590017410247,5.885677339999999,18.14115030542452
Tajikistan,2014,TJK,5.207205930501161,7.562455179999999,17.79638391116646
Tajikistan,2015,TJK,5.030416648608535,6.409376620000001,16.3986701965332
Tajikistan,2016,TJK,6.454971597045803,6.09424782,17.03836344891204
Tajikistan,2018,TJK,8.346146365388902,6.144578929999999,15.88862268984674
Tajikistan,2020,TJK,6.936774533702077,7.3759446099999995,17.29742307954632
Tajikistan,2021,TJK,8.906132075663676,7.020937919999999,15.04331613819054
Tajikistan,2022,TJK,9.1806802737324,6.391790870000001,18.3473626996201
Tajikistan,2023,TJK,7.762490617086813,6.138509749999999,17.22547497292963
Tajikistan,2024,TJK,7.00078629464709,,19.25516240406395
Tajikistan,2013,TJK,5.470162454442722,6.867308619999998,17.3689571897652
Tajikistan,2019,TJK,8.534702129110553,6.58593607,18.22823856874412
Tajikistan,2012,TJK,5.561816935525834,6.503019329999999,16.24967956542969
Tajikistan,2011,TJK,3.967193525630867,5.375976089999999,16.20780944824219
Tajikistan,2010,TJK,4.1092762429389085,4.56338024,15.49219989776611
Tajikistan,2009,TJK,5.0060250126631045,4.59137583,17.35973930358887
Tajikistan,2008,TJK,7.540883308270501,6.78862953,17.2426700592041
Tajikistan,2007,TJK,6.266935186613258,5.30023098,16.82249069213867
Tajikistan,2006,TJK,8.973925148876257,4.3291769,15.84657001495361
Tajikistan,2005,TJK,8.643367636165907,4.3151516899999995,15.33973026275635
Tajikistan,2004,TJK,13.32383935637621,4.4186048499999995,13.70965957641602
Tajikistan,2003,TJK,12.939402945422493,4.03528118,12.70823955535889
Tajikistan,2002,TJK,14.370424675624902,4.21875,14.63924980163574
Tajikistan,2001,TJK,17.660267459877364,5.05747128,14.00712966918945
Tajikistan,2000,TJK,11.575669168544037,4.8929662700000005,12.72385025024414
Tanzania,2010,TZA,1.4036634488100357,7.32137966,19.8020191192627
Tanzania,2009,TZA,0.93422000922952,7.583961489999998,17.68234062194824
Tanzania,2008,TZA,0.6892803277550402,12.485500340000002,18.94046974182129
Tanzania,2007,TZA,1.1419058707039726,10.88657188,19.4492301940918
Tanzania,2006,TZA,2.200435994495895,13.508828160000002,15.01506996154785
Tanzania,2000,TZA,9.520245817478443,6.052000519999999,
Tanzania,2004,TZA,3.2583492471339044,11.553483009999999,19.49263954162598
Tanzania,2003,TZA,3.36447663197739,9.708517070000001,
Tanzania,2002,TZA,5.136949301837725,9.78842449,
Tanzania,2001,TZA,8.406118902114189,8.79931068,
Tanzania,2011,TZA,1.2591173163237415,6.762119290000001,17.61824331453819
Tanzania,2005,TZA,2.307882334584717,12.619913100000002,18.14314079284668
Tanzania,2012,TZA,1.2842995081118806,6.00571394,16.87873519645095
Tanzania,2013,TZA,1.91919552512931,6.30686235,19.11519213018508
Tanzania,2024,TZA,12.001212727100834,,13.40809811638705
Tanzania,2014,TZA,2.7700486035275094,6.93784666,17.29710006713867
Tanzania,2015,TZA,4.061465446016484,7.330629350000001,17.63455049746813
Tanzania,2016,TZA,7.317165881010979,9.52143383,17.20423195750261
Tanzania,2017,TZA,7.89677222950012,9.52143383,24.39653968811035
Tanzania,2018,TZA,9.63314317158177,9.414731980000001,20.50494003295898
Tanzania,2019,TZA,11.019483931951344,9.438010219999999,14.2921084679586
Tanzania,2020,TZA,12.04116564559881,4.940001490000001,13.62855799097489
Tanzania,2021,TZA,11.457115641521456,5.135169979999999,13.53700810698688
Tanzania,2022,TZA,10.971261884329923,5.135169979999999,14.33210929641049
Tanzania,2023,TZA,12.279741106463128,5.135169979999999,13.70423764362136
Thailand,2022,THA,1.5663317016377438,16.01324844,14.64165161290322
Thailand,2021,THA,0.9152663362659176,13.70460606,14.69172283427898
Thailand,2020,THA,5.410468477134351,12.153778079999999,15.431959375
Thailand,2019,THA,2.0663459977138,13.280451769999999,17.01423333333333
Thailand,2018,THA,1.5762712567075918,13.123561859999999,17.16620983606557
Thailand,2023,THA,4.873067895241368,15.55608273,14.18629827315542
Thailand,2016,THA,0.9187398089528706,13.580285069999997,19.80216498559078
Thailand,2015,THA,2.4136671662412397,12.47859097,20.62309902912622
Thailand,2014,THA,2.289600780840263,12.662229540000002,20.5354099009901
Thailand,2011,THA,1.8432756866361228,12.84227848,22.63023948669434
Thailand,2017,THA,0.8776092304561411,13.10431576,18.36236743072186
Thailand,2024,THA,2.960106636390251,,13.09098850574713
Thailand,2012,THA,1.3385212895165821,12.640997890000003,21.39679908752441
Thailand,2010,THA,1.363196649651047,11.564141269999997,16.22262001037598
Thailand,2000,THA,19.68445448638047,9.24875259,28.38859939575195
Thailand,2001,THA,21.507094069642775,8.37690735,24.24134063720703
Thailand,2002,THA,23.808298323296793,8.71551132,16.22293090820313
Thailand,2003,THA,26.91666774603257,11.456794740000001,20.8663501739502
Thailand,2004,THA,15.102802661259837,10.713467599999998,21.45767021179199
Thailand,2005,THA,8.583867475534495,10.5017271,20.54681968688965
Thailand,2006,THA,7.7457366273997295,12.11568642,22.0027904510498
Thailand,2007,THA,4.02648942369318,12.384465220000001,18.48467063903809
Thailand,2008,THA,4.831967752697478,13.49731636,18.16284942626953
Thailand,2009,THA,1.7277784582490112,12.45869255,18.17830085754395
Thailand,2013,THA,2.5637311717212135,12.163231849999999,19.12552070617676
Timor-Leste,2023,TLS,1.4024868318042814,9.16237926,
Timor-Leste,2014,TLS,0.010958904109589041,3.718555450000001,6.772870063781738
Timor-Leste,2015,TLS,0.019371391917896087,4.50545216,8.636969566345215
Timor-Leste,2016,TLS,0.044021739130434785,3.0717392000000006,7.246910095214844
Timor-Leste,2017,TLS,0.12516268980477224,5.14604425,8.217690467834473
Timor-Leste,2018,TLS,0.2375657400450789,4.621151450000001,8.005629539489746
Timor-Leste,2019,TLS,0.5050071530758227,4.193409920000001,6.869692216372372
Timor-Leste,2020,TLS,0.603267288389513,6.59020758,6.956637108994876
Timor-Leste,2021,TLS,0.5785157427536232,6.970731259999999,7.470769802551831
Timor-Leste,2022,TLS,0.8556052913631633,8.902881620000002,
Timor-Leste,2013,TLS,0.0035022354694485844,4.624441150000001,5.893179893493652
Timor-Leste,2024,TLS,1.3301397430289776,,6.275140230587752
Togo,2002,TGO,1.3463540859479144,4.051334379999999,30.70002937316895
Togo,2024,TGO,8.887213246320172,,11.64543515210437
Togo,2003,TGO,1.3042219400400072,4.242087840000001,27.75642967224121
Togo,2004,TGO,1.3500358229130043,4.205553529999999,21.83069038391113
Togo,2005,TGO,2.0318694014916088,3.8008155799999996,17.67807960510254
Togo,2006,TGO,3.6867076881670036,3.83191919,17.28664970397949
Togo,2007,TGO,1.0329415470507868,4.344953540000001,18.15452003479004
Togo,2008,TGO,33.734935103729704,4.84371662,19.24566078186035
Togo,2009,TGO,7.808777292319475,4.7768583300000005,19.37198066711426
Togo,2010,TGO,5.1060198341976655,7.4458599099999985,19.61576080322266
Togo,2011,TGO,1.5966500926866616,5.66925287,16.90378952026367
Togo,2000,TGO,6.081859572352725,2.4448416200000005,24.42370986938477
Togo,2013,TGO,4.082711677433345,4.68965626,15.49767971038818
Togo,2014,TGO,3.4725962690621497,4.55810213,15.63267993927002
Togo,2015,TGO,3.383978571544112,4.03825331,16.21163940429688
Togo,2016,TGO,4.76556997751199,4.2586369500000005,15.99131011962891
Togo,2017,TGO,7.280597984135438,6.450406070000001,23.14003944396973
Togo,2018,TGO,6.258799123841481,5.4890213,21.76909065246582
Togo,2019,TGO,7.476522177594061,5.381740089999999,19.23478396953854
Togo,2020,TGO,5.028345169852568,3.8512246599999997,18.14345287396986
Togo,2021,TGO,6.114916677723281,2.5608844799999995,17.45342364551913
Togo,2022,TGO,8.92779848921528,2.5608844799999995,14.47581978700893
Togo,2023,TGO,7.558152982369642,2.5608844799999995,14.82360413302916
Togo,2001,TGO,8.587251812042053,2.9947822100000003,25.73135948181152
Togo,2012,TGO,2.3057380046080405,6.10906744,17.68042945861816
Tonga,2002,TON,8.710565105043768,12.137666699999997,15.82658004760742
Tonga,2024,TON,14.986898798492238,,9.32964222353637
Tonga,2023,TON,6.696028192611167,7.062358379999999,8.442249580302184
Tonga,2022,TON,4.691476086301423,8.654248240000001,9.76537216828479
Tonga,2021,TON,2.0609554578094125,7.3447637599999975,10.1174321653832
Tonga,2020,TON,3.144219713564894,7.881091590000001,10.73154864869994
Tonga,2019,TON,2.776398450751686,7.5142416999999995,12.99594240349265
Tonga,2018,TON,4.982082381100525,8.06625938,11.27844772078499
Tonga,2016,TON,3.9473749438035775,8.031248090000002,
Tonga,2015,TON,3.9239597880310693,7.38243437,
Tonga,2014,TON,4.72059585720093,9.176876070000002,
Tonga,2013,TON,4.2551227721440235,8.108627320000002,
Tonga,2012,TON,4.65398844295226,8.685415270000002,
Tonga,2017,TON,3.0500856564122243,7.324023250000001,11.07814541206856
Tonga,2010,TON,4.8091337566225185,10.06633854,
Tonga,2009,TON,5.1420958413122575,12.71696186,
Tonga,2008,TON,6.609045316498016,12.08120918,
Tonga,2007,TON,6.739144748201439,13.68093872,
Tonga,2006,TON,5.3727216830401066,11.15502167,
Tonga,2005,TON,9.3695414224538,13.109792709999999,
Tonga,2004,TON,9.48944629531324,12.73838425,19.09716987609863
Tonga,2003,TON,8.867697996238551,12.088766099999997,18.61911964416504
Tonga,2001,TON,7.621090763854775,12.73616314,22.10918045043945
Tonga,2000,TON,11.111656897348606,11.413064959999996,22.95586013793945
Tonga,2011,TON,4.422552381804168,8.39936638,
Tunisia,2014,TUN,12.669100361260819,13.54343796,
Tunisia,2015,TUN,12.61899195818676,12.179168699999998,22.66534042358398
Tunisia,2016,TUN,13.670229261701468,12.515083309999998,
Tunisia,2017,TUN,18.399525371086018,11.561422349999997,
Tunisia,2018,TUN,15.713248457738318,10.78331375,
Tunisia,2023,TUN,15.41027120509769,12.100215910000001,18.10789713042393
Tunisia,2020,TUN,16.40211890754952,12.48706436,20.81347541533815
Tunisia,2021,TUN,22.548909017767294,12.38628578,19.75151556248728
Tunisia,2022,TUN,17.14766462592032,10.83969498,19.97026247720816
Tunisia,2013,TUN,12.517723533640723,12.498271940000002,
Tunisia,2019,TUN,20.141114675367504,12.078944209999998,17.64667720415611
Tunisia,2012,TUN,15.901281869075584,12.638530730000003,20.99101066589355
Tunisia,2003,TUN,22.294873656387583,11.407844540000001,27.68428993225098
Tunisia,2010,TUN,17.66208299630469,13.031821249999998,24.84683036804199
Tunisia,2009,TUN,16.444215529928417,12.0754261,25.26201057434082
Tunisia,2008,TUN,15.307202489440588,11.841457370000004,25.25867080688477
Tunisia,2007,TUN,22.354289517064053,11.847336769999997,26.42863082885742
Tunisia,2006,TUN,26.573659230320324,11.73456955,26.86130905151367
Tunisia,2005,TUN,22.057865749451906,11.35010338,26.6956901550293
Tunisia,2004,TUN,25.43282729702997,11.54679012,27.83381080627441
Tunisia,2002,TUN,23.420822645915486,10.98641014,22.88013076782227
Tunisia,2001,TUN,22.38934146347433,10.575681690000001,24.64776039123535
Tunisia,2000,TUN,32.18964142181644,10.54292107,24.5917797088623
Tunisia,2024,TUN,19.024095475242326,,17.80989549368782
Tunisia,2011,TUN,17.39278270732419,12.386133190000002,
Turkiye,2000,TUR,9.02988355738211,7.1863274599999984,
Turkiye,2001,TUR,12.906044632618139,7.464413640000001,
Turkiye,2013,TUR,2.9808774428733793,10.16183186,12.89196968078613
Turkiye,2023,TUR,6.471894475906204,9.78045368,
Turkiye,2022,TUR,8.636725636293077,10.18368053,11.32629013061523
Turkiye,2021,TUR,9.250810912034224,11.488198280000002,11.30918025970459
Turkiye,2020,TUR,7.369264144911555,10.49731636,11.63362979888916
Turkiye,2019,TUR,6.875237735785587,9.53611851,12.52369976043701
Turkiye,2018,TUR,5.785213406966484,9.29888058,12.53085994720459
Turkiye,2017,TUR,5.99698208881105,9.960300449999998,13.25858020782471
Turkiye,2016,TUR,4.404530433868267,9.94375896,13.69145965576172
Turkiye,2015,TUR,3.883202190210781,9.90802383,13.26185035705566
Turkiye,2014,TUR,3.832665015391168,10.290031429999999,13.52735042572021
Turkiye,2002,TUR,10.31005421873304,8.636954309999997,
Turkiye,2012,TUR,3.4996200109553945,10.30854511,12.85289001464844
Turkiye,2011,TUR,4.106778509602108,11.221045490000002,12.86585998535156
Turkiye,2010,TUR,3.886732989511532,11.037673950000002,
Turkiye,2009,TUR,4.712172912483933,11.880593300000001,
Turkiye,2008,TUR,4.95601777061669,11.25649643,
Turkiye,2007,TUR,5.282332528300777,10.952284809999998,
Turkiye,2006,TUR,5.7924173164734585,10.55690098,
Turkiye,2005,TUR,7.769624441270399,10.324464800000001,
Turkiye,2004,TUR,8.637096813061392,10.18661499,
Turkiye,2003,TUR,10.241589219747414,9.29146957,
Turkiye,2024,TUR,6.690880696950466,,
Turkmenistan,2024,TKM,9.513303044500205,,27.62454986572266
Turkmenistan,2000,TKM,37.05616386566182,13.335981369999999,
Turkmenistan,2002,TKM,32.555432453951624,13.472137449999996,
Turkmenistan,2022,TKM,14.994292206129439,8.46009445,28.68071937561035
Turkmenistan,2021,TKM,24.580966963965647,8.68343639,29.08345031738281
Turkmenistan,2020,TKM,33.75316060894549,8.70857811,27.99839973449707
Turkmenistan,2019,TKM,35.00632937082923,8.71422386,23.01025009155273
Turkmenistan,2018,TKM,32.16056964763217,8.71407223,
Turkmenistan,2017,TKM,25.303318499598497,8.71392441,
Turkmenistan,2016,TKM,29.311504699614026,8.713675500000003,
Turkmenistan,2015,TKM,23.48654642029107,8.711454390000002,
Turkmenistan,2014,TKM,20.890298034954906,8.713743209999999,
Turkmenistan,2001,TKM,34.750104284867625,13.359631540000004,
Turkmenistan,2013,TKM,6.609278600773819,8.70965767,
Turkmenistan,2011,TKM,5.9809782954572,8.70032692,
Turkmenistan,2010,TKM,5.930131023804425,8.7116909,
Turkmenistan,2009,TKM,6.321906973453946,8.706227300000004,
Turkmenistan,2008,TKM,7.288497280004699,8.709638600000002,
Turkmenistan,2007,TKM,5.566557380429535,10.32131672,
Turkmenistan,2006,TKM,6.887662095746093,10.335492129999997,
Turkmenistan,2005,TKM,6.703353848649737,10.27287388,
Turkmenistan,2004,TKM,13.881114265442775,12.82281208,
Turkmenistan,2003,TKM,18.51406431928759,13.997389790000003,
Turkmenistan,2012,TKM,5.833191471276365,8.70549202,20.79550933837891
Turkmenistan,2023,TKM,13.170812418641434,8.61905384,19.10349082946777
Uganda,2000,UGA,3.9664373722429773,8.330764769999998,10.3548698425293
Uganda,2001,UGA,2.3862647025168684,8.330764769999998,
Uganda,2002,UGA,3.4544934075494043,8.748105050000001,
Uganda,2018,UGA,5.8241498439460315,4.168115139999999,11.25364971160889
Uganda,2024,UGA,12.179353458003494,,
Uganda,2023,UGA,10.611276234974376,4.860398770000001,
Uganda,2022,UGA,8.4799442600011,4.860398770000001,8.482364332061273
Uganda,2021,UGA,7.546426221278808,5.353579999999999,8.21456053372555
Uganda,2020,UGA,4.761640401160281,5.554035659999999,8.528804654958815
Uganda,2019,UGA,4.060417145278062,3.1388299500000008,8.89710752279272
Uganda,2017,UGA,3.4501700365768544,3.9216382499999995,12.19733047485352
Uganda,2016,UGA,2.211692821929967,5.17819309,12.46916961669922
Uganda,2014,UGA,2.027234414792936,7.008980749999999,11.70491027832031
Uganda,2013,UGA,1.8499644937424338,7.32427549,11.74312019348145
Uganda,2015,UGA,1.9244259365249765,5.08453417,13.22008037567139
Uganda,2011,UGA,1.7045991982008486,6.897009849999999,13.61137008666992
Uganda,2010,UGA,1.6016583029584568,7.113747599999999,10.10488986968994
Uganda,2009,UGA,2.36961761809349,7.03290558,
Uganda,2008,UGA,2.3189300029370488,7.251145840000001,
Uganda,2007,UGA,2.6739809350257286,7.79291201,
Uganda,2006,UGA,4.8611960675600825,7.16093779,
Uganda,2005,UGA,7.296996331113445,7.135262970000001,
Uganda,2004,UGA,4.187818713790947,8.76736164,20.30834007263184
Uganda,2003,UGA,4.413229929037322,8.949760440000002,
Uganda,2012,UGA,1.6332995351692845,7.050443170000001,11.45189952850342
Ukraine,2008,UKR,2.3042669562997156,6.77591944,13.55782985687256
Ukraine,2011,UKR,3.306865627648666,7.492811679999998,13.48431968688965
Ukraine,2010,UKR,3.0507636307512356,7.500498770000002,
Ukraine,2009,UKR,5.033362941200782,7.91855955,15.05482006072998
Ukraine,2007,UKR,3.0239014697866056,8.16024208,14.03619003295898
Ukraine,2012,UKR,3.985951591441908,7.640408519999999,13.66551971435547
Ukraine,2005,UKR,4.720144311171489,8.431880950000002,13.73865032196045
Ukraine,2004,UKR,5.7517239289521855,8.181075100000001,12.7817497253418
Ukraine,2003,UKR,6.994126514615682,9.38550282,14.41952037811279
Ukraine,2000,UKR,15.34365548169876,7.08121443,11.35896968841553
Ukraine,2006,UKR,3.9455778325625266,8.696896550000002,13.92323017120361
Ukraine,2013,UKR,8.711455096047125,6.944655420000001,13.86763954162598
Ukraine,2024,UKR,2.6573486205076793,,
Ukraine,2015,UKR,38.19459731896334,8.56910324,12.4049319402434
Ukraine,2016,UKR,8.975317098257,8.938675879999998,12.28328990936279
Ukraine,2017,UKR,10.806266829559267,8.446969029999998,12.99993991851807
Ukraine,2018,UKR,9.397050538746415,8.35254765,12.69019985198975
Ukraine,2019,UKR,7.474267442675994,7.655814170000001,13.11063003540039
Ukraine,2020,UKR,9.635955112484428,8.173418049999999,11.80327987670898
Ukraine,2021,UKR,6.261370763954415,10.56005383,12.69548988342285
Ukraine,2022,UKR,2.1960356232493,,
Ukraine,2023,UKR,1.389612463687193,,
Ukraine,2002,UKR,7.132835386464997,8.106317520000001,14.36096000671387
Ukraine,2014,UKR,6.808093300734056,7.719151020000001,13.12135028839111
Ukraine,2001,UKR,6.263052719941468,7.634549140000002,12.81095027923584
Uzbekistan,2003,UZB,17.950841792499624,6.01096392,
Uzbekistan,2000,UZB,11.176241139033378,6.10871267,
Uzbekistan,2004,UZB,15.315902229153785,6.13769007,
Uzbekistan,2005,UZB,12.459985144467087,6.46768093,
Uzbekistan,2006,UZB,13.62061570722863,7.8006072,
Uzbekistan,2007,UZB,9.16365885530688,7.2385048900000015,
Uzbekistan,2008,UZB,6.108296247212016,7.234487529999998,
Uzbekistan,2009,UZB,4.066797115680381,7.26864672,
Uzbekistan,2010,UZB,3.2962271388443174,8.03938007,
Uzbekistan,2011,UZB,2.5521872126304754,8.831776620000001,
Uzbekistan,2012,UZB,2.2809452962239836,9.762586590000002,
Uzbekistan,2001,UZB,14.438036336001906,6.64425468,
Uzbekistan,2014,UZB,1.946880732172553,9.302436830000001,22.97685050964355
Uzbekistan,2015,UZB,1.795259739245551,9.59653759,22.36525917053223
Uzbekistan,2016,UZB,2.260076467509992,8.820137980000002,23.09033012390137
Uzbekistan,2017,UZB,3.449408491788924,8.991173740000002,22.53945922851563
Uzbekistan,2018,UZB,4.218556837737278,7.828147890000002,25.87523091799072
Uzbekistan,2019,UZB,4.588859337004229,8.278287890000001,28.41832847917145
Uzbekistan,2020,UZB,5.589448917962274,10.79321957,17.06019020080566
Uzbekistan,2021,UZB,6.927271001638724,9.897933959999998,15.07530975341797
Uzbekistan,2022,UZB,6.392535600163854,7.126505849999999,21.85101834454068
Uzbekistan,2023,UZB,10.439639872945747,7.89534664,22.64815662659952
Uzbekistan,2024,UZB,13.922026420059739,,22.07464503820453
Uzbekistan,2002,UZB,15.142812379485878,5.58452082,
Uzbekistan,2013,UZB,1.9228510509568069,9.518254279999999,22.7609691619873
Vanuatu,2020,VUT,2.804583258293889,5.930043700000001,5.011050224304199
Vanuatu,2024,VUT,3.4328425700047114,,19.30835914611816
Vanuatu,2023,VUT,3.872684809052723,5.60082197,18.40105056762695
Vanuatu,2022,VUT,4.239559469489638,3.8552773,20.93909991250744
Vanuatu,2021,VUT,3.5808411012359027,2.77639413,20.00745061838172
Vanuatu,2019,VUT,6.9454391458296305,4.78193808,4.455299854278564
Vanuatu,2018,VUT,5.511069482688444,6.436884400000001,20.13215140933384
Vanuatu,2017,VUT,2.611505448837661,3.9617447899999996,12.20798015594482
Vanuatu,2015,VUT,1.9150747920399398,4.759871479999999,12.70670032501221
Vanuatu,2014,VUT,3.8625108078680066,2.51899242,22.19061088562012
Vanuatu,2013,VUT,3.652786400024706,9.803324700000001,
Vanuatu,2012,VUT,2.684713178046433,9.402668000000002,
Vanuatu,2011,VUT,2.638555969793721,9.39647675,
Vanuatu,2016,VUT,2.865195907892947,3.6621093799999995,12.4892469656623
Vanuatu,2009,VUT,3.018613843200714,7.2669916200000015,18.7231502532959
Vanuatu,2008,VUT,2.2673178421386364,8.177121159999999,21.40563011169434
Vanuatu,2007,VUT,2.6064596223108993,9.902323720000002,
Vanuatu,2006,VUT,3.5730470580284215,10.672260279999998,
Vanuatu,2005,VUT,2.537137325026345,11.705092429999999,
Vanuatu,2004,VUT,3.5778696748244077,12.556103709999999,
Vanuatu,2003,VUT,3.0171552287316272,13.214125629999998,44.80179977416992
Vanuatu,2002,VUT,2.692044830174262,11.746398930000002,36.40961837768555
Vanuatu,2001,VUT,2.551821436394415,11.265284540000001,40.07754898071289
Vanuatu,2000,VUT,2.2130779268461054,9.704828260000001,27.52419090270996
Vanuatu,2010,VUT,2.795048118119092,6.84730673,
Viet Nam,2013,VNM,5.198111304171987,8.16121387,18.51551055908203
Viet Nam,2014,VNM,6.821397344325211,9.123241420000001,16.81228974657813
Viet Nam,2015,VNM,4.9493353234495965,8.49385166,15.0167530601057
Viet Nam,2016,VNM,6.53199948942349,9.59658623,15.60490036010742
Viet Nam,2017,VNM,6.181336179840053,10.09323883,15.47429664576261
Viet Nam,2023,VNM,5.71283878775349,10.451710699999998,
Viet Nam,2019,VNM,6.76123212106446,10.19859123,15.57194904947498
Viet Nam,2020,VNM,6.94527185293525,8.42611885,14.47188120473168
Viet Nam,2022,VNM,5.888080856056868,10.8293848,15.44934439089992
Viet Nam,2012,VNM,4.904180617878393,9.5150404,18.78499031066895
Viet Nam,2018,VNM,6.630695112919726,10.217707629999998,16.09086990356445
Viet Nam,2011,VNM,5.195259748207935,9.1072073,17.81126976013184
Viet Nam,2021,VNM,6.052186412809232,9.740694999999999,14.81748666271488
Viet Nam,2009,VNM,4.326153554351924,6.853010650000002,15.18871021270752
Viet Nam,2008,VNM,4.640757387851637,8.120487209999999,18.00123977661133
Viet Nam,2007,VNM,4.733002061214249,7.936911109999999,
Viet Nam,2006,VNM,4.661233516016653,8.766986849999999,
Viet Nam,2005,VNM,5.304010658146173,8.669239039999999,
Viet Nam,2004,VNM,5.740428354118659,8.689251899999999,
Viet Nam,2003,VNM,6.66853141370832,7.16033077,
Viet Nam,2002,VNM,12.72756593646536,8.61995983,
Viet Nam,2001,VNM,14.449727010433941,8.20207787,
Viet Nam,2000,VNM,17.528610950750778,9.482258800000002,
Viet Nam,2024,VNM,6.661174030671909,,
Viet Nam,2010,VNM,4.7365191715509525,8.605729100000001,17.05666923522949
"Yemen, Rep.",2000,YEM,4.123722279920336,7.485216620000001,30.48928070068359
"Yemen, Rep.",2001,YEM,6.01300220789115,8.127381320000001,30.32127952575684
"Yemen, Rep.",2016,YEM,2.560382182073391,3.36463666,
"Yemen, Rep.",2017,YEM,3.502096129438703,3.66834998,
"Yemen, Rep.",2024,YEM,5.302203687477767,,
"Yemen, Rep.",2023,YEM,3.883540244493296,6.96322203,
"Yemen, Rep.",2022,YEM,3.0656156760106237,7.54577398,
"Yemen, Rep.",2021,YEM,5.730519638373372,8.62390709,
"Yemen, Rep.",2020,YEM,3.9974086121160672,8.074049950000001,
"Yemen, Rep.",2019,YEM,2.907132005375343,6.90042734,
"Yemen, Rep.",2014,YEM,3.006794587654689,2.8203108299999995,
"Yemen, Rep.",2013,YEM,2.1632332465319246,3.18082356,
"Yemen, Rep.",2012,YEM,1.9866321456019982,3.4273407500000004,
"Yemen, Rep.",2018,YEM,2.72218600439604,5.39210606,
"Yemen, Rep.",2010,YEM,2.450147741676795,3.84780169,
"Yemen, Rep.",2002,YEM,4.257585209508198,7.572360040000001,
"Yemen, Rep.",2011,YEM,2.5579302795389007,3.6599180700000007,
"Yemen, Rep.",2004,YEM,3.7139245187131764,5.716845510000001,
"Yemen, Rep.",2005,YEM,2.4209821212561784,4.501151080000001,
"Yemen, Rep.",2003,YEM,3.6353563940555103,6.807226180000001,
"Yemen, Rep.",2007,YEM,2.03856162023069,3.8760111300000006,
"Yemen, Rep.",2008,YEM,1.8393957776864385,3.88588715,12.48923969268799
"Yemen, Rep.",2009,YEM,2.396761375701153,3.71630144,
"Yemen, Rep.",2006,YEM,2.3542832197856614,4.3505854600000005,
"Yemen, Rep.",2015,YEM,4.317209046724545,2.2287218600000007,
Zambia,2006,ZMB,2.871874048162111,6.747040269999999,
Zambia,2000,ZMB,20.16163284992286,6.884750369999999,8.352620124816895
Zambia,2001,ZMB,11.640764327479758,6.884750369999999,
Zambia,2002,ZMB,12.500655688303357,6.884750369999999,
Zambia,2003,ZMB,32.81841307932704,5.322761539999999,
Zambia,2004,ZMB,8.421895578086188,5.65226936,10.58498954772949
Zambia,2005,ZMB,5.358054547572015,5.5376410499999995,7.729730129241943
Zambia,2007,ZMB,1.497669422006043,7.468102929999999,6.227910041809082
Zambia,2009,ZMB,2.591320305485583,9.36578655,
Zambia,2024,ZMB,10.247018040510973,,15.3772099653715
Zambia,2023,ZMB,4.6250094732198805,8.88877583,13.85877500801112
Zambia,2022,ZMB,5.319106305794827,8.88877583,
Zambia,2021,ZMB,5.069078260479339,9.254849429999998,11.51413827885303
Zambia,2020,ZMB,11.377458161619767,10.560054779999998,12.37802473730647
Zambia,2019,ZMB,14.924977682651816,7.573063850000001,15.29186540319494
Zambia,2008,ZMB,2.0958353806153016,8.147117609999999,5.651800155639648
Zambia,2018,ZMB,11.167031178670506,7.52910423,17.09090042114258
Zambia,2016,ZMB,10.24578236909751,7.164569379999999,15.66361999511719
Zambia,2014,ZMB,3.1882280468584887,7.784662249999999,20.16540930603065
Zambia,2013,ZMB,3.8799874931689904,5.45231676,17.46791588280217
Zambia,2012,ZMB,2.697554919358889,7.057695870000001,17.51196828674788
Zambia,2011,ZMB,1.622966307224188,8.0581131,18.64306095221401
Zambia,2010,ZMB,1.7537025823083758,8.63391781,19.86445584945388
Zambia,2017,ZMB,8.682932474511663,10.052179339999999,14.93433952331543
Zambia,2015,ZMB,5.445650696984987,7.561451440000002,16.72611045837402
Zimbabwe,2011,ZWE,0.8800964093339999,12.717875479999998,
Zimbabwe,2024,ZWE,1.3994596019119454,,16.32033510430204
Zimbabwe,2023,ZWE,1.7545502522172487,4.7405839,10.68896230055768
Zimbabwe,2022,ZWE,0.5081130425508529,4.7405839,
Zimbabwe,2021,ZWE,1.6356416409641343,4.7405839,
Zimbabwe,2020,ZWE,1.1302978146591445,4.7405839,15.66661086388859
Zimbabwe,2019,ZWE,2.0158040711141667,3.2664911699999997,10.46358868354785
Zimbabwe,2018,ZWE,1.2157895819043334,7.976326470000001,19.15878462692604
Zimbabwe,2005,ZWE,1.3052878875240002,,
Zimbabwe,2016,ZWE,3.2129488069909997,5.4890155799999985,23.5270848466941
Zimbabwe,2015,ZWE,3.0884173508225,6.205451009999999,29.47082989585527
Zimbabwe,2014,ZWE,2.663927258553,10.926249499999999,30.01514923501379
Zimbabwe,2013,ZWE,2.5477924349950003,8.07236576,28.66034051076615
Zimbabwe,2012,ZWE,0.8582664590010001,13.99154949,29.75108820160366
Zimbabwe,2010,ZWE,0.629584197324,13.76667213,8.536724931129475
Zimbabwe,2017,ZWE,2.7660193050760005,6.979418749999999,19.69122878131862
