year,creditor_name,debtor_name,value
2000,China (bilateral),Africa (excluding high income),1.1238719280477514
2000,China (bilateral),Albania,0.614356126265536
2000,China (bilateral),Algeria,0.30844722393236584
2000,China (bilateral),Angola,0.7631687002310783
2000,China (bilateral),Bangladesh,0.22801838166503624
2000,China (bilateral),Belize,0.05658889926316698
2000,China (bilateral),Benin,2.937616729798345
2000,China (bilateral),Bolivia,0.7310341396495049
2000,China (bilateral),Botswana,6.784537454495687
2000,China (bilateral),Burkina Faso,2.8019908197194656
2000,China (bilateral),Burundi,1.8852085759398782
2000,China (bilateral),Cabo Verde,1.90620276677645
2000,China (bilateral),Cambodia,0.25019209747755383
2000,China (bilateral),Cameroon,0.3556333772559167
2000,China (bilateral),Central African Republic,0.9223585097970095
2000,China (bilateral),Chad,2.2235230588122126
2000,China (bilateral),Comoros,0.5988093068238722
2000,China (bilateral),"Congo, Dem. Rep.",0.783988939424754
2000,China (bilateral),"Congo, Rep.",0.9483401190916623
2000,China (bilateral),Cote d'Ivoire,0.15673133905977799
2000,China (bilateral),Djibouti,1.7731221225056073
2000,China (bilateral),Dominica,3.599408881069339
2000,China (bilateral),Dominican Republic,0.0
2000,China (bilateral),East Asia & Pacific (excluding high income),0.47333267099445864
2000,China (bilateral),Ecuador,0.05746412416450298
2000,China (bilateral),"Egypt, Arab Rep.",0.3429819575306023
2000,China (bilateral),El Salvador,0.13747155520243318
2000,China (bilateral),Eritrea,0.9263641326123313
2000,China (bilateral),Eswatini,1.5247654146408318
2000,China (bilateral),Ethiopia,1.1538596220966828
2000,China (bilateral),Europe & Central Asia (excluding high income),0.2661439504442512
2000,China (bilateral),Fiji,42.24924255161249
2000,China (bilateral),Gabon,1.038797920652626
2000,China (bilateral),"Gambia, The",4.228792368374121
2000,China (bilateral),Georgia,0.18328023501211774
2000,China (bilateral),Ghana,0.49823311694104405
2000,China (bilateral),Grenada,0.22274017852901415
2000,China (bilateral),Guatemala,2.457262840182592
2000,China (bilateral),Guinea,1.325565127906778
2000,China (bilateral),Guinea-Bissau,2.010496240421657
2000,China (bilateral),Guyana,2.5431538452524474
2000,China (bilateral),Honduras,1.1180060903350482
2000,China (bilateral),IDA only,1.6901713763537396
2000,China (bilateral),IDA total,1.3135303445693138
2000,China (bilateral),India,0.018988622941279003
2000,China (bilateral),Indonesia,0.026906408450062813
2000,China (bilateral),"Iran, Islamic Rep.",8.36110294057069
2000,China (bilateral),Jamaica,0.19790398858881406
2000,China (bilateral),Jordan,0.21325661386943637
2000,China (bilateral),Kenya,0.17376669147375623
2000,China (bilateral),Kyrgyz Republic,0.0
2000,China (bilateral),Lao PDR,0.08083865579718272
2000,China (bilateral),Latin America & Caribbean (excluding high income),0.07443202755993303
2000,China (bilateral),Least developed countries: UN classification,2.1102706593333984
2000,China (bilateral),Lebanon,0.0520040165613865
2000,China (bilateral),Lesotho,0.6891006052063829
2000,China (bilateral),Liberia,1.4673497116291068
2000,China (bilateral),Low & lower middle income,0.8328466973598947
2000,China (bilateral),Low & middle income,0.4866520226425433
2000,China (bilateral),Low income,2.297976944597845
2000,China (bilateral),Lower middle income,0.5375842591424507
2000,China (bilateral),Madagascar,0.49401277214276373
2000,China (bilateral),Maldives,1.1094821194805036
2000,China (bilateral),Mali,5.622334843079374
2000,China (bilateral),Mauritania,3.9515489417314753
2000,China (bilateral),Mauritius,2.0650565759263624
2000,China (bilateral),"Middle East, North Africa, Afghanistan & Pakistan (excluding high income)",0.8112979882847502
2000,China (bilateral),Middle income,0.3558984009516843
2000,China (bilateral),Moldova,0.04887450517376142
2000,China (bilateral),Mongolia,1.7934039896290206
2000,China (bilateral),Morocco,0.03766878174960989
2000,China (bilateral),Mozambique,0.7061507523765332
2000,China (bilateral),Myanmar,1.4945286421193953
2000,China (bilateral),Nepal,0.0
2000,China (bilateral),Nicaragua,0.1958061066500807
2000,China (bilateral),Niger,1.572798892447634
2000,China (bilateral),North Macedonia,5.385663966424344
2000,China (bilateral),Pakistan,1.5314994036596459
2000,China (bilateral),Papua New Guinea,0.5868948849029864
2000,China (bilateral),Paraguay,0.7408331779699494
2000,China (bilateral),Peru,0.32374112870840427
2000,China (bilateral),Philippines,0.019857701059656174
2000,China (bilateral),Rwanda,1.5736311700887136
2000,China (bilateral),Samoa,4.7190080255523075
2000,China (bilateral),Sao Tome and Principe,6.019289587413637
2000,China (bilateral),Senegal,3.113783157988483
2000,China (bilateral),Serbia,2.314684113510052
2000,China (bilateral),Sierra Leone,4.441988944308464
2000,China (bilateral),South Asia,0.07344549668624233
2000,China (bilateral),Sri Lanka,0.34225379164017183
2000,China (bilateral),St. Vincent and the Grenadines,3.4302246659518434
2000,China (bilateral),Sub-Saharan Africa (excluding high income),1.5187778125610087
2000,China (bilateral),Sudan,9.925807412896361
2000,China (bilateral),Tajikistan,0.47999672582770414
2000,China (bilateral),Tanzania,2.7643499162034386
2000,China (bilateral),Thailand,2.0364967537260714
2000,China (bilateral),Togo,2.057934353378154
2000,China (bilateral),Tonga,3.3826731942520247
2000,China (bilateral),Tunisia,0.22279731074289427
2000,China (bilateral),Turkiye,0.02180262351708549
2000,China (bilateral),Turkmenistan,0.335905033629129
2000,China (bilateral),Uganda,0.5590444613684349
2000,China (bilateral),Upper middle income,0.254496357741112
2000,China (bilateral),Vanuatu,5.217162370972309
2000,China (bilateral),Viet Nam,3.148328899494869
2000,China (bilateral),"Yemen, Rep.",2.7833564302330442
2000,China (bilateral),Zambia,2.721569866134321
2000,China (bilateral),Zimbabwe,1.7397483570114873
2000,China (private),Africa (excluding high income),0.00039205363554067256
2000,China (private),Algeria,0.0
2000,China (private),Bangladesh,0.46033019011537885
2000,China (private),Belarus,4.499995324141955
2000,China (private),Belize,1.79665722114258
2000,China (private),Brazil,0.0
2000,China (private),East Asia & Pacific (excluding high income),0.05493926182316303
2000,China (private),Europe & Central Asia (excluding high income),0.06242014293774367
2000,China (private),IDA only,0.13215448708363922
2000,China (private),IDA total,0.1781899427504633
2000,China (private),India,0.0
2000,China (private),"Iran, Islamic Rep.",5.46601198536121
2000,China (private),Kenya,0.01687094756136763
2000,China (private),Latin America & Caribbean (excluding high income),0.002810119078296273
2000,China (private),Least developed countries: UN classification,0.17287699966177586
2000,China (private),Low & lower middle income,0.0977774580785309
2000,China (private),Low & middle income,0.06887934833877868
2000,China (private),Low income,0.00010840804552671621
2000,China (private),Lower middle income,0.1174603510537401
2000,China (private),"Middle East, North Africa, Afghanistan & Pakistan (excluding high income)",0.3492454345779994
2000,China (private),Middle income,0.07384369758470068
2000,China (private),Myanmar,2.2373989506998613
2000,China (private),North Macedonia,2.092545005033303
2000,China (private),Pakistan,0.8313723227886038
2000,China (private),South Asia,0.06428298988245647
2000,China (private),Sub-Saharan Africa (excluding high income),0.0005695284828458095
2000,China (private),Sudan,0.0007971230069450829
2000,China (private),Upper middle income,0.049500483292676756
2000,China (private),Viet Nam,0.05947674832935749
2000,China (private),Zimbabwe,0.0
2001,China (bilateral),Africa (excluding high income),1.166192679342708
2001,China (bilateral),Albania,0.5832676595648529
2001,China (bilateral),Algeria,0.15474000202055668
2001,China (bilateral),Angola,0.8836248687678137
2001,China (bilateral),Bangladesh,0.2933646075114787
2001,China (bilateral),Belize,0.02235166948578642
2001,China (bilateral),Benin,3.077478283033641
2001,China (bilateral),Bolivia,0.8256912403630773
2001,China (bilateral),Botswana,7.4490630478977735
2001,China (bilateral),Burkina Faso,2.6599537477288813
2001,China (bilateral),Burundi,0.2902369473940416
2001,China (bilateral),Cabo Verde,0.0
2001,China (bilateral),Cambodia,0.5328957935992392
2001,China (bilateral),Cameroon,0.3739987697712927
2001,China (bilateral),Central African Republic,0.9697660997739497
2001,China (bilateral),Chad,1.9744638792041413
2001,China (bilateral),Comoros,0.5565153136971385
2001,China (bilateral),"Congo, Dem. Rep.",0.8144066475704203
2001,China (bilateral),"Congo, Rep.",1.045081110030906
2001,China (bilateral),Cote d'Ivoire,0.17805231074806477
2001,China (bilateral),Djibouti,1.7862699060239706
2001,China (bilateral),Dominica,4.934948249796047
2001,China (bilateral),Dominican Republic,0.2586201011495259
2001,China (bilateral),East Asia & Pacific (excluding high income),0.48292582855462973
2001,China (bilateral),Ecuador,0.055193285967253126
2001,China (bilateral),"Egypt, Arab Rep.",0.2862793789765048
2001,China (bilateral),El Salvador,0.14232235901215368
2001,China (bilateral),Eritrea,0.699186058842543
2001,China (bilateral),Eswatini,1.4900437385799974
2001,China (bilateral),Ethiopia,0.8316427784027821
2001,China (bilateral),Europe & Central Asia (excluding high income),0.4195024027366844
2001,China (bilateral),Fiji,45.77878909856875
2001,China (bilateral),Gabon,1.2184587580361306
2001,China (bilateral),"Gambia, The",4.080066866724181
2001,China (bilateral),Georgia,0.17381415982276857
2001,China (bilateral),Ghana,0.5270042838823285
2001,China (bilateral),Grenada,0.1867011531933239
2001,China (bilateral),Guatemala,3.283006069343392
2001,China (bilateral),Guinea,1.305858883219367
2001,China (bilateral),Guinea-Bissau,0.0
2001,China (bilateral),Guyana,2.602173373691211
2001,China (bilateral),Honduras,1.1845733752974459
2001,China (bilateral),IDA only,1.8006383569707594
2001,China (bilateral),IDA total,1.2482360321736374
2001,China (bilateral),India,0.01746690393075304
2001,China (bilateral),Indonesia,0.030241016294911847
2001,China (bilateral),"Iran, Islamic Rep.",4.5441444069317605
2001,China (bilateral),Jamaica,0.16746581829627755
2001,China (bilateral),Jordan,0.2022557572747513
2001,China (bilateral),Kenya,0.1726818652939651
2001,China (bilateral),Kyrgyz Republic,0.4795764287087156
2001,China (bilateral),Lao PDR,0.46691083235351816
2001,China (bilateral),Latin America & Caribbean (excluding high income),0.0781830725621656
2001,China (bilateral),Least developed countries: UN classification,2.252121109688021
2001,China (bilateral),Lebanon,0.06424756469618474
2001,China (bilateral),Lesotho,1.8340100706533475
2001,China (bilateral),Liberia,1.503919072179312
2001,China (bilateral),Low & lower middle income,0.7957924896936712
2001,China (bilateral),Low & middle income,0.45847733760630427
2001,China (bilateral),Low income,2.3430630417053226
2001,China (bilateral),Lower middle income,0.486473677704122
2001,China (bilateral),Madagascar,0.5594067741886217
2001,China (bilateral),Maldives,1.0838352987856221
2001,China (bilateral),Mali,3.9497252808528214
2001,China (bilateral),Mauritania,3.9701160616777114
2001,China (bilateral),Mauritius,2.7525220935263883
2001,China (bilateral),"Middle East, North Africa, Afghanistan & Pakistan (excluding high income)",0.42153357375472683
2001,China (bilateral),Middle income,0.3257833837275491
2001,China (bilateral),Moldova,0.0
2001,China (bilateral),Mongolia,1.8144946548088554
2001,China (bilateral),Morocco,0.0
2001,China (bilateral),Mozambique,0.7245105652191691
2001,China (bilateral),Myanmar,1.6799823176206983
2001,China (bilateral),Nicaragua,0.22663638385027535
2001,China (bilateral),Niger,1.4209563074022349
2001,China (bilateral),North Macedonia,4.692268957710122
2001,China (bilateral),Pakistan,0.3197208634105408
2001,China (bilateral),Papua New Guinea,0.5476405382278657
2001,China (bilateral),Paraguay,0.49281948046280116
2001,China (bilateral),Peru,0.24083727156034113
2001,China (bilateral),Philippines,0.022938886970149494
2001,China (bilateral),Rwanda,1.5366186319416009
2001,China (bilateral),Samoa,8.82364484283722
2001,China (bilateral),Sao Tome and Principe,5.915835354691505
2001,China (bilateral),Senegal,3.1116022990245615
2001,China (bilateral),Serbia,4.439462004285795
2001,China (bilateral),Sierra Leone,2.857329899491032
2001,China (bilateral),South Asia,0.09358044799690934
2001,China (bilateral),Sri Lanka,0.5224152963737428
2001,China (bilateral),St. Vincent and the Grenadines,3.120713182403733
2001,China (bilateral),Sub-Saharan Africa (excluding high income),1.6149901382256056
2001,China (bilateral),Sudan,10.957277759440627
2001,China (bilateral),Tajikistan,0.4759119314597351
2001,China (bilateral),Tanzania,2.419785209814149
2001,China (bilateral),Thailand,2.0291673293145087
2001,China (bilateral),Togo,2.291039952377821
2001,China (bilateral),Tonga,7.44768035813872
2001,China (bilateral),Tunisia,0.2044409944718092
2001,China (bilateral),Turkiye,0.018038369059740236
2001,China (bilateral),Turkmenistan,0.5632967818962372
2001,China (bilateral),Uganda,0.5457654231409802
2001,China (bilateral),Upper middle income,0.2384164620992358
2001,China (bilateral),Uzbekistan,0.0
2001,China (bilateral),Vanuatu,5.428993274972624
2001,China (bilateral),Viet Nam,3.1841233731745304
2001,China (bilateral),"Yemen, Rep.",2.630721857897515
2001,China (bilateral),Zambia,4.304003434541956
2001,China (bilateral),Zimbabwe,1.7820232245662024
2001,China (private),Africa (excluding high income),0.003189949400181273
2001,China (private),Algeria,0.0024629265690758783
2001,China (private),Bangladesh,0.7068240548938254
2001,China (private),Belarus,4.365455260704694
2001,China (private),Belize,1.4388395053705705
2001,China (private),Brazil,0.0016352989853936828
2001,China (private),East Asia & Pacific (excluding high income),0.05740256369321599
2001,China (private),Europe & Central Asia (excluding high income),0.06201349398811397
2001,China (private),IDA only,0.1587308458027831
2001,China (private),IDA total,0.10454846766213022
2001,China (private),"Iran, Islamic Rep.",6.446042899158847
2001,China (private),Kenya,0.14071514037915636
2001,China (private),Latin America & Caribbean (excluding high income),0.0029790524759723803
2001,China (private),Least developed countries: UN classification,0.2100675840796979
2001,China (private),Low & lower middle income,0.057033094751397645
2001,China (private),Low & middle income,0.05991787584286833
2001,China (private),Low income,0.00011267511916598662
2001,China (private),Lower middle income,0.06841220136962788
2001,China (private),"Middle East, North Africa, Afghanistan & Pakistan (excluding high income)",0.2456649731019192
2001,China (private),Middle income,0.06412876873528503
2001,China (private),Myanmar,2.3917298887136025
2001,China (private),North Macedonia,2.1573424336160953
2001,China (private),Pakistan,0.0
2001,China (private),South Asia,0.09790905394076378
2001,China (private),Sub-Saharan Africa (excluding high income),0.0043117133337445155
2001,China (private),Sudan,0.0008039409564430355
2001,China (private),Upper middle income,0.06179987684017559
2001,China (private),Viet Nam,0.04701475992186991
2001,China (private),Zimbabwe,0.0
2002,China (bilateral),Africa (excluding high income),1.1166086470777437
2002,China (bilateral),Albania,4.166548396120092
2002,China (bilateral),Algeria,0.15735790485583004
2002,China (bilateral),Angola,0.717486526788615
2002,China (bilateral),Bangladesh,0.4147584737665714
2002,China (bilateral),Belize,0.014882532088431235
2002,China (bilateral),Benin,3.234773538599789
2002,China (bilateral),Bolivia,0.6135607507501356
2002,China (bilateral),Botswana,5.629508665485485
2002,China (bilateral),Burkina Faso,2.42893655673186
2002,China (bilateral),Burundi,1.0941494820374753
2002,China (bilateral),Cabo Verde,0.0
2002,China (bilateral),Cambodia,0.6117081787929506
2002,China (bilateral),Cameroon,0.5237523970321079
2002,China (bilateral),Central African Republic,1.2344923408270174
2002,China (bilateral),Chad,1.6945520170474393
2002,China (bilateral),Comoros,0.5041824588733123
2002,China (bilateral),"Congo, Dem. Rep.",0.6983656098299661
2002,China (bilateral),"Congo, Rep.",1.0194300091591417
2002,China (bilateral),Cote d'Ivoire,0.1896611761734258
2002,China (bilateral),Djibouti,1.9998160340868865
2002,China (bilateral),Dominica,3.666638405507646
2002,China (bilateral),Dominican Republic,0.2192542003333832
2002,China (bilateral),East Asia & Pacific (excluding high income),0.32432154399910124
2002,China (bilateral),Ecuador,0.05251230993575417
2002,China (bilateral),"Egypt, Arab Rep.",0.35691740808606626
2002,China (bilateral),El Salvador,0.08353407711782812
2002,China (bilateral),Eritrea,1.0603132957693828
2002,China (bilateral),Eswatini,1.1962156588404997
2002,China (bilateral),Ethiopia,0.5412977381210319
2002,China (bilateral),Europe & Central Asia (excluding high income),0.38933735094103084
2002,China (bilateral),Fiji,43.21280579506753
2002,China (bilateral),Gabon,1.6037284503599214
2002,China (bilateral),"Gambia, The",3.499235400810903
2002,China (bilateral),Georgia,0.19069309156020528
2002,China (bilateral),Ghana,0.9935624895201706
2002,China (bilateral),Grenada,0.09745462060505806
2002,China (bilateral),Guatemala,2.9021788072271897
2002,China (bilateral),Guinea,1.154556722015374
2002,China (bilateral),Guyana,2.7530264797871764
2002,China (bilateral),Honduras,1.0520381545919675
2002,China (bilateral),IDA only,1.7535911599684137
2002,China (bilateral),IDA total,1.2597684973762746
2002,China (bilateral),India,0.01483446931511686
2002,China (bilateral),Indonesia,0.02780514777289321
2002,China (bilateral),"Iran, Islamic Rep.",3.1968647231918346
2002,China (bilateral),Jamaica,0.2957584789004776
2002,China (bilateral),Jordan,0.1896832725062345
2002,China (bilateral),Kenya,0.1619017911369747
2002,China (bilateral),Kyrgyz Republic,0.7362490247916834
2002,China (bilateral),Lao PDR,0.4343770861326334
2002,China (bilateral),Latin America & Caribbean (excluding high income),0.07043565939493902
2002,China (bilateral),Least developed countries: UN classification,2.0940458561149726
2002,China (bilateral),Lebanon,0.04192783916675185
2002,China (bilateral),Lesotho,1.3455972037980917
2002,China (bilateral),Liberia,1.4352326174124272
2002,China (bilateral),Low & lower middle income,0.7960988447217272
2002,China (bilateral),Low & middle income,0.4174166767457596
2002,China (bilateral),Low income,2.224985743005277
2002,China (bilateral),Lower middle income,0.5089192221694814
2002,China (bilateral),Madagascar,0.5129617602157394
2002,China (bilateral),Maldives,0.8123186472148269
2002,China (bilateral),Mali,4.525980983941343
2002,China (bilateral),Mauritania,3.865126452720396
2002,China (bilateral),Mauritius,2.592548203460787
2002,China (bilateral),"Middle East, North Africa, Afghanistan & Pakistan (excluding high income)",0.4252247043754676
2002,China (bilateral),Middle income,0.2873680443536061
2002,China (bilateral),Mongolia,1.5799655231579781
2002,China (bilateral),Morocco,0.0
2002,China (bilateral),Mozambique,0.6637187356413662
2002,China (bilateral),Myanmar,1.5970972849184149
2002,China (bilateral),Nicaragua,0.3471278752676136
2002,China (bilateral),Niger,1.2509352312170792
2002,China (bilateral),Nigeria,0.0
2002,China (bilateral),North Macedonia,5.003132371660203
2002,China (bilateral),Pakistan,0.41109402738975526
2002,China (bilateral),Papua New Guinea,0.4499131415754265
2002,China (bilateral),Paraguay,0.2760932553319077
2002,China (bilateral),Peru,0.18217145381390687
2002,China (bilateral),Philippines,0.0
2002,China (bilateral),Rwanda,1.3548131355266742
2002,China (bilateral),Samoa,8.059087564005106
2002,China (bilateral),Sao Tome and Principe,5.5688491436343766
2002,China (bilateral),Senegal,2.771049438861447
2002,China (bilateral),Serbia,2.6157173371655804
2002,China (bilateral),Sierra Leone,2.524566264856209
2002,China (bilateral),South Asia,0.136653761902747
2002,China (bilateral),Sri Lanka,0.8299894501179806
2002,China (bilateral),St. Vincent and the Grenadines,2.623575684461639
2002,China (bilateral),Sub-Saharan Africa (excluding high income),1.5055465198374796
2002,China (bilateral),Sudan,10.276971107256717
2002,China (bilateral),Tajikistan,0.6297124076505997
2002,China (bilateral),Tanzania,2.232877544236199
2002,China (bilateral),Thailand,0.6024288916757946
2002,China (bilateral),Togo,2.0645529386959884
2002,China (bilateral),Tonga,7.105706918789183
2002,China (bilateral),Tunisia,0.1520580860954986
2002,China (bilateral),Turkiye,0.012186402286305032
2002,China (bilateral),Turkmenistan,1.8704994857022181
2002,China (bilateral),Uganda,0.5059736007957917
2002,China (bilateral),Upper middle income,0.16383629301278838
2002,China (bilateral),Uzbekistan,0.3726865879385314
2002,China (bilateral),Vanuatu,4.985249308621211
2002,China (bilateral),Viet Nam,3.1643404871502785
2002,China (bilateral),"Yemen, Rep.",2.50291861239638
2002,China (bilateral),Zambia,3.954416329482388
2002,China (bilateral),Zimbabwe,2.1401237887509783
2002,China (private),Africa (excluding high income),0.002471952653533451
2002,China (private),Algeria,0.0016089186512166025
2002,China (private),Bangladesh,0.6351926137055035
2002,China (private),Belarus,3.606607518003266
2002,China (private),Belize,1.0265602864244454
2002,China (private),Brazil,0.0007924816322723637
2002,China (private),East Asia & Pacific (excluding high income),0.057522112339282415
2002,China (private),Europe & Central Asia (excluding high income),0.052563325011279055
2002,China (private),IDA only,0.14778305551214524
2002,China (private),IDA total,0.09860510855713502
2002,China (private),"Iran, Islamic Rep.",3.776311586732147
2002,China (private),Kenya,0.10769881200364288
2002,China (private),Latin America & Caribbean (excluding high income),0.0022977554037533748
2002,China (private),Least developed countries: UN classification,0.19347372891809558
2002,China (private),Low & lower middle income,0.05346555172042243
2002,China (private),Low & middle income,0.04800222214029721
2002,China (private),Low income,0.00010472097113708866
2002,China (private),Lower middle income,0.06419008369846924
2002,China (private),"Middle East, North Africa, Afghanistan & Pakistan (excluding high income)",0.16429746216495855
2002,China (private),Middle income,0.05144828936855576
2002,China (private),Myanmar,2.2369062227417693
2002,China (private),North Macedonia,1.842232285340414
2002,China (private),Pakistan,0.005943707091888604
2002,China (private),South Asia,0.09226491037482573
2002,China (private),Sub-Saharan Africa (excluding high income),0.003328555522133475
2002,China (private),Sudan,0.0007589143446443411
2002,China (private),Upper middle income,0.0443437630721222
2002,China (private),Uzbekistan,0.0
2002,China (private),Viet Nam,0.03174727880037569
2003,China (bilateral),Africa (excluding high income),1.074268397136105
2003,China (bilateral),Albania,3.365777601511077
2003,China (bilateral),Algeria,0.15748710325411353
2003,China (bilateral),Angola,0.7086411973517438
2003,China (bilateral),Bangladesh,0.3539329180022159
2003,China (bilateral),Belize,0.00911707510232181
2003,China (bilateral),Benin,2.946787229664836
2003,China (bilateral),Bolivia,0.39024204502677334
2003,China (bilateral),Botswana,6.394742445600478
2003,China (bilateral),Burkina Faso,2.0219620058029792
2003,China (bilateral),Burundi,0.9651603994930694
2003,China (bilateral),Cabo Verde,0.0
2003,China (bilateral),Cambodia,0.5377047592426832
2003,China (bilateral),Cameroon,0.4754055396793622
2003,China (bilateral),Central African Republic,1.1580464117666727
2003,China (bilateral),Chad,1.0440104879600058
2003,China (bilateral),Comoros,0.46245798001589744
2003,China (bilateral),"Congo, Dem. Rep.",0.7182327438388213
2003,China (bilateral),"Congo, Rep.",0.9618312111361769
2003,China (bilateral),Cote d'Ivoire,0.2037422440010553
2003,China (bilateral),Djibouti,0.6933377141434558
2003,China (bilateral),Dominica,3.813653285129278
2003,China (bilateral),Dominican Republic,0.14419118701171768
2003,China (bilateral),East Asia & Pacific (excluding high income),0.28589252078344274
2003,China (bilateral),Ecuador,0.045891578167847696
2003,China (bilateral),"Egypt, Arab Rep.",0.3768927719954011
2003,China (bilateral),El Salvador,0.632437381564727
2003,China (bilateral),Eritrea,0.857273699364663
2003,China (bilateral),Eswatini,0.9647473245155018
2003,China (bilateral),Ethiopia,0.39928489038391085
2003,China (bilateral),Europe & Central Asia (excluding high income),0.3863952595821699
2003,China (bilateral),Fiji,39.73924318786377
2003,China (bilateral),Gabon,2.347003450443229
2003,China (bilateral),"Gambia, The",3.121192527910164
2003,China (bilateral),Georgia,0.19751215596238839
2003,China (bilateral),Ghana,0.8821881565511375
2003,China (bilateral),Grenada,0.0
2003,China (bilateral),Guatemala,2.3852057619951346
2003,China (bilateral),Guinea,0.9911863600476164
2003,China (bilateral),Guyana,1.2526733337891194
2003,China (bilateral),Honduras,0.9029993606863135
2003,China (bilateral),IDA only,1.6646247567485866
2003,China (bilateral),IDA total,1.246319249635748
2003,China (bilateral),India,0.01656757553393328
2003,China (bilateral),Indonesia,0.03148774304792818
2003,China (bilateral),"Iran, Islamic Rep.",2.3369490192668723
2003,China (bilateral),Jamaica,0.2950490248011848
2003,China (bilateral),Jordan,0.19835548930921548
2003,China (bilateral),Kenya,0.147763865655565
2003,China (bilateral),Kyrgyz Republic,0.8469367058899129
2003,China (bilateral),Lao PDR,1.6795742005324639
2003,China (bilateral),Latin America & Caribbean (excluding high income),0.06673904572153702
2003,China (bilateral),Least developed countries: UN classification,1.9826465673979794
2003,China (bilateral),Lebanon,0.03840772723577393
2003,China (bilateral),Lesotho,1.257357126340105
2003,China (bilateral),Liberia,1.3597040616061882
2003,China (bilateral),Low & lower middle income,0.8290271888180637
2003,China (bilateral),Low & middle income,0.4197698307429521
2003,China (bilateral),Low income,2.1130351369060016
2003,China (bilateral),Lower middle income,0.5548401737280362
2003,China (bilateral),Madagascar,0.45910340374284453
2003,China (bilateral),Maldives,0.4770918260933739
2003,China (bilateral),Mali,4.740600162915635
2003,China (bilateral),Mauritania,3.583135039894277
2003,China (bilateral),Mauritius,2.6125890560497784
2003,China (bilateral),"Middle East, North Africa, Afghanistan & Pakistan (excluding high income)",0.48491574390899095
2003,China (bilateral),Middle income,0.292016864464495
2003,China (bilateral),Mongolia,1.318243534011298
2003,China (bilateral),Morocco,0.0
2003,China (bilateral),Mozambique,0.6220772895532453
2003,China (bilateral),Myanmar,1.4993024479231336
2003,China (bilateral),Nicaragua,0.3394606651974479
2003,China (bilateral),Niger,1.0691661328046296
2003,China (bilateral),Nigeria,0.09640163026641768
2003,China (bilateral),North Macedonia,5.389140820881254
2003,China (bilateral),Pakistan,0.7871478819147212
2003,China (bilateral),Papua New Guinea,0.3741798214763477
2003,China (bilateral),Paraguay,0.20127906643600096
2003,China (bilateral),Peru,0.13206951140836334
2003,China (bilateral),Philippines,0.0021871354170751823
2003,China (bilateral),Rwanda,1.17553840137312
2003,China (bilateral),Samoa,7.083190381121576
2003,China (bilateral),Sao Tome and Principe,5.2280421445017575
2003,China (bilateral),Senegal,2.4438947461476985
2003,China (bilateral),Serbia,2.395319359117776
2003,China (bilateral),Sierra Leone,2.2419068952285546
2003,China (bilateral),South Asia,0.1720684734553392
2003,China (bilateral),Sri Lanka,0.9577402582169755
2003,China (bilateral),St. Vincent and the Grenadines,2.045733674307153
2003,China (bilateral),Sub-Saharan Africa (excluding high income),1.433990059489069
2003,China (bilateral),Sudan,10.030134881165047
2003,China (bilateral),Tajikistan,0.7339586935096529
2003,China (bilateral),Tanzania,2.298668789786644
2003,China (bilateral),Thailand,0.0
2003,China (bilateral),Togo,1.8415008336015035
2003,China (bilateral),Tonga,9.18575878033732
2003,China (bilateral),Tunisia,0.11151850084400536
2003,China (bilateral),Turkiye,0.007382094421766434
2003,China (bilateral),Turkmenistan,2.584922807427538
2003,China (bilateral),Uganda,0.43460054030055134
2003,China (bilateral),Upper middle income,0.14842147696887983
2003,China (bilateral),Uzbekistan,0.5437163808374095
2003,China (bilateral),Vanuatu,4.65062185283752
2003,China (bilateral),Viet Nam,2.7951985302832836
2003,China (bilateral),"Yemen, Rep.",2.441398145280011
2003,China (bilateral),Zambia,3.6984268849604134
2003,China (bilateral),Zimbabwe,2.0916522980123204
2003,China (private),Africa (excluding high income),0.0020722241212193394
2003,China (private),Algeria,0.0007812930315769951
2003,China (private),Bangladesh,0.566544769347945
2003,China (private),Belarus,3.5211516575852837
2003,China (private),Belize,0.698732052290111
2003,China (private),Brazil,0.0
2003,China (private),"Congo, Rep.",0.0
2003,China (private),East Asia & Pacific (excluding high income),0.057932294481720034
2003,China (private),Europe & Central Asia (excluding high income),0.053185353086795915
2003,China (private),IDA only,0.13783120361923296
2003,China (private),IDA total,0.10722030473156384
2003,China (private),"Iran, Islamic Rep.",1.734089176145515
2003,China (private),Kenya,0.09056127378983489
2003,China (private),Latin America & Caribbean (excluding high income),0.0016430551077670707
2003,China (private),Least developed countries: UN classification,0.17989492724278666
2003,China (private),Low & lower middle income,0.06137434715070386
2003,China (private),Low & middle income,0.04222880919322984
2003,China (private),Low income,9.634487495001114e-05
2003,China (private),Lower middle income,0.07445964974535585
2003,China (private),"Middle East, North Africa, Afghanistan & Pakistan (excluding high income)",0.12158601206442962
2003,China (private),Middle income,0.04540760655811437
2003,China (private),Mongolia,0.0
2003,China (private),Myanmar,2.079620708144958
2003,China (private),North Macedonia,1.62214525688263
2003,China (private),Pakistan,0.128516456081605
2003,China (private),South Asia,0.10607554286180794
2003,China (private),Sub-Saharan Africa (excluding high income),0.0028364578516539155
2003,China (private),Sudan,0.00072097907141672
2003,China (private),Upper middle income,0.029534815782056714
2003,China (private),Uzbekistan,0.17691079497139853
2003,China (private),Viet Nam,0.016405373411358504
2004,China (bilateral),Africa (excluding high income),1.1483888232854882
2004,China (bilateral),Albania,2.7263420240271135
2004,China (bilateral),Algeria,0.16342575356257968
2004,China (bilateral),Angola,0.9902480122480323
2004,China (bilateral),Bangladesh,0.31993941829424366
2004,China (bilateral),Belize,0.006191096107482747
2004,China (bilateral),Benin,2.5672635933832675
2004,China (bilateral),Bolivia,0.30572189383314435
2004,China (bilateral),Botswana,9.220744675034107
2004,China (bilateral),Burkina Faso,3.22444410734917
2004,China (bilateral),Burundi,0.9490531110931638
2004,China (bilateral),Cabo Verde,0.0
2004,China (bilateral),Cambodia,1.3104644332974673
2004,China (bilateral),Cameroon,0.5289842319301559
2004,China (bilateral),Central African Republic,1.0422434975136432
2004,China (bilateral),Chad,0.960473998898224
2004,China (bilateral),Comoros,0.44889015151380196
2004,China (bilateral),"Congo, Dem. Rep.",0.6865124804413133
2004,China (bilateral),"Congo, Rep.",0.8388904556007052
2004,China (bilateral),Cote d'Ivoire,0.3880943061966087
2004,China (bilateral),Djibouti,0.453640291950306
2004,China (bilateral),Dominica,3.4326851875565048
2004,China (bilateral),Dominican Republic,0.15069533325219614
2004,China (bilateral),East Asia & Pacific (excluding high income),0.3789402886077825
2004,China (bilateral),Ecuador,0.0629187407173878
2004,China (bilateral),"Egypt, Arab Rep.",0.39132530459082704
2004,China (bilateral),El Salvador,0.6824551406639107
2004,China (bilateral),Eritrea,0.7368939792216752
2004,China (bilateral),Eswatini,0.8253816815457764
2004,China (bilateral),Ethiopia,0.6773942394254874
2004,China (bilateral),Europe & Central Asia (excluding high income),0.338115570949278
2004,China (bilateral),Fiji,37.86309040370029
2004,China (bilateral),Gabon,2.222299421796871
2004,China (bilateral),"Gambia, The",2.836519775330984
2004,China (bilateral),Georgia,0.20820156899211428
2004,China (bilateral),Ghana,0.8119696782148218
2004,China (bilateral),Guatemala,2.0241286041787374
2004,China (bilateral),Guinea,0.9875475886251704
2004,China (bilateral),Guyana,1.3169335807800369
2004,China (bilateral),Honduras,0.7682494262751293
2004,China (bilateral),IDA only,1.7225225147124006
2004,China (bilateral),IDA total,1.3742394688810649
2004,China (bilateral),India,0.013759356211860673
2004,China (bilateral),Indonesia,0.038480037273734044
2004,China (bilateral),"Iran, Islamic Rep.",2.088032408089549
2004,China (bilateral),Jamaica,0.2513620154066162
2004,China (bilateral),Jordan,0.19666948328278322
2004,China (bilateral),Kenya,0.19624842098548498
2004,China (bilateral),Kyrgyz Republic,0.7807013760164282
2004,China (bilateral),Lao PDR,3.2265202930188486
2004,China (bilateral),Latin America & Caribbean (excluding high income),0.060668042019831454
2004,China (bilateral),Least developed countries: UN classification,2.047875512876699
2004,China (bilateral),Lebanon,0.03271843945956164
2004,China (bilateral),Lesotho,1.0046606100755755
2004,China (bilateral),Liberia,1.304624491563374
2004,China (bilateral),Low & lower middle income,0.9326533514295428
2004,China (bilateral),Low & middle income,0.4437245877407023
2004,China (bilateral),Low income,2.2246516557721607
2004,China (bilateral),Lower middle income,0.6638371496345196
2004,China (bilateral),Madagascar,0.9893438251472537
2004,China (bilateral),Maldives,0.3578519261176473
2004,China (bilateral),Mali,4.763118085454336
2004,China (bilateral),Mauritania,3.519670909915927
2004,China (bilateral),Mauritius,3.0686712180962785
2004,China (bilateral),"Middle East, North Africa, Afghanistan & Pakistan (excluding high income)",0.45586935048464333
2004,China (bilateral),Middle income,0.3166842757994414
2004,China (bilateral),Mongolia,1.147629582951821
2004,China (bilateral),Morocco,0.0
2004,China (bilateral),Mozambique,0.5849926600960894
2004,China (bilateral),Myanmar,1.5935860540793574
2004,China (bilateral),Nicaragua,0.41135137752990447
2004,China (bilateral),Niger,1.1555825739971692
2004,China (bilateral),Nigeria,0.2536878965208112
2004,China (bilateral),North Macedonia,5.552918207064883
2004,China (bilateral),Pakistan,1.2844917502851523
2004,China (bilateral),Papua New Guinea,0.3162292172252209
2004,China (bilateral),Paraguay,0.07020758804906277
2004,China (bilateral),Peru,0.08956557727906181
2004,China (bilateral),Philippines,0.2967084065738071
2004,China (bilateral),Rwanda,1.012284568015197
2004,China (bilateral),Samoa,6.764847858683947
2004,China (bilateral),Sao Tome and Principe,5.000715274928407
2004,China (bilateral),Senegal,2.6758818617877456
2004,China (bilateral),Serbia,1.947804010137427
2004,China (bilateral),Sierra Leone,2.125101055344016
2004,China (bilateral),South Asia,0.17338601552607602
2004,China (bilateral),Sri Lanka,1.0076372580242976
2004,China (bilateral),St. Vincent and the Grenadines,1.5441310053678776
2004,China (bilateral),Sub-Saharan Africa (excluding high income),1.5319119634803846
2004,China (bilateral),Sudan,10.055914058576114
2004,China (bilateral),Tajikistan,0.8287135399071072
2004,China (bilateral),Tanzania,2.114267425901564
2004,China (bilateral),Togo,1.7253433720112297
2004,China (bilateral),Tonga,9.128196867632202
2004,China (bilateral),Tunisia,0.09111034632542242
2004,China (bilateral),Turkiye,0.0034692909380020388
2004,China (bilateral),Turkmenistan,3.4310351987156222
2004,China (bilateral),Uganda,0.4083113450098542
2004,China (bilateral),Upper middle income,0.13556819699411232
2004,China (bilateral),Uzbekistan,0.5490395214312122
2004,China (bilateral),Vanuatu,4.562464668026077
2004,China (bilateral),Viet Nam,2.9243854787013794
2004,China (bilateral),"Yemen, Rep.",2.6600842228288006
2004,China (bilateral),Zambia,2.974654889118921
2004,China (bilateral),Zimbabwe,3.5589876541008274
2004,China (private),Africa (excluding high income),0.0022576969756114063
2004,China (private),Algeria,0.003871357589251932
2004,China (private),Bangladesh,0.5284926772649506
2004,China (private),Belarus,3.0899077111510205
2004,China (private),Belize,0.5693047829780843
2004,China (private),"Congo, Rep.",0.0
2004,China (private),East Asia & Pacific (excluding high income),0.0607987392026495
2004,China (private),Europe & Central Asia (excluding high income),0.06388879510563174
2004,China (private),IDA only,0.13617323143644156
2004,China (private),IDA total,0.1169271912089797
2004,China (private),Indonesia,0.012065317985308249
2004,China (private),"Iran, Islamic Rep.",1.298446999169281
2004,China (private),Kenya,0.08681200196777555
2004,China (private),Latin America & Caribbean (excluding high income),0.0012816916050964174
2004,China (private),Least developed countries: UN classification,0.1745867889974317
2004,China (private),Low & lower middle income,0.06648218710460534
2004,China (private),Low & middle income,0.041060717633431894
2004,China (private),Low income,9.564329460881744e-05
2004,China (private),Lower middle income,0.08029472733574927
2004,China (private),"Middle East, North Africa, Afghanistan & Pakistan (excluding high income)",0.09225988364465323
2004,China (private),Middle income,0.04398291243641924
2004,China (private),Mongolia,0.0
2004,China (private),Myanmar,2.0315747775858406
2004,China (private),North Macedonia,1.5111188425268423
2004,China (private),Pakistan,0.18465443569811354
2004,China (private),South Asia,0.10120565935590127
2004,China (private),Sub-Saharan Africa (excluding high income),0.0027691947474180805
2004,China (private),Sudan,0.0006910599397307814
2004,China (private),Upper middle income,0.025038366605017164
2004,China (private),Uzbekistan,0.5988399526177453
2004,China (private),Viet Nam,0.007202457271775384
2005,China (bilateral),Africa (excluding high income),1.3634562349473502
2005,China (bilateral),Albania,2.5398044976536336
2005,China (bilateral),Algeria,0.17623412256344873
2005,China (bilateral),Angola,1.9094390193113544
2005,China (bilateral),Bangladesh,0.33435313801685174
2005,China (bilateral),Belarus,4.4892463400555
2005,China (bilateral),Belize,0.0030017223494037135
2005,China (bilateral),Benin,4.419656755899382
2005,China (bilateral),Bolivia,0.6415026082739932
2005,China (bilateral),Botswana,11.828464066939055
2005,China (bilateral),Burkina Faso,2.939107553829228
2005,China (bilateral),Burundi,1.0536040015493486
2005,China (bilateral),Cabo Verde,0.0
2005,China (bilateral),Cambodia,1.3677733625574073
2005,China (bilateral),Cameroon,0.8957295250649786
2005,China (bilateral),Central African Republic,1.1419838979126096
2005,China (bilateral),Chad,0.978477634947186
2005,China (bilateral),Comoros,0.488116545090745
2005,China (bilateral),"Congo, Dem. Rep.",0.7154851484874123
2005,China (bilateral),"Congo, Rep.",1.1727377282059273
2005,China (bilateral),Cote d'Ivoire,0.4448957064202797
2005,China (bilateral),Djibouti,0.27439697477628316
2005,China (bilateral),Dominica,3.47018781810852
2005,China (bilateral),Dominican Republic,0.15653892688455875
2005,China (bilateral),East Asia & Pacific (excluding high income),0.42445166494825387
2005,China (bilateral),Ecuador,0.05490988991227829
2005,China (bilateral),"Egypt, Arab Rep.",0.3494546132070599
2005,China (bilateral),El Salvador,0.761222966883694
2005,China (bilateral),Eritrea,0.7358778488488357
2005,China (bilateral),Eswatini,0.7541578096655496
2005,China (bilateral),Ethiopia,0.7226869181032046
2005,China (bilateral),Europe & Central Asia (excluding high income),0.4079585866037221
2005,China (bilateral),Fiji,39.33073585456651
2005,China (bilateral),Gabon,2.5102108028669106
2005,China (bilateral),"Gambia, The",2.902847798175827
2005,China (bilateral),Georgia,0.18925608960797058
2005,China (bilateral),Ghana,0.8078616170204614
2005,China (bilateral),Guatemala,1.823493711761901
2005,China (bilateral),Guinea,1.2657838813158873
2005,China (bilateral),Guyana,3.167073002272081
2005,China (bilateral),Honduras,0.8444149524046
2005,China (bilateral),IDA only,2.0305782174565707
2005,China (bilateral),IDA total,1.7234450957010752
2005,China (bilateral),India,0.013346457935374022
2005,China (bilateral),Indonesia,0.02672652151503796
2005,China (bilateral),"Iran, Islamic Rep.",5.835201882371441
2005,China (bilateral),Jamaica,0.47959884717454915
2005,China (bilateral),Jordan,0.3334762018488843
2005,China (bilateral),Kenya,0.4029826563769714
2005,China (bilateral),Kyrgyz Republic,0.8370572156982757
2005,China (bilateral),Lao PDR,5.097240814973174
2005,China (bilateral),Latin America & Caribbean (excluding high income),0.07742112766572161
2005,China (bilateral),Least developed countries: UN classification,2.314175198994095
2005,China (bilateral),Lebanon,0.032726176805917426
2005,China (bilateral),Lesotho,1.2012228898531623
2005,China (bilateral),Liberia,1.373949679704134
2005,China (bilateral),Low & lower middle income,1.1356447033830994
2005,China (bilateral),Low & middle income,0.5640626932660493
2005,China (bilateral),Low income,2.6664876262554666
2005,China (bilateral),Lower middle income,0.8425937810149549
2005,China (bilateral),Madagascar,1.1111764067075376
2005,China (bilateral),Maldives,0.3241665159544798
2005,China (bilateral),Mali,4.618736768319173
2005,China (bilateral),Mauritania,3.0132160832496235
2005,China (bilateral),Mauritius,3.8443425878628092
2005,China (bilateral),"Middle East, North Africa, Afghanistan & Pakistan (excluding high income)",0.8027742304679227
2005,China (bilateral),Middle income,0.4265994817994955
2005,China (bilateral),Mongolia,1.214095073402296
2005,China (bilateral),Morocco,0.0
2005,China (bilateral),Mozambique,0.5755584717756952
2005,China (bilateral),Myanmar,2.689235218529111
2005,China (bilateral),Nicaragua,0.3846784790396775
2005,China (bilateral),Niger,1.189697528806179
2005,China (bilateral),Nigeria,0.6634980563888578
2005,China (bilateral),North Macedonia,5.2777219432281575
2005,China (bilateral),Pakistan,1.5781013055959723
2005,China (bilateral),Papua New Guinea,0.4881975324486998
2005,China (bilateral),Paraguay,0.03850869257053582
2005,China (bilateral),Peru,0.06737988195138855
2005,China (bilateral),Philippines,0.32511008248565654
2005,China (bilateral),Rwanda,1.056583836966368
2005,China (bilateral),Samoa,7.231909882287156
2005,China (bilateral),Sao Tome and Principe,5.385083744732737
2005,China (bilateral),Senegal,2.6410672384968357
2005,China (bilateral),Serbia,2.146357401532773
2005,China (bilateral),Sierra Leone,1.9884166385635766
2005,China (bilateral),South Asia,0.19364860148293692
2005,China (bilateral),Sri Lanka,1.0323439663393832
2005,China (bilateral),St. Vincent and the Grenadines,1.184058794334874
2005,China (bilateral),Sub-Saharan Africa (excluding high income),1.8254915723247696
2005,China (bilateral),Sudan,10.338727648443964
2005,China (bilateral),Tajikistan,0.8336281983559689
2005,China (bilateral),Tanzania,2.220244561195453
2005,China (bilateral),Togo,1.545059258464865
2005,China (bilateral),Tonga,9.818712486045373
2005,China (bilateral),Tunisia,0.21868395523392087
2005,China (bilateral),Turkiye,0.0
2005,China (bilateral),Turkmenistan,4.7681292405273465
2005,China (bilateral),Uganda,0.439529853790017
2005,China (bilateral),Upper middle income,0.21081624342083455
2005,China (bilateral),Uzbekistan,0.9059865579965621
2005,China (bilateral),Vanuatu,0.0
2005,China (bilateral),Viet Nam,2.841401194458008
2005,China (bilateral),"Yemen, Rep.",3.2401567719461046
2005,China (bilateral),Zambia,4.46395257351648
2005,China (bilateral),Zimbabwe,3.45485061755843
2005,China (private),Africa (excluding high income),0.07225919895840943
2005,China (private),Algeria,0.005097879919114523
2005,China (private),Angola,0.25087810948745526
2005,China (private),Bangladesh,0.5589457598751343
2005,China (private),Belarus,2.673293928654089
2005,China (private),Belize,0.40374220375987274
2005,China (private),"Congo, Rep.",2.1768031735195374
2005,China (private),East Asia & Pacific (excluding high income),0.05789532451597657
2005,China (private),Europe & Central Asia (excluding high income),0.07138124626060156
2005,China (private),IDA only,0.15046023995523877
2005,China (private),IDA total,0.19924770014188045
2005,China (private),Indonesia,0.006948303701372345
2005,China (private),"Iran, Islamic Rep.",1.6470601156403433
2005,China (private),Kenya,0.09340920818828993
2005,China (private),Latin America & Caribbean (excluding high income),0.0010879359234820813
2005,China (private),Least developed countries: UN classification,0.19712647901341923
2005,China (private),Low & lower middle income,0.11526977986164419
2005,China (private),Low & middle income,0.06356822741399647
2005,China (private),Low income,0.00011446196162721494
2005,China (private),Lower middle income,0.13731408736177458
2005,China (private),"Middle East, North Africa, Afghanistan & Pakistan (excluding high income)",0.1344072832254028
2005,China (private),Middle income,0.06771703588837354
2005,China (private),Mongolia,0.0
2005,China (private),Myanmar,2.128698789151689
2005,China (private),Nigeria,0.12911264556965799
2005,China (private),North Macedonia,1.4362295241234881
2005,China (private),Pakistan,0.23201949795743745
2005,China (private),South Asia,0.11351618521227595
2005,China (private),Sub-Saharan Africa (excluding high income),0.10111012446430595
2005,China (private),Sudan,0.0007162993227163129
2005,China (private),Upper middle income,0.031615874942515235
2005,China (private),Uzbekistan,0.804860798729309
2005,China (private),Viet Nam,0.004600287538626394
2006,China (bilateral),Africa (excluding high income),2.2987160424162068
2006,China (bilateral),Albania,2.003848132470468
2006,China (bilateral),Algeria,0.6605977285218032
2006,China (bilateral),Angola,7.559011087308001
2006,China (bilateral),Bangladesh,0.2974265797200991
2006,China (bilateral),Belarus,12.574905954929203
2006,China (bilateral),Belize,0.0
2006,China (bilateral),Benin,16.893371248609235
2006,China (bilateral),Bolivia,1.206280876209803
2006,China (bilateral),Botswana,13.82741240401075
2006,China (bilateral),Brazil,0.0
2006,China (bilateral),Burkina Faso,5.189945680607598
2006,China (bilateral),Burundi,1.0403632967311596
2006,China (bilateral),Cabo Verde,0.0
2006,China (bilateral),Cambodia,2.709319243670957
2006,China (bilateral),Cameroon,1.790799798506133
2006,China (bilateral),Central African Republic,1.1910261712848083
2006,China (bilateral),Chad,0.0
2006,China (bilateral),Comoros,0.5002176550434483
2006,China (bilateral),"Congo, Dem. Rep.",0.6556440237986303
2006,China (bilateral),"Congo, Rep.",1.3581376655607327
2006,China (bilateral),Cote d'Ivoire,0.4201395713860915
2006,China (bilateral),Djibouti,0.06520904589022912
2006,China (bilateral),Dominica,0.0
2006,China (bilateral),Dominican Republic,0.14155554403300155
2006,China (bilateral),East Asia & Pacific (excluding high income),0.4049245536835839
2006,China (bilateral),Ecuador,0.0320700675260608
2006,China (bilateral),"Egypt, Arab Rep.",0.3805522498056124
2006,China (bilateral),El Salvador,0.6295107294209566
2006,China (bilateral),Eritrea,0.7036976302403936
2006,China (bilateral),Eswatini,0.6803133758245254
2006,China (bilateral),Ethiopia,0.6906683855475619
2006,China (bilateral),Europe & Central Asia (excluding high income),0.5186920353643341
2006,China (bilateral),Fiji,21.74886155667389
2006,China (bilateral),Gabon,2.502705166436607
2006,China (bilateral),"Gambia, The",2.6953499736717417
2006,China (bilateral),Georgia,0.0
2006,China (bilateral),Ghana,2.163097368153238
2006,China (bilateral),Guatemala,1.5012694193651979
2006,China (bilateral),Guinea,1.9467087576151507
2006,China (bilateral),Guyana,3.961757096122303
2006,China (bilateral),Honduras,1.0525422478236341
2006,China (bilateral),IDA only,2.7950756871221074
2006,China (bilateral),IDA total,2.6525630792871784
2006,China (bilateral),India,0.009461546760844259
2006,China (bilateral),Indonesia,0.11137591492870173
2006,China (bilateral),"Iran, Islamic Rep.",6.395734328204868
2006,China (bilateral),Jamaica,0.7141985970956692
2006,China (bilateral),Jordan,0.3443715681557124
2006,China (bilateral),Kenya,0.6259098746249875
2006,China (bilateral),Kyrgyz Republic,3.65608912078189
2006,China (bilateral),Lao PDR,6.186543798842401
2006,China (bilateral),Latin America & Caribbean (excluding high income),0.08160620684966935
2006,China (bilateral),Least developed countries: UN classification,3.5365789593547796
2006,China (bilateral),Lebanon,0.031700681627821796
2006,China (bilateral),Lesotho,1.2524818629998444
2006,China (bilateral),Liberia,1.3457266837176405
2006,China (bilateral),Low & lower middle income,1.5495704264152048
2006,China (bilateral),Low & middle income,0.8852492003849153
2006,China (bilateral),Low income,3.5607681239624376
2006,China (bilateral),Lower middle income,1.2258679315119105
2006,China (bilateral),Madagascar,3.0311558996247365
2006,China (bilateral),Maldives,0.23855878418426021
2006,China (bilateral),Mali,9.542496179595249
2006,China (bilateral),Mauritania,3.747914739896956
2006,China (bilateral),Mauritius,4.801042487426075
2006,China (bilateral),"Middle East, North Africa, Afghanistan & Pakistan (excluding high income)",2.1151272320872345
2006,China (bilateral),Middle income,0.7416979769003734
2006,China (bilateral),Mongolia,1.1678050998213771
2006,China (bilateral),Morocco,0.017746974243216078
2006,China (bilateral),Mozambique,1.0533597616182844
2006,China (bilateral),Myanmar,4.098837944340728
2006,China (bilateral),Nicaragua,0.5261316499327988
2006,China (bilateral),Niger,1.9413803349864822
2006,China (bilateral),Nigeria,11.591611415541012
2006,China (bilateral),North Macedonia,4.616886272014707
2006,China (bilateral),Pakistan,2.4515241437494337
2006,China (bilateral),Papua New Guinea,0.46357777143517975
2006,China (bilateral),Paraguay,0.026211095107899256
2006,China (bilateral),Peru,0.03999860952031432
2006,China (bilateral),Philippines,0.5052649104102808
2006,China (bilateral),Rwanda,4.296065482598036
2006,China (bilateral),Samoa,0.061949430266197154
2006,China (bilateral),Sao Tome and Principe,5.153848279691905
2006,China (bilateral),Senegal,5.375885622676173
2006,China (bilateral),Serbia,2.147577423018102
2006,China (bilateral),Sierra Leone,1.8024486844427074
2006,China (bilateral),South Asia,0.1766793631985665
2006,China (bilateral),Sri Lanka,0.9997432547003969
2006,China (bilateral),St. Vincent and the Grenadines,0.979316928946466
2006,China (bilateral),Sub-Saharan Africa (excluding high income),3.2928869019783065
2006,China (bilateral),Sudan,10.93255541105145
2006,China (bilateral),Tajikistan,4.453824907800541
2006,China (bilateral),Tanzania,6.140244270548826
2006,China (bilateral),Togo,0.8299726787915097
2006,China (bilateral),Tonga,9.89092019584157
2006,China (bilateral),Tunisia,0.2972883339278262
2006,China (bilateral),Turkmenistan,6.237898290384388
2006,China (bilateral),Uganda,1.7389722924708484
2006,China (bilateral),Upper middle income,0.49958888187103995
2006,China (bilateral),Uzbekistan,1.5777008788502596
2006,China (bilateral),Viet Nam,0.7115315856657759
2006,China (bilateral),"Yemen, Rep.",3.3124409639584367
2006,China (bilateral),Zambia,18.955020608859257
2006,China (bilateral),Zimbabwe,3.775101231658535
2006,China (private),Africa (excluding high income),0.1740781951993812
2006,China (private),Algeria,0.0
2006,China (private),Angola,0.2225895288668792
2006,China (private),Bangladesh,0.5286286800610537
2006,China (private),Belarus,2.256819409204805
2006,China (private),Belize,0.2615765051782968
2006,China (private),"Congo, Rep.",4.08831281190248
2006,China (private),East Asia & Pacific (excluding high income),0.06138056063350823
2006,China (private),Ethiopia,0.0
2006,China (private),Europe & Central Asia (excluding high income),0.06335245612159295
2006,China (private),IDA only,0.18368528094007122
2006,China (private),IDA total,0.326624357854699
2006,China (private),India,0.25999075182545833
2006,China (private),Indonesia,0.003523150295328803
2006,China (private),"Iran, Islamic Rep.",1.3382795358550112
2006,China (private),Kenya,0.0525304543309811
2006,China (private),Latin America & Caribbean (excluding high income),0.0007581809327391343
2006,China (private),Least developed countries: UN classification,0.23742295155176976
2006,China (private),Low & lower middle income,0.2047804224536017
2006,China (private),Low & middle income,0.09409057776770674
2006,China (private),Low income,0.0001449914251045334
2006,China (private),Lower middle income,0.2377165180200993
2006,China (private),"Middle East, North Africa, Afghanistan & Pakistan (excluding high income)",0.13671479789481336
2006,China (private),Middle income,0.09913109672707954
2006,China (private),Mongolia,0.9404935004593762
2006,China (private),Myanmar,2.03478466623391
2006,China (private),Nigeria,1.550773839626002
2006,China (private),North Macedonia,1.4348565876279769
2006,China (private),Pakistan,0.2686534433710617
2006,China (private),South Asia,0.2723144224770065
2006,China (private),Sub-Saharan Africa (excluding high income),0.26050931348023687
2006,China (private),Sudan,0.000674128961569728
2006,China (private),Upper middle income,0.029831482792067248
2006,China (private),Uzbekistan,0.879230766334705
2006,China (private),Viet Nam,0.0023354251738878615
2006,China (private),Zambia,0.0
2007,China (bilateral),Africa (excluding high income),2.592256677276659
2007,China (bilateral),Albania,1.5827561581964567
2007,China (bilateral),Algeria,1.5966536111336136
2007,China (bilateral),Angola,11.631998243655143
2007,China (bilateral),Bangladesh,0.2106335625066128
2007,China (bilateral),Belarus,5.753428369088152
2007,China (bilateral),Benin,16.10599625131368
2007,China (bilateral),Bolivia,1.832260596598791
2007,China (bilateral),Botswana,20.18293341839859
2007,China (bilateral),Brazil,9.265066982216484e-05
2007,China (bilateral),Burkina Faso,3.9413165394216185
2007,China (bilateral),Burundi,0.0
2007,China (bilateral),Cabo Verde,0.0
2007,China (bilateral),Cambodia,4.774249372175288
2007,China (bilateral),Cameroon,2.349273284805603
2007,China (bilateral),Central African Republic,1.2904196379976944
2007,China (bilateral),Chad,0.0
2007,China (bilateral),Comoros,0.4979836509636185
2007,China (bilateral),"Congo, Dem. Rep.",0.595917854111805
2007,China (bilateral),"Congo, Rep.",1.507528063465237
2007,China (bilateral),Cote d'Ivoire,0.5176096715161556
2007,China (bilateral),Djibouti,3.297029959770745
2007,China (bilateral),Dominican Republic,0.12799594792397231
2007,China (bilateral),East Asia & Pacific (excluding high income),0.6424736933640128
2007,China (bilateral),Ecuador,0.02865625432849421
2007,China (bilateral),"Egypt, Arab Rep.",0.39041492949343304
2007,China (bilateral),El Salvador,0.5913593419141056
2007,China (bilateral),Eritrea,1.8394443954936608
2007,China (bilateral),Eswatini,0.5795420405676318
2007,China (bilateral),Ethiopia,0.935404509251584
2007,China (bilateral),Europe & Central Asia (excluding high income),0.6633363649035708
2007,China (bilateral),Fiji,20.863180266479823
2007,China (bilateral),Gabon,2.275893707621775
2007,China (bilateral),"Gambia, The",1.237493411649079
2007,China (bilateral),Georgia,0.0
2007,China (bilateral),Ghana,3.1891074494571616
2007,China (bilateral),Guatemala,1.3480808223648235
2007,China (bilateral),Guinea,1.5239403027390024
2007,China (bilateral),Guyana,4.596625009848523
2007,China (bilateral),Honduras,1.4109697752347812
2007,China (bilateral),IDA only,3.0277496209152215
2007,China (bilateral),IDA total,2.9841272386202875
2007,China (bilateral),India,0.005804800018021578
2007,China (bilateral),Indonesia,0.2980367587742428
2007,China (bilateral),"Iran, Islamic Rep.",6.652024374498657
2007,China (bilateral),Jamaica,1.0528870880170578
2007,China (bilateral),Jordan,0.3534036438577294
2007,China (bilateral),Kenya,0.7136115912694662
2007,China (bilateral),Kyrgyz Republic,0.45107417993329046
2007,China (bilateral),Lao PDR,9.211121255030973
2007,China (bilateral),Latin America & Caribbean (excluding high income),0.08312916151007958
2007,China (bilateral),Least developed countries: UN classification,3.842954987678387
2007,China (bilateral),Lebanon,0.03255436627132793
2007,China (bilateral),Lesotho,0.2131807263162953
2007,China (bilateral),Liberia,1.5674343237674622
2007,China (bilateral),Low & lower middle income,1.8356039919404756
2007,China (bilateral),Low & middle income,1.0088744692542249
2007,China (bilateral),Low income,3.0914342533192425
2007,China (bilateral),Lower middle income,1.6329059350642539
2007,China (bilateral),Madagascar,0.21071237736925488
2007,China (bilateral),Maldives,0.17380812900800022
2007,China (bilateral),Mali,3.2567249608641875
2007,China (bilateral),Mauritania,0.0
2007,China (bilateral),Mauritius,4.226212301677221
2007,China (bilateral),"Middle East, North Africa, Afghanistan & Pakistan (excluding high income)",2.0878958055797976
2007,China (bilateral),Middle income,0.8957113273071715
2007,China (bilateral),Mongolia,1.2018535818096965
2007,China (bilateral),Morocco,0.0436128753803547
2007,China (bilateral),Mozambique,0.20277640355283155
2007,China (bilateral),Myanmar,5.642343037669976
2007,China (bilateral),Nicaragua,0.8072723120615559
2007,China (bilateral),Niger,1.7112441640579363
2007,China (bilateral),Nigeria,16.08098024477875
2007,China (bilateral),North Macedonia,4.262450091798424
2007,China (bilateral),Pakistan,2.499106025332502
2007,China (bilateral),Papua New Guinea,0.45872691799338283
2007,China (bilateral),Paraguay,0.0133321288906704
2007,China (bilateral),Peru,0.0249568315608236
2007,China (bilateral),Philippines,0.8201533953689651
2007,China (bilateral),Rwanda,5.399003105075656
2007,China (bilateral),Samoa,4.798105547175414
2007,China (bilateral),Sao Tome and Principe,12.33370664022388
2007,China (bilateral),Senegal,4.85729078410766
2007,China (bilateral),Serbia,1.9655846367697094
2007,China (bilateral),Sierra Leone,2.451726155764358
2007,China (bilateral),South Asia,0.29988645547819726
2007,China (bilateral),Sri Lanka,2.2976498515148913
2007,China (bilateral),St. Vincent and the Grenadines,0.9196061724454911
2007,China (bilateral),Sub-Saharan Africa (excluding high income),3.7249871719779226
2007,China (bilateral),Sudan,10.174162070037825
2007,China (bilateral),Tajikistan,20.949522215172568
2007,China (bilateral),Tanzania,5.486350949280646
2007,China (bilateral),Togo,0.8335196245375428
2007,China (bilateral),Tonga,9.97437311795225
2007,China (bilateral),Tunisia,0.3412801328680608
2007,China (bilateral),Turkiye,0.0
2007,China (bilateral),Turkmenistan,14.574470092384892
2007,China (bilateral),Uganda,1.582057902884886
2007,China (bilateral),Upper middle income,0.521571879451662
2007,China (bilateral),Uzbekistan,2.788179158921397
2007,China (bilateral),Vanuatu,5.260386251064192
2007,China (bilateral),Viet Nam,1.0560488458475132
2007,China (bilateral),"Yemen, Rep.",3.2297250842994902
2007,China (bilateral),Zambia,21.942747826016213
2007,China (bilateral),Zimbabwe,7.828020892405661
2007,China (private),Africa (excluding high income),0.1788968027668648
2007,China (private),Angola,0.16081422735475714
2007,China (private),Bangladesh,0.487632216919889
2007,China (private),Belarus,0.4917188233157601
2007,China (private),Belize,0.12817975558134176
2007,China (private),"Congo, Rep.",4.854197359310412
2007,China (private),Cote d'Ivoire,0.0
2007,China (private),East Asia & Pacific (excluding high income),0.05903680705232892
2007,China (private),"Egypt, Arab Rep.",0.0
2007,China (private),Ethiopia,0.0
2007,China (private),Europe & Central Asia (excluding high income),0.04956872262076528
2007,China (private),Honduras,2.489975956013802
2007,China (private),IDA only,0.22321666652437475
2007,China (private),IDA total,0.35031833022776077
2007,China (private),India,0.2899811381473132
2007,China (private),Indonesia,0.0
2007,China (private),"Iran, Islamic Rep.",1.0187354143513487
2007,China (private),Kenya,0.04234184807369261
2007,China (private),Latin America & Caribbean (excluding high income),0.013914087775987363
2007,China (private),Least developed countries: UN classification,0.23114772403981368
2007,China (private),Low & lower middle income,0.21990621102217914
2007,China (private),Low & middle income,0.09516067159637893
2007,China (private),Low income,0.0001334804801492729
2007,China (private),Lower middle income,0.25537876396603204
2007,China (private),"Middle East, North Africa, Afghanistan & Pakistan (excluding high income)",0.10890372176496399
2007,China (private),Middle income,0.100324305120563
2007,China (private),Mongolia,0.8839720587293369
2007,China (private),Myanmar,1.9162500255743777
2007,China (private),Nigeria,2.1463436300594423
2007,China (private),North Macedonia,1.3427023711357489
2007,China (private),Pakistan,0.2567827283927789
2007,China (private),South Asia,0.281122519456969
2007,China (private),Sub-Saharan Africa (excluding high income),0.2713075521331073
2007,China (private),Sudan,0.0006272567202898969
2007,China (private),Upper middle income,0.021631394172013988
2007,China (private),Uzbekistan,0.8832437051599962
2007,China (private),Viet Nam,5.40484398112251e-06
2007,China (private),Zambia,1.9384086081538612
2008,China (bilateral),Africa (excluding high income),3.1542645107018736
2008,China (bilateral),Albania,1.0879178440281074
2008,China (bilateral),Algeria,1.7391762952393466
2008,China (bilateral),Angola,11.249660779421669
2008,China (bilateral),Bangladesh,0.29603156176609513
2008,China (bilateral),Belarus,4.601007809061409
2008,China (bilateral),Belize,0.0
2008,China (bilateral),Benin,14.750816799148446
2008,China (bilateral),Bolivia,3.2453630889336034
2008,China (bilateral),Botswana,20.451098191153566
2008,China (bilateral),Brazil,1.110281135853143
2008,China (bilateral),Burkina Faso,4.043149128018805
2008,China (bilateral),Burundi,0.0
2008,China (bilateral),Cabo Verde,0.0
2008,China (bilateral),Cambodia,9.307975945769876
2008,China (bilateral),Cameroon,5.069392342412502
2008,China (bilateral),Central African Republic,1.296054305435674
2008,China (bilateral),Chad,2.6065968897622604
2008,China (bilateral),"Congo, Dem. Rep.",0.585273961689581
2008,China (bilateral),"Congo, Rep.",1.6757630972298572
2008,China (bilateral),Cote d'Ivoire,0.6323306420576545
2008,China (bilateral),Djibouti,3.483041681084965
2008,China (bilateral),Dominican Republic,0.10570596531199478
2008,China (bilateral),East Asia & Pacific (excluding high income),0.8354226577736955
2008,China (bilateral),Ecuador,0.021876247422784822
2008,China (bilateral),"Egypt, Arab Rep.",0.43995926341921004
2008,China (bilateral),El Salvador,0.5384320450091299
2008,China (bilateral),Eritrea,9.28716925095955
2008,China (bilateral),Eswatini,0.4846660020813223
2008,China (bilateral),Ethiopia,0.9223802694460649
2008,China (bilateral),Europe & Central Asia (excluding high income),1.056892451921534
2008,China (bilateral),Fiji,20.61064569434558
2008,China (bilateral),Gabon,6.483691195955767
2008,China (bilateral),"Gambia, The",3.6506701322910535
2008,China (bilateral),Georgia,0.14760362812911254
2008,China (bilateral),Ghana,4.790773922757827
2008,China (bilateral),Guatemala,1.1229783916825837
2008,China (bilateral),Guinea,1.9231705396948335
2008,China (bilateral),Guyana,4.445608820080917
2008,China (bilateral),Honduras,1.0710100995386151
2008,China (bilateral),IDA only,3.7610907264988898
2008,China (bilateral),IDA total,3.601369582204481
2008,China (bilateral),India,0.0031906659811893317
2008,China (bilateral),Indonesia,0.4415107581965198
2008,China (bilateral),"Iran, Islamic Rep.",7.307215444300861
2008,China (bilateral),Jamaica,1.430074613953758
2008,China (bilateral),Jordan,0.6100112330018673
2008,China (bilateral),Kenya,0.9474924540287724
2008,China (bilateral),Kyrgyz Republic,0.4656329087069305
2008,China (bilateral),Lao PDR,11.65703500713499
2008,China (bilateral),Latin America & Caribbean (excluding high income),0.3274180064932411
2008,China (bilateral),Least developed countries: UN classification,4.523941339693466
2008,China (bilateral),Lebanon,0.035284505577349155
2008,China (bilateral),Lesotho,2.484838408795788
2008,China (bilateral),Liberia,0.5895861408269308
2008,China (bilateral),Low & lower middle income,2.2368696183906045
2008,China (bilateral),Low & middle income,1.2728794599138693
2008,China (bilateral),Low income,3.6618310742866265
2008,China (bilateral),Lower middle income,2.013137049590532
2008,China (bilateral),Madagascar,1.9141371017847308
2008,China (bilateral),Maldives,0.1265116007246462
2008,China (bilateral),Mali,3.5205549841725903
2008,China (bilateral),Mauritania,0.0
2008,China (bilateral),Mauritius,4.0506450305976704
2008,China (bilateral),"Middle East, North Africa, Afghanistan & Pakistan (excluding high income)",2.3397091141939748
2008,China (bilateral),Middle income,1.143541915217414
2008,China (bilateral),Mongolia,1.2255083424272788
2008,China (bilateral),Morocco,0.37711760390859445
2008,China (bilateral),Mozambique,0.4927218739607402
2008,China (bilateral),Myanmar,6.621488007186972
2008,China (bilateral),Nicaragua,0.802600440932544
2008,China (bilateral),Niger,1.286648190664556
2008,China (bilateral),Nigeria,19.550450807864117
2008,China (bilateral),North Macedonia,3.429067093128967
2008,China (bilateral),Pakistan,2.334218179626469
2008,China (bilateral),Papua New Guinea,0.49402275947233326
2008,China (bilateral),Paraguay,0.0
2008,China (bilateral),Peru,0.016791571428320263
2008,China (bilateral),Philippines,0.8346725143880682
2008,China (bilateral),Rwanda,0.0
2008,China (bilateral),Samoa,14.321359750608163
2008,China (bilateral),Sao Tome and Principe,16.783920065112543
2008,China (bilateral),Senegal,5.596790028159715
2008,China (bilateral),Serbia,1.9821071643223303
2008,China (bilateral),Sierra Leone,4.615774832695836
2008,China (bilateral),South Asia,0.3304748456468773
2008,China (bilateral),Sri Lanka,2.489346524183849
2008,China (bilateral),St. Vincent and the Grenadines,0.5790326309816802
2008,China (bilateral),Sub-Saharan Africa (excluding high income),4.424624225837927
2008,China (bilateral),Sudan,11.530636108919694
2008,China (bilateral),Syrian Arab Republic,1.0017348222146956
2008,China (bilateral),Tajikistan,35.824421900782944
2008,China (bilateral),Tanzania,5.0933819668023
2008,China (bilateral),Togo,0.995684691396896
2008,China (bilateral),Tonga,18.566009629932296
2008,China (bilateral),Tunisia,0.35212834160922657
2008,China (bilateral),Turkiye,0.15131214375096808
2008,China (bilateral),Turkmenistan,23.322264030363037
2008,China (bilateral),Uganda,1.832654984141944
2008,China (bilateral),Upper middle income,0.6858776940502253
2008,China (bilateral),Uzbekistan,5.6015232741244505
2008,China (bilateral),Vanuatu,16.387124792877856
2008,China (bilateral),Viet Nam,1.3397032150571577
2008,China (bilateral),"Yemen, Rep.",3.2361880920563295
2008,China (bilateral),Zambia,20.53573756908999
2008,China (bilateral),Zimbabwe,8.735209065749181
2008,China (private),Africa (excluding high income),0.1894255955434741
2008,China (private),Angola,0.016566439862455012
2008,China (private),Bangladesh,0.12812087168974717
2008,China (private),Belarus,0.2758085250683499
2008,China (private),Belize,0.0
2008,China (private),"Congo, Rep.",4.808606153840298
2008,China (private),Cote d'Ivoire,0.0
2008,China (private),East Asia & Pacific (excluding high income),0.056139154882807
2008,China (private),"Egypt, Arab Rep.",0.0
2008,China (private),Ethiopia,0.0
2008,China (private),Europe & Central Asia (excluding high income),0.0414967280819359
2008,China (private),Honduras,2.1420201990772303
2008,China (private),IDA only,0.1829991385327927
2008,China (private),IDA total,0.3248284304096184
2008,China (private),India,0.3037066370861926
2008,China (private),"Iran, Islamic Rep.",0.8023983867302902
2008,China (private),Kenya,0.044192612781920604
2008,China (private),Latin America & Caribbean (excluding high income),0.013191487156294632
2008,China (private),Least developed countries: UN classification,0.1711559366142673
2008,China (private),Low & lower middle income,0.20878732243335374
2008,China (private),Low & middle income,0.08870672351972994
2008,China (private),Low income,0.00013011556176482198
2008,China (private),Lower middle income,0.241548498322616
2008,China (private),"Middle East, North Africa, Afghanistan & Pakistan (excluding high income)",0.1006461373751406
2008,China (private),Middle income,0.09350225011051513
2008,China (private),Mongolia,0.6810492339073015
2008,China (private),Myanmar,1.8135263542467228
2008,China (private),Nigeria,2.592178133792041
2008,China (private),North Macedonia,1.1742284204068965
2008,China (private),Pakistan,0.23993170883640133
2008,China (private),South Asia,0.2263561519150225
2008,China (private),Sub-Saharan Africa (excluding high income),0.2801405505888997
2008,China (private),Sudan,0.0006086597977509071
2008,China (private),Upper middle income,0.015586139260194372
2008,China (private),Uzbekistan,0.7516469690634903
2008,China (private),Viet Nam,4.525172250096595e-06
2008,China (private),Zambia,3.9968478110875956
2009,China (bilateral),Africa (excluding high income),3.75177054405101
2009,China (bilateral),Albania,0.7534704548667214
2009,China (bilateral),Algeria,2.4983453490265664
2009,China (bilateral),Angola,11.45522234893854
2009,China (bilateral),Bangladesh,0.2343164289885615
2009,China (bilateral),Belarus,12.222086919653032
2009,China (bilateral),Belize,0.0
2009,China (bilateral),Benin,11.546582034636513
2009,China (bilateral),Bolivia,3.077553987577643
2009,China (bilateral),Botswana,5.983300626821369
2009,China (bilateral),Brazil,4.601093573837816
2009,China (bilateral),Burkina Faso,3.327414210220902
2009,China (bilateral),Burundi,0.0
2009,China (bilateral),Cabo Verde,2.351359817757722
2009,China (bilateral),Cambodia,10.959089362772062
2009,China (bilateral),Cameroon,5.460024184887593
2009,China (bilateral),Central African Republic,4.283808074218679
2009,China (bilateral),Chad,2.599027836821812
2009,China (bilateral),"Congo, Dem. Rep.",0.5414036127429278
2009,China (bilateral),"Congo, Rep.",2.077490955522662
2009,China (bilateral),Cote d'Ivoire,0.5878958246451615
2009,China (bilateral),Djibouti,3.5701351963174357
2009,China (bilateral),Dominican Republic,0.08168106772783201
2009,China (bilateral),East Asia & Pacific (excluding high income),0.9452805279071269
2009,China (bilateral),Ecuador,0.033075466337316166
2009,China (bilateral),"Egypt, Arab Rep.",0.46180255730677794
2009,China (bilateral),El Salvador,0.45924612792490227
2009,China (bilateral),Eritrea,13.153451278097684
2009,China (bilateral),Eswatini,0.42511869090042226
2009,China (bilateral),Ethiopia,5.753888136785194
2009,China (bilateral),Europe & Central Asia (excluding high income),1.6544183682970217
2009,China (bilateral),Fiji,22.817987806955202
2009,China (bilateral),Gabon,8.617599305897318
2009,China (bilateral),"Gambia, The",3.1460757462216846
2009,China (bilateral),Georgia,0.12448469384729688
2009,China (bilateral),Ghana,7.927325366893052
2009,China (bilateral),Guatemala,0.8417028993479384
2009,China (bilateral),Guinea,1.953432098752464
2009,China (bilateral),Guyana,4.150782835350531
2009,China (bilateral),Honduras,0.8732939947424415
2009,China (bilateral),IDA only,5.047537277480052
2009,China (bilateral),IDA total,4.8238737831030845
2009,China (bilateral),India,0.0009520126138099641
2009,China (bilateral),Indonesia,0.42730120074133904
2009,China (bilateral),"Iran, Islamic Rep.",7.808613437419165
2009,China (bilateral),Jamaica,1.224502217210208
2009,China (bilateral),Jordan,0.5744822330526048
2009,China (bilateral),Kenya,2.531503129406575
2009,China (bilateral),Kyrgyz Republic,2.017226269569999
2009,China (bilateral),Lao PDR,13.998543803176858
2009,China (bilateral),Latin America & Caribbean (excluding high income),1.127618755970221
2009,China (bilateral),Least developed countries: UN classification,5.61524106693892
2009,China (bilateral),Lebanon,0.03527372126511958
2009,China (bilateral),Lesotho,3.9869038480970174
2009,China (bilateral),Liberia,0.0
2009,China (bilateral),Low & lower middle income,2.831639830035669
2009,China (bilateral),Low & middle income,1.7996489234292714
2009,China (bilateral),Low income,5.269123632292593
2009,China (bilateral),Lower middle income,2.4621976679974384
2009,China (bilateral),Madagascar,2.852693304001596
2009,China (bilateral),Malawi,3.117251386008812
2009,China (bilateral),Maldives,0.08226243464101779
2009,China (bilateral),Mali,3.8658681767971728
2009,China (bilateral),Mauritania,7.266501096053761
2009,China (bilateral),Mauritius,7.48479563662139
2009,China (bilateral),"Middle East, North Africa, Afghanistan & Pakistan (excluding high income)",2.839223601170174
2009,China (bilateral),Middle income,1.613988800090207
2009,China (bilateral),Mongolia,1.1215449451555495
2009,China (bilateral),Morocco,0.6343180475235084
2009,China (bilateral),Mozambique,4.873703210021797
2009,China (bilateral),Myanmar,7.575909827861505
2009,China (bilateral),Nicaragua,0.7179346909460261
2009,China (bilateral),Niger,14.848215237533058
2009,China (bilateral),Nigeria,14.497390404925188
2009,China (bilateral),North Macedonia,2.3052950743174563
2009,China (bilateral),Pakistan,4.23445136461808
2009,China (bilateral),Papua New Guinea,0.8920423149904624
2009,China (bilateral),Peru,0.007841221012198595
2009,China (bilateral),Philippines,0.7838056940226731
2009,China (bilateral),Rwanda,0.8623848706056979
2009,China (bilateral),Samoa,19.733873233283475
2009,China (bilateral),Sao Tome and Principe,14.315755578561545
2009,China (bilateral),Senegal,5.944746174950798
2009,China (bilateral),Serbia,2.321009903648794
2009,China (bilateral),Sierra Leone,4.161220309802932
2009,China (bilateral),South Asia,0.5231509467651602
2009,China (bilateral),Sri Lanka,4.419701223008776
2009,China (bilateral),St. Vincent and the Grenadines,0.3523936970605327
2009,China (bilateral),Sub-Saharan Africa (excluding high income),5.207465179575138
2009,China (bilateral),Sudan,13.878943357690929
2009,China (bilateral),Syrian Arab Republic,1.0697341351012468
2009,China (bilateral),Tajikistan,39.90327374970433
2009,China (bilateral),Tanzania,4.692955235876303
2009,China (bilateral),Togo,2.4595830714958167
2009,China (bilateral),Tonga,29.433663793348362
2009,China (bilateral),Tunisia,0.31371803701011036
2009,China (bilateral),Turkiye,0.2865682821930417
2009,China (bilateral),Turkmenistan,28.869196261486927
2009,China (bilateral),Uganda,2.49527653374762
2009,China (bilateral),Upper middle income,1.1510858939570696
2009,China (bilateral),Uzbekistan,10.981344053362564
2009,China (bilateral),Vanuatu,26.694786081450875
2009,China (bilateral),Viet Nam,1.7166340590399463
2009,China (bilateral),"Yemen, Rep.",4.705373880114431
2009,China (bilateral),Zambia,19.01465921994819
2009,China (bilateral),Zimbabwe,9.658017575037997
2009,China (private),Africa (excluding high income),0.6064390985002077
2009,China (private),Angola,0.0
2009,China (private),Bangladesh,0.0991115495294728
2009,China (private),Belarus,0.20826690267969358
2009,China (private),"Congo, Rep.",4.882394455898221
2009,China (private),Cote d'Ivoire,0.0
2009,China (private),East Asia & Pacific (excluding high income),0.06605657119009348
2009,China (private),"Egypt, Arab Rep.",0.0
2009,China (private),Ethiopia,20.318236349139706
2009,China (private),Europe & Central Asia (excluding high income),0.04125033033661601
2009,China (private),Gabon,0.0
2009,China (private),Honduras,2.015355844970095
2009,China (private),IDA only,0.8404888571547756
2009,China (private),IDA total,0.7176068795028097
2009,China (private),India,0.2719037806161858
2009,China (private),Indonesia,0.005351057739931599
2009,China (private),"Iran, Islamic Rep.",0.6513064844631995
2009,China (private),Kenya,0.04204495392661959
2009,China (private),Latin America & Caribbean (excluding high income),0.012989178765737137
2009,China (private),Least developed countries: UN classification,0.9349854768395055
2009,China (private),Low & lower middle income,0.39114939981545815
2009,China (private),Low & middle income,0.15923574089572504
2009,China (private),Low income,1.4858090970994928
2009,China (private),Lower middle income,0.2252350889649519
2009,China (private),"Middle East, North Africa, Afghanistan & Pakistan (excluding high income)",0.08522204766883863
2009,China (private),Middle income,0.08824753847363587
2009,China (private),Moldova,1.6191017748278147
2009,China (private),Mongolia,0.4919383458195917
2009,China (private),Myanmar,2.26467227470502
2009,China (private),Nigeria,1.9603559388654799
2009,China (private),North Macedonia,0.8843031181443914
2009,China (private),Pakistan,0.23009661326416575
2009,China (private),South Asia,0.20235256406422605
2009,China (private),Sub-Saharan Africa (excluding high income),0.8866517588156824
2009,China (private),Sudan,0.0005829171000305105
2009,China (private),Upper middle income,0.013487726797833617
2009,China (private),Uzbekistan,0.6057204698300994
2009,China (private),Zambia,4.823883950477034
2010,China (bilateral),Africa (excluding high income),4.901788152697869
2010,China (bilateral),Albania,0.571866107634226
2010,China (bilateral),Algeria,2.697326492949348
2010,China (bilateral),Angola,9.954945408762567
2010,China (bilateral),Argentina,0.03684415171394142
2010,China (bilateral),Bangladesh,0.05418535135548652
2010,China (bilateral),Belarus,11.07767007021671
2010,China (bilateral),Belize,0.0
2010,China (bilateral),Benin,10.38504461124187
2010,China (bilateral),Bolivia,2.896283442291923
2010,China (bilateral),Botswana,5.847806136802
2010,China (bilateral),Brazil,8.221380094775059
2010,China (bilateral),Burkina Faso,2.808756163276774
2010,China (bilateral),Burundi,0.0
2010,China (bilateral),Cabo Verde,2.5726780347187628
2010,China (bilateral),Cambodia,17.17810491508554
2010,China (bilateral),Cameroon,9.138352701662107
2010,China (bilateral),Central African Republic,12.773896609442911
2010,China (bilateral),Chad,2.2885429200523633
2010,China (bilateral),Comoros,0.0
2010,China (bilateral),"Congo, Dem. Rep.",17.153040093427762
2010,China (bilateral),"Congo, Rep.",23.331088931934104
2010,China (bilateral),Cote d'Ivoire,0.9241028775622093
2010,China (bilateral),Djibouti,3.7423101414402704
2010,China (bilateral),Dominica,4.701117851507233
2010,China (bilateral),Dominican Republic,0.05964659534052486
2010,China (bilateral),East Asia & Pacific (excluding high income),1.4620763718321188
2010,China (bilateral),Ecuador,9.112182499284648
2010,China (bilateral),"Egypt, Arab Rep.",0.5143841552370557
2010,China (bilateral),El Salvador,0.3586426606797824
2010,China (bilateral),Eritrea,13.410004438421975
2010,China (bilateral),Eswatini,0.37445212253054017
2010,China (bilateral),Ethiopia,8.447834529282149
2010,China (bilateral),Europe & Central Asia (excluding high income),2.3712583326024106
2010,China (bilateral),Fiji,24.971015654281146
2010,China (bilateral),Gabon,12.782346336945233
2010,China (bilateral),"Gambia, The",3.1604155590192367
2010,China (bilateral),Georgia,0.13833614318718077
2010,China (bilateral),Ghana,10.990956205402064
2010,China (bilateral),Guatemala,0.6094763379769996
2010,China (bilateral),Guinea,2.0763286765395312
2010,China (bilateral),Guyana,5.04464372943124
2010,China (bilateral),Honduras,0.6467863888805386
2010,China (bilateral),IDA only,7.276169299282301
2010,China (bilateral),IDA total,6.69470868569293
2010,China (bilateral),India,0.0
2010,China (bilateral),Indonesia,0.47001179153758305
2010,China (bilateral),"Iran, Islamic Rep.",8.27310078772084
2010,China (bilateral),Jamaica,2.0209344682711072
2010,China (bilateral),Jordan,0.6148536196509198
2010,China (bilateral),Kenya,3.9140782354783594
2010,China (bilateral),Kyrgyz Republic,6.17182487472662
2010,China (bilateral),Lao PDR,16.001085654137096
2010,China (bilateral),Latin America & Caribbean (excluding high income),2.184473682547777
2010,China (bilateral),Least developed countries: UN classification,7.272913229323954
2010,China (bilateral),Lebanon,0.03701490865699628
2010,China (bilateral),Lesotho,4.173332234905884
2010,China (bilateral),Liberia,0.0
2010,China (bilateral),Low & lower middle income,3.8189883597257404
2010,China (bilateral),Low & middle income,2.5492681174363674
2010,China (bilateral),Low income,8.338609321672207
2010,China (bilateral),Lower middle income,3.2195965811277625
2010,China (bilateral),Madagascar,3.0573214534704394
2010,China (bilateral),Malawi,6.441368886602528
2010,China (bilateral),Maldives,3.5183554544299462
2010,China (bilateral),Mali,3.2268177454233893
2010,China (bilateral),Mauritania,6.406409764261165
2010,China (bilateral),Mauritius,14.874205774053708
2010,China (bilateral),"Middle East, North Africa, Afghanistan & Pakistan (excluding high income)",3.099516083715038
2010,China (bilateral),Middle income,2.282371368122215
2010,China (bilateral),Mongolia,1.0015161911576045
2010,China (bilateral),Montenegro,0.0
2010,China (bilateral),Morocco,2.4973981397116503
2010,China (bilateral),Mozambique,3.732218016746548
2010,China (bilateral),Myanmar,8.638118459547558
2010,China (bilateral),Nicaragua,0.6804178121763507
2010,China (bilateral),Niger,27.832700307273882
2010,China (bilateral),Nigeria,8.106249894406607
2010,China (bilateral),North Macedonia,1.4356958584148771
2010,China (bilateral),Pakistan,4.533664303016621
2010,China (bilateral),Papua New Guinea,1.168046406989729
2010,China (bilateral),Peru,0.0
2010,China (bilateral),Philippines,0.8958955153945436
2010,China (bilateral),Rwanda,2.687847910119171
2010,China (bilateral),Samoa,24.001247165540576
2010,China (bilateral),Sao Tome and Principe,12.407994615863869
2010,China (bilateral),Senegal,5.844871634881338
2010,China (bilateral),Serbia,2.2285758054012197
2010,China (bilateral),Sierra Leone,3.886261878851244
2010,China (bilateral),South Asia,1.0312211071530644
2010,China (bilateral),Sri Lanka,8.783398394395146
2010,China (bilateral),St. Vincent and the Grenadines,0.0956499202258529
2010,China (bilateral),Sub-Saharan Africa (excluding high income),6.612213760960366
2010,China (bilateral),Sudan,16.099482238118757
2010,China (bilateral),Syrian Arab Republic,1.5080703095209502
2010,China (bilateral),Tajikistan,40.93617615800792
2010,China (bilateral),Tanzania,4.169489451379562
2010,China (bilateral),Togo,7.187794241018614
2010,China (bilateral),Tonga,49.93075190640184
2010,China (bilateral),Tunisia,0.29163202772612845
2010,China (bilateral),Turkiye,0.2846448812829087
2010,China (bilateral),Turkmenistan,79.84589680331865
2010,China (bilateral),Uganda,3.479735571953296
2010,China (bilateral),Upper middle income,1.7829708099240347
2010,China (bilateral),Uzbekistan,15.273967172180148
2010,China (bilateral),Vanuatu,29.765923962413193
2010,China (bilateral),Viet Nam,4.998733743995977
2010,China (bilateral),"Yemen, Rep.",4.736866595067716
2010,China (bilateral),Zambia,25.007688043411758
2010,China (bilateral),Zimbabwe,9.949793129999325
2010,China (private),Africa (excluding high income),2.2880866216876243
2010,China (private),Angola,21.814942205598935
2010,China (private),Bangladesh,0.006360678560126907
2010,China (private),Belarus,0.13725395149282846
2010,China (private),"Congo, Rep.",23.20454457709152
2010,China (private),Cote d'Ivoire,0.27633848820152923
2010,China (private),East Asia & Pacific (excluding high income),0.1858853944206037
2010,China (private),"Egypt, Arab Rep.",0.0
2010,China (private),Ethiopia,18.916141852774256
2010,China (private),Europe & Central Asia (excluding high income),0.031728438463132724
2010,China (private),Gabon,0.0
2010,China (private),Honduras,1.7639949514005853
2010,China (private),IDA only,1.1803888860029055
2010,China (private),IDA total,1.0712769148115011
2010,China (private),India,0.24613568877526582
2010,China (private),Indonesia,0.023571678701808128
2010,China (private),"Iran, Islamic Rep.",1.6434918326332244
2010,China (private),Kenya,0.04174692437225516
2010,China (private),Latin America & Caribbean (excluding high income),0.011851926912566679
2010,China (private),Least developed countries: UN classification,3.95698081277266
2010,China (private),Low & lower middle income,1.198790294017459
2010,China (private),Low & middle income,0.46322939650093103
2010,China (private),Low income,2.006632749468279
2010,China (private),Lower middle income,1.0916542907383064
2010,China (private),"Middle East, North Africa, Afghanistan & Pakistan (excluding high income)",0.1125987759624071
2010,China (private),Middle income,0.39207633723986074
2010,China (private),Moldova,1.5139319607160562
2010,China (private),Mongolia,0.3871170192517613
2010,China (private),Myanmar,5.867964450886014
2010,China (private),Nigeria,0.0
2010,China (private),North Macedonia,0.7790571620969947
2010,China (private),Pakistan,0.22876674487381404
2010,China (private),South Asia,0.17379809217048647
2010,China (private),Sub-Saharan Africa (excluding high income),3.3067352466644158
2010,China (private),Sudan,0.000553364685346598
2010,China (private),Upper middle income,0.019306147500848525
2010,China (private),Uzbekistan,0.45678343312904235
2010,China (private),Viet Nam,0.20199873645919247
2010,China (private),Zambia,4.269687109269368
2011,China (bilateral),Africa (excluding high income),5.485337472611641
2011,China (bilateral),Albania,0.44748637979262235
2011,China (bilateral),Algeria,3.2230645675469796
2011,China (bilateral),Angola,8.022468547276778
2011,China (bilateral),Argentina,0.05278767880895145
2011,China (bilateral),Bangladesh,0.22620060392102168
2011,China (bilateral),Belarus,11.872311720120111
2011,China (bilateral),Belize,0.0
2011,China (bilateral),Benin,10.84659053698409
2011,China (bilateral),Bolivia,4.984520672675708
2011,China (bilateral),Botswana,3.024614732571854
2011,China (bilateral),Brazil,8.395311293202727
2011,China (bilateral),Burkina Faso,2.516761115621061
2011,China (bilateral),Burundi,0.0
2011,China (bilateral),Cabo Verde,2.931405549116955
2011,China (bilateral),Cambodia,23.00947048086078
2011,China (bilateral),Cameroon,11.465888530885994
2011,China (bilateral),Central African Republic,16.522169245896144
2011,China (bilateral),Chad,5.97580294741406
2011,China (bilateral),Comoros,0.0
2011,China (bilateral),"Congo, Dem. Rep.",23.505557197724997
2011,China (bilateral),"Congo, Rep.",28.53674074559976
2011,China (bilateral),Cote d'Ivoire,0.8134388511187497
2011,China (bilateral),Djibouti,3.035206469613327
2011,China (bilateral),Dominica,6.635916301570555
2011,China (bilateral),Dominican Republic,0.04269801024678868
2011,China (bilateral),East Asia & Pacific (excluding high income),1.864398066566137
2011,China (bilateral),Ecuador,22.51571849223144
2011,China (bilateral),"Egypt, Arab Rep.",0.5533419815399966
2011,China (bilateral),El Salvador,0.28634604044883327
2011,China (bilateral),Eritrea,13.410847766323776
2011,China (bilateral),Eswatini,0.36442322602023364
2011,China (bilateral),Ethiopia,10.675096371806804
2011,China (bilateral),Europe & Central Asia (excluding high income),3.9381139471412188
2011,China (bilateral),Fiji,24.09577841442647
2011,China (bilateral),Gabon,14.050726821884913
2011,China (bilateral),"Gambia, The",3.2102588887611168
2011,China (bilateral),Georgia,0.12528041269679052
2011,China (bilateral),Ghana,12.227593340378418
2011,China (bilateral),Guatemala,0.43150812138910993
2011,China (bilateral),Guinea,2.0817903638003505
2011,China (bilateral),Guyana,6.365577279084247
2011,China (bilateral),Honduras,1.2429413655437764
2011,China (bilateral),IDA only,8.796039029774349
2011,China (bilateral),IDA total,8.23188649716977
2011,China (bilateral),Indonesia,0.711079523203134
2011,China (bilateral),"Iran, Islamic Rep.",7.993593055770398
2011,China (bilateral),Jamaica,3.4500970702838347
2011,China (bilateral),Jordan,0.9261891973519125
2011,China (bilateral),Kenya,6.223915132005517
2011,China (bilateral),Kyrgyz Republic,10.38336468802739
2011,China (bilateral),Lao PDR,26.34623290389115
2011,China (bilateral),Latin America & Caribbean (excluding high income),2.4218550984744125
2011,China (bilateral),Least developed countries: UN classification,8.35322951472932
2011,China (bilateral),Lebanon,0.03816473603563128
2011,China (bilateral),Lesotho,4.456896004850542
2011,China (bilateral),Liberia,3.1281179878400422
2011,China (bilateral),Low & lower middle income,4.576013936187618
2011,China (bilateral),Low & middle income,3.0625413561568906
2011,China (bilateral),Low income,9.051904832059057
2011,China (bilateral),Lower middle income,3.9933490965229628
2011,China (bilateral),Madagascar,3.0457821635731346
2011,China (bilateral),Malawi,16.717002484106835
2011,China (bilateral),Maldives,5.898805701812954
2011,China (bilateral),Mali,3.194068316543587
2011,China (bilateral),Mauritania,7.093660645089587
2011,China (bilateral),Mauritius,18.73338790812973
2011,China (bilateral),"Middle East, North Africa, Afghanistan & Pakistan (excluding high income)",3.294060531992593
2011,China (bilateral),Middle income,2.794702918376888
2011,China (bilateral),Mongolia,1.0771434687575345
2011,China (bilateral),Montenegro,1.7019950897770206
2011,China (bilateral),Morocco,2.3628589041440176
2011,China (bilateral),Mozambique,5.771248338346729
2011,China (bilateral),Myanmar,9.750010357268431
2011,China (bilateral),Nepal,0.5483736144908564
2011,China (bilateral),Nicaragua,0.657197554101754
2011,China (bilateral),Niger,46.68955496159267
2011,China (bilateral),Nigeria,10.728234845845254
2011,China (bilateral),North Macedonia,1.0237639218114982
2011,China (bilateral),Pakistan,5.321947976672153
2011,China (bilateral),Papua New Guinea,6.333357571396482
2011,China (bilateral),Philippines,1.1310402388189158
2011,China (bilateral),Rwanda,2.953782233470578
2011,China (bilateral),Samoa,28.3709372967821
2011,China (bilateral),Sao Tome and Principe,10.447002747952798
2011,China (bilateral),Senegal,5.823722319958812
2011,China (bilateral),Serbia,2.4317015301908507
2011,China (bilateral),Sierra Leone,3.895134700818501
2011,China (bilateral),South Asia,1.2884393514586816
2011,China (bilateral),Sri Lanka,10.0402726283986
2011,China (bilateral),St. Vincent and the Grenadines,0.0
2011,China (bilateral),Sub-Saharan Africa (excluding high income),7.326905065221732
2011,China (bilateral),Sudan,11.000155319577527
2011,China (bilateral),Syrian Arab Republic,1.9249872427389245
2011,China (bilateral),Tajikistan,44.682204977280115
2011,China (bilateral),Tanzania,5.163402483050547
2011,China (bilateral),Togo,19.493587577450917
2011,China (bilateral),Tonga,61.884443460493124
2011,China (bilateral),Tunisia,0.24999539649959426
2011,China (bilateral),Turkiye,0.30944247593316426
2011,China (bilateral),Turkmenistan,83.86247647667953
2011,China (bilateral),Uganda,3.3393838167872554
2011,China (bilateral),Upper middle income,2.1674786086780102
2011,China (bilateral),Uzbekistan,20.94172347461905
2011,China (bilateral),Vanuatu,34.043406675789065
2011,China (bilateral),Viet Nam,5.342852694172354
2011,China (bilateral),"Yemen, Rep.",4.858439377095604
2011,China (bilateral),Zambia,43.38760305185361
2011,China (bilateral),Zimbabwe,12.066851927741821
2011,China (private),Africa (excluding high income),2.8082844391458726
2011,China (private),Angola,27.59247846295646
2011,China (private),Bangladesh,0.0
2011,China (private),Belarus,0.08478080425959572
2011,China (private),"Congo, Rep.",20.949108094020268
2011,China (private),Cote d'Ivoire,0.5172567190656705
2011,China (private),East Asia & Pacific (excluding high income),0.32285644752041304
2011,China (private),"Egypt, Arab Rep.",0.0
2011,China (private),Ethiopia,15.93055824270944
2011,China (private),Europe & Central Asia (excluding high income),0.025282320195281895
2011,China (private),Gabon,0.0
2011,China (private),Honduras,1.5536767069297206
2011,China (private),IDA only,1.4814414568728433
2011,China (private),IDA total,1.274754049621978
2011,China (private),India,0.044598336774879684
2011,China (private),Indonesia,0.023181545096503157
2011,China (private),"Iran, Islamic Rep.",4.259714864500259
2011,China (private),Kenya,0.0100769667473548
2011,China (private),Latin America & Caribbean (excluding high income),0.011149688092075227
2011,China (private),Least developed countries: UN classification,5.259336809849515
2011,China (private),Low & lower middle income,1.51112369609839
2011,China (private),Low & middle income,0.579925918220952
2011,China (private),Low income,1.978407643125336
2011,China (private),Lower middle income,1.450293364795305
2011,China (private),"Middle East, North Africa, Afghanistan & Pakistan (excluding high income)",0.1715173174245668
2011,China (private),Middle income,0.517387192366473
2011,China (private),Moldova,1.5675662925302727
2011,China (private),Mongolia,0.6343527875473942
2011,China (private),Myanmar,11.173405814423583
2011,China (private),North Macedonia,0.6033978654650819
2011,China (private),Pakistan,0.22092506716188817
2011,China (private),South Asia,0.03124059808770126
2011,China (private),Sub-Saharan Africa (excluding high income),3.9035584853117884
2011,China (private),Sudan,0.0
2011,China (private),Tanzania,1.3023890728430703
2011,China (private),Upper middle income,0.029218589584521247
2011,China (private),Uzbekistan,0.3055372488227109
2011,China (private),Viet Nam,0.15234854925757607
2011,China (private),Zambia,2.576414134980819
2012,China (bilateral),Africa (excluding high income),6.221911561039298
2012,China (bilateral),Albania,0.33139304862681607
2012,China (bilateral),Algeria,4.77868646128128
2012,China (bilateral),Angola,8.021621894316947
2012,China (bilateral),Argentina,0.10433870998107299
2012,China (bilateral),Bangladesh,0.9724509653077693
2012,China (bilateral),Belarus,13.31277151658631
2012,China (bilateral),Belize,0.0
2012,China (bilateral),Benin,11.03332772694254
2012,China (bilateral),Bolivia,6.821534019920544
2012,China (bilateral),Botswana,2.796618958251536
2012,China (bilateral),Brazil,6.7526260893200885
2012,China (bilateral),Burkina Faso,2.1679758484859124
2012,China (bilateral),Burundi,0.0
2012,China (bilateral),Cabo Verde,2.5761777306574323
2012,China (bilateral),Cambodia,35.15429730732887
2012,China (bilateral),Cameroon,19.380482389782454
2012,China (bilateral),Central African Republic,18.355545045559012
2012,China (bilateral),Chad,7.627990238029248
2012,China (bilateral),Comoros,0.0
2012,China (bilateral),"Congo, Dem. Rep.",25.9909440726809
2012,China (bilateral),"Congo, Rep.",33.97767360739958
2012,China (bilateral),Cote d'Ivoire,2.194069906439108
2012,China (bilateral),Djibouti,2.463141302265669
2012,China (bilateral),Dominica,10.602191895150536
2012,China (bilateral),Dominican Republic,0.029716544701471306
2012,China (bilateral),East Asia & Pacific (excluding high income),2.1210715871305
2012,China (bilateral),Ecuador,26.15306385305735
2012,China (bilateral),"Egypt, Arab Rep.",1.1699225436324936
2012,China (bilateral),El Salvador,0.22043198586620857
2012,China (bilateral),Eritrea,10.107919501796388
2012,China (bilateral),Eswatini,0.34241190417146355
2012,China (bilateral),Ethiopia,13.77568651730271
2012,China (bilateral),Europe & Central Asia (excluding high income),4.9631522940118415
2012,China (bilateral),Fiji,29.65834491128633
2012,China (bilateral),Gabon,15.930348030813928
2012,China (bilateral),"Gambia, The",3.1158079776500434
2012,China (bilateral),Georgia,0.09349168279560455
2012,China (bilateral),Ghana,17.404104797895382
2012,China (bilateral),Guatemala,0.26206420103744066
2012,China (bilateral),Guinea,5.904169288629107
2012,China (bilateral),Guyana,8.003867927697382
2012,China (bilateral),Honduras,1.7402732234524254
2012,China (bilateral),IDA only,10.36816864312809
2012,China (bilateral),IDA total,10.077860568331257
2012,China (bilateral),Indonesia,0.6432328046450048
2012,China (bilateral),"Iran, Islamic Rep.",8.122718599960004
2012,China (bilateral),Jamaica,5.222675484785696
2012,China (bilateral),Jordan,1.014829526471922
2012,China (bilateral),Kenya,7.884278240593292
2012,China (bilateral),Kyrgyz Republic,18.508868041820982
2012,China (bilateral),Lao PDR,32.77503945727035
2012,China (bilateral),Latin America & Caribbean (excluding high income),2.2579717700128805
2012,China (bilateral),Least developed countries: UN classification,9.501542209512815
2012,China (bilateral),Lebanon,0.032771564599658236
2012,China (bilateral),Lesotho,5.45783080815525
2012,China (bilateral),Liberia,2.7862100956946105
2012,China (bilateral),Low & lower middle income,5.447260850708117
2012,China (bilateral),Low & middle income,3.3867702415078473
2012,China (bilateral),Low income,9.313239420244177
2012,China (bilateral),Lower middle income,4.939186687533742
2012,China (bilateral),Madagascar,2.918546609622673
2012,China (bilateral),Malawi,16.843285437577503
2012,China (bilateral),Maldives,9.792515954393437
2012,China (bilateral),Mali,7.467852955647799
2012,China (bilateral),Mauritania,6.034097502069028
2012,China (bilateral),Mauritius,24.566564794267844
2012,China (bilateral),"Middle East, North Africa, Afghanistan & Pakistan (excluding high income)",3.611074742345229
2012,China (bilateral),Middle income,3.1319643371688137
2012,China (bilateral),Mongolia,12.572447627710647
2012,China (bilateral),Montenegro,3.2372692030660053
2012,China (bilateral),Morocco,2.1592080458643648
2012,China (bilateral),Mozambique,7.938970662208394
2012,China (bilateral),Myanmar,10.376788833199198
2012,China (bilateral),Nepal,1.0441388657299306
2012,China (bilateral),Nicaragua,0.6132752913162708
2012,China (bilateral),Niger,23.734277000528962
2012,China (bilateral),Nigeria,12.021537567570263
2012,China (bilateral),North Macedonia,0.47569203711368263
2012,China (bilateral),Pakistan,6.689865115293934
2012,China (bilateral),Papua New Guinea,9.779875996318383
2012,China (bilateral),Philippines,1.2761248303450077
2012,China (bilateral),Rwanda,2.969703996851571
2012,China (bilateral),Samoa,31.767454424035687
2012,China (bilateral),Sao Tome and Principe,11.210390483639921
2012,China (bilateral),Senegal,7.218288487358624
2012,China (bilateral),Serbia,2.7469613970880955
2012,China (bilateral),Sierra Leone,5.696551814304561
2012,China (bilateral),South Asia,1.7720839265228836
2012,China (bilateral),Sri Lanka,11.835036215390002
2012,China (bilateral),Sub-Saharan Africa (excluding high income),8.203412102588885
2012,China (bilateral),Sudan,10.511905633103654
2012,China (bilateral),Syrian Arab Republic,1.9528996894192805
2012,China (bilateral),Tajikistan,44.19491257086346
2012,China (bilateral),Tanzania,7.471688955062862
2012,China (bilateral),Togo,35.58028993741831
2012,China (bilateral),Tonga,64.69055022020021
2012,China (bilateral),Tunisia,0.46280506713892466
2012,China (bilateral),Turkiye,0.31972195749335314
2012,China (bilateral),Turkmenistan,87.52674131318179
2012,China (bilateral),Uganda,8.116592635536563
2012,China (bilateral),Ukraine,0.0
2012,China (bilateral),Upper middle income,2.253268500346904
2012,China (bilateral),Uzbekistan,20.52405190613961
2012,China (bilateral),Vanuatu,38.976828397032904
2012,China (bilateral),Viet Nam,5.440947876097934
2012,China (bilateral),"Yemen, Rep.",4.138607057300298
2012,China (bilateral),Zambia,34.74372279717882
2012,China (bilateral),Zimbabwe,15.581860649048032
2012,China (private),Africa (excluding high income),2.510177188470741
2012,China (private),Angola,23.592412816890445
2012,China (private),Belarus,0.05573663621974956
2012,China (private),"Congo, Rep.",19.94805139563611
2012,China (private),Cote d'Ivoire,1.061527717426841
2012,China (private),East Asia & Pacific (excluding high income),0.42932296575448187
2012,China (private),Ethiopia,13.367926708419013
2012,China (private),Europe & Central Asia (excluding high income),0.016487932173858237
2012,China (private),Gabon,0.0
2012,China (private),Ghana,0.2110542854788464
2012,China (private),Honduras,1.3595884558222073
2012,China (private),IDA only,1.8264321951920033
2012,China (private),IDA total,1.5376885029288845
2012,China (private),India,0.0
2012,China (private),Indonesia,0.01873578088441988
2012,China (private),"Iran, Islamic Rep.",4.30588369653853
2012,China (private),Kenya,0.0
2012,China (private),Latin America & Caribbean (excluding high income),0.00980671033662134
2012,China (private),Least developed countries: UN classification,5.184553750696431
2012,China (private),Low & lower middle income,1.497406308676117
2012,China (private),Low & middle income,0.5459864084395405
2012,China (private),Low income,1.9129257889449696
2012,China (private),Lower middle income,1.4427979583133306
2012,China (private),"Middle East, North Africa, Afghanistan & Pakistan (excluding high income)",0.15420050394834717
2012,China (private),Middle income,0.48721545822925155
2012,China (private),Moldova,0.9136306513304263
2012,China (private),Mongolia,0.21641416568201916
2012,China (private),Myanmar,17.10217940149584
2012,China (private),North Macedonia,0.47615908529252937
2012,China (private),Pakistan,0.21676362571879385
2012,China (private),South Asia,0.0
2012,China (private),Sub-Saharan Africa (excluding high income),3.424772294185626
2012,China (private),Tanzania,2.122426346461303
2012,China (private),Upper middle income,0.022598381977289413
2012,China (private),Uzbekistan,0.1851488739136953
2012,China (private),Viet Nam,0.11433554485093102
2012,China (private),Zambia,5.225329975350345
2013,China (bilateral),Africa (excluding high income),7.38001643581295
2013,China (bilateral),Albania,0.22517370455916427
2013,China (bilateral),Algeria,5.637131902380006
2013,China (bilateral),Angola,8.445008682573667
2013,China (bilateral),Argentina,0.34484789742921385
2013,China (bilateral),Bangladesh,2.00803689389297
2013,China (bilateral),Belarus,18.52795046210259
2013,China (bilateral),Benin,8.685737314307746
2013,China (bilateral),Bolivia,9.039100880275207
2013,China (bilateral),Botswana,2.6403371501084925
2013,China (bilateral),Brazil,5.706588386411461
2013,China (bilateral),Burkina Faso,1.9270550844359269
2013,China (bilateral),Burundi,0.0
2013,China (bilateral),Cabo Verde,2.2131327963278475
2013,China (bilateral),Cambodia,39.867260228876965
2013,China (bilateral),Cameroon,30.87507027426724
2013,China (bilateral),Central African Republic,23.278983239400155
2013,China (bilateral),Chad,6.169539187515499
2013,China (bilateral),Comoros,0.0
2013,China (bilateral),"Congo, Dem. Rep.",36.66883957145066
2013,China (bilateral),"Congo, Rep.",43.41900358346153
2013,China (bilateral),Cote d'Ivoire,5.654107074126404
2013,China (bilateral),Djibouti,3.704095342232763
2013,China (bilateral),Dominica,12.300109253015735
2013,China (bilateral),Dominican Republic,0.01781347509226282
2013,China (bilateral),East Asia & Pacific (excluding high income),2.6063674687702614
2013,China (bilateral),Ecuador,37.05444130762654
2013,China (bilateral),"Egypt, Arab Rep.",0.8912122491766753
2013,China (bilateral),El Salvador,0.1736077641193462
2013,China (bilateral),Eritrea,6.415681465166745
2013,China (bilateral),Eswatini,0.31238616955939275
2013,China (bilateral),Ethiopia,15.719679771168787
2013,China (bilateral),Europe & Central Asia (excluding high income),5.963815455146092
2013,China (bilateral),Fiji,33.696979060386106
2013,China (bilateral),Gabon,15.609057606336016
2013,China (bilateral),"Gambia, The",3.0277692049568965
2013,China (bilateral),Georgia,0.08250047904833356
2013,China (bilateral),Ghana,19.55798355989886
2013,China (bilateral),Guatemala,0.16639453718877348
2013,China (bilateral),Guinea,19.001846875173225
2013,China (bilateral),Guyana,10.198342739386312
2013,China (bilateral),Honduras,1.209174872579385
2013,China (bilateral),IDA only,12.180196740675978
2013,China (bilateral),IDA total,12.165907780238365
2013,China (bilateral),Indonesia,0.7115030373925721
2013,China (bilateral),"Iran, Islamic Rep.",7.38555440488206
2013,China (bilateral),Jamaica,6.8228577827582235
2013,China (bilateral),Jordan,0.8256704556456811
2013,China (bilateral),Kenya,9.546852335897622
2013,China (bilateral),Kyrgyz Republic,25.654752192835524
2013,China (bilateral),Lao PDR,39.60329225903346
2013,China (bilateral),Latin America & Caribbean (excluding high income),2.4336272832311274
2013,China (bilateral),Least developed countries: UN classification,11.060624211227427
2013,China (bilateral),Lebanon,0.03183289250184723
2013,China (bilateral),Lesotho,5.644146606386643
2013,China (bilateral),Liberia,2.567099057196666
2013,China (bilateral),Low & lower middle income,6.528684265724052
2013,China (bilateral),Low & middle income,4.0283007902362655
2013,China (bilateral),Low income,10.540856905119272
2013,China (bilateral),Lower middle income,5.977794253738148
2013,China (bilateral),Madagascar,2.9017433428134787
2013,China (bilateral),Malawi,19.450559471994215
2013,China (bilateral),Maldives,14.533814311165733
2013,China (bilateral),Mali,8.847277507459468
2013,China (bilateral),Mauritania,7.733700887169908
2013,China (bilateral),Mauritius,23.255025727070148
2013,China (bilateral),"Middle East, North Africa, Afghanistan & Pakistan (excluding high income)",3.7442942545700233
2013,China (bilateral),Middle income,3.736743838381223
2013,China (bilateral),Mongolia,30.128001578026513
2013,China (bilateral),Montenegro,2.912059931812363
2013,China (bilateral),Morocco,1.872755776917484
2013,China (bilateral),Mozambique,9.658242299768455
2013,China (bilateral),Myanmar,11.945298653290017
2013,China (bilateral),Nepal,1.3152042475816956
2013,China (bilateral),Nicaragua,0.5773244154400458
2013,China (bilateral),Niger,19.966843277237313
2013,China (bilateral),Nigeria,11.920386700268335
2013,China (bilateral),North Macedonia,0.0
2013,China (bilateral),Pakistan,8.824892987936785
2013,China (bilateral),Papua New Guinea,10.713169469299098
2013,China (bilateral),Philippines,1.4115543153558996
2013,China (bilateral),Rwanda,3.6355044387057407
2013,China (bilateral),Samoa,35.239893700873886
2013,China (bilateral),Sao Tome and Principe,10.441293550355192
2013,China (bilateral),Senegal,7.424493298556075
2013,China (bilateral),Serbia,2.379584473101346
2013,China (bilateral),Sierra Leone,5.63252209910764
2013,China (bilateral),South Asia,2.4210186981599002
2013,China (bilateral),Sri Lanka,14.283870328298981
2013,China (bilateral),Sub-Saharan Africa (excluding high income),9.976990320136881
2013,China (bilateral),Sudan,10.233060681810887
2013,China (bilateral),Syrian Arab Republic,2.0380903118801714
2013,China (bilateral),Tajikistan,44.74618932886999
2013,China (bilateral),Tanzania,11.934122752881668
2013,China (bilateral),Togo,32.80620973102734
2013,China (bilateral),Tonga,66.45764268647164
2013,China (bilateral),Tunisia,0.630158053766266
2013,China (bilateral),Turkiye,0.3822242135121755
2013,China (bilateral),Turkmenistan,91.00417141954169
2013,China (bilateral),Uganda,8.30687528270538
2013,China (bilateral),Ukraine,0.9498850853560852
2013,China (bilateral),Upper middle income,2.6525379494357373
2013,China (bilateral),Uzbekistan,21.148719815851745
2013,China (bilateral),Vanuatu,36.779992027966294
2013,China (bilateral),Viet Nam,5.279230903070696
2013,China (bilateral),"Yemen, Rep.",4.13655575423073
2013,China (bilateral),Zambia,33.381784289884216
2013,China (bilateral),Zimbabwe,16.697462912684056
2013,China (private),Africa (excluding high income),2.8182114401558604
2013,China (private),Angola,26.600917252996712
2013,China (private),Belarus,0.03419458100652574
2013,China (private),"Congo, Rep.",14.714084596615061
2013,China (private),Cote d'Ivoire,0.9186069473474813
2013,China (private),East Asia & Pacific (excluding high income),0.5620446525851471
2013,China (private),Ethiopia,11.380929561845239
2013,China (private),Europe & Central Asia (excluding high income),0.012045085703536278
2013,China (private),Gabon,0.0
2013,China (private),Ghana,0.15704176723166774
2013,China (private),Honduras,0.9596625972852262
2013,China (private),IDA only,1.9886569074118365
2013,China (private),IDA total,1.6137566865292072
2013,China (private),Indonesia,0.015748284120058156
2013,China (private),"Iran, Islamic Rep.",3.932591395277642
2013,China (private),Latin America & Caribbean (excluding high income),0.00881677094087572
2013,China (private),Least developed countries: UN classification,6.147966317626639
2013,China (private),Low & lower middle income,1.783344690221728
2013,China (private),Low & middle income,0.6443869422209859
2013,China (private),Low income,1.7252937116601843
2013,China (private),Lower middle income,1.7913153602675669
2013,China (private),"Middle East, North Africa, Afghanistan & Pakistan (excluding high income)",0.1280288040669888
2013,China (private),Middle income,0.5959964366532908
2013,China (private),Moldova,1.0876592115463584
2013,China (private),Mongolia,0.11222233348397632
2013,China (private),Myanmar,24.105210008968474
2013,China (private),North Macedonia,0.34553727594430195
2013,China (private),Pakistan,0.2210664559427015
2013,China (private),Sub-Saharan Africa (excluding high income),3.889539755709913
2013,China (private),Tanzania,1.6334675412186332
2013,China (private),Upper middle income,0.017708769731629166
2013,China (private),Uzbekistan,0.07250078867432007
2013,China (private),Viet Nam,0.06956796725496235
2013,China (private),Zambia,7.125266744857718
2014,China (bilateral),Africa (excluding high income),9.029919640483165
2014,China (bilateral),Albania,0.14074086283517967
2014,China (bilateral),Algeria,6.715313660284887
2014,China (bilateral),Angola,7.053456268707595
2014,China (bilateral),Argentina,0.8619083233164648
2014,China (bilateral),Bangladesh,3.346382778977799
2014,China (bilateral),Belarus,20.4363211413481
2014,China (bilateral),Benin,11.359580176954239
2014,China (bilateral),Bolivia,9.581366759934472
2014,China (bilateral),Botswana,3.0304891105097416
2014,China (bilateral),Brazil,4.404793320223971
2014,China (bilateral),Burkina Faso,1.6443839036564918
2014,China (bilateral),Burundi,0.0
2014,China (bilateral),Cabo Verde,2.0501027715603053
2014,China (bilateral),Cambodia,45.19266514564016
2014,China (bilateral),Cameroon,41.245699525308495
2014,China (bilateral),Central African Republic,18.854788412414393
2014,China (bilateral),Chad,6.6969032472512104
2014,China (bilateral),Comoros,0.0
2014,China (bilateral),"Congo, Dem. Rep.",40.825161377351705
2014,China (bilateral),"Congo, Rep.",41.950492058555305
2014,China (bilateral),Cote d'Ivoire,7.722189772091613
2014,China (bilateral),Djibouti,21.97448506850167
2014,China (bilateral),Dominica,13.975137417940676
2014,China (bilateral),Dominican Republic,0.01479552927218443
2014,China (bilateral),East Asia & Pacific (excluding high income),2.790369054747427
2014,China (bilateral),Ecuador,29.49178844692064
2014,China (bilateral),"Egypt, Arab Rep.",0.9741525511946203
2014,China (bilateral),El Salvador,0.11425946425016008
2014,China (bilateral),Eritrea,6.660994281298817
2014,China (bilateral),Eswatini,0.25235605672777645
2014,China (bilateral),Ethiopia,22.209775565985744
2014,China (bilateral),Europe & Central Asia (excluding high income),6.270988202692361
2014,China (bilateral),Fiji,39.37786993285916
2014,China (bilateral),Gabon,18.53969471437657
2014,China (bilateral),"Gambia, The",0.0
2014,China (bilateral),Georgia,0.07033984238255736
2014,China (bilateral),Ghana,18.304682386444664
2014,China (bilateral),Guatemala,0.1438314426103214
2014,China (bilateral),Guinea,25.3045924085901
2014,China (bilateral),Guyana,11.785138272496896
2014,China (bilateral),Honduras,1.112297956791925
2014,China (bilateral),IDA only,14.39359592036325
2014,China (bilateral),IDA total,14.561933154495435
2014,China (bilateral),Indonesia,0.6695398841299834
2014,China (bilateral),"Iran, Islamic Rep.",7.28806214824959
2014,China (bilateral),Jamaica,6.9734511437173285
2014,China (bilateral),Jordan,0.7504493734877309
2014,China (bilateral),Kenya,16.76333603362199
2014,China (bilateral),Kyrgyz Republic,34.33149070851805
2014,China (bilateral),Lao PDR,44.98641632691651
2014,China (bilateral),Latin America & Caribbean (excluding high income),2.2539921946898285
2014,China (bilateral),Least developed countries: UN classification,12.870199804217254
2014,China (bilateral),Lebanon,0.03236912819335532
2014,China (bilateral),Lesotho,5.543080170692305
2014,China (bilateral),Liberia,1.954716975790865
2014,China (bilateral),Low & lower middle income,7.512340509979647
2014,China (bilateral),Low & middle income,4.308353646382659
2014,China (bilateral),Low income,12.924726814914475
2014,China (bilateral),Lower middle income,6.789648408882717
2014,China (bilateral),Madagascar,2.617862394527937
2014,China (bilateral),Malawi,17.692332840214174
2014,China (bilateral),Maldives,21.054636347099862
2014,China (bilateral),Mali,11.378907174380581
2014,China (bilateral),Mauritania,7.2862679192833975
2014,China (bilateral),Mauritius,23.732658898043553
2014,China (bilateral),"Middle East, North Africa, Afghanistan & Pakistan (excluding high income)",4.204931622063134
2014,China (bilateral),Middle income,3.9351556301274364
2014,China (bilateral),Mongolia,38.05972238972691
2014,China (bilateral),Montenegro,3.97274710261098
2014,China (bilateral),Morocco,1.7875539009818535
2014,China (bilateral),Mozambique,15.187504170890701
2014,China (bilateral),Myanmar,13.779556359129948
2014,China (bilateral),Nepal,2.2700059366060374
2014,China (bilateral),Nicaragua,0.5332467222318632
2014,China (bilateral),Niger,17.70022937133565
2014,China (bilateral),Nigeria,13.37792436381697
2014,China (bilateral),North Macedonia,3.9041802869663593
2014,China (bilateral),Pakistan,10.054248866227168
2014,China (bilateral),Papua New Guinea,16.5271854638927
2014,China (bilateral),Philippines,1.2735644161671642
2014,China (bilateral),Rwanda,4.916137579441625
2014,China (bilateral),Samoa,40.84785935424169
2014,China (bilateral),Sao Tome and Principe,10.218662763419978
2014,China (bilateral),Senegal,7.257253060449064
2014,China (bilateral),Serbia,3.292870759087931
2014,China (bilateral),Sierra Leone,5.411126658742251
2014,China (bilateral),South Asia,2.567919041201809
2014,China (bilateral),Sri Lanka,16.629142861599036
2014,China (bilateral),Sub-Saharan Africa (excluding high income),11.764793039727584
2014,China (bilateral),Sudan,10.448807449856453
2014,China (bilateral),Syrian Arab Republic,2.1625408518453844
2014,China (bilateral),Tajikistan,45.44046280833176
2014,China (bilateral),Tanzania,16.789074514274876
2014,China (bilateral),Togo,41.805647275727274
2014,China (bilateral),Tonga,67.00016712274814
2014,China (bilateral),Tunisia,0.5707613531164603
2014,China (bilateral),Turkiye,0.4876863527415928
2014,China (bilateral),Turkmenistan,91.19454438631588
2014,China (bilateral),Uganda,9.480121181942648
2014,China (bilateral),Ukraine,2.478083973375484
2014,China (bilateral),Upper middle income,2.564668537662026
2014,China (bilateral),Uzbekistan,22.692256244424435
2014,China (bilateral),Vanuatu,37.97944470417525
2014,China (bilateral),Viet Nam,5.209921074237369
2014,China (bilateral),"Yemen, Rep.",4.133472877218551
2014,China (bilateral),Zambia,30.373172538758794
2014,China (bilateral),Zimbabwe,19.015695918428804
2014,China (private),Africa (excluding high income),3.1896061859068414
2014,China (private),Angola,25.36755309421652
2014,China (private),Belarus,0.019186701593486667
2014,China (private),"Congo, Rep.",9.12308321493346
2014,China (private),Cote d'Ivoire,0.8838966880730302
2014,China (private),East Asia & Pacific (excluding high income),0.6296638096498464
2014,China (private),Ethiopia,11.519874014983484
2014,China (private),Europe & Central Asia (excluding high income),0.0074853962815909685
2014,China (private),Ghana,0.13215263412942957
2014,China (private),Honduras,0.8970144812838104
2014,China (private),IDA only,2.3469669202180454
2014,China (private),IDA total,1.7976869424146886
2014,China (private),Indonesia,0.009102913558948184
2014,China (private),"Iran, Islamic Rep.",3.659045555000357
2014,China (private),Latin America & Caribbean (excluding high income),0.0076146874629813704
2014,China (private),Least developed countries: UN classification,6.884376194146742
2014,China (private),Low & lower middle income,1.9795807453966587
2014,China (private),Low & middle income,0.7052804280598667
2014,China (private),Low income,2.21141314870641
2014,China (private),Lower middle income,1.9486251858318298
2014,China (private),"Middle East, North Africa, Afghanistan & Pakistan (excluding high income)",0.11055632945740367
2014,China (private),Middle income,0.6400458180251962
2014,China (private),Moldova,0.7312840816454542
2014,China (private),Mongolia,0.050623457115992226
2014,China (private),Myanmar,29.8552371270278
2014,China (private),North Macedonia,0.23592686305760505
2014,China (private),Pakistan,0.2056354173136354
2014,China (private),Sub-Saharan Africa (excluding high income),4.224291690831506
2014,China (private),Tanzania,1.4783367608104399
2014,China (private),Upper middle income,0.011776184136839172
2014,China (private),Uzbekistan,0.0
2014,China (private),Viet Nam,0.04507620425388061
2014,China (private),Zambia,5.644201007810945
2015,China (bilateral),Africa (excluding high income),10.088120021129106
2015,China (bilateral),Albania,0.048331267498928646
2015,China (bilateral),Algeria,7.938438811819603
2015,China (bilateral),Angola,7.85856371293162
2015,China (bilateral),Argentina,2.3381609875944696
2015,China (bilateral),Armenia,0.5095620238126901
2015,China (bilateral),Bangladesh,3.3921531162376426
2015,China (bilateral),Belarus,23.241195618042056
2015,China (bilateral),Benin,12.903890800223818
2015,China (bilateral),Bolivia,8.189436758397406
2015,China (bilateral),Botswana,2.5777381814069833
2015,China (bilateral),Brazil,3.593020551359735
2015,China (bilateral),Burkina Faso,3.2198118965709384
2015,China (bilateral),Burundi,2.626452069672501
2015,China (bilateral),Cabo Verde,1.7987222082815788
2015,China (bilateral),Cambodia,47.572033034721656
2015,China (bilateral),Cameroon,37.333586098344604
2015,China (bilateral),Central African Republic,25.181955603863795
2015,China (bilateral),Chad,8.912835432971058
2015,China (bilateral),Comoros,0.0
2015,China (bilateral),"Congo, Dem. Rep.",44.15097263541398
2015,China (bilateral),"Congo, Rep.",38.73418325197621
2015,China (bilateral),Cote d'Ivoire,8.761218856987128
2015,China (bilateral),Djibouti,44.10636563283157
2015,China (bilateral),Dominica,15.125826238552296
2015,China (bilateral),Dominican Republic,0.013411454463905006
2015,China (bilateral),East Asia & Pacific (excluding high income),3.1973455566399394
2015,China (bilateral),Ecuador,27.20727973744851
2015,China (bilateral),"Egypt, Arab Rep.",0.7920125677452038
2015,China (bilateral),El Salvador,0.07192801271332508
2015,China (bilateral),Eritrea,6.2579547869864225
2015,China (bilateral),Eswatini,0.18135803808723644
2015,China (bilateral),Ethiopia,24.159759751198948
2015,China (bilateral),Europe & Central Asia (excluding high income),6.6354955958943025
2015,China (bilateral),Fiji,42.71115440874839
2015,China (bilateral),Gabon,18.712526116782723
2015,China (bilateral),Georgia,0.05654661558270816
2015,China (bilateral),Ghana,15.837858344581326
2015,China (bilateral),Guatemala,0.11119776430443566
2015,China (bilateral),Guinea,32.13006199726215
2015,China (bilateral),Guyana,11.931828607234038
2015,China (bilateral),Honduras,2.7156327565898404
2015,China (bilateral),IDA only,15.623026115011827
2015,China (bilateral),IDA total,15.849394754450866
2015,China (bilateral),Indonesia,0.6037135456553115
2015,China (bilateral),"Iran, Islamic Rep.",4.998284061613725
2015,China (bilateral),Iraq,9.43947859148242
2015,China (bilateral),Jamaica,5.8994346884996
2015,China (bilateral),Jordan,0.60562254578647
2015,China (bilateral),Kenya,20.642528813752964
2015,China (bilateral),Kyrgyz Republic,37.981178795371115
2015,China (bilateral),Lao PDR,43.47269195812226
2015,China (bilateral),Latin America & Caribbean (excluding high income),2.193461675229483
2015,China (bilateral),Least developed countries: UN classification,14.477570488090869
2015,China (bilateral),Lebanon,0.02880910329531169
2015,China (bilateral),Lesotho,5.191556948564925
2015,China (bilateral),Liberia,1.2579381135538261
2015,China (bilateral),Low & lower middle income,8.08306555790654
2015,China (bilateral),Low & middle income,4.646185169278248
2015,China (bilateral),Low income,14.440224817449758
2015,China (bilateral),Lower middle income,7.251950590669009
2015,China (bilateral),Madagascar,2.1962737534472856
2015,China (bilateral),Malawi,16.3941323881817
2015,China (bilateral),Maldives,21.867196203109714
2015,China (bilateral),Mali,13.240681920607601
2015,China (bilateral),Mauritania,9.175219409239817
2015,China (bilateral),Mauritius,24.28680021211724
2015,China (bilateral),"Middle East, North Africa, Afghanistan & Pakistan (excluding high income)",4.359707653490123
2015,China (bilateral),Middle income,4.210373998003195
2015,China (bilateral),Mongolia,41.6210743218521
2015,China (bilateral),Montenegro,10.963743225771882
2015,China (bilateral),Morocco,1.6680504493795
2015,China (bilateral),Mozambique,16.24090192029057
2015,China (bilateral),Myanmar,16.99333420032222
2015,China (bilateral),Nepal,2.3308777682964847
2015,China (bilateral),Nicaragua,0.46881769582967464
2015,China (bilateral),Niger,14.16649685268562
2015,China (bilateral),Nigeria,13.530616358819902
2015,China (bilateral),North Macedonia,6.2372557696671835
2015,China (bilateral),Pakistan,11.320552221085915
2015,China (bilateral),Papua New Guinea,19.991920684008466
2015,China (bilateral),Philippines,0.8512663884626366
2015,China (bilateral),Rwanda,5.693027275795878
2015,China (bilateral),Samoa,40.84584257705277
2015,China (bilateral),Sao Tome and Principe,8.496105523491861
2015,China (bilateral),Senegal,9.458092641618302
2015,China (bilateral),Serbia,4.552484160723955
2015,China (bilateral),Sierra Leone,5.975259147672699
2015,China (bilateral),South Asia,2.5421472642372542
2015,China (bilateral),Sri Lanka,16.466429939224742
2015,China (bilateral),Sub-Saharan Africa (excluding high income),13.303197314049537
2015,China (bilateral),Sudan,9.90561727869429
2015,China (bilateral),Suriname,27.895347650855605
2015,China (bilateral),Syrian Arab Republic,2.121262191667349
2015,China (bilateral),Tajikistan,49.96547149863537
2015,China (bilateral),Tanzania,18.741855651980014
2015,China (bilateral),Togo,44.924069137114714
2015,China (bilateral),Tonga,66.82326086483785
2015,China (bilateral),Tunisia,0.5239115332041704
2015,China (bilateral),Turkiye,0.5060444110323279
2015,China (bilateral),Turkmenistan,87.70844253445675
2015,China (bilateral),Uganda,15.659825050799691
2015,China (bilateral),Ukraine,3.3093139157012357
2015,China (bilateral),Upper middle income,2.6409862800932746
2015,China (bilateral),Uzbekistan,22.224429446696575
2015,China (bilateral),Vanuatu,64.50956302946439
2015,China (bilateral),Viet Nam,4.903872765546799
2015,China (bilateral),"Yemen, Rep.",4.14091894095085
2015,China (bilateral),Zambia,27.387664723642253
2015,China (bilateral),Zimbabwe,22.118550406543935
2015,China (private),Africa (excluding high income),2.965603659586361
2015,China (private),Angola,22.28271698932997
2015,China (private),Belarus,0.0063143212486050015
2015,China (private),Cameroon,0.0
2015,China (private),"Congo, Rep.",6.752745311890644
2015,China (private),Cote d'Ivoire,0.5994275833499211
2015,China (private),East Asia & Pacific (excluding high income),0.6179134154691523
2015,China (private),Ethiopia,13.134100822132572
2015,China (private),Europe & Central Asia (excluding high income),0.00397546786001511
2015,China (private),Gabon,0.0
2015,China (private),Ghana,0.6130833548202985
2015,China (private),Honduras,1.6524540987428167
2015,China (private),IDA only,2.4878397826353518
2015,China (private),IDA total,1.8404576121173062
2015,China (private),Indonesia,0.003567947532529543
2015,China (private),"Iran, Islamic Rep.",2.5731160171140246
2015,China (private),Latin America & Caribbean (excluding high income),0.014368689437017098
2015,China (private),Least developed countries: UN classification,6.334295618347528
2015,China (private),Low & lower middle income,1.80608327529806
2015,China (private),Low & middle income,0.6692499602685175
2015,China (private),Low income,2.8844419835891
2015,China (private),Lower middle income,1.6651020561841612
2015,China (private),"Middle East, North Africa, Afghanistan & Pakistan (excluding high income)",0.07471593455808231
2015,China (private),Middle income,0.5706792514535156
2015,China (private),Moldova,0.2595002077301962
2015,China (private),Mongolia,0.0
2015,China (private),Myanmar,28.313287813873437
2015,China (private),North Macedonia,0.19062981676095045
2015,China (private),Pakistan,0.18957823536529075
2015,China (private),Sub-Saharan Africa (excluding high income),3.995051226288047
2015,China (private),Suriname,0.0
2015,China (private),Tanzania,1.5097771887051668
2015,China (private),Upper middle income,0.005980761832571367
2015,China (private),Viet Nam,0.014158704718533805
2015,China (private),Zambia,4.042010973551463
2016,China (bilateral),Africa (excluding high income),10.685885316145981
2016,China (bilateral),Albania,0.04940701517832299
2016,China (bilateral),Algeria,3.9902343355322456
2016,China (bilateral),Angola,8.053882320982622
2016,China (bilateral),Argentina,1.6889392097400882
2016,China (bilateral),Armenia,0.5001654488912026
2016,China (bilateral),Bangladesh,3.3494423850080266
2016,China (bilateral),Belarus,22.195210962223612
2016,China (bilateral),Benin,11.864592190670754
2016,China (bilateral),Bolivia,8.152185556904445
2016,China (bilateral),Botswana,2.046995017322072
2016,China (bilateral),Brazil,2.7021767928310716
2016,China (bilateral),Burkina Faso,2.731251617247229
2016,China (bilateral),Burundi,3.3463061371232996
2016,China (bilateral),Cabo Verde,1.5537328553722878
2016,China (bilateral),Cambodia,47.94217135932756
2016,China (bilateral),Cameroon,37.09623101983113
2016,China (bilateral),Central African Republic,24.051234428544745
2016,China (bilateral),Chad,9.329884188478378
2016,China (bilateral),Comoros,20.17568708624015
2016,China (bilateral),"Congo, Dem. Rep.",46.51156724680851
2016,China (bilateral),"Congo, Rep.",37.89626082807703
2016,China (bilateral),Cote d'Ivoire,13.878302268967516
2016,China (bilateral),Djibouti,55.37237453887123
2016,China (bilateral),Dominica,14.109726373619706
2016,China (bilateral),Dominican Republic,0.011166310286091217
2016,China (bilateral),East Asia & Pacific (excluding high income),3.0890402809762145
2016,China (bilateral),Ecuador,29.384080366448966
2016,China (bilateral),"Egypt, Arab Rep.",3.6609278201571374
2016,China (bilateral),El Salvador,0.04572240514332199
2016,China (bilateral),Eritrea,5.4631026139146535
2016,China (bilateral),Eswatini,8.870054742046166
2016,China (bilateral),Ethiopia,25.249234757200956
2016,China (bilateral),Europe & Central Asia (excluding high income),6.341085148601415
2016,China (bilateral),Fiji,41.52839234665546
2016,China (bilateral),Gabon,18.817510923705946
2016,China (bilateral),Georgia,0.04161637094876112
2016,China (bilateral),Ghana,13.526306729948905
2016,China (bilateral),Guatemala,0.26395488176921095
2016,China (bilateral),Guinea,31.110765851375817
2016,China (bilateral),Guyana,13.502976773999803
2016,China (bilateral),Honduras,2.626553881419956
2016,China (bilateral),IDA only,16.102058706175214
2016,China (bilateral),IDA total,16.885647999516674
2016,China (bilateral),Indonesia,0.5790787700344294
2016,China (bilateral),"Iran, Islamic Rep.",7.115513868472754
2016,China (bilateral),Iraq,7.439134548844997
2016,China (bilateral),Jamaica,5.797323757615841
2016,China (bilateral),Jordan,0.48217059415008134
2016,China (bilateral),Kazakhstan,1.0339012170639454
2016,China (bilateral),Kenya,25.20949577987102
2016,China (bilateral),Kyrgyz Republic,42.17174255600623
2016,China (bilateral),Lao PDR,42.957968282661525
2016,China (bilateral),Latin America & Caribbean (excluding high income),2.103741580002258
2016,China (bilateral),Least developed countries: UN classification,15.00474396237797
2016,China (bilateral),Lebanon,0.025957050005767476
2016,China (bilateral),Lesotho,6.41477471847884
2016,China (bilateral),Liberia,0.9706272961622562
2016,China (bilateral),Low & lower middle income,8.987036315076963
2016,China (bilateral),Low & middle income,4.784126399448552
2016,China (bilateral),Low income,15.318663411676448
2016,China (bilateral),Lower middle income,8.158603861062716
2016,China (bilateral),Madagascar,1.9095990061182946
2016,China (bilateral),Malawi,14.41509384086411
2016,China (bilateral),Maldives,33.62292538395493
2016,China (bilateral),Mali,14.709376900538997
2016,China (bilateral),Mauritania,8.782129379412208
2016,China (bilateral),Mauritius,22.622481180648048
2016,China (bilateral),"Middle East, North Africa, Afghanistan & Pakistan (excluding high income)",5.5658850490653755
2016,China (bilateral),Middle income,4.329443671236877
2016,China (bilateral),Mongolia,36.63532202253681
2016,China (bilateral),Montenegro,11.791475676557761
2016,China (bilateral),Morocco,2.0958275469424232
2016,China (bilateral),Mozambique,17.030825770166825
2016,China (bilateral),Myanmar,16.413227696363293
2016,China (bilateral),Nepal,2.0562887610019818
2016,China (bilateral),Nicaragua,0.42659029451131275
2016,China (bilateral),Niger,13.948158829956261
2016,China (bilateral),Nigeria,14.495116488262473
2016,China (bilateral),North Macedonia,9.339267978634945
2016,China (bilateral),Pakistan,13.685227819658671
2016,China (bilateral),Papua New Guinea,21.383809889303347
2016,China (bilateral),Philippines,0.828095074550636
2016,China (bilateral),Rwanda,5.504143697459021
2016,China (bilateral),Samoa,40.57874989324745
2016,China (bilateral),Sao Tome and Principe,8.080465066485507
2016,China (bilateral),Senegal,14.673699999389731
2016,China (bilateral),Serbia,4.916420483420537
2016,China (bilateral),Sierra Leone,5.430421654030134
2016,China (bilateral),South Asia,2.75408831901563
2016,China (bilateral),Sri Lanka,15.534604976545241
2016,China (bilateral),Sub-Saharan Africa (excluding high income),13.425305007175051
2016,China (bilateral),Sudan,9.481772870985116
2016,China (bilateral),Suriname,13.217773680101077
2016,China (bilateral),Syrian Arab Republic,1.9989860243979538
2016,China (bilateral),Tajikistan,53.17180276532565
2016,China (bilateral),Tanzania,18.48990565534781
2016,China (bilateral),Togo,46.799280592392826
2016,China (bilateral),Tonga,63.52980576547349
2016,China (bilateral),Tunisia,0.4615096000387838
2016,China (bilateral),Turkiye,0.4707997792326925
2016,China (bilateral),Turkmenistan,61.96431249569735
2016,China (bilateral),Uganda,20.16977327097268
2016,China (bilateral),Ukraine,3.4556975529380725
2016,China (bilateral),Upper middle income,2.4444936382058713
2016,China (bilateral),Uzbekistan,22.5558744463159
2016,China (bilateral),Vanuatu,60.88658101297409
2016,China (bilateral),Viet Nam,4.641238617261207
2016,China (bilateral),"Yemen, Rep.",4.056783716231575
2016,China (bilateral),Zambia,30.56698602817286
2016,China (bilateral),Zimbabwe,24.928075840165764
2016,China (private),Africa (excluding high income),4.68585246104629
2016,China (private),Angola,37.835501086457676
2016,China (private),Belarus,0.0
2016,China (private),Cameroon,0.7900300484568723
2016,China (private),"Congo, Rep.",6.398600337420329
2016,China (private),Cote d'Ivoire,0.5079933034539861
2016,China (private),East Asia & Pacific (excluding high income),0.5405182511017746
2016,China (private),Ecuador,2.724804479337524
2016,China (private),Ethiopia,11.9947261923692
2016,China (private),Europe & Central Asia (excluding high income),0.00189937467547104
2016,China (private),Gabon,2.4809727115055025
2016,China (private),Ghana,0.6430863915231948
2016,China (private),Honduras,2.776546524010794
2016,China (private),IDA only,2.366671972097153
2016,China (private),IDA total,1.7542182229580263
2016,China (private),Indonesia,0.0
2016,China (private),"Iran, Islamic Rep.",7.6566185044346655
2016,China (private),Lao PDR,0.444871048914705
2016,China (private),Latin America & Caribbean (excluding high income),0.12039995983744013
2016,China (private),Least developed countries: UN classification,9.46284382812742
2016,China (private),Low & lower middle income,2.762000846594146
2016,China (private),Low & middle income,1.0285057444498784
2016,China (private),Low income,2.861888901290261
2016,China (private),Lower middle income,2.748931456212161
2016,China (private),"Middle East, North Africa, Afghanistan & Pakistan (excluding high income)",0.06547316607219786
2016,China (private),Middle income,0.9493748196980915
2016,China (private),Moldova,0.03944752016933426
2016,China (private),Myanmar,26.649365655795233
2016,China (private),North Macedonia,0.12796436710176942
2016,China (private),Pakistan,0.16254750837878365
2016,China (private),Sub-Saharan Africa (excluding high income),6.295315883145294
2016,China (private),Suriname,1.7613845535484325
2016,China (private),Tanzania,1.7470649160253298
2016,China (private),Upper middle income,0.06352148025014223
2016,China (private),Viet Nam,0.0
2016,China (private),Zambia,3.6416908383198825
2017,China (bilateral),Africa (excluding high income),10.478513159424367
2017,China (bilateral),Albania,0.04285526774312432
2017,China (bilateral),Algeria,4.267253518319796
2017,China (bilateral),Angola,8.359812533514392
2017,China (bilateral),Argentina,2.1861255876153387
2017,China (bilateral),Armenia,0.45664640003446366
2017,China (bilateral),Bangladesh,3.846054438853951
2017,China (bilateral),Belarus,20.82580244676543
2017,China (bilateral),Benin,11.493394326682447
2017,China (bilateral),Bolivia,7.7987525942673575
2017,China (bilateral),Botswana,1.8212595563639915
2017,China (bilateral),Brazil,6.196023782786328
2017,China (bilateral),Burkina Faso,2.3362199616159285
2017,China (bilateral),Burundi,3.4841022671580126
2017,China (bilateral),Cabo Verde,1.9591911195945486
2017,China (bilateral),Cambodia,47.642128667172514
2017,China (bilateral),Cameroon,37.17229826061604
2017,China (bilateral),Central African Republic,26.41928506875017
2017,China (bilateral),Chad,8.872984877074332
2017,China (bilateral),Comoros,19.454602669212196
2017,China (bilateral),"Congo, Dem. Rep.",45.271324293477925
2017,China (bilateral),"Congo, Rep.",37.245098961473246
2017,China (bilateral),Cote d'Ivoire,15.929733123865324
2017,China (bilateral),Djibouti,59.6708134489005
2017,China (bilateral),Dominica,14.12329219149106
2017,China (bilateral),Dominican Republic,0.009274098589093172
2017,China (bilateral),East Asia & Pacific (excluding high income),2.9199504827942686
2017,China (bilateral),Ecuador,22.1831826702833
2017,China (bilateral),"Egypt, Arab Rep.",3.5821027974391546
2017,China (bilateral),El Salvador,0.034393872055039215
2017,China (bilateral),Eritrea,4.869880949789552
2017,China (bilateral),Eswatini,13.366604677633992
2017,China (bilateral),Ethiopia,24.922584131407824
2017,China (bilateral),Europe & Central Asia (excluding high income),6.074964577050008
2017,China (bilateral),Fiji,38.387865133192435
2017,China (bilateral),Gabon,15.885182192480041
2017,China (bilateral),"Gambia, The",0.0
2017,China (bilateral),Georgia,0.034822606151089945
2017,China (bilateral),Ghana,11.56266804949936
2017,China (bilateral),Grenada,0.0
2017,China (bilateral),Guatemala,0.44841111676595363
2017,China (bilateral),Guinea,30.80087505839223
2017,China (bilateral),Guyana,16.740322549802805
2017,China (bilateral),Honduras,2.2286480094872645
2017,China (bilateral),IDA only,15.716105219518688
2017,China (bilateral),IDA total,16.77953993665608
2017,China (bilateral),Indonesia,0.6666567029830326
2017,China (bilateral),"Iran, Islamic Rep.",1.0306176666879767
2017,China (bilateral),Iraq,5.608206124502254
2017,China (bilateral),Jamaica,5.872677457530566
2017,China (bilateral),Jordan,0.40853950408462186
2017,China (bilateral),Kazakhstan,3.565814473477266
2017,China (bilateral),Kenya,25.98422560394235
2017,China (bilateral),Kyrgyz Republic,43.905609578114934
2017,China (bilateral),Lao PDR,41.95372723548583
2017,China (bilateral),Latin America & Caribbean (excluding high income),2.8450682781145367
2017,China (bilateral),Least developed countries: UN classification,14.9032329901634
2017,China (bilateral),Lebanon,0.025586432770289408
2017,China (bilateral),Lesotho,6.04090880613961
2017,China (bilateral),Liberia,3.2492509613159366
2017,China (bilateral),Low & lower middle income,8.94626053922724
2017,China (bilateral),Low & middle income,5.010716942566638
2017,China (bilateral),Low income,15.439882293564759
2017,China (bilateral),Lower middle income,8.142987640197807
2017,China (bilateral),Madagascar,1.666031673831772
2017,China (bilateral),Malawi,12.296783136975735
2017,China (bilateral),Maldives,32.04333405305319
2017,China (bilateral),Mali,13.887446983376448
2017,China (bilateral),Mauritania,8.702029725519962
2017,China (bilateral),Mauritius,21.963126869963876
2017,China (bilateral),"Middle East, North Africa, Afghanistan & Pakistan (excluding high income)",5.840452992932579
2017,China (bilateral),Middle income,4.573848299581652
2017,China (bilateral),Mongolia,27.88554251467926
2017,China (bilateral),Montenegro,16.356647000104097
2017,China (bilateral),Morocco,1.7877642855377387
2017,China (bilateral),Mozambique,18.835809930157026
2017,China (bilateral),Myanmar,14.184497411718388
2017,China (bilateral),Nepal,1.8194641233926734
2017,China (bilateral),Nicaragua,0.39382374597349
2017,China (bilateral),Niger,12.56780439739145
2017,China (bilateral),Nigeria,10.240358018561569
2017,China (bilateral),North Macedonia,10.668465135408336
2017,China (bilateral),Pakistan,15.152554949564047
2017,China (bilateral),Papua New Guinea,23.634323583925866
2017,China (bilateral),Philippines,0.762493291447624
2017,China (bilateral),Rwanda,5.6475283780331225
2017,China (bilateral),Samoa,39.7913607656892
2017,China (bilateral),Sao Tome and Principe,7.266760598258961
2017,China (bilateral),Senegal,13.699355824601462
2017,China (bilateral),Serbia,5.633053577285764
2017,China (bilateral),Sierra Leone,4.8637543023559395
2017,China (bilateral),South Africa,1.1032309151840864
2017,China (bilateral),South Asia,2.663355065821915
2017,China (bilateral),Sri Lanka,15.540345396306432
2017,China (bilateral),Sub-Saharan Africa (excluding high income),13.17677987670372
2017,China (bilateral),Sudan,8.88949052954943
2017,China (bilateral),Suriname,16.38142512742103
2017,China (bilateral),Syrian Arab Republic,2.042141672086052
2017,China (bilateral),Tajikistan,42.06246296988514
2017,China (bilateral),Tanzania,16.996620180560775
2017,China (bilateral),Togo,45.83646640714878
2017,China (bilateral),Tonga,61.11111657593542
2017,China (bilateral),Tunisia,0.3548302021704837
2017,China (bilateral),Turkiye,0.7306818437761556
2017,China (bilateral),Turkmenistan,44.68629914732103
2017,China (bilateral),Uganda,22.408536714868184
2017,China (bilateral),Ukraine,3.121367557459788
2017,China (bilateral),Upper middle income,2.746404271238294
2017,China (bilateral),Uzbekistan,20.693766155662814
2017,China (bilateral),Vanuatu,54.43643318792913
2017,China (bilateral),Viet Nam,4.586185190450285
2017,China (bilateral),"Yemen, Rep.",2.480753714545849
2017,China (bilateral),Zambia,27.184906031286054
2017,China (bilateral),Zimbabwe,26.863524942321728
2017,China (private),Africa (excluding high income),4.250570816694561
2017,China (private),Angola,40.29239053102436
2017,China (private),Cameroon,0.9986691768098571
2017,China (private),"Congo, Rep.",5.641743429190781
2017,China (private),Cote d'Ivoire,0.3256125514726846
2017,China (private),East Asia & Pacific (excluding high income),0.49995263210784013
2017,China (private),Ecuador,1.6852738390033069
2017,China (private),Ethiopia,9.687845252701962
2017,China (private),Europe & Central Asia (excluding high income),0.0010442881817330771
2017,China (private),Gabon,2.638063230608467
2017,China (private),Ghana,0.6278346572950431
2017,China (private),Honduras,3.7049240742874354
2017,China (private),IDA only,2.198605264159898
2017,China (private),IDA total,1.754721902650401
2017,China (private),Indonesia,0.008647818514389113
2017,China (private),"Iran, Islamic Rep.",4.231251487490749
2017,China (private),Lao PDR,0.43435892576215207
2017,China (private),Latin America & Caribbean (excluding high income),0.10729301704132295
2017,China (private),Least developed countries: UN classification,9.084033994053971
2017,China (private),Low & lower middle income,2.651767649331098
2017,China (private),Low & middle income,1.000005192913526
2017,China (private),Low income,2.3954915299706756
2017,China (private),Lower middle income,2.6834694744663787
2017,China (private),Maldives,0.0
2017,China (private),"Middle East, North Africa, Afghanistan & Pakistan (excluding high income)",0.33313985540987484
2017,China (private),Middle income,0.9415494870294593
2017,China (private),Moldova,0.0
2017,China (private),Myanmar,26.335523554354857
2017,China (private),North Macedonia,0.07739156519684098
2017,China (private),Pakistan,1.3249786272000168
2017,China (private),South Asia,0.0
2017,China (private),Sub-Saharan Africa (excluding high income),5.7135850303290825
2017,China (private),Suriname,3.877103554085911
2017,China (private),Tanzania,1.5125890751024025
2017,China (private),Upper middle income,0.04966464446570685
2017,China (private),Zambia,5.479509037389042
2018,China (bilateral),Africa (excluding high income),11.093967528514447
2018,China (bilateral),Albania,0.0428674236716654
2018,China (bilateral),Algeria,4.582349834827991
2018,China (bilateral),Angola,10.670763761181574
2018,China (bilateral),Argentina,2.3108579024122213
2018,China (bilateral),Armenia,0.4222912522819825
2018,China (bilateral),Bangladesh,7.499968456361592
2018,China (bilateral),Belarus,23.726853492246565
2018,China (bilateral),Benin,10.95329578280976
2018,China (bilateral),Bolivia,9.002261400495398
2018,China (bilateral),Botswana,1.304156235894594
2018,China (bilateral),Brazil,5.429651360463337
2018,China (bilateral),Burkina Faso,2.027043031837995
2018,China (bilateral),Burundi,3.255750950667124
2018,China (bilateral),Cabo Verde,1.8636085064877062
2018,China (bilateral),Cambodia,48.856472568267115
2018,China (bilateral),Cameroon,33.021418573108335
2018,China (bilateral),Central African Republic,16.307284012132495
2018,China (bilateral),Chad,8.742013757731721
2018,China (bilateral),Comoros,32.49619658634405
2018,China (bilateral),"Congo, Dem. Rep.",57.13134437125142
2018,China (bilateral),"Congo, Rep.",35.939268956336754
2018,China (bilateral),Cote d'Ivoire,14.691388131544445
2018,China (bilateral),Djibouti,58.01927661843931
2018,China (bilateral),Dominica,13.220907950079427
2018,China (bilateral),Dominican Republic,0.007087716906924538
2018,China (bilateral),East Asia & Pacific (excluding high income),2.6558438314914485
2018,China (bilateral),Ecuador,17.891857640267506
2018,China (bilateral),"Egypt, Arab Rep.",5.301936404003072
2018,China (bilateral),El Salvador,0.026881864986361154
2018,China (bilateral),Eritrea,4.159611226258077
2018,China (bilateral),Eswatini,25.068403532651256
2018,China (bilateral),Ethiopia,22.45817627438847
2018,China (bilateral),Europe & Central Asia (excluding high income),6.132493995297143
2018,China (bilateral),Fiji,33.48452858682697
2018,China (bilateral),Gabon,16.945177650749592
2018,China (bilateral),"Gambia, The",0.0
2018,China (bilateral),Georgia,0.025946808663068276
2018,China (bilateral),Ghana,9.662939658042827
2018,China (bilateral),Grenada,0.0
2018,China (bilateral),Guatemala,0.6330378015593648
2018,China (bilateral),Guinea,30.319018387886395
2018,China (bilateral),Guyana,17.706865259053494
2018,China (bilateral),Honduras,2.1465368478309848
2018,China (bilateral),IDA only,16.074696065038793
2018,China (bilateral),IDA total,17.976264230161927
2018,China (bilateral),Indonesia,0.7400356527168187
2018,China (bilateral),"Iran, Islamic Rep.",1.389258908672164
2018,China (bilateral),Iraq,4.961955088114886
2018,China (bilateral),Jamaica,6.40159367335309
2018,China (bilateral),Jordan,0.3496774336621318
2018,China (bilateral),Kazakhstan,4.388220796981414
2018,China (bilateral),Kenya,25.48977494119577
2018,China (bilateral),Kyrgyz Republic,47.06580653065647
2018,China (bilateral),Lao PDR,45.47228290930219
2018,China (bilateral),Latin America & Caribbean (excluding high income),2.6159260501701995
2018,China (bilateral),Least developed countries: UN classification,15.838812273096886
2018,China (bilateral),Lebanon,0.022046950567074865
2018,China (bilateral),Lesotho,5.397718570683496
2018,China (bilateral),Liberia,7.565590353505671
2018,China (bilateral),Low & lower middle income,10.015309228092566
2018,China (bilateral),Low & middle income,5.287272939626047
2018,China (bilateral),Low income,16.158555208994084
2018,China (bilateral),Lower middle income,9.261208803177691
2018,China (bilateral),Madagascar,2.6744084891637945
2018,China (bilateral),Malawi,11.442129455354793
2018,China (bilateral),Maldives,34.140776878174215
2018,China (bilateral),Mali,12.839918791627529
2018,China (bilateral),Mauritania,8.260583002321395
2018,China (bilateral),Mauritius,23.433969962351163
2018,China (bilateral),"Middle East, North Africa, Afghanistan & Pakistan (excluding high income)",8.197185350975598
2018,China (bilateral),Middle income,4.836027400671029
2018,China (bilateral),Mongolia,28.843394289877942
2018,China (bilateral),Montenegro,19.484169132564467
2018,China (bilateral),Morocco,1.6572084736510746
2018,China (bilateral),Mozambique,19.562311846759187
2018,China (bilateral),Myanmar,12.402201324730845
2018,China (bilateral),Nepal,2.4298548839715566
2018,China (bilateral),Nicaragua,0.3545836354333086
2018,China (bilateral),Niger,13.146929141995463
2018,China (bilateral),Nigeria,9.83205458680936
2018,China (bilateral),North Macedonia,11.587730811587159
2018,China (bilateral),Pakistan,22.99510099846284
2018,China (bilateral),Papua New Guinea,17.672326204659957
2018,China (bilateral),Philippines,0.6702834394169837
2018,China (bilateral),Rwanda,4.93469873168904
2018,China (bilateral),Samoa,39.92111498046717
2018,China (bilateral),Sao Tome and Principe,0.0
2018,China (bilateral),Senegal,12.123466684734504
2018,China (bilateral),Serbia,6.940236798900197
2018,China (bilateral),Sierra Leone,4.1741102075594325
2018,China (bilateral),South Africa,1.5787568295585033
2018,China (bilateral),South Asia,3.3730389902184874
2018,China (bilateral),Sri Lanka,14.730825365675447
2018,China (bilateral),Sub-Saharan Africa (excluding high income),13.711972865067244
2018,China (bilateral),Sudan,8.43934084190966
2018,China (bilateral),Suriname,20.13023817961977
2018,China (bilateral),Syrian Arab Republic,1.943904374133931
2018,China (bilateral),Tajikistan,41.101934570145936
2018,China (bilateral),Tanzania,15.210813600508466
2018,China (bilateral),Togo,45.869940009920356
2018,China (bilateral),Tonga,58.25844846917148
2018,China (bilateral),Tunisia,0.3043087440089043
2018,China (bilateral),Turkiye,0.9929424421226039
2018,China (bilateral),Turkmenistan,33.886529989615354
2018,China (bilateral),Uganda,25.222664973422543
2018,China (bilateral),Ukraine,3.0215963435431488
2018,China (bilateral),Upper middle income,2.5751968148986757
2018,China (bilateral),Uzbekistan,19.421342128751146
2018,China (bilateral),Vanuatu,45.592144596423175
2018,China (bilateral),Viet Nam,3.9966834889727854
2018,China (bilateral),"Yemen, Rep.",2.4719434307359363
2018,China (bilateral),Zambia,26.21169432888272
2018,China (bilateral),Zimbabwe,31.679663116775
2018,China (private),Africa (excluding high income),4.086079698304828
2018,China (private),Angola,38.01561003037165
2018,China (private),Cameroon,1.185712747846022
2018,China (private),"Congo, Rep.",7.96610471610696
2018,China (private),Cote d'Ivoire,0.19273449868638667
2018,China (private),East Asia & Pacific (excluding high income),0.3902733962924453
2018,China (private),Ecuador,1.3326059336056433
2018,China (private),Ethiopia,7.543754279472896
2018,China (private),Europe & Central Asia (excluding high income),0.1369028173296281
2018,China (private),Gabon,2.5048876785385734
2018,China (private),Ghana,0.8307194154931988
2018,China (private),Guinea,0.0
2018,China (private),Honduras,4.201601337456615
2018,China (private),IDA only,2.312742756855923
2018,China (private),IDA total,1.8954492491624964
2018,China (private),Indonesia,0.009830728787694237
2018,China (private),"Iran, Islamic Rep.",0.0
2018,China (private),Lao PDR,0.9245355870403933
2018,China (private),Latin America & Caribbean (excluding high income),0.10040598617740747
2018,China (private),Least developed countries: UN classification,8.412614044081101
2018,China (private),Low & lower middle income,2.6952611135829994
2018,China (private),Low & middle income,1.0318195385903302
2018,China (private),Low income,1.9923425303531852
2018,China (private),Lower middle income,2.781546312636086
2018,China (private),Maldives,12.17788483178076
2018,China (private),"Middle East, North Africa, Afghanistan & Pakistan (excluding high income)",0.46696431906236585
2018,China (private),Middle income,0.9919501189250904
2018,China (private),Myanmar,23.610111606931085
2018,China (private),North Macedonia,0.03646875302969445
2018,China (private),Pakistan,1.8951911342315466
2018,China (private),Senegal,0.0
2018,China (private),South Asia,0.4680442243412494
2018,China (private),Sri Lanka,2.910715497269569
2018,China (private),Sub-Saharan Africa (excluding high income),5.505808699022745
2018,China (private),Suriname,3.4856193686231847
2018,China (private),Tanzania,1.1974703980244907
2018,China (private),Turkiye,0.3239893929325444
2018,China (private),Upper middle income,0.07764323680908333
2018,China (private),Zambia,6.01070284995254
2019,China (bilateral),Africa (excluding high income),10.89898994137341
2019,China (bilateral),Albania,0.04466466057093759
2019,China (bilateral),Algeria,4.896198177996589
2019,China (bilateral),Angola,9.618180934418431
2019,China (bilateral),Argentina,2.668905757791786
2019,China (bilateral),Armenia,0.393584059971986
2019,China (bilateral),Bangladesh,7.75507917464439
2019,China (bilateral),Belarus,25.50263345005671
2019,China (bilateral),Benin,8.384135097362204
2019,China (bilateral),Bolivia,9.498849382295637
2019,China (bilateral),Botswana,1.0098875296567233
2019,China (bilateral),Brazil,2.6021351982451564
2019,China (bilateral),Burkina Faso,1.691874208194279
2019,China (bilateral),Burundi,8.814532110281075
2019,China (bilateral),Cabo Verde,1.66263744890541
2019,China (bilateral),Cambodia,47.592829995692135
2019,China (bilateral),Cameroon,32.96929007766262
2019,China (bilateral),Central African Republic,14.408211318720564
2019,China (bilateral),Chad,8.656621602577223
2019,China (bilateral),Comoros,32.02631648894558
2019,China (bilateral),"Congo, Dem. Rep.",55.20967491827065
2019,China (bilateral),"Congo, Rep.",30.02339571821359
2019,China (bilateral),Cote d'Ivoire,15.21707947245677
2019,China (bilateral),Djibouti,55.718867067772806
2019,China (bilateral),Dominica,11.750961818873607
2019,China (bilateral),Dominican Republic,0.005761974975404763
2019,China (bilateral),East Asia & Pacific (excluding high income),2.3782283303082115
2019,China (bilateral),Ecuador,15.087901573911436
2019,China (bilateral),"Egypt, Arab Rep.",4.770690223251064
2019,China (bilateral),El Salvador,0.018541727939330586
2019,China (bilateral),Equatorial Guinea,94.36019061072169
2019,China (bilateral),Eritrea,3.615603662360789
2019,China (bilateral),Eswatini,29.433272282239358
2019,China (bilateral),Ethiopia,21.715028756120333
2019,China (bilateral),Europe & Central Asia (excluding high income),5.781575682087614
2019,China (bilateral),Fiji,29.982465911049797
2019,China (bilateral),Gabon,17.736312858777143
2019,China (bilateral),"Gambia, The",3.3458664375709457
2019,China (bilateral),Georgia,0.018417587566958497
2019,China (bilateral),Ghana,7.709093146791891
2019,China (bilateral),Grenada,0.0
2019,China (bilateral),Guatemala,0.5581278697987219
2019,China (bilateral),Guinea,43.09438802909839
2019,China (bilateral),Guyana,18.511398333770597
2019,China (bilateral),Honduras,2.0226311193387696
2019,China (bilateral),IDA only,15.547772728246656
2019,China (bilateral),IDA total,18.025248927345373
2019,China (bilateral),Indonesia,0.747704123818157
2019,China (bilateral),"Iran, Islamic Rep.",1.640987059763754
2019,China (bilateral),Iraq,4.394617067119779
2019,China (bilateral),Jamaica,6.431237092024535
2019,China (bilateral),Jordan,0.32248292992246935
2019,China (bilateral),Kazakhstan,3.241467458270653
2019,China (bilateral),Kenya,24.244785018891605
2019,China (bilateral),Kyrgyz Republic,47.915408702246445
2019,China (bilateral),Lao PDR,44.2304469510537
2019,China (bilateral),Latin America & Caribbean (excluding high income),1.941014227283802
2019,China (bilateral),Least developed countries: UN classification,15.303720883455316
2019,China (bilateral),Lebanon,0.021463668794776448
2019,China (bilateral),Lesotho,8.355472156271821
2019,China (bilateral),Liberia,6.429500214323396
2019,China (bilateral),Low & lower middle income,10.039755329303857
2019,China (bilateral),Low & middle income,5.04720679791509
2019,China (bilateral),Low income,15.396518656790102
2019,China (bilateral),Lower middle income,9.400897955241335
2019,China (bilateral),Madagascar,4.344916991029041
2019,China (bilateral),Malawi,10.151285449789006
2019,China (bilateral),Maldives,38.234635785127104
2019,China (bilateral),Mali,12.24287309323708
2019,China (bilateral),Mauritania,7.946927572413742
2019,China (bilateral),Mauritius,21.25357571268099
2019,China (bilateral),"Middle East, North Africa, Afghanistan & Pakistan (excluding high income)",8.727550982139356
2019,China (bilateral),Middle income,4.625244963464416
2019,China (bilateral),Mongolia,28.393994895181333
2019,China (bilateral),Montenegro,22.09440811415672
2019,China (bilateral),Morocco,1.3176220202073732
2019,China (bilateral),Mozambique,18.323664698574685
2019,China (bilateral),Myanmar,10.824601765730382
2019,China (bilateral),Nepal,3.6746493433892775
2019,China (bilateral),Nicaragua,0.3307464292682349
2019,China (bilateral),Niger,10.358971050638463
2019,China (bilateral),Nigeria,11.51262149327409
2019,China (bilateral),North Macedonia,12.754542522318596
2019,China (bilateral),Pakistan,25.94936657444089
2019,China (bilateral),Papua New Guinea,19.557894957694806
2019,China (bilateral),Philippines,0.5744575600467497
2019,China (bilateral),Rwanda,4.955729668608389
2019,China (bilateral),Samoa,38.426367154692734
2019,China (bilateral),Senegal,12.430970635306476
2019,China (bilateral),Serbia,7.940910495257968
2019,China (bilateral),Sierra Leone,3.5520142141121585
2019,China (bilateral),South Africa,2.252320017417715
2019,China (bilateral),South Asia,3.5071114342700747
2019,China (bilateral),Sri Lanka,14.52291342999516
2019,China (bilateral),Sub-Saharan Africa (excluding high income),13.341647462061417
2019,China (bilateral),Sudan,7.420590442289062
2019,China (bilateral),Suriname,22.83903529297988
2019,China (bilateral),Syrian Arab Republic,1.9130357375241533
2019,China (bilateral),Tajikistan,39.7162825763629
2019,China (bilateral),Tanzania,12.861873178762286
2019,China (bilateral),Togo,37.85628757014387
2019,China (bilateral),Tonga,57.23791131436491
2019,China (bilateral),Tunisia,0.2494676810762572
2019,China (bilateral),Turkiye,0.9172765253118036
2019,China (bilateral),Turkmenistan,25.00089421991413
2019,China (bilateral),Uganda,24.81426757299326
2019,China (bilateral),Ukraine,2.66270122477142
2019,China (bilateral),Upper middle income,2.1445067820668036
2019,China (bilateral),Uzbekistan,17.194052358179025
2019,China (bilateral),Vanuatu,40.40460285563891
2019,China (bilateral),Viet Nam,3.356377157253329
2019,China (bilateral),"Yemen, Rep.",2.4585345881748943
2019,China (bilateral),Zambia,26.130376548927885
2019,China (bilateral),Zimbabwe,32.28204778914137
2019,China (private),Africa (excluding high income),4.0669225050382805
2019,China (private),Angola,37.557320190842084
2019,China (private),Benin,0.0
2019,China (private),Cameroon,1.7142761493905148
2019,China (private),"Congo, Rep.",20.944350446854074
2019,China (private),Cote d'Ivoire,0.9531058165855056
2019,China (private),East Asia & Pacific (excluding high income),0.3160514034084637
2019,China (private),Ecuador,0.6848185216166256
2019,China (private),"Egypt, Arab Rep.",0.0
2019,China (private),Ethiopia,6.482169298195983
2019,China (private),Europe & Central Asia (excluding high income),0.31175176046690495
2019,China (private),Gabon,1.9357614086584927
2019,China (private),Ghana,1.5845798770923456
2019,China (private),Guinea,1.5446190279117038
2019,China (private),Honduras,3.823288135580679
2019,China (private),IDA only,2.3573555220786133
2019,China (private),IDA total,2.124858695399835
2019,China (private),Indonesia,0.007118442105112599
2019,China (private),Lao PDR,0.7874824646835169
2019,China (private),Latin America & Caribbean (excluding high income),0.07252222298741995
2019,China (private),Least developed countries: UN classification,7.990652517164134
2019,China (private),Low & lower middle income,2.688632357700783
2019,China (private),Low & middle income,1.0450667641021008
2019,China (private),Low income,1.665531854036562
2019,China (private),Lower middle income,2.810649191601056
2019,China (private),Maldives,14.124774644680873
2019,China (private),"Middle East, North Africa, Afghanistan & Pakistan (excluding high income)",0.43604439853762805
2019,China (private),Middle income,1.0197691799601336
2019,China (private),Myanmar,20.712485137492653
2019,China (private),North Macedonia,0.0
2019,China (private),Pakistan,1.7682391909840587
2019,China (private),Senegal,0.0
2019,China (private),South Asia,0.4592889970269807
2019,China (private),Sri Lanka,2.70365646730536
2019,China (private),Sub-Saharan Africa (excluding high income),5.498584510527381
2019,China (private),Suriname,2.7381155029999924
2019,China (private),Tanzania,1.702886887527032
2019,China (private),Turkiye,0.6930119627794944
2019,China (private),Upper middle income,0.08948709480251804
2019,China (private),Uzbekistan,0.5603677132752066
2019,China (private),Zambia,11.628069110413533
2020,China (bilateral),Africa (excluding high income),10.430697316515452
2020,China (bilateral),Albania,0.03794357022205424
2020,China (bilateral),Algeria,5.164660638535942
2020,China (bilateral),Angola,9.762599592513652
2020,China (bilateral),Argentina,2.589186260762906
2020,China (bilateral),Armenia,0.4093977315781457
2020,China (bilateral),Bangladesh,8.33780890298349
2020,China (bilateral),Belarus,23.56743983601084
2020,China (bilateral),Benin,7.161793626044523
2020,China (bilateral),Bolivia,9.029722965212764
2020,China (bilateral),Botswana,0.7053611297860427
2020,China (bilateral),Brazil,2.5769413928856437
2020,China (bilateral),Burkina Faso,2.1986698915566794
2020,China (bilateral),Burundi,8.489105332209732
2020,China (bilateral),Cabo Verde,1.5537480575484433
2020,China (bilateral),Cambodia,44.389457270121376
2020,China (bilateral),Cameroon,31.625404014446683
2020,China (bilateral),Central African Republic,9.665891125971198
2020,China (bilateral),Chad,11.179382791016081
2020,China (bilateral),Comoros,35.58032661036182
2020,China (bilateral),"Congo, Dem. Rep.",58.491298712491414
2020,China (bilateral),"Congo, Rep.",28.399064015874437
2020,China (bilateral),Cote d'Ivoire,14.70090262739986
2020,China (bilateral),Djibouti,56.99121112683633
2020,China (bilateral),Dominica,10.248620184005507
2020,China (bilateral),Dominican Republic,0.0037211653414004693
2020,China (bilateral),East Asia & Pacific (excluding high income),2.139984881925068
2020,China (bilateral),Ecuador,13.467201970891107
2020,China (bilateral),"Egypt, Arab Rep.",4.006690854993833
2020,China (bilateral),El Salvador,0.010187926988207382
2020,China (bilateral),Equatorial Guinea,93.77988767316815
2020,China (bilateral),Eritrea,3.167791365884994
2020,China (bilateral),Eswatini,32.37911847556758
2020,China (bilateral),Ethiopia,20.25242223000509
2020,China (bilateral),Europe & Central Asia (excluding high income),5.250069368759948
2020,China (bilateral),Fiji,23.115094418510704
2020,China (bilateral),Gabon,16.541221220340592
2020,China (bilateral),"Gambia, The",3.219580506268263
2020,China (bilateral),Georgia,0.01152302007063997
2020,China (bilateral),Ghana,6.478377995278484
2020,China (bilateral),Grenada,0.0
2020,China (bilateral),Guatemala,0.4867469959992078
2020,China (bilateral),Guinea,39.05223041975299
2020,China (bilateral),Guyana,19.36373531209765
2020,China (bilateral),Honduras,1.8143570002719003
2020,China (bilateral),IDA only,14.835654390644162
2020,China (bilateral),IDA total,17.20648172233953
2020,China (bilateral),Indonesia,0.7170397673182707
2020,China (bilateral),"Iran, Islamic Rep.",1.450090515650461
2020,China (bilateral),Iraq,3.860745944591948
2020,China (bilateral),Jamaica,6.3773892361855244
2020,China (bilateral),Jordan,0.2964629384146326
2020,China (bilateral),Kazakhstan,3.763477424545579
2020,China (bilateral),Kenya,21.642954091087198
2020,China (bilateral),Kyrgyz Republic,45.953744672581266
2020,China (bilateral),Lao PDR,45.24698659755324
2020,China (bilateral),Latin America & Caribbean (excluding high income),1.7660306193359396
2020,China (bilateral),Least developed countries: UN classification,14.862062625123334
2020,China (bilateral),Lebanon,0.02291735056094686
2020,China (bilateral),Lesotho,12.320244889884583
2020,China (bilateral),Liberia,6.077265828461489
2020,China (bilateral),Low & lower middle income,9.722383557801487
2020,China (bilateral),Low & middle income,4.825785338717215
2020,China (bilateral),Low income,14.975053368564797
2020,China (bilateral),Lower middle income,9.090611761293053
2020,China (bilateral),Madagascar,4.428308532040035
2020,China (bilateral),Malawi,10.396776058113694
2020,China (bilateral),Maldives,31.49640156549242
2020,China (bilateral),Mali,11.79618192819447
2020,China (bilateral),Mauritania,8.129338640589157
2020,China (bilateral),Mauritius,14.892711089662747
2020,China (bilateral),"Middle East, North Africa, Afghanistan & Pakistan (excluding high income)",8.515756525158496
2020,China (bilateral),Middle income,4.402909765473119
2020,China (bilateral),Mongolia,26.654766195390273
2020,China (bilateral),Montenegro,17.54312305451792
2020,China (bilateral),Morocco,1.0134356463869165
2020,China (bilateral),Mozambique,18.08547641516271
2020,China (bilateral),Myanmar,8.721416205888596
2020,China (bilateral),Nepal,3.4863721108814825
2020,China (bilateral),Nicaragua,0.3136800438367449
2020,China (bilateral),Niger,7.563125119786245
2020,China (bilateral),Nigeria,10.618453446118084
2020,China (bilateral),North Macedonia,10.272175394171144
2020,China (bilateral),Pakistan,25.897769283450444
2020,China (bilateral),Papua New Guinea,18.360981260050835
2020,China (bilateral),Philippines,0.4555639487142801
2020,China (bilateral),Rwanda,5.038528429616093
2020,China (bilateral),Samoa,39.132992684465506
2020,China (bilateral),Senegal,11.057144188034213
2020,China (bilateral),Serbia,6.878983371938126
2020,China (bilateral),Sierra Leone,4.634339947926233
2020,China (bilateral),South Africa,2.934401305959995
2020,China (bilateral),South Asia,3.699332511622112
2020,China (bilateral),Sri Lanka,14.15840129094621
2020,China (bilateral),Sub-Saharan Africa (excluding high income),13.018073207761805
2020,China (bilateral),Sudan,6.95148674661062
2020,China (bilateral),Suriname,23.30812581501464
2020,China (bilateral),Syrian Arab Republic,1.9819603973599806
2020,China (bilateral),Tajikistan,37.484413879504366
2020,China (bilateral),Tanzania,11.175556333178037
2020,China (bilateral),Togo,29.431537581823246
2020,China (bilateral),Tonga,58.14298354591877
2020,China (bilateral),Tunisia,0.2022038855606861
2020,China (bilateral),Turkiye,0.6246063095552191
2020,China (bilateral),Turkmenistan,11.933727015425829
2020,China (bilateral),Uganda,22.028401930070196
2020,China (bilateral),Ukraine,2.292556206753176
2020,China (bilateral),Upper middle income,1.9183112403777154
2020,China (bilateral),Uzbekistan,16.577495193753865
2020,China (bilateral),Vanuatu,40.11413903397922
2020,China (bilateral),Viet Nam,2.7566521754518036
2020,China (bilateral),"Yemen, Rep.",2.4978051681394238
2020,China (bilateral),Zambia,24.871092277497866
2020,China (bilateral),Zimbabwe,32.510442512781836
2020,China (private),Africa (excluding high income),3.7676705639414667
2020,China (private),Angola,36.807129619152654
2020,China (private),Benin,0.0
2020,China (private),Brazil,0.026106882981725227
2020,China (private),Cameroon,1.4884518830028983
2020,China (private),"Congo, Rep.",20.4156739778211
2020,China (private),Cote d'Ivoire,0.9421782271789249
2020,China (private),East Asia & Pacific (excluding high income),0.28446078779122147
2020,China (private),Ecuador,0.14026637267273082
2020,China (private),"Egypt, Arab Rep.",0.49972283884224494
2020,China (private),Ethiopia,5.321329654002455
2020,China (private),Europe & Central Asia (excluding high income),0.41135954328927277
2020,China (private),Gabon,1.8236742066231004
2020,China (private),Ghana,1.2135940907639629
2020,China (private),Guinea,6.165788987627547
2020,China (private),Honduras,3.0499341174570644
2020,China (private),IDA only,2.3223414414281884
2020,China (private),IDA total,2.117634407963755
2020,China (private),Indonesia,0.004108123594040488
2020,China (private),Lao PDR,0.6763727919354446
2020,China (private),Latin America & Caribbean (excluding high income),0.04775343105452661
2020,China (private),Least developed countries: UN classification,7.1777566048500985
2020,China (private),Low & lower middle income,2.570186936595199
2020,China (private),Low & middle income,1.0124774197226323
2020,China (private),Low income,1.2986610372913274
2020,China (private),Lower middle income,2.7231213929099907
2020,China (private),Maldives,14.265529549075959
2020,China (private),"Middle East, North Africa, Afghanistan & Pakistan (excluding high income)",0.6613555180640432
2020,China (private),Middle income,1.0005534010666537
2020,China (private),Myanmar,18.299663567247745
2020,China (private),Pakistan,2.0711556266704374
2020,China (private),Senegal,0.0
2020,China (private),South Asia,0.6392377230177371
2020,China (private),Sri Lanka,3.9926871886370705
2020,China (private),Sub-Saharan Africa (excluding high income),5.050313392115505
2020,China (private),Suriname,2.642836172521968
2020,China (private),Tanzania,1.4845872630365706
2020,China (private),Turkiye,0.7606963323597785
2020,China (private),Upper middle income,0.08754956769010293
2020,China (private),Uzbekistan,1.6235730181224162
2020,China (private),Zambia,12.29272649492153
2021,China (bilateral),Africa (excluding high income),10.23261641960804
2021,China (bilateral),Albania,0.03503669249065478
2021,China (bilateral),Algeria,5.746909200305321
2021,China (bilateral),Angola,9.795708244399561
2021,China (bilateral),Argentina,2.446599478557821
2021,China (bilateral),Armenia,0.35157831517150273
2021,China (bilateral),Bangladesh,8.420139948758731
2021,China (bilateral),Belarus,21.340709226028288
2021,China (bilateral),Benin,5.843393302169974
2021,China (bilateral),Bolivia,10.272425296249915
2021,China (bilateral),Botswana,0.2571436836337858
2021,China (bilateral),Brazil,2.1494412924232207
2021,China (bilateral),Burkina Faso,2.788460588940448
2021,China (bilateral),Burundi,8.054744976099665
2021,China (bilateral),Cabo Verde,1.6572265171742673
2021,China (bilateral),Cambodia,42.750192195784486
2021,China (bilateral),Cameroon,28.88030328974019
2021,China (bilateral),Central African Republic,5.072519227897925
2021,China (bilateral),Chad,11.973578519628171
2021,China (bilateral),Comoros,38.35911403416123
2021,China (bilateral),"Congo, Dem. Rep.",57.81926785520594
2021,China (bilateral),"Congo, Rep.",29.595050466354483
2021,China (bilateral),Cote d'Ivoire,13.653645959324832
2021,China (bilateral),Djibouti,55.53080069941163
2021,China (bilateral),Dominica,9.514417338577434
2021,China (bilateral),Dominican Republic,0.0027963632808651355
2021,China (bilateral),East Asia & Pacific (excluding high income),1.8164001949969042
2021,China (bilateral),Ecuador,12.698780641506142
2021,China (bilateral),"Egypt, Arab Rep.",3.457373331090268
2021,China (bilateral),El Salvador,0.004325252144682764
2021,China (bilateral),Equatorial Guinea,93.6760072224548
2021,China (bilateral),Eritrea,2.7623794659084844
2021,China (bilateral),Eswatini,29.96329591942419
2021,China (bilateral),Ethiopia,19.941742036503808
2021,China (bilateral),Europe & Central Asia (excluding high income),5.136793003506084
2021,China (bilateral),Fiji,17.998363910153472
2021,China (bilateral),Gabon,15.917291364906868
2021,China (bilateral),"Gambia, The",3.2426212616430563
2021,China (bilateral),Georgia,0.005185404855650372
2021,China (bilateral),Ghana,5.987393130008495
2021,China (bilateral),Grenada,3.165461732453206
2021,China (bilateral),Guatemala,0.45198883856180483
2021,China (bilateral),Guinea,36.3950892664557
2021,China (bilateral),Guyana,17.920131335419743
2021,China (bilateral),Honduras,1.7648423216014413
2021,China (bilateral),IDA only,14.754591186661289
2021,China (bilateral),IDA total,16.961743734901106
2021,China (bilateral),Indonesia,0.7008329726141757
2021,China (bilateral),"Iran, Islamic Rep.",1.8272065319151203
2021,China (bilateral),Iraq,3.701594958658606
2021,China (bilateral),Jamaica,6.635466060978131
2021,China (bilateral),Jordan,0.2762609338171261
2021,China (bilateral),Kazakhstan,4.216989745513027
2021,China (bilateral),Kenya,20.915447718176924
2021,China (bilateral),Kyrgyz Republic,45.41670972483449
2021,China (bilateral),Lao PDR,48.48224757530477
2021,China (bilateral),Latin America & Caribbean (excluding high income),1.6415951896440109
2021,China (bilateral),Least developed countries: UN classification,14.60759879140888
2021,China (bilateral),Lebanon,0.023569043867917784
2021,China (bilateral),Lesotho,14.975859642110924
2021,China (bilateral),Liberia,5.798476724763531
2021,China (bilateral),Low & lower middle income,9.665756055370194
2021,China (bilateral),Low & middle income,4.616675402293667
2021,China (bilateral),Low income,14.81083353500742
2021,China (bilateral),Lower middle income,9.079182465789934
2021,China (bilateral),Madagascar,4.961149252380784
2021,China (bilateral),Malawi,10.061544236500568
2021,China (bilateral),Maldives,31.707343236030948
2021,China (bilateral),Mali,11.36867541058902
2021,China (bilateral),Mauritania,8.798914063946222
2021,China (bilateral),Mauritius,8.919341419769196
2021,China (bilateral),"Middle East, North Africa, Afghanistan & Pakistan (excluding high income)",8.63634566478081
2021,China (bilateral),Middle income,4.221218512724744
2021,China (bilateral),Mongolia,26.906336007071943
2021,China (bilateral),Montenegro,20.19832132462274
2021,China (bilateral),Morocco,0.9569045986471387
2021,China (bilateral),Mozambique,17.943530788264766
2021,China (bilateral),Myanmar,8.4971032350308
2021,China (bilateral),Nepal,3.7087674696131403
2021,China (bilateral),Nicaragua,0.29252116297512293
2021,China (bilateral),Niger,6.812121588041763
2021,China (bilateral),Nigeria,10.05442751455234
2021,China (bilateral),North Macedonia,10.0334104789574
2021,China (bilateral),Pakistan,25.518896351895794
2021,China (bilateral),Papua New Guinea,18.28177368442379
2021,China (bilateral),Philippines,0.4280012993066581
2021,China (bilateral),Rwanda,5.7556092703263175
2021,China (bilateral),Samoa,42.281038811674996
2021,China (bilateral),Senegal,11.465543381823991
2021,China (bilateral),Serbia,8.270157429827453
2021,China (bilateral),Sierra Leone,5.499216758263548
2021,China (bilateral),South Africa,3.47052102970556
2021,China (bilateral),South Asia,4.085462849506376
2021,China (bilateral),Sri Lanka,17.003575680632824
2021,China (bilateral),Sub-Saharan Africa (excluding high income),12.83560882548042
2021,China (bilateral),Sudan,7.128446783971417
2021,China (bilateral),Suriname,24.029785400180888
2021,China (bilateral),Syrian Arab Republic,2.0997351692084885
2021,China (bilateral),Tajikistan,35.3256079139766
2021,China (bilateral),Tanzania,9.630782333589226
2021,China (bilateral),Togo,28.01795872100398
2021,China (bilateral),Tonga,60.431756092936496
2021,China (bilateral),Tunisia,0.201329188289996
2021,China (bilateral),Turkiye,0.7055669272760692
2021,China (bilateral),Turkmenistan,3.3885590910991494
2021,China (bilateral),Uganda,20.366660034707603
2021,China (bilateral),Ukraine,2.003665445759285
2021,China (bilateral),Upper middle income,1.7156752072139176
2021,China (bilateral),Uzbekistan,15.795984491230694
2021,China (bilateral),Vanuatu,42.189220664658976
2021,China (bilateral),Viet Nam,2.391560481636388
2021,China (bilateral),"Yemen, Rep.",2.5827628753517153
2021,China (bilateral),Zambia,24.786170569034063
2021,China (bilateral),Zimbabwe,35.46560493211836
2021,China (private),Africa (excluding high income),3.664450650128475
2021,China (private),Angola,37.29074128406343
2021,China (private),Benin,0.20052116998031833
2021,China (private),Brazil,0.026171938993396805
2021,China (private),Cameroon,1.1662982143501057
2021,China (private),"Congo, Rep.",20.275997725956977
2021,China (private),Cote d'Ivoire,0.9201144003363708
2021,China (private),East Asia & Pacific (excluding high income),0.21090758994840023
2021,China (private),Ecuador,0.0
2021,China (private),"Egypt, Arab Rep.",0.7856848747916918
2021,China (private),Ethiopia,4.6541700849595715
2021,China (private),Europe & Central Asia (excluding high income),0.44079992348976543
2021,China (private),Gabon,1.8814312546737002
2021,China (private),Ghana,1.0008231220057429
2021,China (private),Guinea,7.325631636634032
2021,China (private),Honduras,2.6351352545133864
2021,China (private),IDA only,2.2559407040847126
2021,China (private),IDA total,1.916980332497464
2021,China (private),Indonesia,0.0015360765235586688
2021,China (private),Lao PDR,0.6944587199809785
2021,China (private),Latin America & Caribbean (excluding high income),0.03750012309732696
2021,China (private),Least developed countries: UN classification,6.780234567343177
2021,China (private),Low & lower middle income,2.442269854531993
2021,China (private),Low & middle income,0.9451761922447497
2021,China (private),Low income,1.1049869993152623
2021,China (private),Lower middle income,2.5947291338670686
2021,China (private),Maldives,12.348218549319483
2021,China (private),"Middle East, North Africa, Afghanistan & Pakistan (excluding high income)",0.6000473102202154
2021,China (private),Middle income,0.9389767313514764
2021,China (private),Myanmar,17.168217126101954
2021,China (private),Pakistan,1.364215000547514
2021,China (private),Senegal,0.0
2021,China (private),South Asia,0.8148225581432419
2021,China (private),Sri Lanka,5.7755043720193076
2021,China (private),Sub-Saharan Africa (excluding high income),4.836083331721473
2021,China (private),Suriname,2.6794984391714523
2021,China (private),Tanzania,1.0379824047173587
2021,China (private),Turkiye,0.8838778187229311
2021,China (private),Upper middle income,0.0850059345758384
2021,China (private),Uzbekistan,1.3099591487857445
2021,China (private),Zambia,12.187633616407982
2022,China (bilateral),Africa (excluding high income),9.875140019125933
2022,China (bilateral),Albania,0.03823529026676042
2022,China (bilateral),Algeria,6.279548026039787
2022,China (bilateral),Angola,8.38888462721991
2022,China (bilateral),Argentina,3.706066574779944
2022,China (bilateral),Armenia,0.29339475185944935
2022,China (bilateral),Bangladesh,8.96231704292089
2022,China (bilateral),Belarus,20.404421872013632
2022,China (bilateral),Benin,4.91633276773477
2022,China (bilateral),Bolivia,10.89902778532572
2022,China (bilateral),Bosnia and Herzegovina,0.0
2022,China (bilateral),Botswana,0.0
2022,China (bilateral),Brazil,1.7511836404653
2022,China (bilateral),Burkina Faso,2.7058303970841684
2022,China (bilateral),Burundi,7.61456350795533
2022,China (bilateral),Cabo Verde,1.4527959112419062
2022,China (bilateral),Cambodia,39.814091883414676
2022,China (bilateral),Cameroon,30.969834915115303
2022,China (bilateral),Central African Republic,4.505544738470654
2022,China (bilateral),Chad,12.296225999236212
2022,China (bilateral),Comoros,34.06418488315573
2022,China (bilateral),"Congo, Dem. Rep.",52.89503014808198
2022,China (bilateral),"Congo, Rep.",30.43835986298562
2022,China (bilateral),Cote d'Ivoire,13.332611333620891
2022,China (bilateral),Djibouti,55.27674202229792
2022,China (bilateral),Dominica,7.219797061123963
2022,China (bilateral),Dominican Republic,0.001988223994062507
2022,China (bilateral),East Asia & Pacific (excluding high income),1.8306911388247158
2022,China (bilateral),Ecuador,10.254060730293327
2022,China (bilateral),"Egypt, Arab Rep.",3.2375618097082954
2022,China (bilateral),El Salvador,0.002470332844864898
2022,China (bilateral),Equatorial Guinea,93.57947832389374
2022,China (bilateral),Eritrea,1.9819732197840436
2022,China (bilateral),Eswatini,24.066913590398222
2022,China (bilateral),Ethiopia,19.451250893911816
2022,China (bilateral),Europe & Central Asia (excluding high income),4.89905637714245
2022,China (bilateral),Fiji,11.085809779605038
2022,China (bilateral),Gabon,14.568887055379832
2022,China (bilateral),"Gambia, The",2.8103396267359
2022,China (bilateral),Georgia,0.0
2022,China (bilateral),Ghana,5.8623396066577556
2022,China (bilateral),Grenada,3.4419437120890946
2022,China (bilateral),Guatemala,0.43119814734863593
2022,China (bilateral),Guinea,33.96346358811461
2022,China (bilateral),Guyana,13.39452925975397
2022,China (bilateral),Honduras,1.6254606234808413
2022,China (bilateral),IDA only,14.128958211962248
2022,China (bilateral),IDA total,16.22669896517854
2022,China (bilateral),Indonesia,0.6490934572326609
2022,China (bilateral),"Iran, Islamic Rep.",1.5308365951260807
2022,China (bilateral),Iraq,3.599813379757686
2022,China (bilateral),Jamaica,7.000651511600555
2022,China (bilateral),Jordan,0.2532185540031111
2022,China (bilateral),Kazakhstan,4.825359312083929
2022,China (bilateral),Kenya,19.082064251596833
2022,China (bilateral),Kyrgyz Republic,44.21383459515007
2022,China (bilateral),Lao PDR,50.68669887909611
2022,China (bilateral),Latin America & Caribbean (excluding high income),1.6019585674368524
2022,China (bilateral),Least developed countries: UN classification,13.950060092108767
2022,China (bilateral),Lebanon,0.02143378287381317
2022,China (bilateral),Lesotho,16.79727584753053
2022,China (bilateral),Liberia,4.8490514871517965
2022,China (bilateral),Low & lower middle income,9.313857972495555
2022,China (bilateral),Low & middle income,4.509492762575583
2022,China (bilateral),Low income,13.986333550814319
2022,China (bilateral),Lower middle income,8.794879958718022
2022,China (bilateral),Madagascar,7.935750507309652
2022,China (bilateral),Malawi,8.952938696659732
2022,China (bilateral),Maldives,29.851641900057825
2022,China (bilateral),Mali,10.032229212005138
2022,China (bilateral),Mauritania,8.603346638622606
2022,China (bilateral),Mauritius,6.085441463733141
2022,China (bilateral),"Middle East, North Africa, Afghanistan & Pakistan (excluding high income)",8.295861868811096
2022,China (bilateral),Middle income,4.145640381513551
2022,China (bilateral),Mongolia,30.781621148158074
2022,China (bilateral),Montenegro,21.926257494641863
2022,China (bilateral),Morocco,0.8866148295707652
2022,China (bilateral),Mozambique,16.348010455106365
2022,China (bilateral),Myanmar,7.4857020993901795
2022,China (bilateral),Nepal,3.2813233094525636
2022,China (bilateral),Nicaragua,0.26719598885008544
2022,China (bilateral),Niger,4.881002196702158
2022,China (bilateral),Nigeria,10.734349055159647
2022,China (bilateral),North Macedonia,10.158036658354483
2022,China (bilateral),Pakistan,24.94229986126483
2022,China (bilateral),Papua New Guinea,17.37472393567731
2022,China (bilateral),Philippines,0.40319811860606963
2022,China (bilateral),Rwanda,5.411383951179156
2022,China (bilateral),Samoa,39.87021664340623
2022,China (bilateral),Senegal,11.646770011812382
2022,China (bilateral),Serbia,10.442837314077732
2022,China (bilateral),Sierra Leone,5.141192671212933
2022,China (bilateral),South Africa,3.757941067747929
2022,China (bilateral),South Asia,4.090423257312443
2022,China (bilateral),Sri Lanka,15.792210029960316
2022,China (bilateral),Sub-Saharan Africa (excluding high income),12.345307180423452
2022,China (bilateral),Sudan,6.823198445153119
2022,China (bilateral),Suriname,20.818908390872338
2022,China (bilateral),Syrian Arab Republic,1.98818474252075
2022,China (bilateral),Tajikistan,32.12457780658825
2022,China (bilateral),Tanzania,8.024090955876094
2022,China (bilateral),Togo,23.940873203545948
2022,China (bilateral),Tonga,58.93584342610337
2022,China (bilateral),Tunisia,0.19064385667540482
2022,China (bilateral),Turkiye,0.6636055115707192
2022,China (bilateral),Turkmenistan,2.8980899697059708
2022,China (bilateral),Uganda,21.137310609542336
2022,China (bilateral),Ukraine,1.3394556599383243
2022,China (bilateral),Upper middle income,1.689553253312979
2022,China (bilateral),Uzbekistan,13.95207287702338
2022,China (bilateral),Vanuatu,44.171780035427545
2022,China (bilateral),Viet Nam,2.0787541672046452
2022,China (bilateral),"Yemen, Rep.",2.5805770634225933
2022,China (bilateral),Zambia,23.467874572195488
2022,China (bilateral),Zimbabwe,39.096994642920556
2022,China (private),Africa (excluding high income),3.653665988844652
2022,China (private),Angola,35.06273007152804
2022,China (private),Benin,0.28164628392071045
2022,China (private),Brazil,0.02665336790994675
2022,China (private),Cameroon,1.004754800040458
2022,China (private),"Congo, Rep.",20.922412200236923
2022,China (private),Cote d'Ivoire,1.4912525471117803
2022,China (private),East Asia & Pacific (excluding high income),0.18173330733490317
2022,China (private),"Egypt, Arab Rep.",1.493543271357567
2022,China (private),Ethiopia,4.03834284854972
2022,China (private),Europe & Central Asia (excluding high income),0.30005256223819826
2022,China (private),Gabon,1.6507989367593967
2022,China (private),Ghana,0.9283111021478193
2022,China (private),Guinea,10.185647123737922
2022,China (private),Honduras,2.473584924224019
2022,China (private),IDA only,2.058429936890613
2022,China (private),IDA total,1.7048645093366015
2022,China (private),Indonesia,0.0
2022,China (private),Lao PDR,0.6735600268683889
2022,China (private),Latin America & Caribbean (excluding high income),0.03684698609957852
2022,China (private),Least developed countries: UN classification,6.34362041040412
2022,China (private),Low & lower middle income,2.3546454420705016
2022,China (private),Low & middle income,0.9111515499694043
2022,China (private),Low income,0.9377778860246909
2022,China (private),Lower middle income,2.512018786820452
2022,China (private),Maldives,11.341409286098106
2022,China (private),"Middle East, North Africa, Afghanistan & Pakistan (excluding high income)",0.6990473509819249
2022,China (private),Middle income,0.9101292624804451
2022,China (private),Myanmar,16.00358486658944
2022,China (private),Pakistan,0.8780243901100732
2022,China (private),Senegal,0.06530358271836023
2022,China (private),South Asia,0.7816983704876467
2022,China (private),Sri Lanka,5.704040204635516
2022,China (private),Sub-Saharan Africa (excluding high income),4.637615841471021
2022,China (private),Suriname,2.4644666250728253
2022,China (private),Tanzania,0.7111564827970925
2022,China (private),Turkiye,0.5800755808222038
2022,China (private),Upper middle income,0.06388759732269478
2022,China (private),Uzbekistan,1.0253474196509038
2022,China (private),Zambia,11.489503003366197
2023,China (bilateral),Africa (excluding high income),9.271951247712364
2023,China (bilateral),Albania,0.03345665875147053
2023,China (bilateral),Algeria,6.768438301171442
2023,China (bilateral),Angola,7.15141078790527
2023,China (bilateral),Argentina,6.838009452462543
2023,China (bilateral),Armenia,0.2672972279164236
2023,China (bilateral),Bangladesh,9.086611083751125
2023,China (bilateral),Belarus,20.119789118676366
2023,China (bilateral),Benin,3.655619084712609
2023,China (bilateral),Bolivia,10.31550002845655
2023,China (bilateral),Bosnia and Herzegovina,0.0
2023,China (bilateral),Botswana,0.0
2023,China (bilateral),Brazil,1.570471789694728
2023,China (bilateral),Burkina Faso,2.2176426934658147
2023,China (bilateral),Burundi,6.988133479545872
2023,China (bilateral),Cabo Verde,1.2696311683163146
2023,China (bilateral),Cambodia,36.584853380379606
2023,China (bilateral),Cameroon,28.534713304072735
2023,China (bilateral),Central African Republic,4.297511977707004
2023,China (bilateral),Chad,10.362954402281892
2023,China (bilateral),Comoros,31.06328805520004
2023,China (bilateral),"Congo, Dem. Rep.",47.46581453592472
2023,China (bilateral),"Congo, Rep.",30.178267346086233
2023,China (bilateral),Cote d'Ivoire,13.069823591291714
2023,China (bilateral),Djibouti,51.91296098298799
2023,China (bilateral),Dominica,5.682508956734361
2023,China (bilateral),Dominican Republic,0.0013216720182125093
2023,China (bilateral),East Asia & Pacific (excluding high income),1.831060493739877
2023,China (bilateral),Ecuador,8.53058364430078
2023,China (bilateral),"Egypt, Arab Rep.",3.439581450391438
2023,China (bilateral),El Salvador,0.0007905125853946512
2023,China (bilateral),Equatorial Guinea,92.88308864624082
2023,China (bilateral),Eritrea,1.2488723871887273
2023,China (bilateral),Eswatini,22.84692423025224
2023,China (bilateral),Ethiopia,17.208641314465122
2023,China (bilateral),Europe & Central Asia (excluding high income),4.3688052159235395
2023,China (bilateral),Fiji,9.393253569516546
2023,China (bilateral),Gabon,13.618330371742864
2023,China (bilateral),"Gambia, The",2.4935856495288746
2023,China (bilateral),Ghana,5.618078951890963
2023,China (bilateral),Grenada,6.7405815177568495
2023,China (bilateral),Guatemala,0.3664270236159988
2023,China (bilateral),Guinea,30.57761943215438
2023,China (bilateral),Guyana,15.594399840479518
2023,China (bilateral),Honduras,1.593530533375612
2023,China (bilateral),IDA only,13.091916099559521
2023,China (bilateral),IDA total,15.188923660868362
2023,China (bilateral),Indonesia,0.61807301113394
2023,China (bilateral),"Iran, Islamic Rep.",1.56461550168023
2023,China (bilateral),Iraq,3.367798301093778
2023,China (bilateral),Jamaica,7.179191420504592
2023,China (bilateral),Jordan,0.2641524458435666
2023,China (bilateral),Kazakhstan,5.374399397533563
2023,China (bilateral),Kenya,16.744099258465276
2023,China (bilateral),Kyrgyz Republic,40.74644520996331
2023,China (bilateral),Lao PDR,50.9718687540202
2023,China (bilateral),Latin America & Caribbean (excluding high income),1.8371766843140858
2023,China (bilateral),Least developed countries: UN classification,12.909760001846415
2023,China (bilateral),Lebanon,0.02085121591260035
2023,China (bilateral),Lesotho,18.309904617351943
2023,China (bilateral),Liberia,4.097931387257886
2023,China (bilateral),Low & lower middle income,8.749293250461053
2023,China (bilateral),Low & middle income,4.427635098382736
2023,China (bilateral),Low income,12.749807526467869
2023,China (bilateral),Lower middle income,8.303170242833568
2023,China (bilateral),Madagascar,7.370712888527221
2023,China (bilateral),Malawi,7.154845917929093
2023,China (bilateral),Maldives,23.95683042303861
2023,China (bilateral),Mali,8.753256042385718
2023,China (bilateral),Mauritania,8.209277692305065
2023,China (bilateral),Mauritius,4.391152430672887
2023,China (bilateral),"Middle East, North Africa, Afghanistan & Pakistan (excluding high income)",8.053635809516221
2023,China (bilateral),Middle income,4.0965619322420475
2023,China (bilateral),Mongolia,28.209036553323457
2023,China (bilateral),Montenegro,19.921476160593844
2023,China (bilateral),Morocco,0.723711368926493
2023,China (bilateral),Mozambique,16.194857121617105
2023,China (bilateral),Myanmar,6.180538105750147
2023,China (bilateral),Nepal,3.040990572033254
2023,China (bilateral),Nicaragua,0.25096932079915474
2023,China (bilateral),Niger,4.133829516321587
2023,China (bilateral),Nigeria,11.727856269678758
2023,China (bilateral),North Macedonia,9.638399927885015
2023,China (bilateral),Pakistan,24.301704922387138
2023,China (bilateral),Papua New Guinea,16.354213776894934
2023,China (bilateral),Philippines,0.4898076832925692
2023,China (bilateral),Rwanda,4.764465647832559
2023,China (bilateral),Samoa,37.31834244968046
2023,China (bilateral),Senegal,9.96992016151623
2023,China (bilateral),Serbia,10.795248389993827
2023,China (bilateral),Sierra Leone,4.680845072312214
2023,China (bilateral),Solomon Islands,7.368701157017283
2023,China (bilateral),South Africa,3.9423921154467
2023,China (bilateral),South Asia,4.00393311342846
2023,China (bilateral),Sri Lanka,14.560781774241894
2023,China (bilateral),St. Vincent and the Grenadines,1.7262882814369829
2023,China (bilateral),Sub-Saharan Africa (excluding high income),11.53659898722521
2023,China (bilateral),Sudan,6.400310522191482
2023,China (bilateral),Suriname,18.74311899205694
2023,China (bilateral),Syrian Arab Republic,1.9423487771462542
2023,China (bilateral),Tajikistan,29.339866279246674
2023,China (bilateral),Tanzania,6.508883978994558
2023,China (bilateral),Togo,18.550096799313447
2023,China (bilateral),Tonga,55.41063640715063
2023,China (bilateral),Tunisia,0.16819419889991175
2023,China (bilateral),Turkiye,0.4892526958465477
2023,China (bilateral),Turkmenistan,2.783836778211145
2023,China (bilateral),Uganda,18.29681597062762
2023,China (bilateral),Ukraine,0.919381558002506
2023,China (bilateral),Upper middle income,1.7636832398395648
2023,China (bilateral),Uzbekistan,12.749763026090701
2023,China (bilateral),Vanuatu,43.080958278846936
2023,China (bilateral),Viet Nam,1.6435974368815809
2023,China (bilateral),"Yemen, Rep.",2.594561178679241
2023,China (bilateral),Zambia,23.353130878595866
2023,China (bilateral),Zimbabwe,36.36144836338678
2023,China (private),Africa (excluding high income),3.2594352961041495
2023,China (private),Angola,32.14487986004079
2023,China (private),Benin,0.24967387270125946
2023,China (private),Brazil,0.02655877192612411
2023,China (private),Cameroon,0.7755561963282719
2023,China (private),"Congo, Rep.",23.181933583059113
2023,China (private),Cote d'Ivoire,1.4326575180858672
2023,China (private),East Asia & Pacific (excluding high income),0.1707451082411171
2023,China (private),"Egypt, Arab Rep.",1.9826634602563313
2023,China (private),Ethiopia,3.425810809522561
2023,China (private),Europe & Central Asia (excluding high income),0.146025575154046
2023,China (private),Gabon,1.327909750294208
2023,China (private),Ghana,0.8734417722988517
2023,China (private),Guinea,14.479765766875172
2023,China (private),Honduras,2.13687340691221
2023,China (private),IDA only,1.8743549736366207
2023,China (private),IDA total,1.4538184014076387
2023,China (private),Lao PDR,0.6782797150657356
2023,China (private),Latin America & Caribbean (excluding high income),0.03199913748011179
2023,China (private),Least developed countries: UN classification,5.3309764079628374
2023,China (private),Low & lower middle income,2.030379012728521
2023,China (private),Low & middle income,0.7983347358946552
2023,China (private),Low income,0.8231320837737459
2023,China (private),Lower middle income,2.1650068614839917
2023,China (private),Maldives,9.036067515116997
2023,China (private),"Middle East, North Africa, Afghanistan & Pakistan (excluding high income)",0.6384168435236673
2023,China (private),Middle income,0.7973482463037261
2023,China (private),Myanmar,15.008512100306937
2023,China (private),Pakistan,0.0
2023,China (private),Senegal,0.08672868127179985
2023,China (private),South Asia,0.7228045551744249
2023,China (private),Sri Lanka,5.288636867909598
2023,China (private),Sub-Saharan Africa (excluding high income),4.008457527889437
2023,China (private),Suriname,2.2728785917742877
2023,China (private),Tanzania,0.43403603593104084
2023,China (private),Turkiye,0.22911273600275422
2023,China (private),Upper middle income,0.038879331144359104
2023,China (private),Uzbekistan,0.7881041374993971
2023,China (private),Zambia,11.606690229690768
2024,China (bilateral),Africa (excluding high income),8.779547768082491
2024,China (bilateral),Albania,0.036562284391127874
2024,China (bilateral),Algeria,7.53185048315315
2024,China (bilateral),Angola,5.630082343023744
2024,China (bilateral),Argentina,4.736013667713165
2024,China (bilateral),Armenia,0.2360835814179977
2024,China (bilateral),Bangladesh,8.545353122003183
2024,China (bilateral),Belarus,16.88966124648893
2024,China (bilateral),Benin,3.2941651482873775
2024,China (bilateral),Bolivia,9.588711338138337
2024,China (bilateral),Bosnia and Herzegovina,0.608504756400344
2024,China (bilateral),Brazil,1.3349741828327713
2024,China (bilateral),Burkina Faso,1.930075497985426
2024,China (bilateral),Burundi,6.1944263798778225
2024,China (bilateral),Cabo Verde,1.1218341112792285
2024,China (bilateral),Cambodia,34.13060770774244
2024,China (bilateral),Cameroon,25.856138406441314
2024,China (bilateral),Central African Republic,4.371276197997327
2024,China (bilateral),Chad,8.522506579979796
2024,China (bilateral),Comoros,27.736432687658233
2024,China (bilateral),"Congo, Dem. Rep.",44.423813542090095
2024,China (bilateral),"Congo, Rep.",29.85669673258326
2024,China (bilateral),Cote d'Ivoire,12.06997907685751
2024,China (bilateral),Djibouti,50.54259748598687
2024,China (bilateral),Dominica,5.025657249338085
2024,China (bilateral),Dominican Republic,0.0007592925308212715
2024,China (bilateral),East Asia & Pacific (excluding high income),1.6563763547328945
2024,China (bilateral),Ecuador,6.654641140821623
2024,China (bilateral),"Egypt, Arab Rep.",3.3507853608001223
2024,China (bilateral),El Salvador,0.0
2024,China (bilateral),Equatorial Guinea,92.58764606821816
2024,China (bilateral),Eritrea,0.5856086312266335
2024,China (bilateral),Eswatini,24.56778655513962
2024,China (bilateral),Ethiopia,17.794135734356882
2024,China (bilateral),Europe & Central Asia (excluding high income),3.900412644557356
2024,China (bilateral),Fiji,7.261826260590754
2024,China (bilateral),Gabon,14.45275164509887
2024,China (bilateral),"Gambia, The",2.374516813606366
2024,China (bilateral),Ghana,6.274976382087796
2024,China (bilateral),Grenada,7.43844878722839
2024,China (bilateral),Guatemala,0.3225355330905045
2024,China (bilateral),Guinea,27.884528958767817
2024,China (bilateral),Guyana,22.533519402830617
2024,China (bilateral),Honduras,1.406167591741046
2024,China (bilateral),IDA only,13.384987318100444
2024,China (bilateral),IDA total,14.886658254049228
2024,China (bilateral),Indonesia,0.5893271586642846
2024,China (bilateral),"Iran, Islamic Rep.",1.8773491182883337
2024,China (bilateral),Iraq,3.1772328000236914
2024,China (bilateral),Jamaica,6.697093522762952
2024,China (bilateral),Jordan,0.23815036457689792
2024,China (bilateral),Kazakhstan,5.570676955854288
2024,China (bilateral),Kenya,15.083747871985711
2024,China (bilateral),Kyrgyz Republic,39.21875520140093
2024,China (bilateral),Lao PDR,52.26957367900972
2024,China (bilateral),Latin America & Caribbean (excluding high income),1.4299070362044484
2024,China (bilateral),Least developed countries: UN classification,12.272905083191723
2024,China (bilateral),Lebanon,0.02030958556908807
2024,China (bilateral),Lesotho,17.87099496952721
2024,China (bilateral),Liberia,3.521685059937866
2024,China (bilateral),Low & lower middle income,8.45475294112004
2024,China (bilateral),Low & middle income,4.145169132426498
2024,China (bilateral),Low income,12.690037763602602
2024,China (bilateral),Lower middle income,7.988690608996678
2024,China (bilateral),Madagascar,6.661707342814808
2024,China (bilateral),Malawi,6.772440215554824
2024,China (bilateral),Maldives,17.88854420794284
2024,China (bilateral),Mali,8.899421846882923
2024,China (bilateral),Mauritania,7.290227132726759
2024,China (bilateral),Mauritius,3.6986586730115927
2024,China (bilateral),"Middle East, North Africa, Afghanistan & Pakistan (excluding high income)",8.172429659345399
2024,China (bilateral),Middle income,3.809575552597358
2024,China (bilateral),Mongolia,21.504493742945165
2024,China (bilateral),Montenegro,15.891963898182786
2024,China (bilateral),Morocco,0.6277202866257255
2024,China (bilateral),Mozambique,15.626363932386129
2024,China (bilateral),Myanmar,5.0975288546365105
2024,China (bilateral),Nepal,2.7853786442909296
2024,China (bilateral),Nicaragua,0.24425894540161652
2024,China (bilateral),Niger,3.6317812386935557
2024,China (bilateral),Nigeria,10.598195373653825
2024,China (bilateral),North Macedonia,8.579947698068258
2024,China (bilateral),Pakistan,24.99555308806422
2024,China (bilateral),Papua New Guinea,15.252630701137777
2024,China (bilateral),Philippines,0.42059685548267606
2024,China (bilateral),Rwanda,4.3308578847075365
2024,China (bilateral),Samoa,35.18491522856335
2024,China (bilateral),Senegal,8.758764998760569
2024,China (bilateral),Serbia,11.465412775361115
2024,China (bilateral),Sierra Leone,4.403922447451181
2024,China (bilateral),Solomon Islands,6.3154511431559035
2024,China (bilateral),South Africa,3.4049793200475222
2024,China (bilateral),South Asia,4.377300445894823
2024,China (bilateral),Sri Lanka,21.970018733050665
2024,China (bilateral),St. Vincent and the Grenadines,6.516178571171668
2024,China (bilateral),Sub-Saharan Africa (excluding high income),10.695914523195803
2024,China (bilateral),Sudan,6.1580826305731735
2024,China (bilateral),Suriname,17.50836689891608
2024,China (bilateral),Syrian Arab Republic,1.95219232652221
2024,China (bilateral),Tajikistan,27.536703344053866
2024,China (bilateral),Tanzania,5.624407724384238
2024,China (bilateral),Togo,13.610768955504218
2024,China (bilateral),Tonga,50.8367596433449
2024,China (bilateral),Tunisia,0.14960545007561968
2024,China (bilateral),Turkiye,0.6048319299734257
2024,China (bilateral),Turkmenistan,2.6429946869762913
2024,China (bilateral),Uganda,18.20961751834896
2024,China (bilateral),Ukraine,0.7843670208152929
2024,China (bilateral),Upper middle income,1.490297226715053
2024,China (bilateral),Uzbekistan,9.44294104043927
2024,China (bilateral),Vanuatu,44.6495831008335
2024,China (bilateral),Viet Nam,1.3096456642219256
2024,China (bilateral),"Yemen, Rep.",2.641933512144152
2024,China (bilateral),Zambia,23.078298339620414
2024,China (bilateral),Zimbabwe,37.768862868778236
2024,China (private),Africa (excluding high income),2.8342166293755127
2024,China (private),Angola,25.60386523665811
2024,China (private),Benin,0.8044951664240115
2024,China (private),Brazil,0.026101875522254833
2024,China (private),Cameroon,0.5504636577236098
2024,China (private),"Congo, Rep.",25.88308881705636
2024,China (private),Cote d'Ivoire,1.0818898718968213
2024,China (private),East Asia & Pacific (excluding high income),0.13953744218798111
2024,China (private),"Egypt, Arab Rep.",2.173442261084034
2024,China (private),El Salvador,0.0
2024,China (private),Ethiopia,4.123203784242102
2024,China (private),Europe & Central Asia (excluding high income),0.10713863852596581
2024,China (private),Gabon,1.4538943786100802
2024,China (private),Ghana,0.9738954290361613
2024,China (private),Guinea,12.419405525035629
2024,China (private),Honduras,1.4530677242061043
2024,China (private),IDA only,1.3261867470042898
2024,China (private),IDA total,1.084971058096825
2024,China (private),Lao PDR,0.6900332767892842
2024,China (private),Latin America & Caribbean (excluding high income),0.026600630636633354
2024,China (private),Least developed countries: UN classification,4.445882149583504
2024,China (private),Low & lower middle income,1.5969160856070912
2024,China (private),Low & middle income,0.6290758983638867
2024,China (private),Low income,1.0406158172388202
2024,China (private),Lower middle income,1.6581328895066207
2024,China (private),Maldives,6.966563290450671
2024,China (private),"Middle East, North Africa, Afghanistan & Pakistan (excluding high income)",0.6673691239038805
2024,China (private),Middle income,0.6129129635571495
2024,China (private),Myanmar,13.611523014330768
2024,China (private),Nicaragua,0.0
2024,China (private),Senegal,0.08722263439153302
2024,China (private),South Asia,0.0769976424711354
2024,China (private),Sri Lanka,0.0
2024,China (private),Sub-Saharan Africa (excluding high income),3.342089430654764
2024,China (private),Suriname,2.1546301264813286
2024,China (private),Tanzania,0.23279089876768336
2024,China (private),Turkiye,0.15972494026202264
2024,China (private),Upper middle income,0.03284855103926516
2024,China (private),Uzbekistan,0.5617281321138424
2024,China (private),Zambia,11.365785891274465
2000,Other creditors,Africa (excluding high income),98.86469420306288
2000,Other creditors,Albania,99.38564387373445
2000,Other creditors,Algeria,99.69155277606762
2000,Other creditors,Angola,99.23683129976892
2000,Other creditors,Argentina,100.0
2000,Other creditors,Armenia,100.0
2000,Other creditors,Azerbaijan,100.0
2000,Other creditors,Bangladesh,99.31165142821959
2000,Other creditors,Belarus,95.50000467585805
2000,Other creditors,Belize,98.14675387959424
2000,Other creditors,Benin,97.06238327020166
2000,Other creditors,Bhutan,100.00000000000001
2000,Other creditors,Bolivia,98.97178755997744
2000,Other creditors,Bosnia and Herzegovina,100.00000000000001
2000,Other creditors,Botswana,93.21546254550431
2000,Other creditors,Brazil,100.0
2000,Other creditors,Burkina Faso,97.19800918028054
2000,Other creditors,Burundi,98.06334435670179
2000,Other creditors,Cabo Verde,98.09379723322355
2000,Other creditors,Cambodia,99.74980790252245
2000,Other creditors,Cameroon,99.6443666227441
2000,Other creditors,Central African Republic,99.07764149020299
2000,Other creditors,Chad,97.7764769411878
2000,Other creditors,China,100.0
2000,Other creditors,Colombia,99.99814728000209
2000,Other creditors,Comoros,99.40119069317612
2000,Other creditors,"Congo, Dem. Rep.",99.21601106057524
2000,Other creditors,"Congo, Rep.",99.05165988090833
2000,Other creditors,Cote d'Ivoire,99.84326866094023
2000,Other creditors,Djibouti,98.22687787749439
2000,Other creditors,Dominica,96.40059111893066
2000,Other creditors,Dominican Republic,100.0
2000,Other creditors,East Asia & Pacific (excluding high income),99.47172806718237
2000,Other creditors,Ecuador,99.9425358758355
2000,Other creditors,"Egypt, Arab Rep.",99.65701804246939
2000,Other creditors,El Salvador,99.86252844479758
2000,Other creditors,Eritrea,99.07363586738767
2000,Other creditors,Eswatini,98.47523458535916
2000,Other creditors,Ethiopia,98.65398044317332
2000,Other creditors,Europe & Central Asia (excluding high income),99.671435906618
2000,Other creditors,Fiji,57.75075744838752
2000,Other creditors,Gabon,98.96120207934737
2000,Other creditors,"Gambia, The",95.77120763162587
2000,Other creditors,Georgia,99.81671976498791
2000,Other creditors,Ghana,99.50176688305895
2000,Other creditors,Grenada,99.77725982147099
2000,Other creditors,Guatemala,97.4922064455001
2000,Other creditors,Guinea,98.67443487209323
2000,Other creditors,Guinea-Bissau,97.98950375957835
2000,Other creditors,Guyana,97.45684615474752
2000,Other creditors,Haiti,100.0
2000,Other creditors,Honduras,98.87974286047569
2000,Other creditors,IDA only,98.15644336856643
2000,Other creditors,IDA total,98.49515769694726
2000,Other creditors,India,99.98101137705872
2000,Other creditors,Indonesia,99.97309359154994
2000,Other creditors,"Iran, Islamic Rep.",86.1728850740681
2000,Other creditors,Jamaica,99.8020960114112
2000,Other creditors,Jordan,99.78674338613057
2000,Other creditors,Kazakhstan,100.0
2000,Other creditors,Kenya,99.80936236096488
2000,Other creditors,Kyrgyz Republic,100.0
2000,Other creditors,Lao PDR,99.91916134420282
2000,Other creditors,Latin America & Caribbean (excluding high income),99.90220176216347
2000,Other creditors,Least developed countries: UN classification,97.69429912601329
2000,Other creditors,Lebanon,99.9479959834386
2000,Other creditors,Lesotho,99.31089939479361
2000,Other creditors,Liberia,98.21852875751104
2000,Other creditors,Low & lower middle income,99.05931652787183
2000,Other creditors,Low & middle income,99.43551352325629
2000,Other creditors,Low income,97.66680697162839
2000,Other creditors,Lower middle income,99.33994397897568
2000,Other creditors,Madagascar,99.2512785008068
2000,Other creditors,Malawi,100.0
2000,Other creditors,Maldives,98.8905178805195
2000,Other creditors,Mali,94.37766515692063
2000,Other creditors,Mauritania,96.04845105826853
2000,Other creditors,Mauritius,97.93494342407364
2000,Other creditors,Mexico,100.0
2000,Other creditors,"Middle East, North Africa, Afghanistan & Pakistan (excluding high income)",98.83945657713727
2000,Other creditors,Middle income,99.56319066418806
2000,Other creditors,Moldova,99.95112549482624
2000,Other creditors,Mongolia,98.20659601037097
2000,Other creditors,Morocco,99.9623312182504
2000,Other creditors,Mozambique,99.29384924762346
2000,Other creditors,Myanmar,96.26807240718075
2000,Other creditors,Nepal,100.0
2000,Other creditors,Nicaragua,99.6943348929195
2000,Other creditors,Niger,98.42720110755236
2000,Other creditors,Nigeria,100.0
2000,Other creditors,North Macedonia,92.52179102854235
2000,Other creditors,Pakistan,97.63712827355175
2000,Other creditors,Papua New Guinea,99.41310511509703
2000,Other creditors,Paraguay,97.02139977834744
2000,Other creditors,Peru,99.64458151653433
2000,Other creditors,Philippines,99.98014229894035
2000,Other creditors,Rwanda,98.3365402981727
2000,Other creditors,Samoa,95.2809919744477
2000,Other creditors,Sao Tome and Principe,93.98071041258638
2000,Other creditors,Senegal,96.88621684201152
2000,Other creditors,Serbia,97.68531588648995
2000,Other creditors,Sierra Leone,95.55801105569154
2000,Other creditors,Solomon Islands,100.0
2000,Other creditors,"Somalia, Fed. Rep.",100.0
2000,Other creditors,South Africa,100.0
2000,Other creditors,South Asia,99.8622715134313
2000,Other creditors,Sri Lanka,99.65774620835982
2000,Other creditors,St. Lucia,100.0
2000,Other creditors,St. Vincent and the Grenadines,96.56977533404816
2000,Other creditors,Sub-Saharan Africa (excluding high income),98.46461243456005
2000,Other creditors,Sudan,90.07339546409668
2000,Other creditors,Tajikistan,99.5200032741723
2000,Other creditors,Tanzania,97.23565008379656
2000,Other creditors,Thailand,97.96350324627393
2000,Other creditors,Togo,97.94206564662184
2000,Other creditors,Tonga,96.61732680574798
2000,Other creditors,Tunisia,99.77720268925711
2000,Other creditors,Turkiye,99.97819737648294
2000,Other creditors,Turkmenistan,99.66409496637088
2000,Other creditors,Uganda,99.44095553863157
2000,Other creditors,Ukraine,100.0
2000,Other creditors,Upper middle income,99.68778852912891
2000,Other creditors,Uzbekistan,100.0
2000,Other creditors,Vanuatu,94.7828376290277
2000,Other creditors,Viet Nam,96.79219435217577
2000,Other creditors,"Yemen, Rep.",97.21664356976696
2000,Other creditors,Zambia,97.27843013386568
2000,Other creditors,Zimbabwe,98.26025164298852
2001,Other creditors,Africa (excluding high income),98.82092984182528
2001,Other creditors,Albania,99.41673234043515
2001,Other creditors,Algeria,99.84279707141037
2001,Other creditors,Angola,99.11637513123218
2001,Other creditors,Argentina,100.0
2001,Other creditors,Armenia,100.0
2001,Other creditors,Azerbaijan,100.00000000000001
2001,Other creditors,Bangladesh,98.9998113375947
2001,Other creditors,Belarus,95.63454473929532
2001,Other creditors,Belize,98.53880882514366
2001,Other creditors,Benin,96.92252171696634
2001,Other creditors,Bhutan,100.00000000000001
2001,Other creditors,Bolivia,98.82946675646193
2001,Other creditors,Bosnia and Herzegovina,100.0
2001,Other creditors,Botswana,92.55093695210222
2001,Other creditors,Brazil,99.9983647010146
2001,Other creditors,Burkina Faso,97.34004625227111
2001,Other creditors,Burundi,99.65567881406734
2001,Other creditors,Cabo Verde,100.0
2001,Other creditors,Cambodia,99.46710420640076
2001,Other creditors,Cameroon,99.62600123022871
2001,Other creditors,Central African Republic,99.03023390022605
2001,Other creditors,Chad,98.02553612079586
2001,Other creditors,China,100.0
2001,Other creditors,Colombia,99.9983181515214
2001,Other creditors,Comoros,99.44348468630287
2001,Other creditors,"Congo, Dem. Rep.",99.18559335242959
2001,Other creditors,"Congo, Rep.",98.9549188899691
2001,Other creditors,Cote d'Ivoire,99.82194768925193
2001,Other creditors,Djibouti,98.21373009397603
2001,Other creditors,Dominica,95.06505175020395
2001,Other creditors,Dominican Republic,99.74137989885047
2001,Other creditors,East Asia & Pacific (excluding high income),99.45967160775216
2001,Other creditors,Ecuador,99.94480671403274
2001,Other creditors,"Egypt, Arab Rep.",99.7137206210235
2001,Other creditors,El Salvador,99.85767764098786
2001,Other creditors,Eritrea,99.30081394115747
2001,Other creditors,Eswatini,98.50995626141999
2001,Other creditors,Ethiopia,99.0485901961773
2001,Other creditors,Europe & Central Asia (excluding high income),99.5184841032752
2001,Other creditors,Fiji,54.22121090143125
2001,Other creditors,Gabon,98.78154124196388
2001,Other creditors,"Gambia, The",95.91993313327582
2001,Other creditors,Georgia,99.82618584017725
2001,Other creditors,Ghana,99.47299571611768
2001,Other creditors,Grenada,99.81329884680667
2001,Other creditors,Guatemala,96.67303302127874
2001,Other creditors,Guinea,98.69414111678063
2001,Other creditors,Guinea-Bissau,100.0
2001,Other creditors,Guyana,97.39782662630878
2001,Other creditors,Haiti,100.0
2001,Other creditors,Honduras,98.7923787526042
2001,Other creditors,IDA only,98.021065034059
2001,Other creditors,IDA total,98.63515122089449
2001,Other creditors,India,99.98253309606926
2001,Other creditors,Indonesia,99.96975898370509
2001,Other creditors,"Iran, Islamic Rep.",89.0098126939094
2001,Other creditors,Jamaica,99.8325341817037
2001,Other creditors,Jordan,99.79774424272524
2001,Other creditors,Kazakhstan,100.0
2001,Other creditors,Kenya,99.68660299432689
2001,Other creditors,Kyrgyz Republic,99.52042357129129
2001,Other creditors,Lao PDR,99.5330891676465
2001,Other creditors,Latin America & Caribbean (excluding high income),99.89999803705086
2001,Other creditors,Least developed countries: UN classification,97.5181205446321
2001,Other creditors,Lebanon,99.93575243530381
2001,Other creditors,Lesotho,98.16598992934668
2001,Other creditors,Liberia,98.17413084496155
2001,Other creditors,Low & lower middle income,99.1379350421578
2001,Other creditors,Low & middle income,99.47328230904385
2001,Other creditors,Low income,97.62630513197509
2001,Other creditors,Lower middle income,99.44012884231621
2001,Other creditors,Madagascar,99.17082461691875
2001,Other creditors,Malawi,100.0
2001,Other creditors,Maldives,98.91616470121438
2001,Other creditors,Mali,96.05027471914718
2001,Other creditors,Mauritania,96.02988393832229
2001,Other creditors,Mauritius,97.24747790647362
2001,Other creditors,Mexico,100.0
2001,Other creditors,"Middle East, North Africa, Afghanistan & Pakistan (excluding high income)",99.33280145314336
2001,Other creditors,Middle income,99.60332824105747
2001,Other creditors,Moldova,100.0
2001,Other creditors,Mongolia,98.18550534519113
2001,Other creditors,Morocco,99.99999999999999
2001,Other creditors,Mozambique,99.27548943478084
2001,Other creditors,Myanmar,95.92828779366569
2001,Other creditors,Nepal,100.0
2001,Other creditors,Nicaragua,99.6625791517568
2001,Other creditors,Niger,98.57904369259776
2001,Other creditors,Nigeria,100.0
2001,Other creditors,North Macedonia,93.15038860867378
2001,Other creditors,Pakistan,99.68027913658946
2001,Other creditors,Papua New Guinea,99.45235946177213
2001,Other creditors,Paraguay,97.37028538440319
2001,Other creditors,Peru,99.72498017241602
2001,Other creditors,Philippines,99.97706111302986
2001,Other creditors,Rwanda,98.3747273361302
2001,Other creditors,Samoa,91.17635515716277
2001,Other creditors,Sao Tome and Principe,94.0841646453085
2001,Other creditors,Senegal,96.88839770097543
2001,Other creditors,Serbia,95.5605379957142
2001,Other creditors,Sierra Leone,97.14267010050897
2001,Other creditors,Solomon Islands,100.0
2001,Other creditors,"Somalia, Fed. Rep.",100.0
2001,Other creditors,South Africa,100.0
2001,Other creditors,South Asia,99.80851049806233
2001,Other creditors,Sri Lanka,99.47758470362625
2001,Other creditors,St. Lucia,99.99999999999999
2001,Other creditors,St. Vincent and the Grenadines,96.87928681759627
2001,Other creditors,Sub-Saharan Africa (excluding high income),98.3666009564044
2001,Other creditors,Sudan,89.04191829960293
2001,Other creditors,Tajikistan,99.52408806854025
2001,Other creditors,Tanzania,97.58021479018585
2001,Other creditors,Thailand,97.97083267068548
2001,Other creditors,Togo,97.70896004762218
2001,Other creditors,Tonga,92.55231964186127
2001,Other creditors,Tunisia,99.79555900552819
2001,Other creditors,Turkiye,99.98196163094026
2001,Other creditors,Turkmenistan,99.43670321810377
2001,Other creditors,Uganda,99.45423457685902
2001,Other creditors,Ukraine,100.0
2001,Other creditors,Upper middle income,99.69205935683783
2001,Other creditors,Uzbekistan,100.0
2001,Other creditors,Vanuatu,94.57100672502737
2001,Other creditors,Viet Nam,96.76886186690359
2001,Other creditors,"Yemen, Rep.",97.36927814210249
2001,Other creditors,Zambia,95.69599656545803
2001,Other creditors,Zimbabwe,98.2179767754338
2002,Other creditors,Africa (excluding high income),98.87141173938834
2002,Other creditors,Albania,95.83345160387991
2002,Other creditors,Algeria,99.84103317649296
2002,Other creditors,Angola,99.2825134732114
2002,Other creditors,Argentina,100.0
2002,Other creditors,Armenia,99.99999999999999
2002,Other creditors,Azerbaijan,100.00000000000001
2002,Other creditors,Bangladesh,98.95004891252793
2002,Other creditors,Belarus,96.39339248199673
2002,Other creditors,Belize,98.95855718148712
2002,Other creditors,Benin,96.7652264614002
2002,Other creditors,Bhutan,99.99999999999999
2002,Other creditors,Bolivia,99.05158678950166
2002,Other creditors,Bosnia and Herzegovina,100.0
2002,Other creditors,Botswana,94.37049133451451
2002,Other creditors,Brazil,99.99920751836773
2002,Other creditors,Burkina Faso,97.57106344326814
2002,Other creditors,Burundi,98.85757882159074
2002,Other creditors,Cabo Verde,100.0
2002,Other creditors,Cambodia,99.38829182120705
2002,Other creditors,Cameroon,99.47624760296789
2002,Other creditors,Central African Republic,98.76550765917298
2002,Other creditors,Chad,98.30544798295256
2002,Other creditors,China,100.0
2002,Other creditors,Colombia,99.99832466120625
2002,Other creditors,Comoros,99.49581754112668
2002,Other creditors,"Congo, Dem. Rep.",99.30163439017002
2002,Other creditors,"Congo, Rep.",98.98056999084086
2002,Other creditors,Cote d'Ivoire,99.81033882382658
2002,Other creditors,Djibouti,98.00018396591312
2002,Other creditors,Dominica,96.33336159449237
2002,Other creditors,Dominican Republic,99.7807457996666
2002,Other creditors,East Asia & Pacific (excluding high income),99.61815634366161
2002,Other creditors,Ecuador,99.94748769006425
2002,Other creditors,"Egypt, Arab Rep.",99.64308259191394
2002,Other creditors,El Salvador,99.91646592288218
2002,Other creditors,Eritrea,98.93968670423062
2002,Other creditors,Eswatini,98.8037843411595
2002,Other creditors,Ethiopia,99.3384095074848
2002,Other creditors,Europe & Central Asia (excluding high income),99.54248892816646
2002,Other creditors,Fiji,56.787194204932476
2002,Other creditors,Gabon,98.39627154964008
2002,Other creditors,"Gambia, The",96.50076459918911
2002,Other creditors,Georgia,99.8093069084398
2002,Other creditors,Ghana,99.00643751047983
2002,Other creditors,Grenada,99.90254537939494
2002,Other creditors,Guatemala,97.05619937376406
2002,Other creditors,Guinea,98.84544327798463
2002,Other creditors,Guinea-Bissau,100.0
2002,Other creditors,Guyana,97.2469735202128
2002,Other creditors,Haiti,100.0
2002,Other creditors,Honduras,98.89063979315817
2002,Other creditors,IDA only,98.06930414820641
2002,Other creditors,IDA total,98.62325737466273
2002,Other creditors,India,99.98516553068488
2002,Other creditors,Indonesia,99.9721948522271
2002,Other creditors,"Iran, Islamic Rep.",93.02682369007601
2002,Other creditors,Jamaica,99.70424152109953
2002,Other creditors,Jordan,99.81031672749376
2002,Other creditors,Kazakhstan,99.99999999999997
2002,Other creditors,Kenya,99.73039939685938
2002,Other creditors,Kyrgyz Republic,99.26375097520831
2002,Other creditors,Lao PDR,99.56562291386736
2002,Other creditors,Latin America & Caribbean (excluding high income),99.91002060449789
2002,Other creditors,Least developed countries: UN classification,97.693304342427
2002,Other creditors,Lebanon,99.95807216083325
2002,Other creditors,Lesotho,98.6544027962019
2002,Other creditors,Liberia,98.2575212889341
2002,Other creditors,Low & lower middle income,99.13771426681308
2002,Other creditors,Low & middle income,99.52552593138174
2002,Other creditors,Low income,97.7446823401912
2002,Other creditors,Lower middle income,99.41768770863766
2002,Other creditors,Madagascar,99.22776678111036
2002,Other creditors,Malawi,100.0
2002,Other creditors,Maldives,99.18768135278518
2002,Other creditors,Mali,95.47401901605866
2002,Other creditors,Mauritania,96.13487354727961
2002,Other creditors,Mauritius,97.4074517965392
2002,Other creditors,Mexico,100.0
2002,Other creditors,"Middle East, North Africa, Afghanistan & Pakistan (excluding high income)",99.41047783345957
2002,Other creditors,Middle income,99.6536517539916
2002,Other creditors,Moldova,100.0
2002,Other creditors,Mongolia,98.42003447684202
2002,Other creditors,Morocco,100.0
2002,Other creditors,Mozambique,99.33628126435863
2002,Other creditors,Myanmar,96.16599649233981
2002,Other creditors,Nepal,100.0
2002,Other creditors,Nicaragua,99.54436174236818
2002,Other creditors,Niger,98.74906476878292
2002,Other creditors,Nigeria,100.00000000000001
2002,Other creditors,North Macedonia,93.15463534299938
2002,Other creditors,Pakistan,99.58296226551836
2002,Other creditors,Papua New Guinea,99.55008685842456
2002,Other creditors,Paraguay,97.91953437999416
2002,Other creditors,Peru,99.78782385902502
2002,Other creditors,Philippines,100.0
2002,Other creditors,Rwanda,98.56616616360142
2002,Other creditors,Samoa,91.94091243599487
2002,Other creditors,Sao Tome and Principe,94.43115085636562
2002,Other creditors,Senegal,97.22895056113856
2002,Other creditors,Serbia,97.38428266283442
2002,Other creditors,Sierra Leone,97.47543373514381
2002,Other creditors,Solomon Islands,100.0
2002,Other creditors,"Somalia, Fed. Rep.",100.0
2002,Other creditors,South Africa,100.0
2002,Other creditors,South Asia,99.77108132772243
2002,Other creditors,Sri Lanka,99.17001054988202
2002,Other creditors,St. Lucia,100.0
2002,Other creditors,St. Vincent and the Grenadines,97.37642431553836
2002,Other creditors,Sub-Saharan Africa (excluding high income),98.47755700304376
2002,Other creditors,Sudan,89.72226997839864
2002,Other creditors,Tajikistan,97.70812440410694
2002,Other creditors,Tanzania,97.7671224557638
2002,Other creditors,Thailand,99.39757110832421
2002,Other creditors,Togo,97.935447061304
2002,Other creditors,Tonga,92.89429308121082
2002,Other creditors,Tunisia,99.8479419139045
2002,Other creditors,Turkiye,99.9878135977137
2002,Other creditors,Turkmenistan,98.12950051429779
2002,Other creditors,Uganda,99.49402639920422
2002,Other creditors,Ukraine,100.0
2002,Other creditors,Upper middle income,99.78521978293821
2002,Other creditors,Uzbekistan,99.62731341206147
2002,Other creditors,Vanuatu,95.01475069137881
2002,Other creditors,Viet Nam,96.80391223404935
2002,Other creditors,"Yemen, Rep.",97.49708138760364
2002,Other creditors,Zambia,96.0455836705176
2002,Other creditors,Zimbabwe,97.85987621124902
2003,Other creditors,Africa (excluding high income),98.91423393152466
2003,Other creditors,Albania,96.63422239848892
2003,Other creditors,Algeria,99.8417316037143
2003,Other creditors,Angola,99.29135880264826
2003,Other creditors,Argentina,100.0
2003,Other creditors,Armenia,100.0
2003,Other creditors,Azerbaijan,100.0
2003,Other creditors,Bangladesh,99.07952231264984
2003,Other creditors,Belarus,96.47884834241471
2003,Other creditors,Belize,99.29215087260756
2003,Other creditors,Benin,97.05321277033515
2003,Other creditors,Bhutan,100.0
2003,Other creditors,Bolivia,99.32712964734436
2003,Other creditors,Bosnia and Herzegovina,100.0
2003,Other creditors,Botswana,93.60525755439951
2003,Other creditors,Brazil,100.0
2003,Other creditors,Burkina Faso,97.97803799419702
2003,Other creditors,Burundi,98.99226173182922
2003,Other creditors,Cabo Verde,100.0
2003,Other creditors,Cambodia,99.46229524075733
2003,Other creditors,Cameroon,99.52459446032066
2003,Other creditors,Central African Republic,98.84195358823332
2003,Other creditors,Chad,98.95598951203998
2003,Other creditors,China,100.0
2003,Other creditors,Colombia,99.9985615331436
2003,Other creditors,Comoros,99.5375420199841
2003,Other creditors,"Congo, Dem. Rep.",99.28176725616119
2003,Other creditors,"Congo, Rep.",99.03816878886381
2003,Other creditors,Cote d'Ivoire,99.79625775599894
2003,Other creditors,Djibouti,99.30666228585655
2003,Other creditors,Dominica,96.18634671487072
2003,Other creditors,Dominican Republic,99.85580881298829
2003,Other creditors,East Asia & Pacific (excluding high income),99.65617518473483
2003,Other creditors,Ecuador,99.95410842183215
2003,Other creditors,"Egypt, Arab Rep.",99.62310722800461
2003,Other creditors,El Salvador,99.36756261843527
2003,Other creditors,Eritrea,99.14272630063535
2003,Other creditors,Eswatini,99.03525267548449
2003,Other creditors,Ethiopia,99.4758825963057
2003,Other creditors,Europe & Central Asia (excluding high income),99.56041938733104
2003,Other creditors,Fiji,60.26075681213623
2003,Other creditors,Gabon,97.65299654955678
2003,Other creditors,"Gambia, The",96.87880747208983
2003,Other creditors,Georgia,99.80248784403761
2003,Other creditors,Ghana,99.11781184344886
2003,Other creditors,Grenada,100.0
2003,Other creditors,Guatemala,97.57688521365917
2003,Other creditors,Guinea,99.0088136399524
2003,Other creditors,Guinea-Bissau,100.0
2003,Other creditors,Guyana,98.74732666621087
2003,Other creditors,Haiti,100.0
2003,Other creditors,Honduras,98.95060404061364
2003,Other creditors,IDA only,98.17554458291579
2003,Other creditors,IDA total,98.63280460723986
2003,Other creditors,India,99.98343242446606
2003,Other creditors,Indonesia,99.96851225695207
2003,Other creditors,"Iran, Islamic Rep.",95.92896180458762
2003,Other creditors,Jamaica,99.70495097519883
2003,Other creditors,Jordan,99.80164451069079
2003,Other creditors,Kazakhstan,100.0
2003,Other creditors,Kenya,99.7616748605546
2003,Other creditors,Kyrgyz Republic,99.1530632941101
2003,Other creditors,Lao PDR,98.32042579946754
2003,Other creditors,Latin America & Caribbean (excluding high income),99.91469516769472
2003,Other creditors,Least developed countries: UN classification,97.81838741997676
2003,Other creditors,Lebanon,99.96159227276424
2003,Other creditors,Lesotho,98.74264287365988
2003,Other creditors,Liberia,98.3492185503907
2003,Other creditors,Low & lower middle income,99.09919239497576
2003,Other creditors,Low & middle income,99.53017109044166
2003,Other creditors,Low income,97.85692978009611
2003,Other creditors,Lower middle income,99.36446511298269
2003,Other creditors,Madagascar,99.29544724429596
2003,Other creditors,Malawi,100.0
2003,Other creditors,Maldives,99.52290817390663
2003,Other creditors,Mali,95.25939983708437
2003,Other creditors,Mauritania,96.41686496010573
2003,Other creditors,Mauritius,97.38741094395021
2003,Other creditors,Mexico,100.00000000000001
2003,Other creditors,"Middle East, North Africa, Afghanistan & Pakistan (excluding high income)",99.39349824402659
2003,Other creditors,Middle income,99.65641329236846
2003,Other creditors,Moldova,100.0
2003,Other creditors,Mongolia,98.68175646598871
2003,Other creditors,Morocco,100.0
2003,Other creditors,Mozambique,99.37792271044675
2003,Other creditors,Myanmar,96.4210768439319
2003,Other creditors,Nepal,100.0
2003,Other creditors,Nicaragua,99.55769647904175
2003,Other creditors,Niger,98.93083386719537
2003,Other creditors,Nigeria,99.90359836973359
2003,Other creditors,North Macedonia,92.98871392223612
2003,Other creditors,Pakistan,99.08433566200368
2003,Other creditors,Papua New Guinea,99.62582017852365
2003,Other creditors,Paraguay,98.17044670639682
2003,Other creditors,Peru,99.84146578074561
2003,Other creditors,Philippines,99.99781286458293
2003,Other creditors,Rwanda,98.75163826541838
2003,Other creditors,Samoa,92.91680961887842
2003,Other creditors,Sao Tome and Principe,94.77195785549823
2003,Other creditors,Senegal,97.55610525385231
2003,Other creditors,Serbia,97.60468064088222
2003,Other creditors,Sierra Leone,97.75809310477145
2003,Other creditors,Solomon Islands,100.0
2003,Other creditors,"Somalia, Fed. Rep.",100.0
2003,Other creditors,South Africa,100.0
2003,Other creditors,South Asia,99.72185598368284
2003,Other creditors,Sri Lanka,99.04225974178303
2003,Other creditors,St. Lucia,100.0
2003,Other creditors,St. Vincent and the Grenadines,97.95426632569286
2003,Other creditors,Sub-Saharan Africa (excluding high income),98.54986056040244
2003,Other creditors,Sudan,89.96914413976356
2003,Other creditors,Tajikistan,99.26604130649035
2003,Other creditors,Tanzania,97.70133121021335
2003,Other creditors,Thailand,99.99999999999997
2003,Other creditors,Togo,98.1584991663985
2003,Other creditors,Tonga,90.81424121966269
2003,Other creditors,Tunisia,99.88848149915599
2003,Other creditors,Turkiye,99.99261790557824
2003,Other creditors,Turkmenistan,97.41507719257245
2003,Other creditors,Uganda,99.56539945969945
2003,Other creditors,Ukraine,100.0
2003,Other creditors,Upper middle income,99.81592126015495
2003,Other creditors,Uzbekistan,99.27937282419119
2003,Other creditors,Vanuatu,95.34937814716248
2003,Other creditors,Viet Nam,97.18839609630535
2003,Other creditors,"Yemen, Rep.",97.55860185471998
2003,Other creditors,Zambia,96.30157311503959
2003,Other creditors,Zimbabwe,97.90834770198768
2004,Other creditors,Africa (excluding high income),98.84417779813083
2004,Other creditors,Albania,97.27365797597288
2004,Other creditors,Algeria,99.83270288884815
2004,Other creditors,Angola,99.00975198775197
2004,Other creditors,Argentina,100.0
2004,Other creditors,Armenia,100.0
2004,Other creditors,Azerbaijan,100.0
2004,Other creditors,Bangladesh,99.15156790444082
2004,Other creditors,Belarus,96.91009228884899
2004,Other creditors,Belize,99.42450412091443
2004,Other creditors,Benin,97.43273640661674
2004,Other creditors,Bhutan,100.0
2004,Other creditors,Bolivia,99.42887540715216
2004,Other creditors,Bosnia and Herzegovina,100.0
2004,Other creditors,Botswana,90.7792553249659
2004,Other creditors,Brazil,100.0
2004,Other creditors,Burkina Faso,96.77555589265083
2004,Other creditors,Burundi,99.00908060203668
2004,Other creditors,Cabo Verde,100.0
2004,Other creditors,Cambodia,98.68953556670255
2004,Other creditors,Cameroon,99.47101576806986
2004,Other creditors,Central African Republic,98.95775650248636
2004,Other creditors,Chad,99.03952600110176
2004,Other creditors,China,100.0
2004,Other creditors,Colombia,99.99870411734295
2004,Other creditors,Comoros,99.5511098484862
2004,Other creditors,"Congo, Dem. Rep.",99.31348751955869
2004,Other creditors,"Congo, Rep.",99.16110954439928
2004,Other creditors,Cote d'Ivoire,99.61190569380338
2004,Other creditors,Djibouti,99.54635970804969
2004,Other creditors,Dominica,96.5673148124435
2004,Other creditors,Dominican Republic,99.8493046667478
2004,Other creditors,East Asia & Pacific (excluding high income),99.56026097218957
2004,Other creditors,Ecuador,99.9370812592826
2004,Other creditors,"Egypt, Arab Rep.",99.60867469540918
2004,Other creditors,El Salvador,99.3175448593361
2004,Other creditors,Eritrea,99.26310602077832
2004,Other creditors,Eswatini,99.17461831845424
2004,Other creditors,Ethiopia,99.17842895796349
2004,Other creditors,Europe & Central Asia (excluding high income),99.59799563394509
2004,Other creditors,Fiji,62.13690959629971
2004,Other creditors,Gabon,97.77770057820314
2004,Other creditors,"Gambia, The",97.16348022466902
2004,Other creditors,Georgia,99.79179843100789
2004,Other creditors,Ghana,99.18803032178518
2004,Other creditors,Grenada,100.0
2004,Other creditors,Guatemala,97.95465827725397
2004,Other creditors,Guinea,99.01245241137482
2004,Other creditors,Guinea-Bissau,99.99999999999999
2004,Other creditors,Guyana,98.68306641921995
2004,Other creditors,Haiti,100.0
2004,Other creditors,Honduras,99.0657471302731
2004,Other creditors,IDA only,98.12499860791714
2004,Other creditors,IDA total,98.498818164817
2004,Other creditors,India,99.98624064378814
2004,Other creditors,Indonesia,99.94945464474097
2004,Other creditors,"Iran, Islamic Rep.",96.61352059274118
2004,Other creditors,Jamaica,99.74863798459339
2004,Other creditors,Jordan,99.80333051671721
2004,Other creditors,Kazakhstan,99.99999999999999
2004,Other creditors,Kenya,99.71693957704674
2004,Other creditors,Kyrgyz Republic,99.21929862398358
2004,Other creditors,Lao PDR,96.77347970698115
2004,Other creditors,Latin America & Caribbean (excluding high income),99.92426691625651
2004,Other creditors,Least developed countries: UN classification,97.76713894734273
2004,Other creditors,Lebanon,99.96728156054044
2004,Other creditors,Lesotho,98.99533938992442
2004,Other creditors,Liberia,98.41608922839083
2004,Other creditors,Low & lower middle income,98.9926255497381
2004,Other creditors,Low & middle income,99.5095965032063
2004,Other creditors,Low income,97.75859462367355
2004,Other creditors,Lower middle income,99.24938092265712
2004,Other creditors,Madagascar,99.01065617485274
2004,Other creditors,Malawi,100.00000000000001
2004,Other creditors,Maldives,99.64214807388234
2004,Other creditors,Mali,95.23688191454566
2004,Other creditors,Mauritania,96.48032909008407
2004,Other creditors,Mauritius,96.93132878190372
2004,Other creditors,Mexico,100.0
2004,Other creditors,"Middle East, North Africa, Afghanistan & Pakistan (excluding high income)",99.45187076587071
2004,Other creditors,Middle income,99.63450213745637
2004,Other creditors,Moldova,100.0
2004,Other creditors,Mongolia,98.85237041704818
2004,Other creditors,Morocco,100.0
2004,Other creditors,Mozambique,99.41500733990391
2004,Other creditors,Myanmar,96.37483916833479
2004,Other creditors,Nepal,99.99999999999999
2004,Other creditors,Nicaragua,99.44100680699245
2004,Other creditors,Niger,98.84441742600283
2004,Other creditors,Nigeria,99.74631210347917
2004,Other creditors,North Macedonia,92.93596295040827
2004,Other creditors,Pakistan,98.53085381401674
2004,Other creditors,Papua New Guinea,99.68377078277479
2004,Other creditors,Paraguay,98.94639947154795
2004,Other creditors,Peru,99.88786650343064
2004,Other creditors,Philippines,99.70329159342619
2004,Other creditors,Rwanda,98.92084829631366
2004,Other creditors,Samoa,93.23515214131604
2004,Other creditors,Sao Tome and Principe,94.9992847250716
2004,Other creditors,Senegal,97.32411813821226
2004,Other creditors,Serbia,98.05219598986258
2004,Other creditors,Sierra Leone,97.87489894465598
2004,Other creditors,Solomon Islands,100.0
2004,Other creditors,"Somalia, Fed. Rep.",100.0
2004,Other creditors,South Africa,100.0
2004,Other creditors,South Asia,99.72540832511801
2004,Other creditors,Sri Lanka,98.99236274197571
2004,Other creditors,St. Lucia,100.0
2004,Other creditors,St. Vincent and the Grenadines,98.45586899463213
2004,Other creditors,Sub-Saharan Africa (excluding high income),98.45803424211117
2004,Other creditors,Sudan,89.94339488148415
2004,Other creditors,Tajikistan,99.1712864600929
2004,Other creditors,Tanzania,97.88573257409843
2004,Other creditors,Thailand,99.99999999999999
2004,Other creditors,Togo,98.27465662798876
2004,Other creditors,Tonga,90.8718031323678
2004,Other creditors,Tunisia,99.90888965367458
2004,Other creditors,Turkiye,99.996530709062
2004,Other creditors,Turkmenistan,96.56896480128438
2004,Other creditors,Uganda,99.59168865499014
2004,Other creditors,Ukraine,100.0
2004,Other creditors,Upper middle income,99.83542700239731
2004,Other creditors,Uzbekistan,98.85212052595104
2004,Other creditors,Vanuatu,95.43753533197392
2004,Other creditors,Viet Nam,97.06841206402686
2004,Other creditors,"Yemen, Rep.",97.33991577717119
2004,Other creditors,Zambia,97.02534511088108
2004,Other creditors,Zimbabwe,96.44101234589917
2005,Other creditors,Africa (excluding high income),98.55916361209806
2005,Other creditors,Albania,97.46019550234637
2005,Other creditors,Algeria,99.81866799751744
2005,Other creditors,Angola,97.83968287120119
2005,Other creditors,Argentina,100.0
2005,Other creditors,Armenia,100.0
2005,Other creditors,Azerbaijan,99.99999999999999
2005,Other creditors,Bangladesh,99.106701102108
2005,Other creditors,Belarus,92.83745973129041
2005,Other creditors,Belize,99.59325607389074
2005,Other creditors,Benin,95.5803432441006
2005,Other creditors,Bhutan,100.0
2005,Other creditors,Bolivia,99.0699088775259
2005,Other creditors,Bosnia and Herzegovina,100.0
2005,Other creditors,Botswana,88.17153593306094
2005,Other creditors,Brazil,100.0
2005,Other creditors,Burkina Faso,97.06089244617077
2005,Other creditors,Burundi,98.90107610090074
2005,Other creditors,Cabo Verde,99.99999999999999
2005,Other creditors,Cambodia,98.6322266374426
2005,Other creditors,Cameroon,99.10427047493503
2005,Other creditors,Central African Republic,98.85801610208739
2005,Other creditors,Chad,99.0215223650528
2005,Other creditors,China,100.0
2005,Other creditors,Colombia,99.99871089542202
2005,Other creditors,Comoros,99.51188345490927
2005,Other creditors,"Congo, Dem. Rep.",99.28451485151258
2005,Other creditors,"Congo, Rep.",96.65045909827454
2005,Other creditors,Cote d'Ivoire,99.55510429357975
2005,Other creditors,Djibouti,99.72560302522372
2005,Other creditors,Dominica,96.52981218189147
2005,Other creditors,Dominican Republic,99.84346107311545
2005,Other creditors,East Asia & Pacific (excluding high income),99.51765301053577
2005,Other creditors,Ecuador,99.94509011008772
2005,Other creditors,"Egypt, Arab Rep.",99.65054538679294
2005,Other creditors,El Salvador,99.2387770331163
2005,Other creditors,Eritrea,99.26412215115117
2005,Other creditors,Eswatini,99.24584219033446
2005,Other creditors,Ethiopia,99.14967443014862
2005,Other creditors,Europe & Central Asia (excluding high income),99.52066016713567
2005,Other creditors,Fiji,60.669264145433495
2005,Other creditors,Gabon,97.48978919713308
2005,Other creditors,"Gambia, The",97.09715220182417
2005,Other creditors,Georgia,99.81074391039203
2005,Other creditors,Ghana,99.19213838297954
2005,Other creditors,Grenada,100.0
2005,Other creditors,Guatemala,98.1765062882381
2005,Other creditors,Guinea,98.7342161186841
2005,Other creditors,Guinea-Bissau,100.0
2005,Other creditors,Guyana,96.83292699772792
2005,Other creditors,Haiti,100.0
2005,Other creditors,Honduras,99.15558504759541
2005,Other creditors,IDA only,97.80704290313233
2005,Other creditors,IDA total,98.06978049347707
2005,Other creditors,India,99.98665354206463
2005,Other creditors,Indonesia,99.96632517478362
2005,Other creditors,"Iran, Islamic Rep.",92.51773800198822
2005,Other creditors,Jamaica,99.52040115282546
2005,Other creditors,Jordan,99.66652379815112
2005,Other creditors,Kazakhstan,100.0
2005,Other creditors,Kenya,99.50360813543475
2005,Other creditors,Kyrgyz Republic,99.16294278430173
2005,Other creditors,Lao PDR,94.90275918502682
2005,Other creditors,Latin America & Caribbean (excluding high income),99.9090991719278
2005,Other creditors,Least developed countries: UN classification,97.47913565173297
2005,Other creditors,Lebanon,99.96727382319409
2005,Other creditors,Lesotho,98.79877711014684
2005,Other creditors,Liberia,98.33192331478881
2005,Other creditors,Low & lower middle income,98.74190091368035
2005,Other creditors,Low & middle income,99.36734022539399
2005,Other creditors,Low income,97.31583770294945
2005,Other creditors,Lower middle income,99.01489374202086
2005,Other creditors,Madagascar,98.88882359329247
2005,Other creditors,Malawi,100.0
2005,Other creditors,Maldives,99.67583348404553
2005,Other creditors,Mali,95.38126323168082
2005,Other creditors,Mauritania,96.98678391675038
2005,Other creditors,Mauritius,96.1556574121372
2005,Other creditors,Mexico,100.0
2005,Other creditors,"Middle East, North Africa, Afghanistan & Pakistan (excluding high income)",99.06281848630667
2005,Other creditors,Middle income,99.50147396812217
2005,Other creditors,Moldova,100.0
2005,Other creditors,Mongolia,98.78590492659771
2005,Other creditors,Morocco,100.0
2005,Other creditors,Mozambique,99.4244415282243
2005,Other creditors,Myanmar,95.18206599231921
2005,Other creditors,Nepal,100.0
2005,Other creditors,Nicaragua,99.46418625029085
2005,Other creditors,Niger,98.81030247119382
2005,Other creditors,Nigeria,99.20738929804146
2005,Other creditors,North Macedonia,93.28604853264835
2005,Other creditors,Pakistan,98.18987919644658
2005,Other creditors,Papua New Guinea,99.5118024675513
2005,Other creditors,Paraguay,99.04418106830593
2005,Other creditors,Peru,99.91024447132834
2005,Other creditors,Philippines,99.67488991751434
2005,Other creditors,Rwanda,98.87759829362145
2005,Other creditors,Samoa,92.76809011771284
2005,Other creditors,Sao Tome and Principe,94.61491625526727
2005,Other creditors,Senegal,97.35893276150317
2005,Other creditors,Serbia,97.85364259846722
2005,Other creditors,Sierra Leone,98.01158336143644
2005,Other creditors,Solomon Islands,100.00000000000003
2005,Other creditors,"Somalia, Fed. Rep.",100.0
2005,Other creditors,South Africa,100.0
2005,Other creditors,South Asia,99.69283521330479
2005,Other creditors,Sri Lanka,98.96765603366063
2005,Other creditors,St. Lucia,100.0
2005,Other creditors,St. Vincent and the Grenadines,98.81594120566513
2005,Other creditors,Sub-Saharan Africa (excluding high income),98.06620023518344
2005,Other creditors,Sudan,89.66055605223332
2005,Other creditors,Tajikistan,99.16637180164403
2005,Other creditors,Tanzania,97.77975543880454
2005,Other creditors,Thailand,100.0
2005,Other creditors,Togo,98.45494074153513
2005,Other creditors,Tonga,90.18128751395463
2005,Other creditors,Tunisia,99.78131604476609
2005,Other creditors,Turkiye,100.0
2005,Other creditors,Turkmenistan,95.23187075947266
2005,Other creditors,Uganda,99.56047014620998
2005,Other creditors,Ukraine,99.99999999999997
2005,Other creditors,Upper middle income,99.7538713137521
2005,Other creditors,Uzbekistan,98.28915264327414
2005,Other creditors,Vanuatu,100.0
2005,Other creditors,Viet Nam,97.15399851800338
2005,Other creditors,"Yemen, Rep.",96.75984322805391
2005,Other creditors,Zambia,95.53604742648352
2005,Other creditors,Zimbabwe,96.54514938244156
2006,Other creditors,Afghanistan,100.0
2006,Other creditors,Africa (excluding high income),97.52455194758008
2006,Other creditors,Albania,97.99615186752952
2006,Other creditors,Algeria,99.33940227147819
2006,Other creditors,Angola,92.21839938382513
2006,Other creditors,Argentina,100.00000000000001
2006,Other creditors,Armenia,100.0
2006,Other creditors,Azerbaijan,100.0
2006,Other creditors,Bangladesh,99.17394474021884
2006,Other creditors,Belarus,85.168274635866
2006,Other creditors,Belize,99.7384234948217
2006,Other creditors,Benin,83.10662875139077
2006,Other creditors,Bhutan,100.0
2006,Other creditors,Bolivia,98.3435656536923
2006,Other creditors,Bosnia and Herzegovina,100.0
2006,Other creditors,Botswana,86.17258759598926
2006,Other creditors,Brazil,100.0
2006,Other creditors,Burkina Faso,94.8100543193924
2006,Other creditors,Burundi,98.91633639705397
2006,Other creditors,Cabo Verde,100.0
2006,Other creditors,Cambodia,97.29068075632902
2006,Other creditors,Cameroon,98.20920020149386
2006,Other creditors,Central African Republic,98.80897382871518
2006,Other creditors,Chad,100.00000000000001
2006,Other creditors,China,100.0
2006,Other creditors,Colombia,99.99891713860426
2006,Other creditors,Comoros,99.49978234495654
2006,Other creditors,"Congo, Dem. Rep.",99.34435597620137
2006,Other creditors,"Congo, Rep.",94.55354952253678
2006,Other creditors,Cote d'Ivoire,99.5798604286139
2006,Other creditors,Djibouti,99.93479095410977
2006,Other creditors,Dominica,100.0
2006,Other creditors,Dominican Republic,99.858444455967
2006,Other creditors,East Asia & Pacific (excluding high income),99.5336948856829
2006,Other creditors,Ecuador,99.96792993247394
2006,Other creditors,"Egypt, Arab Rep.",99.61944775019438
2006,Other creditors,El Salvador,99.37048927057904
2006,Other creditors,Eritrea,99.2963023697596
2006,Other creditors,Eswatini,99.31968662417547
2006,Other creditors,Ethiopia,99.30933161445243
2006,Other creditors,Europe & Central Asia (excluding high income),99.41795550851408
2006,Other creditors,Fiji,78.25113844332611
2006,Other creditors,Gabon,97.4972948335634
2006,Other creditors,"Gambia, The",97.30465002632826
2006,Other creditors,Georgia,100.0
2006,Other creditors,Ghana,97.83690263184675
2006,Other creditors,Grenada,100.0
2006,Other creditors,Guatemala,98.4987305806348
2006,Other creditors,Guinea,98.05329124238484
2006,Other creditors,Guinea-Bissau,100.0
2006,Other creditors,Guyana,96.0382429038777
2006,Other creditors,Haiti,100.0
2006,Other creditors,Honduras,98.94745775217638
2006,Other creditors,IDA only,97.01268690964709
2006,Other creditors,IDA total,97.0154254030973
2006,Other creditors,India,99.73054770141371
2006,Other creditors,Indonesia,99.88510093477596
2006,Other creditors,"Iran, Islamic Rep.",92.2659861359401
2006,Other creditors,Jamaica,99.28580140290433
2006,Other creditors,Jordan,99.65562843184429
2006,Other creditors,Kazakhstan,100.0
2006,Other creditors,Kenya,99.32155967104403
2006,Other creditors,Kyrgyz Republic,96.3439108792181
2006,Other creditors,Lao PDR,93.81345620115759
2006,Other creditors,Latin America & Caribbean (excluding high income),99.90495253403516
2006,Other creditors,Least developed countries: UN classification,96.22137994299933
2006,Other creditors,Lebanon,99.96829931837217
2006,Other creditors,Lesotho,98.74751813700016
2006,Other creditors,Liberia,98.36618812250873
2006,Other creditors,Low & lower middle income,98.2393951407626
2006,Other creditors,Low & middle income,99.01615316759396
2006,Other creditors,Low income,96.43043751959883
2006,Other creditors,Lower middle income,98.53054707269808
2006,Other creditors,Madagascar,96.96884410037528
2006,Other creditors,Malawi,100.0
2006,Other creditors,Maldives,99.76144121581574
2006,Other creditors,Mali,90.45750382040477
2006,Other creditors,Mauritania,96.25208526010304
2006,Other creditors,Mauritius,95.19895751257394
2006,Other creditors,Mexico,100.0
2006,Other creditors,"Middle East, North Africa, Afghanistan & Pakistan (excluding high income)",97.74815797001794
2006,Other creditors,Middle income,99.15488612200585
2006,Other creditors,Moldova,100.0
2006,Other creditors,Mongolia,97.89170139971925
2006,Other creditors,Montenegro,100.0
2006,Other creditors,Morocco,99.98225302575678
2006,Other creditors,Mozambique,98.9466402383817
2006,Other creditors,Myanmar,93.86637738942537
2006,Other creditors,Nepal,100.0
2006,Other creditors,Nicaragua,99.29005009294988
2006,Other creditors,Niger,98.05861966501351
2006,Other creditors,Nigeria,86.85761474483299
2006,Other creditors,North Macedonia,93.94825714035731
2006,Other creditors,Pakistan,97.27982241287951
2006,Other creditors,Papua New Guinea,99.5364222285648
2006,Other creditors,Paraguay,99.10583612794329
2006,Other creditors,Peru,99.93970075489267
2006,Other creditors,Philippines,99.49473508958972
2006,Other creditors,Rwanda,95.49058840492232
2006,Other creditors,Samoa,99.93805056973379
2006,Other creditors,Sao Tome and Principe,94.8461517203081
2006,Other creditors,Senegal,94.62411437732383
2006,Other creditors,Serbia,97.8524225769819
2006,Other creditors,Sierra Leone,98.19755131555729
2006,Other creditors,Solomon Islands,100.0
2006,Other creditors,"Somalia, Fed. Rep.",100.0
2006,Other creditors,South Africa,100.0
2006,Other creditors,South Asia,99.55100621432443
2006,Other creditors,Sri Lanka,99.00025674529961
2006,Other creditors,St. Lucia,100.0
2006,Other creditors,St. Vincent and the Grenadines,99.02068307105353
2006,Other creditors,Sub-Saharan Africa (excluding high income),96.44263233095425
2006,Other creditors,Sudan,89.06677045998698
2006,Other creditors,Tajikistan,95.54617509219946
2006,Other creditors,Tanzania,93.85975572945115
2006,Other creditors,Thailand,100.0
2006,Other creditors,Togo,99.1700273212085
2006,Other creditors,Tonga,90.10907980415843
2006,Other creditors,Tunisia,99.70271166607218
2006,Other creditors,Turkiye,100.0
2006,Other creditors,Turkmenistan,93.7621017096156
2006,Other creditors,Uganda,98.26102770752912
2006,Other creditors,Ukraine,100.0
2006,Other creditors,Upper middle income,99.46708674655855
2006,Other creditors,Uzbekistan,97.54306835481503
2006,Other creditors,Vanuatu,100.0
2006,Other creditors,Viet Nam,99.28613298916034
2006,Other creditors,"Yemen, Rep.",96.68755903604158
2006,Other creditors,Zambia,81.04497939114074
2006,Other creditors,Zimbabwe,96.22489876834148
2007,Other creditors,Afghanistan,100.0
2007,Other creditors,Africa (excluding high income),97.22644704447676
2007,Other creditors,Albania,98.41724384180355
2007,Other creditors,Algeria,98.40334638886638
2007,Other creditors,Angola,88.20718752899009
2007,Other creditors,Argentina,100.0
2007,Other creditors,Armenia,100.0
2007,Other creditors,Azerbaijan,100.0
2007,Other creditors,Bangladesh,99.30173422057351
2007,Other creditors,Belarus,93.75485280759608
2007,Other creditors,Belize,99.83922239209902
2007,Other creditors,Benin,83.89400374868632
2007,Other creditors,Bhutan,99.99999999999999
2007,Other creditors,Bolivia,97.4462284459647
2007,Other creditors,Bosnia and Herzegovina,100.0
2007,Other creditors,Botswana,79.81706658160141
2007,Other creditors,Brazil,99.99990734933017
2007,Other creditors,Burkina Faso,96.05868346057841
2007,Other creditors,Burundi,99.95823120256007
2007,Other creditors,Cabo Verde,100.0
2007,Other creditors,Cambodia,95.22575062782472
2007,Other creditors,Cameroon,97.65072671519441
2007,Other creditors,Central African Republic,98.7095803620023
2007,Other creditors,Chad,100.0
2007,Other creditors,China,100.0
2007,Other creditors,Colombia,99.99909610319168
2007,Other creditors,Comoros,99.50201634903637
2007,Other creditors,"Congo, Dem. Rep.",99.40408214588821
2007,Other creditors,"Congo, Rep.",93.63827457722434
2007,Other creditors,Cote d'Ivoire,99.48239032848383
2007,Other creditors,Djibouti,96.70297004022925
2007,Other creditors,Dominica,100.0
2007,Other creditors,Dominican Republic,99.87200405207602
2007,Other creditors,East Asia & Pacific (excluding high income),99.29848949958365
2007,Other creditors,Ecuador,99.9713437456715
2007,Other creditors,"Egypt, Arab Rep.",99.60958507050657
2007,Other creditors,El Salvador,99.40864065808589
2007,Other creditors,Eritrea,98.16055560450636
2007,Other creditors,Eswatini,99.42045795943237
2007,Other creditors,Ethiopia,99.06459549074843
2007,Other creditors,Europe & Central Asia (excluding high income),99.28709491247567
2007,Other creditors,Fiji,79.13681973352018
2007,Other creditors,Gabon,97.72410629237822
2007,Other creditors,"Gambia, The",98.76250658835093
2007,Other creditors,Georgia,100.0
2007,Other creditors,Ghana,96.81089255054285
2007,Other creditors,Grenada,100.0
2007,Other creditors,Guatemala,98.65191917763518
2007,Other creditors,Guinea,98.476059697261
2007,Other creditors,Guinea-Bissau,100.0
2007,Other creditors,Guyana,95.40337499015146
2007,Other creditors,Haiti,99.99999999999999
2007,Other creditors,Honduras,96.09905426875142
2007,Other creditors,IDA only,96.74107052183554
2007,Other creditors,IDA total,96.66035501749089
2007,Other creditors,India,99.70421406183465
2007,Other creditors,Indonesia,99.70196324122576
2007,Other creditors,"Iran, Islamic Rep.",92.32924021115
2007,Other creditors,Jamaica,98.94711291198294
2007,Other creditors,Jordan,99.64659635614228
2007,Other creditors,Kazakhstan,100.0
2007,Other creditors,Kenya,99.24404656065684
2007,Other creditors,Kyrgyz Republic,99.54892582006671
2007,Other creditors,Lao PDR,90.78887874496904
2007,Other creditors,Latin America & Caribbean (excluding high income),99.8907304272295
2007,Other creditors,Least developed countries: UN classification,95.92176784925657
2007,Other creditors,Lebanon,99.96744563372869
2007,Other creditors,Lesotho,99.78681927368369
2007,Other creditors,Liberia,98.0970186247001
2007,Other creditors,Low & lower middle income,97.93843949530682
2007,Other creditors,Low & middle income,98.89173209615454
2007,Other creditors,Low income,96.90063436950842
2007,Other creditors,Lower middle income,98.10594707088042
2007,Other creditors,Madagascar,99.78928762263075
2007,Other creditors,Malawi,99.99999999999999
2007,Other creditors,Maldives,99.82619187099199
2007,Other creditors,Mali,96.74327503913581
2007,Other creditors,Mauritania,100.0
2007,Other creditors,Mauritius,95.77378769832279
2007,Other creditors,Mexico,100.0
2007,Other creditors,"Middle East, North Africa, Afghanistan & Pakistan (excluding high income)",97.80320047265525
2007,Other creditors,Middle income,98.99992532853854
2007,Other creditors,Moldova,100.0
2007,Other creditors,Mongolia,97.91417435946097
2007,Other creditors,Montenegro,100.0
2007,Other creditors,Morocco,99.95638712461964
2007,Other creditors,Mozambique,99.79722359644718
2007,Other creditors,Myanmar,92.44140693675564
2007,Other creditors,Nepal,99.99999999999999
2007,Other creditors,Nicaragua,98.91878315632565
2007,Other creditors,Niger,98.28875583594206
2007,Other creditors,Nigeria,81.77267612516181
2007,Other creditors,North Macedonia,94.39484753706583
2007,Other creditors,Pakistan,97.2441112462747
2007,Other creditors,Papua New Guinea,99.54127308200663
2007,Other creditors,Paraguay,99.1308268216072
2007,Other creditors,Peru,99.95510844148963
2007,Other creditors,Philippines,99.17984660463105
2007,Other creditors,Rwanda,94.47182204716336
2007,Other creditors,Samoa,95.20189445282458
2007,Other creditors,Sao Tome and Principe,87.6662933597761
2007,Other creditors,Senegal,95.14270921589234
2007,Other creditors,Serbia,98.03441536323028
2007,Other creditors,Sierra Leone,97.54827384423564
2007,Other creditors,Solomon Islands,100.0
2007,Other creditors,"Somalia, Fed. Rep.",100.0
2007,Other creditors,South Africa,100.0
2007,Other creditors,South Asia,99.41899102506484
2007,Other creditors,Sri Lanka,97.70235014848511
2007,Other creditors,St. Lucia,100.0
2007,Other creditors,St. Vincent and the Grenadines,99.0803938275545
2007,Other creditors,Sub-Saharan Africa (excluding high income),96.0000663298109
2007,Other creditors,Sudan,89.8252106732419
2007,Other creditors,Tajikistan,79.05047778482744
2007,Other creditors,Tanzania,94.51364905071935
2007,Other creditors,Thailand,100.0
2007,Other creditors,Togo,99.16648037546244
2007,Other creditors,Tonga,90.02562688204775
2007,Other creditors,Tunisia,99.65871986713195
2007,Other creditors,Turkiye,100.0
2007,Other creditors,Turkmenistan,85.42552990761513
2007,Other creditors,Uganda,98.4179420971151
2007,Other creditors,Ukraine,100.0
2007,Other creditors,Upper middle income,99.45363528272918
2007,Other creditors,Uzbekistan,96.32857713591861
2007,Other creditors,Vanuatu,94.7396137489358
2007,Other creditors,Viet Nam,98.94394574930848
2007,Other creditors,"Yemen, Rep.",96.77027491570051
2007,Other creditors,Zambia,76.11884356582992
2007,Other creditors,Zimbabwe,92.17197910759434
2008,Other creditors,Afghanistan,100.0
2008,Other creditors,Africa (excluding high income),96.65434510854797
2008,Other creditors,Albania,98.91208215597189
2008,Other creditors,Algeria,98.26082370476067
2008,Other creditors,Angola,88.73377278071587
2008,Other creditors,Argentina,100.0
2008,Other creditors,Armenia,100.00000000000001
2008,Other creditors,Azerbaijan,99.99999999999997
2008,Other creditors,Bangladesh,99.57584756654416
2008,Other creditors,Belarus,95.12318366587024
2008,Other creditors,Belize,99.99999999999999
2008,Other creditors,Benin,85.24918320085156
2008,Other creditors,Bhutan,99.99999999999999
2008,Other creditors,Bolivia,96.13371198630632
2008,Other creditors,Bosnia and Herzegovina,100.0
2008,Other creditors,Botswana,79.54890180884644
2008,Other creditors,Brazil,98.88971886414686
2008,Other creditors,Burkina Faso,95.9568508719812
2008,Other creditors,Burundi,99.95681751864431
2008,Other creditors,Cabo Verde,100.0
2008,Other creditors,Cambodia,90.69202405423013
2008,Other creditors,Cameroon,94.9306076575875
2008,Other creditors,Central African Republic,98.70394569456434
2008,Other creditors,Chad,97.39340311023773
2008,Other creditors,China,100.0
2008,Other creditors,Colombia,99.99921250979173
2008,Other creditors,Comoros,100.0
2008,Other creditors,"Congo, Dem. Rep.",99.41472603831042
2008,Other creditors,"Congo, Rep.",93.51563074892982
2008,Other creditors,Cote d'Ivoire,99.36766935794235
2008,Other creditors,Djibouti,96.51695831891502
2008,Other creditors,Dominica,100.00000000000001
2008,Other creditors,Dominican Republic,99.894294034688
2008,Other creditors,East Asia & Pacific (excluding high income),99.1084381873435
2008,Other creditors,Ecuador,99.97812375257722
2008,Other creditors,"Egypt, Arab Rep.",99.56004073658079
2008,Other creditors,El Salvador,99.46156795499087
2008,Other creditors,Eritrea,90.71283074904045
2008,Other creditors,Eswatini,99.51533399791867
2008,Other creditors,Ethiopia,99.07761973055393
2008,Other creditors,Europe & Central Asia (excluding high income),98.90161081999652
2008,Other creditors,Fiji,79.38935430565441
2008,Other creditors,Gabon,93.51630880404424
2008,Other creditors,"Gambia, The",96.34932986770895
2008,Other creditors,Georgia,99.8523963718709
2008,Other creditors,Ghana,95.20922607724218
2008,Other creditors,Grenada,100.0
2008,Other creditors,Guatemala,98.87702160831742
2008,Other creditors,Guinea,98.07682946030518
2008,Other creditors,Guinea-Bissau,99.99999999999999
2008,Other creditors,Guyana,95.5543911799191
2008,Other creditors,Haiti,99.99999999999999
2008,Other creditors,Honduras,96.78696970138412
2008,Other creditors,IDA only,96.04888215435498
2008,Other creditors,IDA total,96.06932731523027
2008,Other creditors,India,99.69310269693263
2008,Other creditors,Indonesia,99.55848924180347
2008,Other creditors,"Iran, Islamic Rep.",91.89038616896885
2008,Other creditors,Jamaica,98.56992538604625
2008,Other creditors,Jordan,99.38998876699816
2008,Other creditors,Kazakhstan,100.0
2008,Other creditors,Kenya,99.0083149331893
2008,Other creditors,Kyrgyz Republic,99.53436709129306
2008,Other creditors,Lao PDR,88.342964992865
2008,Other creditors,Latin America & Caribbean (excluding high income),99.64899097755804
2008,Other creditors,Least developed countries: UN classification,95.30166913379587
2008,Other creditors,Lebanon,99.96471549442266
2008,Other creditors,Lesotho,97.51516159120422
2008,Other creditors,Liberia,99.00949528341076
2008,Other creditors,Low & lower middle income,97.54889191602122
2008,Other creditors,Low & middle income,98.63483170747216
2008,Other creditors,Low income,96.33161174394641
2008,Other creditors,Lower middle income,97.74001653817912
2008,Other creditors,Madagascar,98.08586289821527
2008,Other creditors,Malawi,100.0
2008,Other creditors,Maldives,99.87348839927535
2008,Other creditors,Mali,96.47944501582741
2008,Other creditors,Mauritania,100.0
2008,Other creditors,Mauritius,95.94935496940232
2008,Other creditors,Mexico,100.0
2008,Other creditors,"Middle East, North Africa, Afghanistan & Pakistan (excluding high income)",97.55964474843088
2008,Other creditors,Middle income,98.75952775120368
2008,Other creditors,Moldova,100.0
2008,Other creditors,Mongolia,98.09344242366542
2008,Other creditors,Montenegro,100.00000000000001
2008,Other creditors,Morocco,99.62288239609141
2008,Other creditors,Mozambique,99.50727812603927
2008,Other creditors,Myanmar,91.56498563856631
2008,Other creditors,Nepal,100.0
2008,Other creditors,Nicaragua,98.93312312317353
2008,Other creditors,Niger,98.71335180933545
2008,Other creditors,Nigeria,77.85737105834384
2008,Other creditors,North Macedonia,95.39670448646413
2008,Other creditors,Pakistan,97.42585011153712
2008,Other creditors,Papua New Guinea,99.50597724052766
2008,Other creditors,Paraguay,99.34963190997232
2008,Other creditors,Peru,99.96566999277002
2008,Other creditors,Philippines,99.16532748561191
2008,Other creditors,Rwanda,99.99999999999999
2008,Other creditors,Samoa,85.67864024939185
2008,Other creditors,Sao Tome and Principe,83.21607993488746
2008,Other creditors,Senegal,94.40320997184028
2008,Other creditors,Serbia,98.01789283567766
2008,Other creditors,Sierra Leone,95.38422516730417
2008,Other creditors,Solomon Islands,100.0
2008,Other creditors,"Somalia, Fed. Rep.",100.0
2008,Other creditors,South Africa,100.0
2008,Other creditors,South Asia,99.4431690024381
2008,Other creditors,Sri Lanka,97.51065347581614
2008,Other creditors,St. Lucia,100.0
2008,Other creditors,St. Vincent and the Grenadines,99.42096736901831
2008,Other creditors,Sub-Saharan Africa (excluding high income),95.29232951271602
2008,Other creditors,Sudan,88.46875523128254
2008,Other creditors,Syrian Arab Republic,98.9982651777853
2008,Other creditors,Tajikistan,64.17557809921705
2008,Other creditors,Tanzania,94.9066180331977
2008,Other creditors,Thailand,100.0
2008,Other creditors,Togo,99.0043153086031
2008,Other creditors,Tonga,81.4339903700677
2008,Other creditors,Tunisia,99.64787165839077
2008,Other creditors,Turkiye,99.84868785624903
2008,Other creditors,Turkmenistan,76.67773596963696
2008,Other creditors,Uganda,98.16734501585806
2008,Other creditors,Ukraine,100.0
2008,Other creditors,Upper middle income,99.29609216702973
2008,Other creditors,Uzbekistan,93.64682975681205
2008,Other creditors,Vanuatu,83.61287520712213
2008,Other creditors,Viet Nam,98.66029225977057
2008,Other creditors,"Yemen, Rep.",96.76381190794368
2008,Other creditors,Zambia,75.46741461982242
2008,Other creditors,Zimbabwe,91.26479093425081
2009,Other creditors,Afghanistan,100.0
2009,Other creditors,Africa (excluding high income),95.63996941103467
2009,Other creditors,Albania,99.24652954513328
2009,Other creditors,Algeria,97.50165465097344
2009,Other creditors,Angola,88.54477765106147
2009,Other creditors,Argentina,100.0
2009,Other creditors,Armenia,100.0
2009,Other creditors,Azerbaijan,100.0
2009,Other creditors,Bangladesh,99.66657202148194
2009,Other creditors,Belarus,87.5696461776673
2009,Other creditors,Belize,100.0
2009,Other creditors,Benin,88.45341796536349
2009,Other creditors,Bhutan,100.0
2009,Other creditors,Bolivia,96.33712545339532
2009,Other creditors,Bosnia and Herzegovina,100.0
2009,Other creditors,Botswana,94.01669937317862
2009,Other creditors,Brazil,95.39890642616218
2009,Other creditors,Burkina Faso,96.67258578977909
2009,Other creditors,Burundi,99.86447374540481
2009,Other creditors,Cabo Verde,97.64864018224227
2009,Other creditors,Cambodia,89.04091063722794
2009,Other creditors,Cameroon,94.53997581511241
2009,Other creditors,Central African Republic,95.7161919257813
2009,Other creditors,Chad,97.4009721631782
2009,Other creditors,China,100.0
2009,Other creditors,Colombia,99.99940923648893
2009,Other creditors,Comoros,100.0
2009,Other creditors,"Congo, Dem. Rep.",99.45859638725707
2009,Other creditors,"Congo, Rep.",93.0401145885791
2009,Other creditors,Cote d'Ivoire,99.41210417535483
2009,Other creditors,Djibouti,96.42986480368255
2009,Other creditors,Dominica,100.0
2009,Other creditors,Dominican Republic,99.91831893227216
2009,Other creditors,East Asia & Pacific (excluding high income),98.98866290090277
2009,Other creditors,Ecuador,99.96692453366269
2009,Other creditors,"Egypt, Arab Rep.",99.53819744269323
2009,Other creditors,El Salvador,99.54075387207509
2009,Other creditors,Eritrea,86.84654872190232
2009,Other creditors,Eswatini,99.57488130909957
2009,Other creditors,Ethiopia,73.9278755140751
2009,Other creditors,Europe & Central Asia (excluding high income),98.30433130136636
2009,Other creditors,Fiji,77.1820121930448
2009,Other creditors,Gabon,91.38240069410269
2009,Other creditors,"Gambia, The",96.85392425377832
2009,Other creditors,Georgia,99.8755153061527
2009,Other creditors,Ghana,92.07267463310696
2009,Other creditors,Grenada,100.0
2009,Other creditors,Guatemala,99.15829710065206
2009,Other creditors,Guinea,98.04656790124753
2009,Other creditors,Guinea-Bissau,100.0
2009,Other creditors,Guyana,95.84921716464947
2009,Other creditors,Haiti,100.0
2009,Other creditors,Honduras,97.11135016028747
2009,Other creditors,IDA only,94.10539269035141
2009,Other creditors,IDA total,94.45432066910567
2009,Other creditors,India,99.72714420677
2009,Other creditors,Indonesia,99.56734774151873
2009,Other creditors,"Iran, Islamic Rep.",91.54008007811763
2009,Other creditors,Jamaica,98.7754977827898
2009,Other creditors,Jordan,99.42551776694741
2009,Other creditors,Kazakhstan,100.0
2009,Other creditors,Kenya,97.42645191666678
2009,Other creditors,Kosovo,100.0
2009,Other creditors,Kyrgyz Republic,97.98277373043001
2009,Other creditors,Lao PDR,86.00145619682314
2009,Other creditors,Latin America & Caribbean (excluding high income),98.85011479707406
2009,Other creditors,Least developed countries: UN classification,93.4467158885209
2009,Other creditors,Lebanon,99.96472627873489
2009,Other creditors,Lesotho,96.01309615190299
2009,Other creditors,Liberia,99.48479683795087
2009,Other creditors,Low & lower middle income,96.77215516082242
2009,Other creditors,Low & middle income,98.03801935492768
2009,Other creditors,Low income,93.23892606938341
2009,Other creditors,Lower middle income,97.30767617364269
2009,Other creditors,Madagascar,97.1473066959984
2009,Other creditors,Malawi,96.8827486139912
2009,Other creditors,Maldives,99.91773756535899
2009,Other creditors,Mali,96.13413182320284
2009,Other creditors,Mauritania,92.73349890394624
2009,Other creditors,Mauritius,92.51520436337861
2009,Other creditors,Mexico,100.0
2009,Other creditors,"Middle East, North Africa, Afghanistan & Pakistan (excluding high income)",97.075554351161
2009,Other creditors,Middle income,98.29483063792497
2009,Other creditors,Moldova,98.38089822517219
2009,Other creditors,Mongolia,98.38651670902486
2009,Other creditors,Montenegro,100.0
2009,Other creditors,Morocco,99.3656819524765
2009,Other creditors,Mozambique,95.1262967899782
2009,Other creditors,Myanmar,90.15941789743347
2009,Other creditors,Nepal,100.0
2009,Other creditors,Nicaragua,99.04576935820823
2009,Other creditors,Niger,85.15178476246695
2009,Other creditors,Nigeria,83.54225365620933
2009,Other creditors,North Macedonia,96.81040180753814
2009,Other creditors,Pakistan,95.53545202211774
2009,Other creditors,Papua New Guinea,99.10795768500954
2009,Other creditors,Paraguay,99.48753692762466
2009,Other creditors,Peru,99.97846791088921
2009,Other creditors,Philippines,99.21619430597733
2009,Other creditors,Rwanda,99.1376151293943
2009,Other creditors,Samoa,80.26612676671652
2009,Other creditors,Sao Tome and Principe,85.68424442143845
2009,Other creditors,Senegal,94.0552538250492
2009,Other creditors,Serbia,97.6789900963512
2009,Other creditors,Sierra Leone,95.83877969019706
2009,Other creditors,Solomon Islands,100.0
2009,Other creditors,"Somalia, Fed. Rep.",100.0
2009,Other creditors,South Africa,100.0
2009,Other creditors,South Asia,99.2744964891706
2009,Other creditors,Sri Lanka,95.58029877699121
2009,Other creditors,St. Lucia,99.99999999999997
2009,Other creditors,St. Vincent and the Grenadines,99.64760630293947
2009,Other creditors,Sub-Saharan Africa (excluding high income),93.9032207244598
2009,Other creditors,Sudan,86.12047372520904
2009,Other creditors,Syrian Arab Republic,98.93026586489876
2009,Other creditors,Tajikistan,60.09672625029567
2009,Other creditors,Tanzania,95.3070447641237
2009,Other creditors,Thailand,100.0
2009,Other creditors,Togo,97.54041692850419
2009,Other creditors,Tonga,70.56633620665164
2009,Other creditors,Tunisia,99.68628196298988
2009,Other creditors,Turkiye,99.71343171780696
2009,Other creditors,Turkmenistan,71.13080373851308
2009,Other creditors,Uganda,97.50472346625237
2009,Other creditors,Ukraine,100.0
2009,Other creditors,Upper middle income,98.83356194292303
2009,Other creditors,Uzbekistan,88.41293547680733
2009,Other creditors,Vanuatu,73.30521391854913
2009,Other creditors,Viet Nam,98.28336594096004
2009,Other creditors,"Yemen, Rep.",95.29462611988556
2009,Other creditors,Zambia,76.16145682957477
2009,Other creditors,Zimbabwe,90.341982424962
2010,Other creditors,Afghanistan,100.0
2010,Other creditors,Africa (excluding high income),92.80989501094145
2010,Other creditors,Albania,99.42813389236578
2010,Other creditors,Algeria,97.30267350705066
2010,Other creditors,Angola,68.2301123856385
2010,Other creditors,Argentina,99.96315584828606
2010,Other creditors,Armenia,100.0
2010,Other creditors,Azerbaijan,100.0
2010,Other creditors,Bangladesh,99.9394539700844
2010,Other creditors,Belarus,88.78507597829048
2010,Other creditors,Belize,100.0
2010,Other creditors,Benin,89.61495538875812
2010,Other creditors,Bhutan,100.0
2010,Other creditors,Bolivia,96.60408934325326
2010,Other creditors,Bosnia and Herzegovina,100.0
2010,Other creditors,Botswana,94.152193863198
2010,Other creditors,Brazil,91.77861990522494
2010,Other creditors,Burkina Faso,97.19124383672323
2010,Other creditors,Burundi,99.86038902024823
2010,Other creditors,Cabo Verde,97.42732196528122
2010,Other creditors,Cambodia,82.82189508491444
2010,Other creditors,Cameroon,90.8616472983379
2010,Other creditors,Central African Republic,87.2261033905571
2010,Other creditors,Chad,97.71145707994764
2010,Other creditors,China,100.0
2010,Other creditors,Colombia,99.99956823935881
2010,Other creditors,Comoros,100.0
2010,Other creditors,"Congo, Dem. Rep.",82.84695990657224
2010,Other creditors,"Congo, Rep.",53.46436649097438
2010,Other creditors,Cote d'Ivoire,98.79955863423626
2010,Other creditors,Djibouti,96.25768985855971
2010,Other creditors,Dominica,95.29888214849277
2010,Other creditors,Dominican Republic,99.94035340465948
2010,Other creditors,East Asia & Pacific (excluding high income),98.35203823374728
2010,Other creditors,Ecuador,90.88781750071534
2010,Other creditors,"Egypt, Arab Rep.",99.48561584476296
2010,Other creditors,El Salvador,99.64135733932021
2010,Other creditors,Eritrea,86.58999556157804
2010,Other creditors,Eswatini,99.62554787746946
2010,Other creditors,Ethiopia,72.6360236179436
2010,Other creditors,Europe & Central Asia (excluding high income),97.59701322893447
2010,Other creditors,Fiji,75.02898434571884
2010,Other creditors,Gabon,87.21765366305475
2010,Other creditors,"Gambia, The",96.83958444098077
2010,Other creditors,Georgia,99.86166385681283
2010,Other creditors,Ghana,89.00904379459794
2010,Other creditors,Grenada,100.0
2010,Other creditors,Guatemala,99.39052366202301
2010,Other creditors,Guinea,97.92367132346047
2010,Other creditors,Guinea-Bissau,100.0
2010,Other creditors,Guyana,94.95535627056876
2010,Other creditors,Haiti,100.0
2010,Other creditors,Honduras,97.58921865971888
2010,Other creditors,IDA only,91.5392456915196
2010,Other creditors,IDA total,92.23127483546425
2010,Other creditors,India,99.75386431122473
2010,Other creditors,Indonesia,99.50641652976061
2010,Other creditors,"Iran, Islamic Rep.",90.08340737964593
2010,Other creditors,Jamaica,97.97906553172889
2010,Other creditors,Jordan,99.38514638034907
2010,Other creditors,Kazakhstan,100.0
2010,Other creditors,Kenya,96.04417484014938
2010,Other creditors,Kosovo,100.0
2010,Other creditors,Kyrgyz Republic,93.82817512527338
2010,Other creditors,Lao PDR,83.9989143458629
2010,Other creditors,Latin America & Caribbean (excluding high income),97.79630949046806
2010,Other creditors,Least developed countries: UN classification,88.76970007633102
2010,Other creditors,Lebanon,99.962985091343
2010,Other creditors,Lesotho,95.82666776509413
2010,Other creditors,Liberia,100.00000000000001
2010,Other creditors,Low & lower middle income,94.97827717992725
2010,Other creditors,Low & middle income,96.98522966570057
2010,Other creditors,Low income,89.65388813342713
2010,Other creditors,Lower middle income,95.68439723897636
2010,Other creditors,Madagascar,96.94267854652955
2010,Other creditors,Malawi,93.55863111339748
2010,Other creditors,Maldives,96.48164454557005
2010,Other creditors,Mali,96.77318225457662
2010,Other creditors,Mauritania,93.59359023573883
2010,Other creditors,Mauritius,85.1257942259463
2010,Other creditors,Mexico,100.0
2010,Other creditors,"Middle East, North Africa, Afghanistan & Pakistan (excluding high income)",96.78788514032257
2010,Other creditors,Middle income,97.32321479285874
2010,Other creditors,Moldova,98.48606803928394
2010,Other creditors,Mongolia,98.61136678959063
2010,Other creditors,Montenegro,100.0
2010,Other creditors,Morocco,97.50260186028834
2010,Other creditors,Mozambique,96.26778198325344
2010,Other creditors,Myanmar,85.49391708956642
2010,Other creditors,Nepal,100.0
2010,Other creditors,Nicaragua,99.0987925708984
2010,Other creditors,Niger,72.16729969272612
2010,Other creditors,Nigeria,91.89375010559338
2010,Other creditors,North Macedonia,97.78524697948814
2010,Other creditors,Pakistan,95.23756895210957
2010,Other creditors,Papua New Guinea,98.83195359301027
2010,Other creditors,Paraguay,99.64343812904275
2010,Other creditors,Peru,99.98860502401756
2010,Other creditors,Philippines,99.10410448460546
2010,Other creditors,Rwanda,97.31215208988083
2010,Other creditors,Samoa,75.99875283445942
2010,Other creditors,Sao Tome and Principe,87.59200538413613
2010,Other creditors,Senegal,94.15512836511867
2010,Other creditors,Serbia,97.77142419459877
2010,Other creditors,Sierra Leone,96.11373812114878
2010,Other creditors,Solomon Islands,100.0
2010,Other creditors,"Somalia, Fed. Rep.",100.0
2010,Other creditors,South Africa,100.0
2010,Other creditors,South Asia,98.79498080067646
2010,Other creditors,Sri Lanka,91.21660160560485
2010,Other creditors,St. Lucia,100.0
2010,Other creditors,St. Vincent and the Grenadines,99.90435007977415
2010,Other creditors,Sub-Saharan Africa (excluding high income),90.08071828688824
2010,Other creditors,Sudan,83.8999643971959
2010,Other creditors,Syrian Arab Republic,98.49192969047905
2010,Other creditors,Tajikistan,59.06382384199208
2010,Other creditors,Tanzania,95.83051054862044
2010,Other creditors,Thailand,100.0
2010,Other creditors,Togo,92.81220575898139
2010,Other creditors,Tonga,50.06924809359816
2010,Other creditors,Tunisia,99.70836797227386
2010,Other creditors,Turkiye,99.7153551187171
2010,Other creditors,Turkmenistan,20.154103196681355
2010,Other creditors,Uganda,96.52026442804672
2010,Other creditors,Ukraine,99.99999999999999
2010,Other creditors,Upper middle income,98.19645890733281
2010,Other creditors,Uzbekistan,84.2692493946908
2010,Other creditors,Vanuatu,70.2340760375868
2010,Other creditors,Viet Nam,94.79926751954483
2010,Other creditors,"Yemen, Rep.",95.26313340493229
2010,Other creditors,Zambia,70.72262484731887
2010,Other creditors,Zimbabwe,90.05020687000066
2011,Other creditors,Afghanistan,100.0
2011,Other creditors,Africa (excluding high income),91.70616705626502
2011,Other creditors,Albania,99.55251362020738
2011,Other creditors,Algeria,96.77693543245303
2011,Other creditors,Angola,64.38505298976675
2011,Other creditors,Argentina,99.94721232119106
2011,Other creditors,Armenia,100.0
2011,Other creditors,Azerbaijan,100.0
2011,Other creditors,Bangladesh,99.77379939607897
2011,Other creditors,Belarus,88.0429074756203
2011,Other creditors,Belize,100.0
2011,Other creditors,Benin,89.1534094630159
2011,Other creditors,Bhutan,100.0
2011,Other creditors,Bolivia,94.61901502732442
2011,Other creditors,Bosnia and Herzegovina,100.00000000000001
2011,Other creditors,Botswana,96.97538526742814
2011,Other creditors,Brazil,91.60468870679728
2011,Other creditors,Burkina Faso,97.48323888437895
2011,Other creditors,Burundi,99.85352637489395
2011,Other creditors,Cabo Verde,97.06859445088304
2011,Other creditors,Cambodia,76.99052951913922
2011,Other creditors,Cameroon,88.53411146911401
2011,Other creditors,Central African Republic,83.47783075410386
2011,Other creditors,Chad,94.02419705258595
2011,Other creditors,China,100.0
2011,Other creditors,Colombia,99.99973552957894
2011,Other creditors,Comoros,99.99999999999999
2011,Other creditors,"Congo, Dem. Rep.",76.494442802275
2011,Other creditors,"Congo, Rep.",50.514151160379974
2011,Other creditors,Cote d'Ivoire,98.66930442981558
2011,Other creditors,Djibouti,96.96479353038667
2011,Other creditors,Dominica,93.36408369842944
2011,Other creditors,Dominican Republic,99.95730198975322
2011,Other creditors,East Asia & Pacific (excluding high income),97.81274548591345
2011,Other creditors,Ecuador,77.48428150776856
2011,Other creditors,"Egypt, Arab Rep.",99.44665801846001
2011,Other creditors,El Salvador,99.71365395955117
2011,Other creditors,Eritrea,86.58915223367622
2011,Other creditors,Eswatini,99.63557677397976
2011,Other creditors,Ethiopia,73.39434538548376
2011,Other creditors,Europe & Central Asia (excluding high income),96.03660373266351
2011,Other creditors,Fiji,75.90422158557354
2011,Other creditors,Gabon,85.94927317811509
2011,Other creditors,"Gambia, The",96.78974111123888
2011,Other creditors,Georgia,99.8747195873032
2011,Other creditors,Ghana,87.77240665962158
2011,Other creditors,Grenada,100.0
2011,Other creditors,Guatemala,99.56849187861089
2011,Other creditors,Guinea,97.91820963619966
2011,Other creditors,Guinea-Bissau,100.0
2011,Other creditors,Guyana,93.63442272091575
2011,Other creditors,Haiti,100.0
2011,Other creditors,Honduras,97.20338192752652
2011,Other creditors,IDA only,89.71864052628787
2011,Other creditors,IDA total,90.49081099668885
2011,Other creditors,India,99.95540166322512
2011,Other creditors,Indonesia,99.26573893170037
2011,Other creditors,"Iran, Islamic Rep.",87.74669207972934
2011,Other creditors,Jamaica,96.54990292971617
2011,Other creditors,Jordan,99.0738108026481
2011,Other creditors,Kazakhstan,100.0
2011,Other creditors,Kenya,93.76600790124712
2011,Other creditors,Kosovo,100.0
2011,Other creditors,Kyrgyz Republic,89.6166353119726
2011,Other creditors,Lao PDR,73.65376709610885
2011,Other creditors,Latin America & Caribbean (excluding high income),97.561016147748
2011,Other creditors,Least developed countries: UN classification,86.38705824245969
2011,Other creditors,Lebanon,99.96183526396437
2011,Other creditors,Lesotho,95.54310399514945
2011,Other creditors,Liberia,96.87188201215997
2011,Other creditors,Low & lower middle income,93.909239594093
2011,Other creditors,Low & middle income,96.35570253834716
2011,Other creditors,Low income,88.96885414898428
2011,Other creditors,Lower middle income,94.5523716453928
2011,Other creditors,Madagascar,96.95421783642688
2011,Other creditors,Malawi,83.28299751589317
2011,Other creditors,Maldives,94.10119429818705
2011,Other creditors,Mali,96.80593168345642
2011,Other creditors,Mauritania,92.90633935491041
2011,Other creditors,Mauritius,81.26661209187027
2011,Other creditors,Mexico,100.0
2011,Other creditors,"Middle East, North Africa, Afghanistan & Pakistan (excluding high income)",96.53442215058284
2011,Other creditors,Middle income,96.68603512555529
2011,Other creditors,Moldova,98.43243370746973
2011,Other creditors,Mongolia,98.28850374369509
2011,Other creditors,Montenegro,98.29800491022299
2011,Other creditors,Morocco,97.63714109585598
2011,Other creditors,Mozambique,94.22875166165326
2011,Other creditors,Myanmar,79.07658382830799
2011,Other creditors,Nepal,99.45162638550913
2011,Other creditors,Nicaragua,99.13453974681893
2011,Other creditors,Niger,53.31044503840732
2011,Other creditors,Nigeria,89.27176515415474
2011,Other creditors,North Macedonia,98.37283821272342
2011,Other creditors,Pakistan,94.45712695616595
2011,Other creditors,Papua New Guinea,93.66664242860351
2011,Other creditors,Paraguay,99.76753095800355
2011,Other creditors,Peru,99.99153033228454
2011,Other creditors,Philippines,98.86895976118107
2011,Other creditors,Rwanda,97.04621776652942
2011,Other creditors,Samoa,71.62906270321791
2011,Other creditors,Sao Tome and Principe,89.5529972520472
2011,Other creditors,Senegal,94.17627768004118
2011,Other creditors,Serbia,97.56829846980915
2011,Other creditors,Sierra Leone,96.1048652991815
2011,Other creditors,Solomon Islands,100.0
2011,Other creditors,"Somalia, Fed. Rep.",100.0
2011,Other creditors,South Africa,100.0
2011,Other creditors,South Asia,98.6803200504536
2011,Other creditors,Sri Lanka,89.95972737160139
2011,Other creditors,St. Lucia,99.99999999999999
2011,Other creditors,St. Vincent and the Grenadines,100.0
2011,Other creditors,Sub-Saharan Africa (excluding high income),88.7692431117779
2011,Other creditors,Sudan,88.99984468042247
2011,Other creditors,Syrian Arab Republic,98.07501275726106
2011,Other creditors,Tajikistan,55.317795022719885
2011,Other creditors,Tanzania,93.53420844410638
2011,Other creditors,Thailand,100.0
2011,Other creditors,Togo,80.50641242254908
2011,Other creditors,Tonga,38.11555653950687
2011,Other creditors,Tunisia,99.7500046035004
2011,Other creditors,Turkiye,99.69055752406685
2011,Other creditors,Turkmenistan,16.137523523320475
2011,Other creditors,Uganda,96.66061618321274
2011,Other creditors,Ukraine,100.0
2011,Other creditors,Upper middle income,97.80253274418077
2011,Other creditors,Uzbekistan,78.75273927655824
2011,Other creditors,Vanuatu,65.95659332421094
2011,Other creditors,Viet Nam,94.50479875657004
2011,Other creditors,"Yemen, Rep.",95.1415606229044
2011,Other creditors,Zambia,54.03598281316557
2011,Other creditors,Zimbabwe,87.93314807225818
2012,Other creditors,Afghanistan,100.0
2012,Other creditors,Africa (excluding high income),91.26791125048996
2012,Other creditors,Albania,99.66860695137319
2012,Other creditors,Algeria,95.22131353871872
2012,Other creditors,Angola,68.3859652887926
2012,Other creditors,Argentina,99.89566129001892
2012,Other creditors,Armenia,100.0
2012,Other creditors,Azerbaijan,100.0
2012,Other creditors,Bangladesh,99.02754903469224
2012,Other creditors,Belarus,86.63149184719393
2012,Other creditors,Belize,100.0
2012,Other creditors,Benin,88.96667227305744
2012,Other creditors,Bhutan,100.0
2012,Other creditors,Bolivia,92.86196632077333
2012,Other creditors,Bosnia and Herzegovina,100.0
2012,Other creditors,Botswana,97.20338104174844
2012,Other creditors,Brazil,93.24737391067991
2012,Other creditors,Burkina Faso,97.8320241515141
2012,Other creditors,Burundi,100.0
2012,Other creditors,Cabo Verde,97.42382226934258
2012,Other creditors,Cambodia,64.84570269267113
2012,Other creditors,Cameroon,80.61951761021754
2012,Other creditors,Central African Republic,81.644454954441
2012,Other creditors,Chad,92.37200976197076
2012,Other creditors,China,100.0
2012,Other creditors,Colombia,100.0
2012,Other creditors,Comoros,100.0
2012,Other creditors,"Congo, Dem. Rep.",74.0090559273191
2012,Other creditors,"Congo, Rep.",46.07427499696431
2012,Other creditors,Cote d'Ivoire,96.74440237613403
2012,Other creditors,Djibouti,97.53685869773433
2012,Other creditors,Dominica,89.29756427841107
2012,Other creditors,Dominican Republic,99.97028345529853
2012,Other creditors,East Asia & Pacific (excluding high income),97.44960544711503
2012,Other creditors,Ecuador,73.84693614694265
2012,Other creditors,"Egypt, Arab Rep.",98.8300774563675
2012,Other creditors,El Salvador,99.77956801413379
2012,Other creditors,Eritrea,89.89208049820361
2012,Other creditors,Eswatini,99.65758809582854
2012,Other creditors,Ethiopia,72.85638677427828
2012,Other creditors,Europe & Central Asia (excluding high income),95.0203597738143
2012,Other creditors,Fiji,70.34165508871367
2012,Other creditors,Gabon,84.06965196918607
2012,Other creditors,"Gambia, The",96.88419202234995
2012,Other creditors,Georgia,99.9065083172044
2012,Other creditors,Ghana,82.38484091662578
2012,Other creditors,Grenada,100.0
2012,Other creditors,Guatemala,99.73793579896255
2012,Other creditors,Guinea,94.0958307113709
2012,Other creditors,Guinea-Bissau,100.0
2012,Other creditors,Guyana,91.9961320723026
2012,Other creditors,Haiti,100.0
2012,Other creditors,Honduras,96.90013832072536
2012,Other creditors,IDA only,87.8021904146528
2012,Other creditors,IDA total,88.38216841876685
2012,Other creditors,India,99.99999999999999
2012,Other creditors,Indonesia,99.33803141447058
2012,Other creditors,"Iran, Islamic Rep.",87.57139770350146
2012,Other creditors,Jamaica,94.7773245152143
2012,Other creditors,Jordan,98.98517047352807
2012,Other creditors,Kazakhstan,100.0
2012,Other creditors,Kenya,92.11572175940671
2012,Other creditors,Kosovo,100.0
2012,Other creditors,Kyrgyz Republic,81.49113195817901
2012,Other creditors,Lao PDR,67.22496054272963
2012,Other creditors,Latin America & Caribbean (excluding high income),97.72772289502778
2012,Other creditors,Least developed countries: UN classification,85.31390403979076
2012,Other creditors,Lebanon,99.96722843540034
2012,Other creditors,Lesotho,94.54216919184474
2012,Other creditors,Liberia,97.2137899043054
2012,Other creditors,Low & lower middle income,93.05211870868285
2012,Other creditors,Low & middle income,96.06588284872608
2012,Other creditors,Low income,88.77383479081085
2012,Other creditors,Lower middle income,93.61437881496587
2012,Other creditors,Madagascar,97.08145339037732
2012,Other creditors,Malawi,83.1567145624225
2012,Other creditors,Maldives,90.20748404560655
2012,Other creditors,Mali,92.5321470443522
2012,Other creditors,Mauritania,93.96590249793098
2012,Other creditors,Mauritius,75.43343520573215
2012,Other creditors,Mexico,100.00000000000001
2012,Other creditors,"Middle East, North Africa, Afghanistan & Pakistan (excluding high income)",96.23472475370642
2012,Other creditors,Middle income,96.37940120912646
2012,Other creditors,Moldova,99.08636934866958
2012,Other creditors,Mongolia,87.21113820660733
2012,Other creditors,Montenegro,96.762730796934
2012,Other creditors,Morocco,97.84079195413564
2012,Other creditors,Mozambique,92.06102933779162
2012,Other creditors,Myanmar,72.52103176530494
2012,Other creditors,Nepal,98.95586113427008
2012,Other creditors,Nicaragua,99.19254873089777
2012,Other creditors,Niger,76.26572299947104
2012,Other creditors,Nigeria,87.97846243242974
2012,Other creditors,North Macedonia,99.04814887759379
2012,Other creditors,Pakistan,93.09337125898728
2012,Other creditors,Papua New Guinea,90.22012400368162
2012,Other creditors,Paraguay,99.8984205138653
2012,Other creditors,Peru,99.99436033322898
2012,Other creditors,Philippines,98.72387516965499
2012,Other creditors,Rwanda,97.03029600314842
2012,Other creditors,Samoa,68.23254557596431
2012,Other creditors,Sao Tome and Principe,88.78960951636009
2012,Other creditors,Senegal,92.78171151264137
2012,Other creditors,Serbia,97.2530386029119
2012,Other creditors,Sierra Leone,94.30344818569544
2012,Other creditors,Solomon Islands,100.0
2012,Other creditors,"Somalia, Fed. Rep.",100.00000000000001
2012,Other creditors,South Africa,100.0
2012,Other creditors,South Asia,98.22791607347712
2012,Other creditors,Sri Lanka,88.16496378461
2012,Other creditors,St. Lucia,100.0
2012,Other creditors,St. Vincent and the Grenadines,100.0
2012,Other creditors,Sub-Saharan Africa (excluding high income),88.3718156032255
2012,Other creditors,Sudan,89.48809436689636
2012,Other creditors,Syrian Arab Republic,98.04710031058072
2012,Other creditors,Tajikistan,55.80508742913654
2012,Other creditors,Tanzania,90.40588469847584
2012,Other creditors,Thailand,100.0
2012,Other creditors,Timor-Leste,100.0
2012,Other creditors,Togo,64.41971006258169
2012,Other creditors,Tonga,35.30944977979979
2012,Other creditors,Tunisia,99.53719493286108
2012,Other creditors,Turkiye,99.68027804250664
2012,Other creditors,Turkmenistan,12.473258686818204
2012,Other creditors,Uganda,91.88340736446344
2012,Other creditors,Ukraine,100.0
2012,Other creditors,Upper middle income,97.723792321807
2012,Other creditors,Uzbekistan,79.29079921994669
2012,Other creditors,Vanuatu,61.023171602967096
2012,Other creditors,Viet Nam,94.44471657905112
2012,Other creditors,"Yemen, Rep.",95.8613929426997
2012,Other creditors,Zambia,60.03094722747083
2012,Other creditors,Zimbabwe,84.41813935095196
2013,Other creditors,Afghanistan,100.0
2013,Other creditors,Africa (excluding high income),89.80177212403119
2013,Other creditors,Albania,99.77482629544083
2013,Other creditors,Algeria,94.36286809761998
2013,Other creditors,Angola,64.95407406442962
2013,Other creditors,Argentina,99.6551521025708
2013,Other creditors,Armenia,100.0
2013,Other creditors,Azerbaijan,100.0
2013,Other creditors,Bangladesh,97.99196310610702
2013,Other creditors,Belarus,81.43785495689089
2013,Other creditors,Belize,100.0
2013,Other creditors,Benin,91.31426268569226
2013,Other creditors,Bhutan,100.0
2013,Other creditors,Bolivia,90.7180498341483
2013,Other creditors,Bosnia and Herzegovina,100.0
2013,Other creditors,Botswana,97.3596628498915
2013,Other creditors,Brazil,94.29341161358853
2013,Other creditors,Burkina Faso,98.07294491556408
2013,Other creditors,Burundi,100.00000000000001
2013,Other creditors,Cabo Verde,97.78686720367214
2013,Other creditors,Cambodia,60.132739771123035
2013,Other creditors,Cameroon,69.12492972573277
2013,Other creditors,Central African Republic,76.72101676059987
2013,Other creditors,Chad,93.83046081248452
2013,Other creditors,China,100.0
2013,Other creditors,Colombia,100.0
2013,Other creditors,Comoros,100.0
2013,Other creditors,"Congo, Dem. Rep.",63.331160428549346
2013,Other creditors,"Congo, Rep.",41.86691181992341
2013,Other creditors,Cote d'Ivoire,93.42728597852611
2013,Other creditors,Djibouti,96.29590465776724
2013,Other creditors,Dominica,87.61166842623389
2013,Other creditors,Dominican Republic,99.98218652490775
2013,Other creditors,East Asia & Pacific (excluding high income),96.8315878786446
2013,Other creditors,Ecuador,62.94555869237346
2013,Other creditors,"Egypt, Arab Rep.",99.10878775082331
2013,Other creditors,El Salvador,99.82639223588065
2013,Other creditors,Eritrea,93.58431853483326
2013,Other creditors,Eswatini,99.68761383044061
2013,Other creditors,Ethiopia,72.899390666986
2013,Other creditors,Europe & Central Asia (excluding high income),94.02413945915036
2013,Other creditors,Fiji,66.30302093961392
2013,Other creditors,Gabon,84.39094239366398
2013,Other creditors,"Gambia, The",96.97223079504312
2013,Other creditors,Georgia,99.91749952095165
2013,Other creditors,Ghana,80.28497467286948
2013,Other creditors,Grenada,100.0
2013,Other creditors,Guatemala,99.83360546281124
2013,Other creditors,Guinea,80.99815312482679
2013,Other creditors,Guinea-Bissau,100.0
2013,Other creditors,Guyana,89.80165726061368
2013,Other creditors,Haiti,100.0
2013,Other creditors,Honduras,97.83116253013539
2013,Other creditors,IDA only,85.82828187339803
2013,Other creditors,IDA total,86.21827512676296
2013,Other creditors,India,100.0
2013,Other creditors,Indonesia,99.27274867848736
2013,Other creditors,"Iran, Islamic Rep.",88.68185419984029
2013,Other creditors,Jamaica,93.17714221724178
2013,Other creditors,Jordan,99.17432954435432
2013,Other creditors,Kazakhstan,99.99999999999999
2013,Other creditors,Kenya,90.45314766410236
2013,Other creditors,Kosovo,100.0
2013,Other creditors,Kyrgyz Republic,74.34524780716447
2013,Other creditors,Lao PDR,60.396707740966534
2013,Other creditors,Latin America & Caribbean (excluding high income),97.5540800466511
2013,Other creditors,Least developed countries: UN classification,82.79140947114593
2013,Other creditors,Lebanon,99.96816710749815
2013,Other creditors,Lesotho,94.35585339361337
2013,Other creditors,Liberia,97.43290094280333
2013,Other creditors,Low & lower middle income,91.68507914308931
2013,Other creditors,Low & middle income,95.3262359242344
2013,Other creditors,Low income,87.73384938322053
2013,Other creditors,Lower middle income,92.22760141354206
2013,Other creditors,Madagascar,97.09825665718654
2013,Other creditors,Malawi,80.54944052800579
2013,Other creditors,Maldives,85.46618568883426
2013,Other creditors,Mali,91.15272249254053
2013,Other creditors,Mauritania,92.2662991128301
2013,Other creditors,Mauritius,76.74497427292985
2013,Other creditors,Mexico,100.0
2013,Other creditors,"Middle East, North Africa, Afghanistan & Pakistan (excluding high income)",96.12767694136299
2013,Other creditors,Middle income,95.66613519545058
2013,Other creditors,Moldova,98.91234078845365
2013,Other creditors,Mongolia,69.75977608848952
2013,Other creditors,Montenegro,97.08794006818763
2013,Other creditors,Morocco,98.12724422308253
2013,Other creditors,Mozambique,90.34175770023154
2013,Other creditors,Myanmar,63.94949133774152
2013,Other creditors,Nepal,98.68479575241831
2013,Other creditors,Nicaragua,99.24254544985757
2013,Other creditors,Niger,80.03315672276268
2013,Other creditors,Nigeria,88.07961329973166
2013,Other creditors,North Macedonia,99.65446272405572
2013,Other creditors,Pakistan,90.95404055612053
2013,Other creditors,Papua New Guinea,89.2868305307009
2013,Other creditors,Paraguay,100.0
2013,Other creditors,Peru,99.996127878439
2013,Other creditors,Philippines,98.5884456846441
2013,Other creditors,Rwanda,96.36449556129426
2013,Other creditors,Samoa,64.76010629912611
2013,Other creditors,Sao Tome and Principe,89.55870644964479
2013,Other creditors,Senegal,92.57550670144393
2013,Other creditors,Serbia,97.62041552689865
2013,Other creditors,Sierra Leone,94.36747790089235
2013,Other creditors,Solomon Islands,100.00000000000001
2013,Other creditors,"Somalia, Fed. Rep.",100.0
2013,Other creditors,South Africa,100.0
2013,Other creditors,South Asia,97.5789813018401
2013,Other creditors,Sri Lanka,85.71612967170101
2013,Other creditors,St. Lucia,100.0
2013,Other creditors,St. Vincent and the Grenadines,100.0
2013,Other creditors,Sub-Saharan Africa (excluding high income),86.1334699241532
2013,Other creditors,Sudan,89.76693931818912
2013,Other creditors,Syrian Arab Republic,97.96190968811985
2013,Other creditors,Tajikistan,55.25381067113001
2013,Other creditors,Tanzania,86.43240970589969
2013,Other creditors,Thailand,100.0
2013,Other creditors,Timor-Leste,100.0
2013,Other creditors,Togo,67.19379026897265
2013,Other creditors,Tonga,33.54235731352836
2013,Other creditors,Tunisia,99.36984194623373
2013,Other creditors,Turkiye,99.61777578648784
2013,Other creditors,Turkmenistan,8.995828580458305
2013,Other creditors,Uganda,91.69312471729462
2013,Other creditors,Ukraine,99.05011491464393
2013,Other creditors,Upper middle income,97.32967589499766
2013,Other creditors,Uzbekistan,78.77877939547395
2013,Other creditors,Vanuatu,63.22000797203373
2013,Other creditors,Viet Nam,94.65120112967433
2013,Other creditors,"Yemen, Rep.",95.86344424576927
2013,Other creditors,Zambia,59.49294896525808
2013,Other creditors,Zimbabwe,83.30253708731594
2014,Other creditors,Afghanistan,100.0
2014,Other creditors,Africa (excluding high income),87.78047417361
2014,Other creditors,Albania,99.85925913716483
2014,Other creditors,Algeria,93.28468633971512
2014,Other creditors,Angola,67.57899063707589
2014,Other creditors,Argentina,99.13809167668353
2014,Other creditors,Armenia,100.0
2014,Other creditors,Azerbaijan,100.0
2014,Other creditors,Bangladesh,96.6536172210222
2014,Other creditors,Belarus,79.5444921570584
2014,Other creditors,Belize,100.0
2014,Other creditors,Benin,88.64041982304576
2014,Other creditors,Bhutan,100.0
2014,Other creditors,Bolivia,90.21599892212257
2014,Other creditors,Bosnia and Herzegovina,100.0
2014,Other creditors,Botswana,96.96951088949027
2014,Other creditors,Brazil,95.59520667977604
2014,Other creditors,Burkina Faso,98.35561609634348
2014,Other creditors,Burundi,100.0
2014,Other creditors,Cabo Verde,97.9498972284397
2014,Other creditors,Cambodia,54.80733485435985
2014,Other creditors,Cameroon,58.75430047469151
2014,Other creditors,Central African Republic,81.1452115875856
2014,Other creditors,Chad,93.3030967527488
2014,Other creditors,China,100.0
2014,Other creditors,Colombia,100.0
2014,Other creditors,Comoros,100.0
2014,Other creditors,"Congo, Dem. Rep.",59.1748386226483
2014,Other creditors,"Congo, Rep.",48.92642472651124
2014,Other creditors,Cote d'Ivoire,91.39391353983535
2014,Other creditors,Djibouti,78.02551493149835
2014,Other creditors,Dominica,85.94626434206818
2014,Other creditors,Dominican Republic,99.98520447072781
2014,Other creditors,East Asia & Pacific (excluding high income),96.57996713560274
2014,Other creditors,Ecuador,70.50821155307936
2014,Other creditors,"Egypt, Arab Rep.",99.0258474488054
2014,Other creditors,El Salvador,99.88574053574983
2014,Other creditors,Eritrea,93.3390057187012
2014,Other creditors,Eswatini,99.74764394327222
2014,Other creditors,Ethiopia,66.27035041903076
2014,Other creditors,Europe & Central Asia (excluding high income),93.72152640102605
2014,Other creditors,Fiji,60.62213006714084
2014,Other creditors,Gabon,81.46030528562343
2014,Other creditors,"Gambia, The",100.0
2014,Other creditors,Georgia,99.92966015761745
2014,Other creditors,Ghana,81.56316497942592
2014,Other creditors,Grenada,100.0
2014,Other creditors,Guatemala,99.85616855738968
2014,Other creditors,Guinea,74.6954075914099
2014,Other creditors,Guinea-Bissau,100.0
2014,Other creditors,Guyana,88.21486172750312
2014,Other creditors,Haiti,100.0
2014,Other creditors,Honduras,97.99068756192426
2014,Other creditors,IDA only,83.256777009936
2014,Other creditors,IDA total,83.63849889619887
2014,Other creditors,India,99.99999999999997
2014,Other creditors,Indonesia,99.32135720231106
2014,Other creditors,"Iran, Islamic Rep.",89.05289229675006
2014,Other creditors,Jamaica,93.02654885628267
2014,Other creditors,Jordan,99.24955062651229
2014,Other creditors,Kazakhstan,100.0
2014,Other creditors,Kenya,83.23666396637802
2014,Other creditors,Kosovo,100.0
2014,Other creditors,Kyrgyz Republic,65.66850929148195
2014,Other creditors,Lao PDR,55.01358367308349
2014,Other creditors,Latin America & Caribbean (excluding high income),97.73562645366832
2014,Other creditors,Least developed countries: UN classification,80.24542400163601
2014,Other creditors,Lebanon,99.96763087180666
2014,Other creditors,Lesotho,94.4569198293077
2014,Other creditors,Liberia,98.04528302420914
2014,Other creditors,Low & lower middle income,90.50562072906303
2014,Other creditors,Low & middle income,94.98547238592425
2014,Other creditors,Low income,84.86386003637911
2014,Other creditors,Lower middle income,91.25894018173481
2014,Other creditors,Madagascar,97.38213760547205
2014,Other creditors,Malawi,82.30766715978584
2014,Other creditors,Maldives,78.94536365290014
2014,Other creditors,Mali,88.62109282561941
2014,Other creditors,Mauritania,92.7137320807166
2014,Other creditors,Mauritius,76.26734110195645
2014,Other creditors,Mexico,100.0
2014,Other creditors,"Middle East, North Africa, Afghanistan & Pakistan (excluding high income)",95.68451204847946
2014,Other creditors,Middle income,95.42386631063843
2014,Other creditors,Moldova,99.26871591835454
2014,Other creditors,Mongolia,61.889654153157096
2014,Other creditors,Montenegro,96.02725289738902
2014,Other creditors,Morocco,98.21244609901815
2014,Other creditors,Mozambique,84.81249582910931
2014,Other creditors,Myanmar,56.36520651384225
2014,Other creditors,Nepal,97.72999406339396
2014,Other creditors,Nicaragua,99.30015453418488
2014,Other creditors,Niger,82.29977062866435
2014,Other creditors,Nigeria,86.62207563618303
2014,Other creditors,North Macedonia,95.85989284997603
2014,Other creditors,Pakistan,89.74011571645919
2014,Other creditors,Papua New Guinea,83.47281453610728
2014,Other creditors,Paraguay,100.0
2014,Other creditors,Peru,99.9979063002994
2014,Other creditors,Philippines,98.72643558383285
2014,Other creditors,Rwanda,95.08386242055838
2014,Other creditors,Samoa,59.1521406457583
2014,Other creditors,Sao Tome and Principe,89.78133723658001
2014,Other creditors,Senegal,92.74274693955093
2014,Other creditors,Serbia,96.70712924091207
2014,Other creditors,Sierra Leone,94.58887334125775
2014,Other creditors,Solomon Islands,100.0
2014,Other creditors,"Somalia, Fed. Rep.",99.99999999999999
2014,Other creditors,South Africa,100.0
2014,Other creditors,South Asia,97.4320809587982
2014,Other creditors,Sri Lanka,83.37085713840096
2014,Other creditors,St. Lucia,100.0
2014,Other creditors,St. Vincent and the Grenadines,99.99999999999997
2014,Other creditors,Sub-Saharan Africa (excluding high income),84.01091526944091
2014,Other creditors,Sudan,89.55119255014355
2014,Other creditors,Syrian Arab Republic,97.83745914815461
2014,Other creditors,Tajikistan,54.55953719166824
2014,Other creditors,Tanzania,81.73258872491468
2014,Other creditors,Thailand,100.0
2014,Other creditors,Timor-Leste,100.0
2014,Other creditors,Togo,58.19435272427273
2014,Other creditors,Tonga,32.999832877251855
2014,Other creditors,Tunisia,99.42923864688353
2014,Other creditors,Turkiye,99.51231364725841
2014,Other creditors,Turkmenistan,8.805455613684112
2014,Other creditors,Uganda,90.51987881805734
2014,Other creditors,Ukraine,97.52191602662451
2014,Other creditors,Upper middle income,97.42351316321285
2014,Other creditors,Uzbekistan,77.30774375557556
2014,Other creditors,Vanuatu,62.02055529582476
2014,Other creditors,Viet Nam,94.74500272150874
2014,Other creditors,"Yemen, Rep.",95.86652712278143
2014,Other creditors,Zambia,63.982626453430264
2014,Other creditors,Zimbabwe,80.9843040815712
2015,Other creditors,Afghanistan,99.99999999999999
2015,Other creditors,Africa (excluding high income),86.94627631928454
2015,Other creditors,Albania,99.95166873250106
2015,Other creditors,Algeria,92.06156118818039
2015,Other creditors,Angola,69.85871929773842
2015,Other creditors,Argentina,97.66183901240554
2015,Other creditors,Armenia,99.49043797618731
2015,Other creditors,Azerbaijan,100.0
2015,Other creditors,Bangladesh,96.60784688376236
2015,Other creditors,Belarus,76.75249006070935
2015,Other creditors,Belize,100.0
2015,Other creditors,Benin,87.0961091997762
2015,Other creditors,Bhutan,100.0
2015,Other creditors,Bolivia,91.64122611520338
2015,Other creditors,Bosnia and Herzegovina,100.0
2015,Other creditors,Botswana,97.42226181859301
2015,Other creditors,Brazil,96.40697944864026
2015,Other creditors,Burkina Faso,96.78018810342907
2015,Other creditors,Burundi,97.37354793032749
2015,Other creditors,Cabo Verde,98.20127779171843
2015,Other creditors,Cambodia,52.42796696527835
2015,Other creditors,Cameroon,62.666413901655396
2015,Other creditors,Central African Republic,74.81804439613622
2015,Other creditors,Chad,91.08716456702896
2015,Other creditors,China,100.0
2015,Other creditors,Colombia,100.0
2015,Other creditors,Comoros,100.0
2015,Other creditors,"Congo, Dem. Rep.",55.84902736458602
2015,Other creditors,"Congo, Rep.",54.513071436133146
2015,Other creditors,Cote d'Ivoire,90.63935355966295
2015,Other creditors,Djibouti,55.89363436716844
2015,Other creditors,Dominica,84.80572698159692
2015,Other creditors,Dominican Republic,99.9865885455361
2015,Other creditors,East Asia & Pacific (excluding high income),96.18474102789091
2015,Other creditors,Ecuador,72.79272026255148
2015,Other creditors,"Egypt, Arab Rep.",99.2079874322548
2015,Other creditors,El Salvador,99.92807198728669
2015,Other creditors,Eritrea,93.74204521301358
2015,Other creditors,Eswatini,99.81864196191279
2015,Other creditors,Ethiopia,62.706139426668486
2015,Other creditors,Europe & Central Asia (excluding high income),93.36052893624567
2015,Other creditors,Fiji,57.2888455912516
2015,Other creditors,Gabon,81.28747388321727
2015,Other creditors,"Gambia, The",99.99999999999999
2015,Other creditors,Georgia,99.94345338441728
2015,Other creditors,Ghana,83.54905830059838
2015,Other creditors,Grenada,100.0
2015,Other creditors,Guatemala,99.88880223569556
2015,Other creditors,Guinea,67.86993800273785
2015,Other creditors,Guinea-Bissau,100.0
2015,Other creditors,Guyana,88.06817139276596
2015,Other creditors,Haiti,100.0
2015,Other creditors,Honduras,95.63176133910952
2015,Other creditors,IDA only,81.88664365509302
2015,Other creditors,IDA total,82.30841000403672
2015,Other creditors,India,100.0
2015,Other creditors,Indonesia,99.39271850681216
2015,Other creditors,"Iran, Islamic Rep.",92.42859992127225
2015,Other creditors,Iraq,90.56052140851759
2015,Other creditors,Jamaica,94.10056531150039
2015,Other creditors,Jordan,99.39437745421355
2015,Other creditors,Kazakhstan,100.0
2015,Other creditors,Kenya,79.35747118624704
2015,Other creditors,Kosovo,100.0
2015,Other creditors,Kyrgyz Republic,62.018821204628885
2015,Other creditors,Lao PDR,56.52730804187774
2015,Other creditors,Latin America & Caribbean (excluding high income),97.78969044514625
2015,Other creditors,Least developed countries: UN classification,79.1881338935616
2015,Other creditors,Lebanon,99.97119089670468
2015,Other creditors,Lesotho,94.80844305143509
2015,Other creditors,Liberia,98.74206188644617
2015,Other creditors,Low & lower middle income,90.10867515631045
2015,Other creditors,Low & middle income,94.68375372719996
2015,Other creditors,Low income,82.67533319896113
2015,Other creditors,Lower middle income,91.08048685790872
2015,Other creditors,Madagascar,97.80372624655273
2015,Other creditors,Malawi,83.60586761181828
2015,Other creditors,Maldives,78.13280379689029
2015,Other creditors,Mali,86.7593180793924
2015,Other creditors,Mauritania,90.82478059076017
2015,Other creditors,Mauritius,75.71319978788276
2015,Other creditors,Mexico,100.0
2015,Other creditors,"Middle East, North Africa, Afghanistan & Pakistan (excluding high income)",95.5655764119518
2015,Other creditors,Middle income,95.21809951336921
2015,Other creditors,Moldova,99.74049979226982
2015,Other creditors,Mongolia,58.37892567814788
2015,Other creditors,Montenegro,89.03625677422812
2015,Other creditors,Morocco,98.3319495506205
2015,Other creditors,Mozambique,83.75909807970943
2015,Other creditors,Myanmar,54.69337798580434
2015,Other creditors,Nepal,97.66912223170353
2015,Other creditors,Nicaragua,99.3804858606373
2015,Other creditors,Niger,85.83350314731437
2015,Other creditors,Nigeria,86.4693836411801
2015,Other creditors,North Macedonia,93.57211441357187
2015,Other creditors,Pakistan,88.48986954354879
2015,Other creditors,Papua New Guinea,80.00807931599154
2015,Other creditors,Paraguay,100.0
2015,Other creditors,Peru,100.0
2015,Other creditors,Philippines,99.14873361153737
2015,Other creditors,Rwanda,94.30697272420412
2015,Other creditors,Samoa,59.15415742294723
2015,Other creditors,Sao Tome and Principe,91.50389447650814
2015,Other creditors,Senegal,90.54190735838168
2015,Other creditors,Serbia,95.44751583927605
2015,Other creditors,Sierra Leone,94.02474085232731
2015,Other creditors,Solomon Islands,100.0
2015,Other creditors,"Somalia, Fed. Rep.",100.00000000000001
2015,Other creditors,South Africa,100.0
2015,Other creditors,South Asia,97.45785273576274
2015,Other creditors,Sri Lanka,83.53357006077526
2015,Other creditors,St. Lucia,100.0
2015,Other creditors,St. Vincent and the Grenadines,100.00000000000001
2015,Other creditors,Sub-Saharan Africa (excluding high income),82.70175145966242
2015,Other creditors,Sudan,90.0943827213057
2015,Other creditors,Suriname,72.10465234914439
2015,Other creditors,Syrian Arab Republic,97.87873780833264
2015,Other creditors,Tajikistan,50.034528501364626
2015,Other creditors,Tanzania,79.74836715931482
2015,Other creditors,Thailand,100.00000000000001
2015,Other creditors,Timor-Leste,100.0
2015,Other creditors,Togo,55.07593086288528
2015,Other creditors,Tonga,33.17673913516215
2015,Other creditors,Tunisia,99.47608846679584
2015,Other creditors,Turkiye,99.49395558896768
2015,Other creditors,Turkmenistan,12.291557465543246
2015,Other creditors,Uganda,84.3401749492003
2015,Other creditors,Ukraine,96.69068608429878
2015,Other creditors,Upper middle income,97.35301812715862
2015,Other creditors,Uzbekistan,77.77557055330342
2015,Other creditors,Vanuatu,35.49043697053562
2015,Other creditors,Viet Nam,95.08196852973467
2015,Other creditors,"Yemen, Rep.",95.85908105904915
2015,Other creditors,Zambia,68.5703243028063
2015,Other creditors,Zimbabwe,77.88144959345607
2016,Other creditors,Afghanistan,100.0
2016,Other creditors,Africa (excluding high income),84.62826222280773
2016,Other creditors,Albania,99.95059298482167
2016,Other creditors,Algeria,96.00976566446775
2016,Other creditors,Angola,54.110616592559694
2016,Other creditors,Argentina,98.31106079025992
2016,Other creditors,Armenia,99.49983455110879
2016,Other creditors,Azerbaijan,99.99999999999999
2016,Other creditors,Bangladesh,96.65055761499197
2016,Other creditors,Belarus,77.80478903777639
2016,Other creditors,Belize,100.0
2016,Other creditors,Benin,88.13540780932925
2016,Other creditors,Bhutan,100.0
2016,Other creditors,Bolivia,91.7068820467998
2016,Other creditors,Bosnia and Herzegovina,100.0
2016,Other creditors,Botswana,97.95300498267792
2016,Other creditors,Brazil,97.29782320716893
2016,Other creditors,Burkina Faso,97.26874838275278
2016,Other creditors,Burundi,96.6536938628767
2016,Other creditors,Cabo Verde,98.44626714462773
2016,Other creditors,Cambodia,52.05782864067243
2016,Other creditors,Cameroon,62.11373893171199
2016,Other creditors,Central African Republic,75.94876557145527
2016,Other creditors,Chad,90.67011581152163
2016,Other creditors,China,100.0
2016,Other creditors,Colombia,100.0
2016,Other creditors,Comoros,79.82431291375985
2016,Other creditors,"Congo, Dem. Rep.",53.48843275319149
2016,Other creditors,"Congo, Rep.",55.70513883450264
2016,Other creditors,Cote d'Ivoire,85.61370442757848
2016,Other creditors,Djibouti,44.62762546112878
2016,Other creditors,Dominica,85.82690855831495
2016,Other creditors,Dominican Republic,99.98883368971391
2016,Other creditors,East Asia & Pacific (excluding high income),96.370441467922
2016,Other creditors,Ecuador,67.8911151542135
2016,Other creditors,"Egypt, Arab Rep.",96.33907217984287
2016,Other creditors,El Salvador,99.95427759485668
2016,Other creditors,Eritrea,94.53689738608534
2016,Other creditors,Eswatini,91.12994525795384
2016,Other creditors,Ethiopia,62.756039050429855
2016,Other creditors,Europe & Central Asia (excluding high income),93.6570154767231
2016,Other creditors,Fiji,58.471607653344535
2016,Other creditors,Gabon,78.70151636478855
2016,Other creditors,"Gambia, The",100.0
2016,Other creditors,Georgia,99.95838362905123
2016,Other creditors,Ghana,85.83060687852789
2016,Other creditors,Grenada,100.0
2016,Other creditors,Guatemala,99.73604511823079
2016,Other creditors,Guinea,68.8892341486242
2016,Other creditors,Guinea-Bissau,100.0
2016,Other creditors,Guyana,86.4970232260002
2016,Other creditors,Haiti,100.0
2016,Other creditors,Honduras,94.59689959456925
2016,Other creditors,IDA only,81.52892727757558
2016,Other creditors,IDA total,81.35851375797775
2016,Other creditors,India,100.0
2016,Other creditors,Indonesia,99.42092122996556
2016,Other creditors,"Iran, Islamic Rep.",85.22786762709258
2016,Other creditors,Iraq,92.56086545115498
2016,Other creditors,Jamaica,94.20267624238417
2016,Other creditors,Jordan,99.51782940584991
2016,Other creditors,Kazakhstan,98.96609878293604
2016,Other creditors,Kenya,74.79050422012897
2016,Other creditors,Kosovo,100.0
2016,Other creditors,Kyrgyz Republic,57.82825744399377
2016,Other creditors,Lao PDR,56.59716066842376
2016,Other creditors,Latin America & Caribbean (excluding high income),97.77369873921413
2016,Other creditors,Least developed countries: UN classification,75.53241220949462
2016,Other creditors,Lebanon,99.97404294999423
2016,Other creditors,Lesotho,93.58522528152115
2016,Other creditors,Liberia,99.02937270383774
2016,Other creditors,Low & lower middle income,88.2489859864182
2016,Other creditors,Low & middle income,94.18665337904321
2016,Other creditors,Low income,81.81944768703327
2016,Other creditors,Lower middle income,89.09022917877215
2016,Other creditors,Madagascar,98.09040099388172
2016,Other creditors,Malawi,85.5849061591359
2016,Other creditors,Maldives,66.37707461604509
2016,Other creditors,Mali,85.290623099461
2016,Other creditors,Mauritania,91.2178706205878
2016,Other creditors,Mauritius,77.37751881935193
2016,Other creditors,Mexico,100.0
2016,Other creditors,"Middle East, North Africa, Afghanistan & Pakistan (excluding high income)",94.36864178486242
2016,Other creditors,Middle income,94.72043619435544
2016,Other creditors,Moldova,99.96055247983067
2016,Other creditors,Mongolia,63.36467797746319
2016,Other creditors,Montenegro,88.20852432344226
2016,Other creditors,Morocco,97.90417245305757
2016,Other creditors,Mozambique,82.96917422983319
2016,Other creditors,Myanmar,56.93740664784147
2016,Other creditors,Nepal,97.94371123899802
2016,Other creditors,Nicaragua,99.43186191903844
2016,Other creditors,Niger,86.05184117004373
2016,Other creditors,Nigeria,85.50488351173753
2016,Other creditors,North Macedonia,90.53276765426328
2016,Other creditors,Pakistan,86.15222467196254
2016,Other creditors,Papua New Guinea,78.61619011069666
2016,Other creditors,Paraguay,100.00000000000003
2016,Other creditors,Peru,100.0
2016,Other creditors,Philippines,99.17190492544935
2016,Other creditors,Rwanda,94.49585630254099
2016,Other creditors,Samoa,59.421250106752545
2016,Other creditors,Sao Tome and Principe,91.9195349335145
2016,Other creditors,Senegal,85.32630000061026
2016,Other creditors,Serbia,95.08357951657946
2016,Other creditors,Sierra Leone,94.56957834596986
2016,Other creditors,Solomon Islands,100.0
2016,Other creditors,"Somalia, Fed. Rep.",100.0
2016,Other creditors,South Africa,100.0
2016,Other creditors,South Asia,97.24591168098438
2016,Other creditors,Sri Lanka,84.46539502345476
2016,Other creditors,St. Lucia,100.0
2016,Other creditors,St. Vincent and the Grenadines,100.0
2016,Other creditors,Sub-Saharan Africa (excluding high income),80.27937910967965
2016,Other creditors,Sudan,90.51822712901489
2016,Other creditors,Suriname,85.02084176635047
2016,Other creditors,Syrian Arab Republic,98.00101397560205
2016,Other creditors,Tajikistan,46.82819723467434
2016,Other creditors,Tanzania,79.76302942862687
2016,Other creditors,Thailand,99.99999999999999
2016,Other creditors,Timor-Leste,100.0
2016,Other creditors,Togo,53.200719407607174
2016,Other creditors,Tonga,36.47019423452652
2016,Other creditors,Tunisia,99.5384903999612
2016,Other creditors,Turkiye,99.52920022076731
2016,Other creditors,Turkmenistan,38.035687504302665
2016,Other creditors,Uganda,79.83022672902733
2016,Other creditors,Ukraine,96.54430244706192
2016,Other creditors,Upper middle income,97.49197313036383
2016,Other creditors,Uzbekistan,77.44412555368409
2016,Other creditors,Vanuatu,39.113418987025916
2016,Other creditors,Viet Nam,95.35876138273879
2016,Other creditors,"Yemen, Rep.",95.94321628376844
2016,Other creditors,Zambia,65.79132313350726
2016,Other creditors,Zimbabwe,75.07192415983424
2017,Other creditors,Afghanistan,100.00000000000001
2017,Other creditors,Africa (excluding high income),85.27091602388107
2017,Other creditors,Albania,99.95714473225688
2017,Other creditors,Algeria,95.7327464816802
2017,Other creditors,Angola,51.34779693546124
2017,Other creditors,Argentina,97.81387441238465
2017,Other creditors,Armenia,99.54335359996551
2017,Other creditors,Azerbaijan,100.0
2017,Other creditors,Bangladesh,96.15394556114606
2017,Other creditors,Belarus,79.17419755323458
2017,Other creditors,Belize,100.0
2017,Other creditors,Benin,88.50660567331755
2017,Other creditors,Bhutan,100.0
2017,Other creditors,Bolivia,92.09297451300858
2017,Other creditors,Bosnia and Herzegovina,100.00000000000003
2017,Other creditors,Botswana,98.178740443636
2017,Other creditors,Brazil,93.80397621721367
2017,Other creditors,Burkina Faso,97.66378003838408
2017,Other creditors,Burundi,96.51589773284198
2017,Other creditors,Cabo Verde,98.04080888040545
2017,Other creditors,Cambodia,52.35787133282749
2017,Other creditors,Cameroon,61.829032562574106
2017,Other creditors,Central African Republic,73.58071493124984
2017,Other creditors,Chad,91.12701512292568
2017,Other creditors,China,100.0
2017,Other creditors,Colombia,100.0
2017,Other creditors,Comoros,80.54539733078781
2017,Other creditors,"Congo, Dem. Rep.",54.72867570652207
2017,Other creditors,"Congo, Rep.",57.11315760933597
2017,Other creditors,Cote d'Ivoire,83.74465432466201
2017,Other creditors,Djibouti,40.3291865510995
2017,Other creditors,Dominica,85.82251261634592
2017,Other creditors,Dominican Republic,99.9907259014109
2017,Other creditors,East Asia & Pacific (excluding high income),96.5800968850979
2017,Other creditors,Ecuador,76.1315434907134
2017,Other creditors,"Egypt, Arab Rep.",96.41789720256085
2017,Other creditors,El Salvador,99.96560612794497
2017,Other creditors,Eritrea,95.13011905021044
2017,Other creditors,Eswatini,86.63339532236601
2017,Other creditors,Ethiopia,65.38957061589022
2017,Other creditors,Europe & Central Asia (excluding high income),93.92399113476827
2017,Other creditors,Fiji,61.612134866807565
2017,Other creditors,Gabon,81.47675457691149
2017,Other creditors,"Gambia, The",100.0
2017,Other creditors,Georgia,99.9651773938489
2017,Other creditors,Ghana,87.8094972932056
2017,Other creditors,Grenada,100.0
2017,Other creditors,Guatemala,99.55158888323405
2017,Other creditors,Guinea,69.19912494160776
2017,Other creditors,Guinea-Bissau,100.0
2017,Other creditors,Guyana,83.2596774501972
2017,Other creditors,Haiti,100.0
2017,Other creditors,Honduras,94.0664279162253
2017,Other creditors,IDA only,82.08528951632141
2017,Other creditors,IDA total,81.4657057642815
2017,Other creditors,India,100.0
2017,Other creditors,Indonesia,99.32469547850258
2017,Other creditors,"Iran, Islamic Rep.",94.73813084582127
2017,Other creditors,Iraq,94.39179387549775
2017,Other creditors,Jamaica,94.12732254246943
2017,Other creditors,Jordan,99.59146049591538
2017,Other creditors,Kazakhstan,96.43418552652274
2017,Other creditors,Kenya,74.01577439605764
2017,Other creditors,Kosovo,100.0
2017,Other creditors,Kyrgyz Republic,56.09439042188507
2017,Other creditors,Lao PDR,57.61191383875203
2017,Other creditors,Latin America & Caribbean (excluding high income),97.04638855312001
2017,Other creditors,Least developed countries: UN classification,76.01273301578263
2017,Other creditors,Lebanon,99.97441356722972
2017,Other creditors,Lesotho,93.9590911938604
2017,Other creditors,Liberia,96.75074903868406
2017,Other creditors,Low & lower middle income,88.40090311267568
2017,Other creditors,Low & middle income,93.98888190759166
2017,Other creditors,Low income,82.16462617646457
2017,Other creditors,Lower middle income,89.17234198657599
2017,Other creditors,Madagascar,98.33396832616823
2017,Other creditors,Malawi,87.70321686302427
2017,Other creditors,Maldives,67.95666594694683
2017,Other creditors,Mali,86.11255301662355
2017,Other creditors,Mauritania,91.29797027448004
2017,Other creditors,Mauritius,78.03687313003613
2017,Other creditors,Mexico,100.0
2017,Other creditors,"Middle East, North Africa, Afghanistan & Pakistan (excluding high income)",93.82640715165755
2017,Other creditors,Middle income,94.48418967017025
2017,Other creditors,Moldova,100.0
2017,Other creditors,Mongolia,72.11445748532074
2017,Other creditors,Montenegro,83.64335299989591
2017,Other creditors,Morocco,98.21223571446227
2017,Other creditors,Mozambique,81.16419006984299
2017,Other creditors,Myanmar,59.47997903392676
2017,Other creditors,Nepal,98.18053587660734
2017,Other creditors,Nicaragua,99.60617625402651
2017,Other creditors,Niger,87.43219560260856
2017,Other creditors,Nigeria,89.75964198143843
2017,Other creditors,North Macedonia,89.25414329939483
2017,Other creditors,Pakistan,83.52246642323593
2017,Other creditors,Papua New Guinea,76.36567641607414
2017,Other creditors,Paraguay,100.0
2017,Other creditors,Peru,100.0
2017,Other creditors,Philippines,99.23750670855239
2017,Other creditors,Rwanda,94.35247162196686
2017,Other creditors,Samoa,60.2086392343108
2017,Other creditors,Sao Tome and Principe,92.73323940174105
2017,Other creditors,Senegal,86.30064417539853
2017,Other creditors,Serbia,94.36694642271424
2017,Other creditors,Sierra Leone,95.13624569764406
2017,Other creditors,Solomon Islands,100.0
2017,Other creditors,"Somalia, Fed. Rep.",100.0
2017,Other creditors,South Africa,98.8967690848159
2017,Other creditors,South Asia,97.3366449341781
2017,Other creditors,Sri Lanka,84.45965460369356
2017,Other creditors,St. Lucia,100.00000000000001
2017,Other creditors,St. Vincent and the Grenadines,100.0
2017,Other creditors,Sub-Saharan Africa (excluding high income),81.1096350929672
2017,Other creditors,Sudan,91.11050947045057
2017,Other creditors,Suriname,79.74147131849305
2017,Other creditors,Syrian Arab Republic,97.95785832791395
2017,Other creditors,Tajikistan,57.93753703011486
2017,Other creditors,Tanzania,81.49079074433682
2017,Other creditors,Thailand,100.0
2017,Other creditors,Timor-Leste,100.0
2017,Other creditors,Togo,54.16353359285124
2017,Other creditors,Tonga,38.88888342406458
2017,Other creditors,Tunisia,99.64516979782952
2017,Other creditors,Turkiye,99.26931815622383
2017,Other creditors,Turkmenistan,55.31370085267898
2017,Other creditors,Uganda,77.59146328513182
2017,Other creditors,Ukraine,96.87863244254022
2017,Other creditors,Upper middle income,97.20392218898472
2017,Other creditors,Uzbekistan,79.30623384433719
2017,Other creditors,Vanuatu,45.56356681207086
2017,Other creditors,Viet Nam,95.41381480954972
2017,Other creditors,"Yemen, Rep.",97.51924628545416
2017,Other creditors,Zambia,67.3355849313249
2017,Other creditors,Zimbabwe,73.13647505767827
2018,Other creditors,Afghanistan,100.0
2018,Other creditors,Africa (excluding high income),84.81995277318072
2018,Other creditors,Albania,99.9571325763283
2018,Other creditors,Algeria,95.417650165172
2018,Other creditors,Angola,51.313626208446784
2018,Other creditors,Argentina,97.68914209758778
2018,Other creditors,Armenia,99.577708747718
2018,Other creditors,Azerbaijan,100.00000000000001
2018,Other creditors,Bangladesh,92.50003154363841
2018,Other creditors,Belarus,76.27314650775344
2018,Other creditors,Belize,100.0
2018,Other creditors,Benin,89.04670421719024
2018,Other creditors,Bhutan,100.0
2018,Other creditors,Bolivia,90.90557243681995
2018,Other creditors,Bosnia and Herzegovina,100.0
2018,Other creditors,Botswana,98.6958437641054
2018,Other creditors,Brazil,94.57034863953666
2018,Other creditors,Burkina Faso,97.97295696816201
2018,Other creditors,Burundi,96.74424904933288
2018,Other creditors,Cabo Verde,98.13639149351232
2018,Other creditors,Cambodia,51.14352743173287
2018,Other creditors,Cameroon,65.79286867904565
2018,Other creditors,Central African Republic,83.6927159878675
2018,Other creditors,Chad,91.25798624226827
2018,Other creditors,China,100.0
2018,Other creditors,Colombia,100.0
2018,Other creditors,Comoros,67.50380341365596
2018,Other creditors,"Congo, Dem. Rep.",42.86865562874859
2018,Other creditors,"Congo, Rep.",56.09462632755628
2018,Other creditors,Cote d'Ivoire,85.11587736976917
2018,Other creditors,Djibouti,41.98072338156069
2018,Other creditors,Dominica,86.729620106299
2018,Other creditors,Dominican Republic,99.99291228309309
2018,Other creditors,East Asia & Pacific (excluding high income),96.95388277221612
2018,Other creditors,Ecuador,80.77553642612685
2018,Other creditors,"Egypt, Arab Rep.",94.69806359599694
2018,Other creditors,El Salvador,99.97311813501365
2018,Other creditors,Eritrea,95.8403887737419
2018,Other creditors,Eswatini,74.93159646734874
2018,Other creditors,Ethiopia,69.99806944613864
2018,Other creditors,Europe & Central Asia (excluding high income),93.73060318737322
2018,Other creditors,Fiji,66.51547141317302
2018,Other creditors,Gabon,80.54993467071185
2018,Other creditors,"Gambia, The",100.0
2018,Other creditors,Georgia,99.97405319133694
2018,Other creditors,Ghana,89.50634092646398
2018,Other creditors,Grenada,100.0
2018,Other creditors,Guatemala,99.36696219844063
2018,Other creditors,Guinea,69.68098161211361
2018,Other creditors,Guinea-Bissau,100.0
2018,Other creditors,Guyana,82.29313474094651
2018,Other creditors,Haiti,100.0
2018,Other creditors,Honduras,93.6518618147124
2018,Other creditors,IDA only,81.6125611781053
2018,Other creditors,IDA total,80.12826163340799
2018,Other creditors,India,100.0
2018,Other creditors,Indonesia,99.25013361849548
2018,Other creditors,"Iran, Islamic Rep.",98.61074109132784
2018,Other creditors,Iraq,95.03804491188511
2018,Other creditors,Jamaica,93.59840632664692
2018,Other creditors,Jordan,99.65032256633788
2018,Other creditors,Kazakhstan,95.61177920301859
2018,Other creditors,Kenya,74.51022505880422
2018,Other creditors,Kosovo,100.0
2018,Other creditors,Kyrgyz Republic,52.934193469343526
2018,Other creditors,Lao PDR,53.603181503657424
2018,Other creditors,Latin America & Caribbean (excluding high income),97.28256488140431
2018,Other creditors,Least developed countries: UN classification,75.748573682822
2018,Other creditors,Lebanon,99.97795304943293
2018,Other creditors,Lesotho,94.6022814293165
2018,Other creditors,Liberia,92.43440964649433
2018,Other creditors,Low & lower middle income,87.28851598218337
2018,Other creditors,Low & middle income,93.68056999529828
2018,Other creditors,Low income,81.84910226065273
2018,Other creditors,Lower middle income,87.95621905177332
2018,Other creditors,Madagascar,97.3255915108362
2018,Other creditors,Malawi,88.55787054464521
2018,Other creditors,Maldives,53.68133829004502
2018,Other creditors,Mali,87.16008120837247
2018,Other creditors,Mauritania,91.73941699767862
2018,Other creditors,Mauritius,76.56603003764883
2018,Other creditors,Mexico,99.99999999999999
2018,Other creditors,"Middle East, North Africa, Afghanistan & Pakistan (excluding high income)",91.33585032996203
2018,Other creditors,Middle income,94.1716709438582
2018,Other creditors,Moldova,99.99999999999999
2018,Other creditors,Mongolia,71.15660571012205
2018,Other creditors,Montenegro,80.51583086743553
2018,Other creditors,Morocco,98.34279152634893
2018,Other creditors,Mozambique,80.43768815324083
2018,Other creditors,Myanmar,63.98768706833807
2018,Other creditors,Nepal,97.57014511602846
2018,Other creditors,Nicaragua,99.6454163645667
2018,Other creditors,Niger,86.85307085800454
2018,Other creditors,Nigeria,90.16794541319064
2018,Other creditors,North Macedonia,88.37580043538314
2018,Other creditors,Pakistan,75.10970786730562
2018,Other creditors,Papua New Guinea,82.32767379534005
2018,Other creditors,Paraguay,100.0
2018,Other creditors,Peru,100.0
2018,Other creditors,Philippines,99.32971656058301
2018,Other creditors,Rwanda,95.06530126831096
2018,Other creditors,Samoa,60.07888501953283
2018,Other creditors,Sao Tome and Principe,100.0
2018,Other creditors,Senegal,87.8765333152655
2018,Other creditors,Serbia,93.0597632010998
2018,Other creditors,Sierra Leone,95.82588979244058
2018,Other creditors,Solomon Islands,100.0
2018,Other creditors,"Somalia, Fed. Rep.",99.99999999999999
2018,Other creditors,South Africa,98.42124317044151
2018,Other creditors,South Asia,96.15891678544025
2018,Other creditors,Sri Lanka,82.358459137055
2018,Other creditors,St. Lucia,100.0
2018,Other creditors,St. Vincent and the Grenadines,100.0
2018,Other creditors,Sub-Saharan Africa (excluding high income),80.78221843591002
2018,Other creditors,Sudan,91.56065915809035
2018,Other creditors,Suriname,76.38414245175704
2018,Other creditors,Syrian Arab Republic,98.05609562586608
2018,Other creditors,Tajikistan,58.898065429854064
2018,Other creditors,Tanzania,83.59171600146703
2018,Other creditors,Thailand,100.0
2018,Other creditors,Timor-Leste,100.0
2018,Other creditors,Togo,54.13005999007963
2018,Other creditors,Tonga,41.74155153082851
2018,Other creditors,Tunisia,99.6956912559911
2018,Other creditors,Turkiye,98.68306816494486
2018,Other creditors,Turkmenistan,66.11347001038465
2018,Other creditors,Uganda,74.77733502657746
2018,Other creditors,Ukraine,96.97840365645685
2018,Other creditors,Upper middle income,97.34715291032904
2018,Other creditors,Uzbekistan,80.57865787124885
2018,Other creditors,Vanuatu,54.40785540357681
2018,Other creditors,Viet Nam,96.00331651102721
2018,Other creditors,"Yemen, Rep.",97.52805656926407
2018,Other creditors,Zambia,67.77760282116475
2018,Other creditors,Zimbabwe,68.32033688322501
2019,Other creditors,Afghanistan,100.0
2019,Other creditors,Africa (excluding high income),85.03408755358831
2019,Other creditors,Albania,99.95533533942906
2019,Other creditors,Algeria,95.1038018220034
2019,Other creditors,Angola,52.82449887473949
2019,Other creditors,Argentina,97.33109424220822
2019,Other creditors,Armenia,99.606415940028
2019,Other creditors,Azerbaijan,100.0
2019,Other creditors,Bangladesh,92.24492082535562
2019,Other creditors,Belarus,74.4973665499433
2019,Other creditors,Belize,100.0
2019,Other creditors,Benin,91.6158649026378
2019,Other creditors,Bhutan,99.99999999999997
2019,Other creditors,Bolivia,90.42356052261025
2019,Other creditors,Bosnia and Herzegovina,99.99999999999999
2019,Other creditors,Botswana,98.99011247034326
2019,Other creditors,Brazil,97.39786480175484
2019,Other creditors,Burkina Faso,98.30812579180572
2019,Other creditors,Burundi,91.18546788971894
2019,Other creditors,Cabo Verde,98.33736255109459
2019,Other creditors,Cambodia,52.40717000430786
2019,Other creditors,Cameroon,65.31643377294685
2019,Other creditors,Central African Republic,85.59178868127944
2019,Other creditors,Chad,91.34337839742277
2019,Other creditors,China,100.0
2019,Other creditors,Colombia,100.0
2019,Other creditors,Comoros,67.97368351105442
2019,Other creditors,"Congo, Dem. Rep.",44.79032508172935
2019,Other creditors,"Congo, Rep.",49.032253834932334
2019,Other creditors,Cote d'Ivoire,83.82981471095773
2019,Other creditors,Djibouti,44.28113293222718
2019,Other creditors,Dominica,88.20840552040326
2019,Other creditors,Dominican Republic,99.99423802502459
2019,Other creditors,East Asia & Pacific (excluding high income),97.30572026628333
2019,Other creditors,Ecuador,84.22727990447193
2019,Other creditors,"Egypt, Arab Rep.",95.22930977674896
2019,Other creditors,El Salvador,99.98145827206068
2019,Other creditors,Equatorial Guinea,5.639809389278299
2019,Other creditors,Eritrea,96.3843963376392
2019,Other creditors,Eswatini,70.56672771776063
2019,Other creditors,Ethiopia,71.80280194568368
2019,Other creditors,Europe & Central Asia (excluding high income),93.9066725574455
2019,Other creditors,Fiji,70.01753408895021
2019,Other creditors,Gabon,80.32792573256438
2019,Other creditors,"Gambia, The",96.65413356242905
2019,Other creditors,Georgia,99.98158241243304
2019,Other creditors,Ghana,90.70632697611576
2019,Other creditors,Grenada,100.0
2019,Other creditors,Guatemala,99.44187213020128
2019,Other creditors,Guinea,55.36099294298991
2019,Other creditors,Guinea-Bissau,100.0
2019,Other creditors,Guyana,81.48860166622941
2019,Other creditors,Haiti,100.0
2019,Other creditors,Honduras,94.15408074508055
2019,Other creditors,IDA only,82.09487174967472
2019,Other creditors,IDA total,79.84987362064125
2019,Other creditors,India,99.99999999999999
2019,Other creditors,Indonesia,99.24517743407672
2019,Other creditors,"Iran, Islamic Rep.",98.35901294023624
2019,Other creditors,Iraq,95.60538293288022
2019,Other creditors,Jamaica,93.56876290797545
2019,Other creditors,Jordan,99.67751707007753
2019,Other creditors,Kazakhstan,96.75853254172935
2019,Other creditors,Kenya,75.7552149811084
2019,Other creditors,Kosovo,100.0
2019,Other creditors,Kyrgyz Republic,52.084591297753555
2019,Other creditors,Lao PDR,54.982070584262786
2019,Other creditors,Latin America & Caribbean (excluding high income),97.9854437427024
2019,Other creditors,Least developed countries: UN classification,76.70562659938055
2019,Other creditors,Lebanon,99.9785363312052
2019,Other creditors,Lesotho,91.64452784372818
2019,Other creditors,Liberia,93.5704997856766
2019,Other creditors,Low & lower middle income,87.27082228168486
2019,Other creditors,Low & middle income,93.90743251555926
2019,Other creditors,Low income,82.93794948917333
2019,Other creditors,Lower middle income,87.78756860127069
2019,Other creditors,Madagascar,95.65508300897096
2019,Other creditors,Malawi,89.84871455021099
2019,Other creditors,Maldives,47.64058957019201
2019,Other creditors,Mali,87.7571269067629
2019,Other creditors,Mauritania,92.05307242758626
2019,Other creditors,Mauritius,78.74642428731902
2019,Other creditors,Mexico,100.0
2019,Other creditors,"Middle East, North Africa, Afghanistan & Pakistan (excluding high income)",90.836404619323
2019,Other creditors,Middle income,94.35467995035563
2019,Other creditors,Moldova,100.0
2019,Other creditors,Mongolia,71.60600510481868
2019,Other creditors,Montenegro,77.90559188584328
2019,Other creditors,Morocco,98.68237797979263
2019,Other creditors,Mozambique,81.67633530142531
2019,Other creditors,Myanmar,68.46291309677696
2019,Other creditors,Nepal,96.32535065661074
2019,Other creditors,Nicaragua,99.66925357073178
2019,Other creditors,Niger,89.64102894936154
2019,Other creditors,Nigeria,88.48737850672592
2019,Other creditors,North Macedonia,87.2454574776814
2019,Other creditors,Pakistan,72.28239423457504
2019,Other creditors,Papua New Guinea,80.44210504230519
2019,Other creditors,Paraguay,100.0
2019,Other creditors,Peru,100.0
2019,Other creditors,Philippines,99.42554243995323
2019,Other creditors,Rwanda,95.04427033139162
2019,Other creditors,Samoa,61.57363284530726
2019,Other creditors,Sao Tome and Principe,100.00000000000001
2019,Other creditors,Senegal,87.56902936469353
2019,Other creditors,Serbia,92.05908950474203
2019,Other creditors,Sierra Leone,96.44798578588785
2019,Other creditors,Solomon Islands,100.0
2019,Other creditors,"Somalia, Fed. Rep.",100.0
2019,Other creditors,South Africa,97.74767998258228
2019,Other creditors,South Asia,96.03359956870294
2019,Other creditors,Sri Lanka,82.77343010269949
2019,Other creditors,St. Lucia,100.0
2019,Other creditors,St. Vincent and the Grenadines,100.0
2019,Other creditors,Sub-Saharan Africa (excluding high income),81.1597680274112
2019,Other creditors,Sudan,92.57940955771095
2019,Other creditors,Suriname,74.42284920402012
2019,Other creditors,Syrian Arab Republic,98.08696426247585
2019,Other creditors,Tajikistan,60.2837174236371
2019,Other creditors,Tanzania,85.43523993371068
2019,Other creditors,Thailand,100.0
2019,Other creditors,Timor-Leste,100.0
2019,Other creditors,Togo,62.14371242985612
2019,Other creditors,Tonga,42.76208868563509
2019,Other creditors,Tunisia,99.75053231892375
2019,Other creditors,Turkiye,98.3897115119087
2019,Other creditors,Turkmenistan,74.99910578008587
2019,Other creditors,Uganda,75.18573242700676
2019,Other creditors,Ukraine,97.33729877522858
2019,Other creditors,Upper middle income,97.76600064162363
2019,Other creditors,Uzbekistan,82.24557992854577
2019,Other creditors,Vanuatu,59.59539714436109
2019,Other creditors,Viet Nam,96.64362284274668
2019,Other creditors,"Yemen, Rep.",97.5414654118251
2019,Other creditors,Zambia,62.24155434065859
2019,Other creditors,Zimbabwe,67.71795221085861
2020,Other creditors,Afghanistan,100.0
2020,Other creditors,Africa (excluding high income),85.8016321195431
2020,Other creditors,Albania,99.96205642977796
2020,Other creditors,Algeria,94.83533936146407
2020,Other creditors,Angola,53.43027078833369
2020,Other creditors,Argentina,97.4108137392371
2020,Other creditors,Armenia,99.59060226842185
2020,Other creditors,Azerbaijan,100.0
2020,Other creditors,Bangladesh,91.66219109701652
2020,Other creditors,Belarus,76.43256016398917
2020,Other creditors,Belize,100.0
2020,Other creditors,Benin,92.83820637395547
2020,Other creditors,Bhutan,100.0
2020,Other creditors,Bolivia,90.9005159726385
2020,Other creditors,Bosnia and Herzegovina,100.0
2020,Other creditors,Botswana,99.29463887021396
2020,Other creditors,Brazil,97.3969517241326
2020,Other creditors,Burkina Faso,97.80133010844332
2020,Other creditors,Burundi,91.51089466779027
2020,Other creditors,Cabo Verde,98.44625194245155
2020,Other creditors,Cambodia,55.61054272987864
2020,Other creditors,Cameroon,66.88614410255042
2020,Other creditors,Central African Republic,90.33410887402881
2020,Other creditors,Chad,88.82061720898392
2020,Other creditors,China,100.0
2020,Other creditors,Colombia,100.0
2020,Other creditors,Comoros,64.41967338963818
2020,Other creditors,"Congo, Dem. Rep.",41.50870128750858
2020,Other creditors,"Congo, Rep.",51.18526200630446
2020,Other creditors,Cote d'Ivoire,84.35691914542122
2020,Other creditors,Djibouti,43.00878887316367
2020,Other creditors,Dominica,89.72221249538704
2020,Other creditors,Dominican Republic,99.99627883465861
2020,Other creditors,East Asia & Pacific (excluding high income),97.57555433028371
2020,Other creditors,Ecuador,86.39253165643618
2020,Other creditors,"Egypt, Arab Rep.",95.49358630616392
2020,Other creditors,El Salvador,99.98981207301179
2020,Other creditors,Equatorial Guinea,6.2201123268318534
2020,Other creditors,Eritrea,96.832208634115
2020,Other creditors,Eswatini,67.62088152443243
2020,Other creditors,Ethiopia,74.42624811599245
2020,Other creditors,Europe & Central Asia (excluding high income),94.33499109294674
2020,Other creditors,Fiji,76.88490558148929
2020,Other creditors,Gabon,81.6351045730363
2020,Other creditors,"Gambia, The",96.78041949373174
2020,Other creditors,Georgia,99.98847697992936
2020,Other creditors,Ghana,92.30802791395756
2020,Other creditors,Grenada,100.0
2020,Other creditors,Guatemala,99.51325300400079
2020,Other creditors,Guinea,54.78198059261946
2020,Other creditors,Guinea-Bissau,100.00000000000001
2020,Other creditors,Guyana,80.63626468790235
2020,Other creditors,Haiti,100.0
2020,Other creditors,Honduras,95.13570888227103
2020,Other creditors,IDA only,82.84200416792764
2020,Other creditors,IDA total,80.67587054173357
2020,Other creditors,India,100.0
2020,Other creditors,Indonesia,99.2788521090877
2020,Other creditors,"Iran, Islamic Rep.",98.54990948434954
2020,Other creditors,Iraq,96.13925405540805
2020,Other creditors,Jamaica,93.62261076381448
2020,Other creditors,Jordan,99.70353706158538
2020,Other creditors,Kazakhstan,96.23652257545442
2020,Other creditors,Kenya,78.35704590891281
2020,Other creditors,Kosovo,100.0
2020,Other creditors,Kyrgyz Republic,54.04625532741874
2020,Other creditors,Lao PDR,54.07664061051132
2020,Other creditors,Latin America & Caribbean (excluding high income),98.1852654627206
2020,Other creditors,Least developed countries: UN classification,77.96018077002657
2020,Other creditors,Lebanon,99.97708264943904
2020,Other creditors,Lesotho,87.67975511011542
2020,Other creditors,Liberia,93.92273417153851
2020,Other creditors,Low & lower middle income,87.70672953394877
2020,Other creditors,Low & middle income,94.16108769231118
2020,Other creditors,Low income,83.72628559414387
2020,Other creditors,Lower middle income,88.18548268412749
2020,Other creditors,Madagascar,95.57169146795997
2020,Other creditors,Malawi,89.6032239418863
2020,Other creditors,Maldives,54.23806888543161
2020,Other creditors,Mali,88.20381807180554
2020,Other creditors,Mauritania,91.87066135941085
2020,Other creditors,Mauritius,85.10728891033725
2020,Other creditors,Mexico,100.0
2020,Other creditors,"Middle East, North Africa, Afghanistan & Pakistan (excluding high income)",90.82288795677746
2020,Other creditors,Middle income,94.59586022033729
2020,Other creditors,Moldova,100.0
2020,Other creditors,Mongolia,73.34523380460972
2020,Other creditors,Montenegro,82.45687694548208
2020,Other creditors,Morocco,98.98656435361308
2020,Other creditors,Mozambique,81.91452358483728
2020,Other creditors,Myanmar,72.97892022686366
2020,Other creditors,Nepal,96.51362788911852
2020,Other creditors,Nicaragua,99.68631995616326
2020,Other creditors,Niger,92.43687488021375
2020,Other creditors,Nigeria,89.38154655388192
2020,Other creditors,North Macedonia,89.72782460582886
2020,Other creditors,Pakistan,72.03107508987912
2020,Other creditors,Papua New Guinea,81.63901873994917
2020,Other creditors,Paraguay,100.0
2020,Other creditors,Peru,100.0
2020,Other creditors,Philippines,99.54443605128571
2020,Other creditors,Rwanda,94.96147157038392
2020,Other creditors,Samoa,60.867007315534494
2020,Other creditors,Sao Tome and Principe,100.0
2020,Other creditors,Senegal,88.94285581196579
2020,Other creditors,Serbia,93.12101662806188
2020,Other creditors,Sierra Leone,95.36566005207376
2020,Other creditors,Solomon Islands,100.0
2020,Other creditors,"Somalia, Fed. Rep.",100.0
2020,Other creditors,South Africa,97.06559869404
2020,Other creditors,South Asia,95.66142976536017
2020,Other creditors,Sri Lanka,81.8489115204167
2020,Other creditors,St. Lucia,100.0
2020,Other creditors,St. Vincent and the Grenadines,100.00000000000001
2020,Other creditors,Sub-Saharan Africa (excluding high income),81.93161340012269
2020,Other creditors,Sudan,93.04851325338937
2020,Other creditors,Suriname,74.0490380124634
2020,Other creditors,Syrian Arab Republic,98.01803960264003
2020,Other creditors,Tajikistan,62.51558612049564
2020,Other creditors,Tanzania,87.33985640378539
2020,Other creditors,Thailand,100.0
2020,Other creditors,Timor-Leste,100.0
2020,Other creditors,Togo,70.56846241817675
2020,Other creditors,Tonga,41.85701645408124
2020,Other creditors,Tunisia,99.79779611443931
2020,Other creditors,Turkiye,98.60580735361417
2020,Other creditors,Turkmenistan,88.06627298457418
2020,Other creditors,Uganda,77.9715980699298
2020,Other creditors,Ukraine,97.70744379324682
2020,Other creditors,Upper middle income,97.99351958221098
2020,Other creditors,Uzbekistan,81.79893178812372
2020,Other creditors,Vanuatu,59.88586096602078
2020,Other creditors,Viet Nam,97.24334782454821
2020,Other creditors,"Yemen, Rep.",97.50219483186056
2020,Other creditors,Zambia,62.83618122758061
2020,Other creditors,Zimbabwe,67.48955748721815
2021,Other creditors,Afghanistan,100.00000000000001
2021,Other creditors,Africa (excluding high income),86.10293293026348
2021,Other creditors,Albania,99.96496330750935
2021,Other creditors,Algeria,94.25309079969468
2021,Other creditors,Angola,52.913550471537015
2021,Other creditors,Argentina,97.55340052144217
2021,Other creditors,Armenia,99.64842168482849
2021,Other creditors,Azerbaijan,100.0
2021,Other creditors,Bangladesh,91.57986005124127
2021,Other creditors,Belarus,78.6592907739717
2021,Other creditors,Belize,100.0
2021,Other creditors,Benin,93.95608552784971
2021,Other creditors,Bhutan,100.0
2021,Other creditors,Bolivia,89.66912711965261
2021,Other creditors,Bosnia and Herzegovina,100.0
2021,Other creditors,Botswana,99.74285631636621
2021,Other creditors,Brazil,97.82438676858338
2021,Other creditors,Burkina Faso,97.21153941105955
2021,Other creditors,Burundi,91.94525502390033
2021,Other creditors,Cabo Verde,98.34277348282573
2021,Other creditors,Cambodia,57.249807804215514
2021,Other creditors,Cameroon,69.95339849590971
2021,Other creditors,Central African Republic,94.92748077210207
2021,Other creditors,Chad,88.02642148037182
2021,Other creditors,China,100.0
2021,Other creditors,Colombia,100.0
2021,Other creditors,Comoros,61.64088596583876
2021,Other creditors,"Congo, Dem. Rep.",42.18073214479405
2021,Other creditors,"Congo, Rep.",50.12895180768855
2021,Other creditors,Cote d'Ivoire,85.42623964033879
2021,Other creditors,Djibouti,44.46919930058837
2021,Other creditors,Dominica,90.46616924314618
2021,Other creditors,Dominican Republic,99.99720363671914
2021,Other creditors,East Asia & Pacific (excluding high income),97.9726922150547
2021,Other creditors,Ecuador,87.30121935849385
2021,Other creditors,"Egypt, Arab Rep.",95.75694179411803
2021,Other creditors,El Salvador,99.99567474785532
2021,Other creditors,Equatorial Guinea,6.323992777545199
2021,Other creditors,Eritrea,97.23762053409152
2021,Other creditors,Eswatini,70.03670408057582
2021,Other creditors,Ethiopia,75.40408787853661
2021,Other creditors,Europe & Central Asia (excluding high income),94.41246937720935
2021,Other creditors,Fiji,82.00163608984653
2021,Other creditors,Gabon,82.20127738041943
2021,Other creditors,"Gambia, The",96.75737873835695
2021,Other creditors,Georgia,99.99481459514435
2021,Other creditors,Ghana,93.01178374798577
2021,Other creditors,Grenada,96.8345382675468
2021,Other creditors,Guatemala,99.5480111614382
2021,Other creditors,Guinea,56.27927909691028
2021,Other creditors,Guinea-Bissau,100.0
2021,Other creditors,Guyana,82.07986866458025
2021,Other creditors,Haiti,100.0
2021,Other creditors,Honduras,95.60002242388518
2021,Other creditors,IDA only,82.98946810925399
2021,Other creditors,IDA total,81.12126656141275
2021,Other creditors,India,100.0
2021,Other creditors,Indonesia,99.29763095086226
2021,Other creditors,"Iran, Islamic Rep.",98.17279346808488
2021,Other creditors,Iraq,96.2984050413414
2021,Other creditors,Jamaica,93.36453393902187
2021,Other creditors,Jordan,99.72373906618287
2021,Other creditors,Kazakhstan,95.78301025448697
2021,Other creditors,Kenya,79.08455228182306
2021,Other creditors,Kosovo,100.0
2021,Other creditors,Kyrgyz Republic,54.58329027516551
2021,Other creditors,Lao PDR,50.82329370471426
2021,Other creditors,Latin America & Caribbean (excluding high income),98.32005671865718
2021,Other creditors,Least developed countries: UN classification,78.61216664124795
2021,Other creditors,Lebanon,99.97643095613209
2021,Other creditors,Lesotho,85.02414035788908
2021,Other creditors,Liberia,94.20152327523647
2021,Other creditors,Low & lower middle income,87.89137251151503
2021,Other creditors,Low & middle income,94.43689301709246
2021,Other creditors,Low income,84.08417946567732
2021,Other creditors,Lower middle income,88.3254182377379
2021,Other creditors,Madagascar,95.03885074761922
2021,Other creditors,Malawi,89.93845576349943
2021,Other creditors,Maldives,55.94443821464957
2021,Other creditors,Mali,88.63132458941098
2021,Other creditors,Mauritania,91.20108593605377
2021,Other creditors,Mauritius,91.08065858023079
2021,Other creditors,Mexico,100.0
2021,Other creditors,"Middle East, North Africa, Afghanistan & Pakistan (excluding high income)",90.76360702499896
2021,Other creditors,Middle income,94.8385006679001
2021,Other creditors,Moldova,100.00000000000001
2021,Other creditors,Mongolia,73.09366399292806
2021,Other creditors,Montenegro,79.80167867537726
2021,Other creditors,Morocco,99.04309540135287
2021,Other creditors,Mozambique,82.05646921173522
2021,Other creditors,Myanmar,74.33467963886726
2021,Other creditors,Nepal,96.29123253038686
2021,Other creditors,Nicaragua,99.70747883702488
2021,Other creditors,Niger,93.18787841195824
2021,Other creditors,Nigeria,89.94557248544766
2021,Other creditors,North Macedonia,89.96658952104261
2021,Other creditors,Pakistan,73.11688864755669
2021,Other creditors,Papua New Guinea,81.71822631557622
2021,Other creditors,Paraguay,100.0
2021,Other creditors,Peru,100.0
2021,Other creditors,Philippines,99.57199870069334
2021,Other creditors,Rwanda,94.24439072967368
2021,Other creditors,Samoa,57.718961188325004
2021,Other creditors,Sao Tome and Principe,99.99999999999999
2021,Other creditors,Senegal,88.53445661817601
2021,Other creditors,Serbia,91.72984257017255
2021,Other creditors,Sierra Leone,94.50078324173646
2021,Other creditors,Solomon Islands,100.0
2021,Other creditors,"Somalia, Fed. Rep.",100.0
2021,Other creditors,South Africa,96.52947897029445
2021,Other creditors,South Asia,95.09971459235038
2021,Other creditors,Sri Lanka,77.22091994734787
2021,Other creditors,St. Lucia,100.0
2021,Other creditors,St. Vincent and the Grenadines,100.0
2021,Other creditors,Sub-Saharan Africa (excluding high income),82.32830784279811
2021,Other creditors,Sudan,92.87155321602857
2021,Other creditors,Suriname,73.29071616064766
2021,Other creditors,Syrian Arab Republic,97.90026483079151
2021,Other creditors,Tajikistan,64.6743920860234
2021,Other creditors,Tanzania,89.33123526169342
2021,Other creditors,Thailand,100.0
2021,Other creditors,Timor-Leste,100.0
2021,Other creditors,Togo,71.98204127899604
2021,Other creditors,Tonga,39.568243907063504
2021,Other creditors,Tunisia,99.79867081171
2021,Other creditors,Turkiye,98.38507464956704
2021,Other creditors,Turkmenistan,96.61144090890086
2021,Other creditors,Uganda,79.63333996529241
2021,Other creditors,Ukraine,97.99633455424072
2021,Other creditors,Upper middle income,98.19768781683655
2021,Other creditors,Uzbekistan,82.89405635998357
2021,Other creditors,Vanuatu,57.81077933534102
2021,Other creditors,Viet Nam,97.60843951836361
2021,Other creditors,"Yemen, Rep.",97.41723712464828
2021,Other creditors,Zambia,63.02619581455796
2021,Other creditors,Zimbabwe,64.53439506788163
2022,Other creditors,Afghanistan,100.0
2022,Other creditors,Africa (excluding high income),86.47119399202941
2022,Other creditors,Albania,99.96176470973323
2022,Other creditors,Algeria,93.72045197396022
2022,Other creditors,Angola,56.54838530125205
2022,Other creditors,Argentina,96.29393342522005
2022,Other creditors,Armenia,99.70660524814056
2022,Other creditors,Azerbaijan,100.0
2022,Other creditors,Bangladesh,91.03768295707911
2022,Other creditors,Belarus,79.59557812798636
2022,Other creditors,Belize,100.0
2022,Other creditors,Benin,94.80202094834452
2022,Other creditors,Bhutan,100.0
2022,Other creditors,Bolivia,89.052045549801
2022,Other creditors,Bosnia and Herzegovina,100.0
2022,Other creditors,Botswana,99.99999999999999
2022,Other creditors,Brazil,98.22216299162477
2022,Other creditors,Burkina Faso,97.29416960291583
2022,Other creditors,Burundi,92.38543649204468
2022,Other creditors,Cabo Verde,98.5472040887581
2022,Other creditors,Cambodia,60.18590811658533
2022,Other creditors,Cameroon,68.02541028484424
2022,Other creditors,Central African Republic,95.49445526152935
2022,Other creditors,Chad,87.70377400076379
2022,Other creditors,China,100.0
2022,Other creditors,Colombia,100.0
2022,Other creditors,Comoros,65.93581511684428
2022,Other creditors,"Congo, Dem. Rep.",47.10496985191802
2022,Other creditors,"Congo, Rep.",48.639227936777445
2022,Other creditors,Cote d'Ivoire,85.17613611926731
2022,Other creditors,Djibouti,44.72325797770208
2022,Other creditors,Dominica,92.76818354771713
2022,Other creditors,Dominican Republic,99.99801177600594
2022,Other creditors,East Asia & Pacific (excluding high income),97.98757555384037
2022,Other creditors,Ecuador,89.74593926970668
2022,Other creditors,"Egypt, Arab Rep.",95.26889491893415
2022,Other creditors,El Salvador,99.99752966715513
2022,Other creditors,Equatorial Guinea,6.420521676106253
2022,Other creditors,Eritrea,98.01802678021596
2022,Other creditors,Eswatini,75.93308640960178
2022,Other creditors,Ethiopia,76.51040625753846
2022,Other creditors,Europe & Central Asia (excluding high income),94.50414048071178
2022,Other creditors,Fiji,88.91419022039496
2022,Other creditors,Gabon,83.78031400786077
2022,Other creditors,"Gambia, The",97.1896603732641
2022,Other creditors,Georgia,100.0
2022,Other creditors,Ghana,93.20934929119443
2022,Other creditors,Grenada,96.5580562879109
2022,Other creditors,Guatemala,99.56880185265136
2022,Other creditors,Guinea,55.85088928814747
2022,Other creditors,Guinea-Bissau,100.0
2022,Other creditors,Guyana,86.60547074024603
2022,Other creditors,Haiti,100.0
2022,Other creditors,Honduras,95.90095445229514
2022,Other creditors,IDA only,83.81261185114712
2022,Other creditors,IDA total,82.06843039536703
2022,Other creditors,India,99.99999999999999
2022,Other creditors,Indonesia,99.35090654276733
2022,Other creditors,"Iran, Islamic Rep.",98.46916340487392
2022,Other creditors,Iraq,96.40018662024231
2022,Other creditors,Jamaica,92.99934848839945
2022,Other creditors,Jordan,99.74678144599689
2022,Other creditors,Kazakhstan,95.17464068791608
2022,Other creditors,Kenya,80.91793574840317
2022,Other creditors,Kosovo,100.0
2022,Other creditors,Kyrgyz Republic,55.786165404849925
2022,Other creditors,Lao PDR,48.63974109403549
2022,Other creditors,Latin America & Caribbean (excluding high income),98.36045510236815
2022,Other creditors,Least developed countries: UN classification,79.70631949748712
2022,Other creditors,Lebanon,99.97856621712619
2022,Other creditors,Lesotho,83.20272415246947
2022,Other creditors,Liberia,95.15094851284822
2022,Other creditors,Low & lower middle income,88.33097365818973
2022,Other creditors,Low & middle income,94.5468054084685
2022,Other creditors,Low income,85.07588856316099
2022,Other creditors,Lower middle income,88.69252024499987
2022,Other creditors,Madagascar,92.06424949269035
2022,Other creditors,Malawi,91.04706130334026
2022,Other creditors,Maldives,58.80694881384406
2022,Other creditors,Mali,89.96777078799487
2022,Other creditors,Mauritania,91.39665336137739
2022,Other creditors,Mauritius,93.91455853626685
2022,Other creditors,Mexico,100.0
2022,Other creditors,"Middle East, North Africa, Afghanistan & Pakistan (excluding high income)",91.00509078020697
2022,Other creditors,Middle income,94.91043034656838
2022,Other creditors,Moldova,100.00000000000003
2022,Other creditors,Mongolia,69.21837885184193
2022,Other creditors,Montenegro,78.07374250535814
2022,Other creditors,Morocco,99.11338517042923
2022,Other creditors,Mozambique,83.65198954489365
2022,Other creditors,Myanmar,76.51071303402037
2022,Other creditors,Nepal,96.71867669054743
2022,Other creditors,Nicaragua,99.73280401114991
2022,Other creditors,Niger,95.11899780329783
2022,Other creditors,Nigeria,89.26565094484035
2022,Other creditors,North Macedonia,89.84196334164551
2022,Other creditors,Pakistan,74.1796757486251
2022,Other creditors,Papua New Guinea,82.62527606432269
2022,Other creditors,Paraguay,100.0
2022,Other creditors,Peru,100.0
2022,Other creditors,Philippines,99.59680188139393
2022,Other creditors,Rwanda,94.58861604882085
2022,Other creditors,Samoa,60.12978335659378
2022,Other creditors,Sao Tome and Principe,100.0
2022,Other creditors,Senegal,88.28792640546925
2022,Other creditors,Serbia,85.05774816509172
2022,Other creditors,Sierra Leone,94.85880732878707
2022,Other creditors,Solomon Islands,100.0
2022,Other creditors,"Somalia, Fed. Rep.",100.0
2022,Other creditors,South Africa,96.24205893225208
2022,Other creditors,South Asia,95.12787837219992
2022,Other creditors,Sri Lanka,78.50374976540417
2022,Other creditors,St. Lucia,100.0
2022,Other creditors,St. Vincent and the Grenadines,100.0
2022,Other creditors,Sub-Saharan Africa (excluding high income),83.01707697810552
2022,Other creditors,Sudan,93.17680155484689
2022,Other creditors,Suriname,76.71662498405483
2022,Other creditors,Syrian Arab Republic,98.01181525747926
2022,Other creditors,Tajikistan,67.87542219341177
2022,Other creditors,Tanzania,91.26475256132679
2022,Other creditors,Thailand,100.0
2022,Other creditors,Timor-Leste,100.0
2022,Other creditors,Togo,76.05912679645407
2022,Other creditors,Tonga,41.06415657389663
2022,Other creditors,Tunisia,99.8093561433246
2022,Other creditors,Turkiye,98.68837647028518
2022,Other creditors,Turkmenistan,97.10191003029402
2022,Other creditors,Uganda,78.86268939045767
2022,Other creditors,Ukraine,98.66054434006168
2022,Other creditors,Upper middle income,98.19521030061696
2022,Other creditors,Uzbekistan,85.02257970332572
2022,Other creditors,Vanuatu,55.828219964572455
2022,Other creditors,Viet Nam,97.92124583279536
2022,Other creditors,"Yemen, Rep.",97.41942293657739
2022,Other creditors,Zambia,65.04262242443832
2022,Other creditors,Zimbabwe,60.90300535707945
2023,Other creditors,Afghanistan,99.99999999999999
2023,Other creditors,Africa (excluding high income),87.46855197703107
2023,Other creditors,Albania,99.96654334124852
2023,Other creditors,Algeria,93.23156169882856
2023,Other creditors,Angola,60.70370935205394
2023,Other creditors,Argentina,93.16199054753746
2023,Other creditors,Armenia,99.73270277208358
2023,Other creditors,Azerbaijan,100.0
2023,Other creditors,Bangladesh,90.91338891624888
2023,Other creditors,Belarus,79.88021088132362
2023,Other creditors,Belize,100.0
2023,Other creditors,Benin,96.09470704258614
2023,Other creditors,Bhutan,100.0
2023,Other creditors,Bolivia,89.6403556106306
2023,Other creditors,Bosnia and Herzegovina,100.0
2023,Other creditors,Botswana,100.00000000000001
2023,Other creditors,Brazil,98.40296943837915
2023,Other creditors,Burkina Faso,97.78235730653418
2023,Other creditors,Burundi,93.0118665204541
2023,Other creditors,Cabo Verde,98.73036883168368
2023,Other creditors,Cambodia,63.415146619620394
2023,Other creditors,Cameroon,70.68973049959901
2023,Other creditors,Central African Republic,95.702488022293
2023,Other creditors,Chad,89.63704559771811
2023,Other creditors,China,100.00000000000001
2023,Other creditors,Colombia,100.0
2023,Other creditors,Comoros,68.93671194479997
2023,Other creditors,"Congo, Dem. Rep.",52.534185464075286
2023,Other creditors,"Congo, Rep.",46.63979907085465
2023,Other creditors,Cote d'Ivoire,85.49751889062242
2023,Other creditors,Djibouti,48.087039017012
2023,Other creditors,Dominica,94.31189513558436
2023,Other creditors,Dominican Republic,99.99867832798179
2023,Other creditors,East Asia & Pacific (excluding high income),97.99819439801901
2023,Other creditors,Ecuador,91.46941635569924
2023,Other creditors,"Egypt, Arab Rep.",94.57775508935224
2023,Other creditors,El Salvador,99.99920948741459
2023,Other creditors,Equatorial Guinea,7.116911353759176
2023,Other creditors,Eritrea,98.75112761281129
2023,Other creditors,Eswatini,77.15307576974776
2023,Other creditors,Ethiopia,79.36554787601231
2023,Other creditors,Europe & Central Asia (excluding high income),95.20716945685828
2023,Other creditors,Fiji,90.60674643048345
2023,Other creditors,Gabon,85.05375987796292
2023,Other creditors,"Gambia, The",97.50641435047112
2023,Other creditors,Georgia,100.0
2023,Other creditors,Ghana,93.50847927581019
2023,Other creditors,Grenada,93.25941848224315
2023,Other creditors,Guatemala,99.633572976384
2023,Other creditors,Guinea,54.94261480097045
2023,Other creditors,Guinea-Bissau,100.0
2023,Other creditors,Guyana,84.40560015952049
2023,Other creditors,Haiti,100.0
2023,Other creditors,Honduras,96.26959605971219
2023,Other creditors,IDA only,85.03362958484198
2023,Other creditors,IDA total,83.3571945013123
2023,Other creditors,India,100.0
2023,Other creditors,Indonesia,99.38192698886607
2023,Other creditors,"Iran, Islamic Rep.",98.43538449831976
2023,Other creditors,Iraq,96.63220169890623
2023,Other creditors,Jamaica,92.82080857949542
2023,Other creditors,Jordan,99.73584755415644
2023,Other creditors,Kazakhstan,94.62560060246643
2023,Other creditors,Kenya,83.25590074153472
2023,Other creditors,Kosovo,100.0
2023,Other creditors,Kyrgyz Republic,59.25355479003668
2023,Other creditors,Lao PDR,48.34985153091408
2023,Other creditors,Latin America & Caribbean (excluding high income),98.13016441776246
2023,Other creditors,Least developed countries: UN classification,81.75914791528695
2023,Other creditors,Lebanon,99.9791487840874
2023,Other creditors,Lesotho,81.69009538264805
2023,Other creditors,Liberia,95.86862670866917
2023,Other creditors,Low & lower middle income,89.2198396399882
2023,Other creditors,Low & middle income,94.74092296940056
2023,Other creditors,Low income,86.42673736874563
2023,Other creditors,Lower middle income,89.53131639019784
2023,Other creditors,Madagascar,92.62928711147278
2023,Other creditors,Malawi,92.8451540820709
2023,Other creditors,Maldives,67.00710206184439
2023,Other creditors,Mali,91.2467439576143
2023,Other creditors,Mauritania,91.79072230769495
2023,Other creditors,Mauritius,95.6088475693271
2023,Other creditors,Mexico,100.0
2023,Other creditors,"Middle East, North Africa, Afghanistan & Pakistan (excluding high income)",91.30794734696013
2023,Other creditors,Middle income,95.07167840309006
2023,Other creditors,Moldova,100.0
2023,Other creditors,Mongolia,71.79096344667654
2023,Other creditors,Montenegro,80.07852383940616
2023,Other creditors,Morocco,99.27628863107351
2023,Other creditors,Mozambique,83.8051428783829
2023,Other creditors,Myanmar,78.81094979394291
2023,Other creditors,Nepal,96.95900942796675
2023,Other creditors,Nicaragua,99.74903067920083
2023,Other creditors,Niger,95.86617048367843
2023,Other creditors,Nigeria,88.27214373032125
2023,Other creditors,North Macedonia,90.36160007211498
2023,Other creditors,Pakistan,75.69829507761285
2023,Other creditors,Papua New Guinea,83.64578622310508
2023,Other creditors,Paraguay,100.0
2023,Other creditors,Peru,100.0
2023,Other creditors,Philippines,99.51019231670743
2023,Other creditors,Rwanda,95.23553435216743
2023,Other creditors,Samoa,62.681657550319535
2023,Other creditors,Sao Tome and Principe,100.0
2023,Other creditors,Senegal,89.94335115721198
2023,Other creditors,Serbia,85.41519166735833
2023,Other creditors,Sierra Leone,95.31915492768776
2023,Other creditors,Solomon Islands,92.63129884298272
2023,Other creditors,"Somalia, Fed. Rep.",100.0
2023,Other creditors,South Africa,96.05760788455329
2023,Other creditors,South Asia,95.27326233139712
2023,Other creditors,Sri Lanka,80.15058135784851
2023,Other creditors,St. Lucia,100.0
2023,Other creditors,St. Vincent and the Grenadines,98.27371171856302
2023,Other creditors,Sub-Saharan Africa (excluding high income),84.45485924975249
2023,Other creditors,Sudan,93.59968947780851
2023,Other creditors,Suriname,78.98400241616876
2023,Other creditors,Syrian Arab Republic,98.05765122285375
2023,Other creditors,Tajikistan,70.66013372075334
2023,Other creditors,Tanzania,93.0570799850744
2023,Other creditors,Thailand,100.0
2023,Other creditors,Timor-Leste,100.0
2023,Other creditors,Togo,81.44990320068655
2023,Other creditors,Tonga,44.58936359284936
2023,Other creditors,Tunisia,99.83180580110009
2023,Other creditors,Turkiye,99.18551793047844
2023,Other creditors,Turkmenistan,97.21616322178885
2023,Other creditors,Uganda,81.70318402937238
2023,Other creditors,Ukraine,99.08061844199749
2023,Other creditors,Upper middle income,98.14422320254988
2023,Other creditors,Uzbekistan,86.46213283640989
2023,Other creditors,Vanuatu,56.919041721153064
2023,Other creditors,Viet Nam,98.35640256311842
2023,Other creditors,"Yemen, Rep.",97.40543882132077
2023,Other creditors,Zambia,65.04017889171338
2023,Other creditors,Zimbabwe,63.63855163661323
2024,Other creditors,Afghanistan,100.0
2024,Other creditors,Africa (excluding high income),88.38617500358207
2024,Other creditors,Albania,99.96343771560888
2024,Other creditors,Algeria,92.46814951684685
2024,Other creditors,Angola,68.76605242031815
2024,Other creditors,Argentina,95.26398633228683
2024,Other creditors,Armenia,99.76391641858201
2024,Other creditors,Azerbaijan,100.0
2024,Other creditors,Bangladesh,91.45464687799681
2024,Other creditors,Belarus,83.11033875351107
2024,Other creditors,Belize,100.0
2024,Other creditors,Benin,95.9013396852886
2024,Other creditors,Bhutan,100.0
2024,Other creditors,Bolivia,90.37165975778811
2024,Other creditors,Bosnia and Herzegovina,99.39149524359966
2024,Other creditors,Botswana,100.0
2024,Other creditors,Brazil,98.63892394164498
2024,Other creditors,Burkina Faso,98.06992450201457
2024,Other creditors,Burundi,93.80557362012217
2024,Other creditors,Cabo Verde,98.87816588872077
2024,Other creditors,Cambodia,65.86939229225756
2024,Other creditors,Cameroon,73.59339793583507
2024,Other creditors,Central African Republic,95.62872380200268
2024,Other creditors,Chad,91.47749342002021
2024,Other creditors,China,100.0
2024,Other creditors,Colombia,100.0
2024,Other creditors,Comoros,72.26356731234176
2024,Other creditors,"Congo, Dem. Rep.",55.576186457909905
2024,Other creditors,"Congo, Rep.",44.26021445036038
2024,Other creditors,Cote d'Ivoire,86.84813105124567
2024,Other creditors,Djibouti,49.45740251401313
2024,Other creditors,Dominica,94.97434275066192
2024,Other creditors,Dominican Republic,99.99924070746918
2024,Other creditors,East Asia & Pacific (excluding high income),98.20408620307913
2024,Other creditors,Ecuador,93.34535885917839
2024,Other creditors,"Egypt, Arab Rep.",94.47577237811583
2024,Other creditors,El Salvador,100.0
2024,Other creditors,Equatorial Guinea,7.412353931781826
2024,Other creditors,Eritrea,99.41439136877338
2024,Other creditors,Eswatini,75.43221344486038
2024,Other creditors,Ethiopia,78.082660481401
2024,Other creditors,Europe & Central Asia (excluding high income),95.73025865861132
2024,Other creditors,Fiji,92.73817373940925
2024,Other creditors,Gabon,84.09335397629106
2024,Other creditors,"Gambia, The",97.62548318639362
2024,Other creditors,Georgia,100.0
2024,Other creditors,Ghana,92.75112818887605
2024,Other creditors,Grenada,92.56155121277163
2024,Other creditors,Guatemala,99.67746446690948
2024,Other creditors,Guinea,59.696065516196555
2024,Other creditors,Guinea-Bissau,100.0
2024,Other creditors,Guyana,77.4664805971694
2024,Other creditors,Haiti,100.0
2024,Other creditors,Honduras,97.14076468405285
2024,Other creditors,IDA only,85.28872815771899
2024,Other creditors,IDA total,84.02831162599364
2024,Other creditors,India,100.0
2024,Other creditors,Indonesia,99.41067284133571
2024,Other creditors,"Iran, Islamic Rep.",98.12265088171165
2024,Other creditors,Iraq,96.8227671999763
2024,Other creditors,Jamaica,93.30290647723706
2024,Other creditors,Jordan,99.7618496354231
2024,Other creditors,Kazakhstan,94.42932304414572
2024,Other creditors,Kenya,84.91625212801428
2024,Other creditors,Kosovo,99.99999999999999
2024,Other creditors,Kyrgyz Republic,60.781244798599076
2024,Other creditors,Lao PDR,47.04039304420099
2024,Other creditors,Latin America & Caribbean (excluding high income),98.54291286001511
2024,Other creditors,Least developed countries: UN classification,83.28110024068583
2024,Other creditors,Lebanon,99.9796904144309
2024,Other creditors,Lesotho,82.12900503047278
2024,Other creditors,Liberia,96.44785778536053
2024,Other creditors,Low & lower middle income,89.94790743247835
2024,Other creditors,Low & middle income,95.19321504110911
2024,Other creditors,Low income,86.26902750783769
2024,Other creditors,Lower middle income,90.35274144698857
2024,Other creditors,Madagascar,93.3382926571852
2024,Other creditors,Malawi,93.22755978444518
2024,Other creditors,Maldives,75.14489250160649
2024,Other creditors,Mali,91.10057815311708
2024,Other creditors,Mauritania,92.70977286727324
2024,Other creditors,Mauritius,96.3013413269884
2024,Other creditors,Mexico,100.0
2024,Other creditors,"Middle East, North Africa, Afghanistan & Pakistan (excluding high income)",91.16020121675072
2024,Other creditors,Middle income,95.54370609844734
2024,Other creditors,Moldova,100.0
2024,Other creditors,Mongolia,78.49550625705484
2024,Other creditors,Montenegro,84.1080361018172
2024,Other creditors,Morocco,99.37227971337427
2024,Other creditors,Mozambique,84.37363606761387
2024,Other creditors,Myanmar,81.29094813103274
2024,Other creditors,Nepal,97.21462135570907
2024,Other creditors,Nicaragua,99.75574105459839
2024,Other creditors,Niger,96.36821876130644
2024,Other creditors,Nigeria,89.40180462634618
2024,Other creditors,North Macedonia,91.42005230193172
2024,Other creditors,Pakistan,75.00444691193579
2024,Other creditors,Papua New Guinea,84.74736929886222
2024,Other creditors,Paraguay,99.99999999999999
2024,Other creditors,Peru,100.0
2024,Other creditors,Philippines,99.57940314451731
2024,Other creditors,Rwanda,95.66914211529246
2024,Other creditors,Samoa,64.81508477143664
2024,Other creditors,Sao Tome and Principe,100.0
2024,Other creditors,Senegal,91.1540123668479
2024,Other creditors,Serbia,84.95948872109483
2024,Other creditors,Sierra Leone,95.5960775525488
2024,Other creditors,Solomon Islands,93.6845488568441
2024,Other creditors,"Somalia, Fed. Rep.",100.0
2024,Other creditors,South Africa,96.59502067995247
2024,Other creditors,South Asia,95.54570191163405
2024,Other creditors,Sri Lanka,78.02998126694933
2024,Other creditors,St. Lucia,100.0
2024,Other creditors,St. Vincent and the Grenadines,93.48382142882834
2024,Other creditors,Sub-Saharan Africa (excluding high income),85.96191522724652
2024,Other creditors,Sudan,93.84191736942682
2024,Other creditors,Suriname,80.33700297460258
2024,Other creditors,Syrian Arab Republic,98.04780767347779
2024,Other creditors,Tajikistan,72.46329665594612
2024,Other creditors,Tanzania,94.14280137684808
2024,Other creditors,Thailand,100.0
2024,Other creditors,Timor-Leste,100.0
2024,Other creditors,Togo,86.38923104449579
2024,Other creditors,Tonga,49.1632403566551
2024,Other creditors,Tunisia,99.85039454992437
2024,Other creditors,Turkiye,99.13834672110197
2024,Other creditors,Turkmenistan,97.35700531302372
2024,Other creditors,Uganda,81.79038248165105
2024,Other creditors,Ukraine,99.2156329791847
2024,Other creditors,Upper middle income,98.424529345492
2024,Other creditors,Uzbekistan,89.99533082744688
2024,Other creditors,Vanuatu,55.350416899166504
2024,Other creditors,Viet Nam,98.69035433577807
2024,Other creditors,"Yemen, Rep.",97.35806648785585
2024,Other creditors,Zambia,65.55591576910511
2024,Other creditors,Zimbabwe,62.23113713122178
