debtor_name,year,China (bilateral),China (private),Other creditors
Low & middle income,2009,4.923954739673963,0.6040292381222242,94.47201602220382
Low & middle income,2000,0.45217825520176996,0.018390879412676225,99.5227832448838
Low & middle income,2001,0.5088572032482266,0.17209282597288195,99.31217899447445
Low & middle income,2002,0.34442488975748436,0.09232674264254861,99.55899231853873
Low & middle income,2003,0.42812860158275345,0.06844813210699274,99.49790073669688
Low & middle income,2004,0.7896254768064817,0.03789018755696701,99.17103981808047
Low & middle income,2005,0.9486884846067195,0.21059670629539534,98.8385328592272
Low & middle income,2006,1.769200305375302,0.30791807180607145,97.92240696215963
Low & middle income,2007,1.910170459097732,0.09932097172878021,97.98954096206604
Low & middle income,2008,2.4928594863589524,0.03188853410969198,97.47524879845908
Low & middle income,2010,5.233903171935234,1.9362130712689918,92.8298798551675
Low & middle income,2011,5.0837602931708545,1.3029903615441243,93.61324934528501
Low & middle income,2024,1.411550193469617,0.08253568705756399,98.49821202251023
Low & middle income,2013,6.215002332072314,1.2462735061816017,92.53872416174609
Low & middle income,2023,3.8021440067315004,0.3619134121477896,95.82342305075973
Low & middle income,2022,3.699789736970999,0.6187140692027046,95.38281673434456
Low & middle income,2021,2.392057584432591,0.4723199249441532,97.13102118215572
Low & middle income,2012,4.537517086768027,0.47908063672207307,94.9834022765099
Low & middle income,2019,4.660891784345014,1.1230225359319659,94.21530276441825
Low & middle income,2020,2.9222137517619213,0.7942399778756511,96.28106394666561
Low & middle income,2017,6.307731790095317,1.2438614035933306,92.44840680631134
Low & middle income,2016,5.5710187750463795,3.904993718838139,90.52398750611549
Low & middle income,2015,5.26858226121146,0.5467957471299593,94.18461319718918
Low & middle income,2014,4.792973319074331,1.1173898850347244,94.08963679589094
Low & middle income,2018,6.632271513328707,1.3125565916224824,92.05517189504882
Low & lower middle income,2020,7.305009010221065,2.1791608869707235,90.51583010280821
Low & lower middle income,2024,2.658296664068348,0.2324325535799563,97.1092707823517
Low & lower middle income,2023,5.221077373462415,0.9196693586057421,93.85897213699238
Low & lower middle income,2022,7.409998574213172,1.6708432490195557,90.91915817676727
Low & lower middle income,2021,6.01675169936401,1.3938553939428362,92.58939290669313
Low & lower middle income,2000,0.4082404880039896,0.048961554604913915,99.54049051133761
Low & lower middle income,2001,1.0295031549777487,0.12042513726895226,98.83599982605162
Low & lower middle income,2011,9.836825744161107,4.364876667047239,85.79829758879166
Low & lower middle income,2016,13.153159400160792,11.4377467909321,75.4090938089071
Low & lower middle income,2015,9.761763043418227,1.4511299894224008,88.78708362554268
Low & lower middle income,2014,9.436754266028885,2.9954794267727274,87.56776630719838
Low & lower middle income,2013,11.045350928243185,3.735838977639803,85.21881009411702
Low & lower middle income,2012,10.356037637701855,1.6727660168969154,87.97119634540122
Low & lower middle income,2019,9.83932555266898,2.738180634556214,87.4224938127748
Low & lower middle income,2010,7.165812448698893,5.685579900949078,87.14859598469934
Low & lower middle income,2009,7.379815016310229,1.7099328962875842,90.91025208740218
Low & lower middle income,2008,4.267975347100241,0.08969382153758193,95.64232188386623
Low & lower middle income,2007,4.288416879906652,0.2609001997371493,95.44870668789031
Low & lower middle income,2006,4.368634387627556,0.8132162324345023,94.81674128398832
Low & lower middle income,2005,1.6708866210551099,0.48720065700169946,97.83488724216866
Low & lower middle income,2004,1.9048125801613334,0.07596237332518221,98.01495066160214
Low & lower middle income,2003,0.9982226961222246,0.14552358259679476,98.8374162790399
Low & lower middle income,2002,0.6961475130988661,0.008581054546064905,99.28862190884534
Low & lower middle income,2017,8.889582905072402,3.4842786463847064,87.62613844854289
Low & lower middle income,2018,14.917799414246607,3.400854941246839,81.68134564450656
Africa (excluding high income),2013,10.676686426412154,4.787339592866663,84.53597398072118
Africa (excluding high income),2000,0.7895562582315779,0.0006958009440099912,99.20960064491865
Africa (excluding high income),2012,9.387884704911153,1.5438895692092052,89.06822572587964
Africa (excluding high income),2001,1.6570479852087783,0.004000142137688734,98.32013962909781
Africa (excluding high income),2003,1.6108715364746888,0.0,98.38912846352531
Africa (excluding high income),2014,13.516698493379744,5.251710036247634,81.23159147037262
Africa (excluding high income),2015,12.037778420023317,2.458209488480915,85.50401209149577
Africa (excluding high income),2016,12.987466863564865,16.899520065585605,70.11301307084952
Africa (excluding high income),2017,9.902053134436274,5.334848727508356,84.76309813805535
Africa (excluding high income),2011,8.222267109621411,5.348800597997591,86.428932292381
Africa (excluding high income),2019,8.947151409730509,4.211511390710825,86.84133719955867
Africa (excluding high income),2020,6.948420706679857,2.0862505103863422,90.96532878293381
Africa (excluding high income),2021,4.677708572126956,0.8954435298261828,94.42684789804684
Africa (excluding high income),2002,0.726977753760875,0.0,99.27302224623912
Africa (excluding high income),2022,6.581910303851529,3.217521163193426,90.20056853295505
Africa (excluding high income),2024,2.9077992082120727,0.44859840877743695,96.64360238301049
Africa (excluding high income),2010,9.481521871529528,11.484375389753739,79.03410273871673
Africa (excluding high income),2009,9.528173750210224,3.8889152387390022,86.58291101105078
Africa (excluding high income),2008,5.541615354472511,0.19407583365228817,94.26430881187521
Africa (excluding high income),2007,5.854609260220409,0.1952259359488936,93.95016480383069
Africa (excluding high income),2006,7.844891473921288,1.0989399309959196,91.0561685950828
Africa (excluding high income),2005,2.0072231720071168,0.8701556310128372,97.12262119698006
Africa (excluding high income),2004,2.412633656029781,0.0048127492017100235,97.58255359476851
Africa (excluding high income),2023,5.656809732066698,1.912379808714326,92.43022586963015
Africa (excluding high income),2018,11.86931105224086,3.6577328908048248,84.47295605695432
Algeria,2007,0.20068335987125974,0.0,99.79931664012874
Algeria,2000,0.0,0.0,100.0
Algeria,2001,0.0,0.04910224714611358,99.95089775285389
Algeria,2002,0.05544719462993032,0.0,99.94455280537007
Algeria,2003,0.05706849811620928,0.0,99.94293150188379
Algeria,2005,0.11000792736812345,0.0,99.88999207263188
Algeria,2006,0.17200763496610558,0.0,99.82799236503388
Algeria,2004,0.09831405597200561,0.043306338867553876,99.85837960516045
Algeria,2015,0.0,0.0,100.0
Algeria,2016,0.0,0.0,100.0
Algeria,2024,nan,nan,nan
Algeria,2023,nan,nan,nan
Algeria,2014,0.0,0.0,100.0
Algeria,2021,nan,nan,nan
Algeria,2020,nan,nan,nan
Algeria,2019,nan,nan,nan
Algeria,2022,nan,nan,nan
Algeria,2018,nan,nan,nan
Algeria,2017,0.0,0.0,100.0
Algeria,2012,17.537281143476324,0.0,82.46271885652368
Algeria,2011,0.0,0.0,100.0
Algeria,2010,0.0,0.0,99.99999999999999
Algeria,2009,0.5297162592828223,0.0,99.47028374071718
Algeria,2013,0.0,0.0,100.0
Algeria,2008,0.2769973553983964,0.0,99.7230026446016
Angola,2005,3.4669236444922618,0.6505701710966655,95.88250618441107
Angola,2000,0.0,0.0,100.0
Angola,2001,0.0,0.0,100.0
Angola,2002,0.0,0.0,100.0
Angola,2003,0.0,0.0,100.0
Angola,2004,0.15956077890698234,0.0,99.84043922109302
Angola,2006,27.75256134683061,0.5224263669518885,71.7250122862175
Angola,2008,9.356922049222206,0.0,90.6430779507778
Angola,2024,2.666409343282759,1.926935180126386,95.40665547659086
Angola,2023,0.4987115864438448,11.418471293712196,88.08281711984395
Angola,2022,1.8360396669056462,13.16061905486809,85.00334127822627
Angola,2021,0.0,3.291611668065877,96.70838833193413
Angola,2020,5.098654361968934,12.230835556487419,82.67051008154365
Angola,2019,3.230448904904791,26.458829056054835,70.31072203904037
Angola,2018,17.555176319538056,24.380393001260455,58.064430679201486
Angola,2017,4.974699194537847,53.83653298366392,41.18876782179823
Angola,2016,4.785581879626848,73.47872646889894,21.735691651474205
Angola,2015,6.877998726916603,9.03394413150691,84.08805714157648
Angola,2014,2.7348445255896645,19.853414824631354,77.41174064977898
Angola,2013,7.634191885949581,31.659327919075842,60.70648019497458
Angola,2012,5.921825196689401,6.183640165652569,87.89453463765803
Angola,2011,0.0,39.22590384386441,60.77409615613559
Angola,2009,6.448265029775655,0.0,93.55173497022435
Angola,2007,9.766005916200154,0.15003620589060682,90.08395787790926
Angola,2010,0.5216548648615146,84.57550588666271,14.902839248475765
Argentina,2008,0.0,,100.0
Argentina,2007,0.0,,100.0
Argentina,2000,0.0,,100.0
Argentina,2001,0.0,,100.0
Argentina,2002,0.0,,100.0
Argentina,2003,0.0,,100.0
Argentina,2006,0.0,,100.0
Argentina,2004,0.0,,100.0
Argentina,2005,0.0,,100.0
Argentina,2015,12.88208884330502,,87.11791115669499
Argentina,2016,0.3920905442376134,,99.60790945576238
Argentina,2014,3.324454470208314,,96.67554552979169
Argentina,2024,0.0,,100.0
Argentina,2022,19.56374153350953,,80.43625846649047
Argentina,2021,2.2315515148248544,,97.76844848517516
Argentina,2020,0.9087729112008696,,99.09122708879913
Argentina,2023,35.06796212967914,,64.93203787032085
Argentina,2018,0.8114303050911652,,99.18856969490884
Argentina,2013,4.102529303191803,,95.8974706968082
Argentina,2012,1.8089115681316728,,98.19108843186832
Argentina,2017,2.5962252763719516,,97.40377472362805
Argentina,2011,0.20494966418654936,,99.79505033581344
Argentina,2010,0.9718103950258277,,99.02818960497417
Argentina,2019,3.0946302668989074,,96.90536973310108
Argentina,2009,0.0,,100.00000000000001
Armenia,2006,0.0,,100.00000000000003
Armenia,2000,0.0,,100.0
Armenia,2001,0.0,,100.0
Armenia,2002,0.0,,99.99999999999999
Armenia,2003,0.0,,100.00000000000001
Armenia,2004,0.0,,100.0
Armenia,2005,0.0,,100.0
Armenia,2007,0.0,,100.0
Armenia,2009,0.0,,100.0
Armenia,2024,0.0,,99.99999999999999
Armenia,2023,0.0,,100.0
Armenia,2022,0.0,,100.0
Armenia,2021,0.0,,100.0
Armenia,2020,0.0,,100.0
Armenia,2019,0.0,,100.0
Armenia,2008,0.0,,100.0
Armenia,2018,0.0,,100.0
Armenia,2016,0.5791881671389995,,99.420811832861
Armenia,2015,2.1595223221248823,,97.84047767787513
Armenia,2014,0.0,,100.00000000000001
Armenia,2013,0.0,,100.0
Armenia,2012,0.0,,100.0
Armenia,2010,0.0,,100.00000000000001
Armenia,2017,0.0,,100.0
Armenia,2011,0.0,,100.00000000000001
Bangladesh,2008,1.636851045786107,0.0,98.3631489542139
Bangladesh,2000,1.7044259055177606,1.7143042361846728,96.58126985829757
Bangladesh,2001,1.3091033990964542,4.105008600359119,94.58588800054443
Bangladesh,2002,4.001189387244168,0.15245388062583223,95.84635673213
Bangladesh,2003,0.0,0.0,100.0
Bangladesh,2004,0.005345831863592714,0.0,99.99465416813642
Bangladesh,2005,0.0,0.0,100.00000000000001
Bangladesh,2006,0.0,0.0,100.0
Bangladesh,2007,0.0,0.0,100.0
Bangladesh,2009,0.0,0.0,100.0
Bangladesh,2011,0.0,0.0,100.0
Bangladesh,2024,3.388481915084961,0.0,96.61151808491503
Bangladesh,2023,9.868414714879032,0.0,90.13158528512098
Bangladesh,2022,10.374630098739898,0.0,89.6253699012601
Bangladesh,2010,0.0,0.0,100.0
Bangladesh,2020,11.741203989829064,0.0,88.25879601017094
Bangladesh,2019,9.742084437469435,0.0,90.25791556253056
Bangladesh,2018,25.860306689032797,0.0,74.1396933109672
Bangladesh,2021,7.568200190956714,0.0,92.4317998090433
Bangladesh,2016,3.2012554087782705,0.0,96.79874459122173
Bangladesh,2015,2.588725111751655,0.0,97.41127488824836
Bangladesh,2014,14.592560366514828,0.0,85.40743963348518
Bangladesh,2013,11.243958303913589,0.0,88.75604169608641
Bangladesh,2012,8.67930765495047,0.0,91.32069234504951
Bangladesh,2017,7.772572496103246,0.0,92.22742750389676
Belarus,2009,42.51461486532535,,57.48538513467465
Belarus,2000,0.0,,100.0
Belarus,2001,0.0,,100.0
Belarus,2002,0.0,,100.0
Belarus,2003,0.0,,100.0
Belarus,2004,0.0,,100.0
Belarus,2005,13.691652789002163,,86.30834721099784
Belarus,2010,6.350663444570478,,93.64933655542951
Belarus,2008,2.1457480493128527,,97.85425195068714
Belarus,2007,3.135211886165476,,96.8647881138345
Belarus,2024,22.178043579878526,,77.82195642012145
Belarus,2023,26.824662223763678,,73.17533777623632
Belarus,2022,20.701938275526093,,79.29806172447391
Belarus,2021,10.662047471031062,,89.33795252896893
Belarus,2020,13.164129749286815,,86.83587025071319
Belarus,2018,30.93643872407156,,69.06356127592844
Belarus,2019,47.865280202430775,,52.134719797569225
Belarus,2016,26.189395495261458,,73.81060450473854
Belarus,2015,22.289771259805615,,77.71022874019438
Belarus,2014,18.941252779175578,,81.05874722082443
Belarus,2013,35.644311697625156,,64.35568830237484
Belarus,2012,21.926258135646542,,78.07374186435345
Belarus,2011,10.62759773926128,,89.37240226073872
Belarus,2017,14.184401024563234,,85.81559897543676
Belarus,2006,33.32594900118535,,66.67405099881465
Benin,2004,4.376841297892567,0.0,95.62315870210743
Benin,2023,0.9306753198181137,0.8617796433678133,98.20754503681407
Benin,2021,0.9147723119843966,0.5339385715196426,98.55128911649595
Benin,2020,0.0,0.0,100.0
Benin,2019,0.39780877110465507,0.0,99.60219122889534
Benin,2018,7.60234150906914,0.0,92.39765849093087
Benin,2017,9.241718061368447,0.0,90.75828193863154
Benin,2016,9.936139549742586,0.0,90.06386045025742
Benin,2015,24.77850318732505,0.0,75.22149681267493
Benin,2014,21.532847063249516,0.0,78.46715293675048
Benin,2013,7.104857469352903,0.0,92.89514253064709
Benin,2012,21.983505505689955,0.0,78.01649449431004
Benin,2011,10.815470203558958,0.0,89.18452979644104
Benin,2010,1.25897776224306,0.0,98.74102223775692
Benin,2009,1.3673652696368022,0.0,98.63263473036318
Benin,2008,1.6551770868712201,0.0,98.3448229131288
Benin,2007,11.479973619044005,0.0,88.52002638095598
Benin,2006,36.74935443536255,0.0,63.250645564637445
Benin,2005,4.362925682227408,0.0,95.63707431777259
Benin,2003,2.87281044459059,0.0,97.12718955540942
Benin,2002,7.247744918310216,0.0,92.7522550816898
Benin,2001,5.476907815307792,0.0,94.52309218469222
Benin,2000,1.3351764058778388,0.0,98.66482359412218
Benin,2022,0.03373388833791348,0.8793406794783984,99.08692543218368
Benin,2024,1.8668451876927201,2.2260146009467885,95.90714021136048
Bolivia,2003,0.0,,99.72281427442435
Bolivia,2024,12.729331316441375,,87.27066868355863
Bolivia,2023,8.773236461234514,,91.22676353876547
Bolivia,2022,12.634210030355849,,87.36578996964415
Bolivia,2021,18.846029929219338,,81.15397007078066
Bolivia,2020,3.914140258581139,,96.08585974141887
Bolivia,2019,13.150863591571454,,86.84913640842855
Bolivia,2018,19.600026021357287,,80.3999739786427
Bolivia,2016,9.827575992520972,,90.17242400747902
Bolivia,2015,1.0291125564106522,,98.97088744358935
Bolivia,2014,10.17600635398981,,89.82399364601018
Bolivia,2013,14.643563582512336,,85.35643641748764
Bolivia,2012,9.067327374853985,,90.93267262514603
Bolivia,2017,6.728849998921271,,93.27115000107872
Bolivia,2010,0.0651007113796579,,99.93313114084445
Bolivia,2009,0.11761824210134188,,99.88238175789866
Bolivia,2008,6.538310892029362,,93.46093572366621
Bolivia,2007,0.1772387419309604,,99.45009627810714
Bolivia,2006,3.7714340338219356,,96.0061109849942
Bolivia,2005,5.032354343541633,,94.43122665753508
Bolivia,2004,0.0,,99.99611325494155
Bolivia,2002,0.0,,99.89417507168368
Bolivia,2001,0.0,,99.81675696593145
Bolivia,2000,0.2990134119687394,,99.436733648359
Bolivia,2011,10.881106274350422,,89.11889372564958
Bosnia and Herzegovina,2014,0.0,,99.99999999999999
Bosnia and Herzegovina,2015,0.0,,100.00000000000001
Bosnia and Herzegovina,2016,0.0,,100.0
Bosnia and Herzegovina,2017,0.0,,100.0
Bosnia and Herzegovina,2018,0.0,,100.00000000000001
Bosnia and Herzegovina,2023,0.0,,100.0
Bosnia and Herzegovina,2020,0.0,,99.99999999999999
Bosnia and Herzegovina,2021,0.0,,100.0
Bosnia and Herzegovina,2022,0.0,,100.0
Bosnia and Herzegovina,2013,0.0,,100.0
Bosnia and Herzegovina,2019,0.0,,99.99999999999999
Bosnia and Herzegovina,2012,0.0,,99.99999999999999
Bosnia and Herzegovina,2004,0.0,,100.0
Bosnia and Herzegovina,2010,0.0,,100.0
Bosnia and Herzegovina,2009,0.0,,100.00000000000001
Bosnia and Herzegovina,2008,0.0,,100.0
Bosnia and Herzegovina,2007,0.0,,99.99999999999999
Bosnia and Herzegovina,2006,0.0,,100.0
Bosnia and Herzegovina,2005,0.0,,100.0
Bosnia and Herzegovina,2003,0.0,,100.0
Bosnia and Herzegovina,2002,0.0,,99.99999999999999
Bosnia and Herzegovina,2001,0.0,,99.99999999999999
Bosnia and Herzegovina,2000,0.0,,100.00000000000001
Bosnia and Herzegovina,2024,5.463299694781479,,94.53670030521852
Bosnia and Herzegovina,2011,0.0,,100.0
Botswana,2000,52.45763424506404,,47.54236575493596
Botswana,2001,2.1507435765259473,,97.84925642347406
Botswana,2024,0.0,,100.0
Botswana,2023,0.0,,100.0
Botswana,2022,0.0,,100.0
Botswana,2021,0.0,,100.00000000000001
Botswana,2020,0.0,,99.99999999999997
Botswana,2019,0.0,,100.0
Botswana,2018,0.0,,100.0
Botswana,2016,0.0,,100.0
Botswana,2015,0.0,,100.0
Botswana,2014,0.0,,100.0
Botswana,2013,3.7605049137540485,,96.23949508624595
Botswana,2017,0.0,,100.0
Botswana,2011,0.0328935446471215,,99.96710645535288
Botswana,2012,2.3343274958026736,,97.66567250419732
Botswana,2003,56.78152556869281,,43.21847443130719
Botswana,2004,79.54945732441251,,20.450542675587467
Botswana,2005,53.09644747169011,,46.903552528309895
Botswana,2006,62.91670318994856,,37.083296810051436
Botswana,2002,88.59712546875967,,11.402874531240327
Botswana,2008,22.287372591831616,,77.71262740816839
Botswana,2009,0.9974953469870231,,99.00250465301298
Botswana,2010,6.798322874421877,,93.20167712557813
Botswana,2007,52.11553463434981,,47.88446536565019
Brazil,2012,0.030067355419607887,0.0,99.9699326445804
Brazil,2021,0.0,0.0,100.0
Brazil,2020,0.0,0.16069589713845334,99.83930410286155
Brazil,2019,0.0,0.0,100.0
Brazil,2018,6.942799549074916,0.0,93.05720045092508
Brazil,2017,26.389255727582086,0.0,73.61074427241792
Brazil,2016,0.0,0.0,100.0
Brazil,2015,0.0,0.0,100.0
Brazil,2014,0.0,0.0,100.0
Brazil,2013,0.0,0.0,100.0
Brazil,2011,0.16390805258609603,0.0,99.8360919474139
Brazil,2024,1.109612363002875,0.0,98.89038763699713
Brazil,2009,22.860760173197527,0.0,77.13923982680248
Brazil,2008,5.313691106254253,0.0,94.68630889374575
Brazil,2007,0.0011774485259332056,0.0,99.99882255147406
Brazil,2006,0.0,0.0,100.0
Brazil,2005,0.0,0.0,100.0
Brazil,2004,0.0,0.0,100.0
Brazil,2003,0.0,0.0,100.0
Brazil,2002,0.0,0.0,100.0
Brazil,2001,0.0,0.00994474112066153,99.99005525887934
Brazil,2000,0.0,0.0,100.0
Brazil,2022,0.0,0.0,100.0
Brazil,2010,20.099592337699256,0.0,79.90040766230074
Brazil,2023,2.463871310765482,0.0,97.53612868923452
Burkina Faso,2002,0.0,,99.99999999999999
Burkina Faso,2000,2.5289400416017154,,97.47105995839829
Burkina Faso,2023,0.0,,100.00000000000001
Burkina Faso,2022,8.301461831107586,,91.69853816889241
Burkina Faso,2021,5.493526240594645,,94.50647375940535
Burkina Faso,2020,6.365347886821781,,93.63465211317822
Burkina Faso,2019,0.0,,100.0
Burkina Faso,2018,0.0,,100.00000000000001
Burkina Faso,2017,0.0,,100.0
Burkina Faso,2016,0.0,,100.0
Burkina Faso,2015,16.659284371750562,,83.34071562824943
Burkina Faso,2014,0.752676389193195,,99.2473236108068
Burkina Faso,2013,0.0,,100.0
Burkina Faso,2012,0.0,,100.0
Burkina Faso,2011,0.0,,100.00000000000003
Burkina Faso,2010,0.0,,99.99999999999999
Burkina Faso,2009,0.0,,100.0
Burkina Faso,2008,4.056631249703277,,95.94336875029671
Burkina Faso,2007,0.0,,100.0
Burkina Faso,2006,0.0,,100.0
Burkina Faso,2005,0.24254936896444593,,99.75745063103555
Burkina Faso,2004,10.343092062735568,,89.65690793726444
Burkina Faso,2003,0.0,,100.0
Burkina Faso,2024,0.0,,100.0
Burkina Faso,2001,0.3851351115190326,,99.61486488848098
Burundi,2024,0.0,,100.0
Burundi,2002,0.0,,100.0
Burundi,2023,0.0,,100.00000000000001
Burundi,2022,0.0,,100.0
Burundi,2021,0.0,,100.0
Burundi,2020,1.2195072629684267,,98.78049273703158
Burundi,2019,41.51131544228561,,58.488684557714386
Burundi,2018,0.0,,100.0
Burundi,2017,0.0,,100.0
Burundi,2016,20.249589209602068,,79.75041079039794
Burundi,2015,53.235210518741845,,46.76478948125815
Burundi,2014,0.0,,100.0
Burundi,2013,0.0,,100.0
Burundi,2012,0.0,,100.0
Burundi,2011,0.0,,100.0
Burundi,2010,0.0,,100.0
Burundi,2009,0.0,,100.0
Burundi,2008,0.0,,100.0
Burundi,2007,0.0,,100.0
Burundi,2006,0.0,,100.0
Burundi,2005,0.0,,100.0
Burundi,2004,0.0,,100.0
Burundi,2003,0.0,,100.0
Burundi,2001,0.0,,100.0
Burundi,2000,0.0,,100.0
Cabo Verde,2015,0.0,,99.99999999999997
Cabo Verde,2024,0.0,,100.0
Cabo Verde,2023,0.0,,100.0
Cabo Verde,2022,0.0,,99.99999999999999
Cabo Verde,2021,0.0,,100.0
Cabo Verde,2020,0.0,,100.0
Cabo Verde,2019,0.0,,100.0
Cabo Verde,2018,2.1572869184478956,,97.8427130815521
Cabo Verde,2016,0.0,,100.0
Cabo Verde,2014,0.0,,100.0
Cabo Verde,2013,0.0,,99.99999999999999
Cabo Verde,2012,0.7674436530813744,,99.23255634691864
Cabo Verde,2011,3.2679128004218314,,96.73208719957817
Cabo Verde,2017,9.765487912367112,,90.2345120876329
Cabo Verde,2009,16.029111779914565,,83.97088822008543
Cabo Verde,2008,0.0,,100.0
Cabo Verde,2007,0.0,,100.0
Cabo Verde,2006,0.0,,100.0
Cabo Verde,2005,0.0,,99.99999999999999
Cabo Verde,2004,0.0,,100.00000000000001
Cabo Verde,2003,0.0,,100.0
Cabo Verde,2002,0.0,,100.0
Cabo Verde,2001,0.0,,100.0
Cabo Verde,2000,0.0,,99.99999999999999
Cabo Verde,2010,2.539056003823485,,97.46094399617652
Cambodia,2013,64.89079235041244,,35.10920764958757
Cambodia,2014,70.28246442274859,,29.717535577251418
Cambodia,2015,60.86621469018354,,39.13378530981646
Cambodia,2017,50.834432068520094,,49.165567931479906
Cambodia,2018,59.23746246474808,,40.76253753525193
Cambodia,2023,21.52121698876534,,78.47878301123467
Cambodia,2020,30.061560217243,,69.93843978275702
Cambodia,2021,24.92613200541689,,75.07386799458311
Cambodia,2022,22.470001717170717,,77.52999828282928
Cambodia,2012,81.32316339226665,,18.67683660773335
Cambodia,2019,38.672672980004684,,61.32732701999531
Cambodia,2011,59.097274903634315,,40.902725096365685
Cambodia,2016,58.77292401071522,,41.22707598928478
Cambodia,2009,30.802327518377428,,69.19767248162256
Cambodia,2008,35.60695977749064,,64.39304022250937
Cambodia,2007,7.128896511201239,,92.87110348879877
Cambodia,2006,28.471768158935664,,71.52823184106434
Cambodia,2005,1.2696436608796795,,98.73035633912032
Cambodia,2004,13.496151138309623,,86.50384886169037
Cambodia,2003,0.0,,100.0
Cambodia,2002,2.1530029101812245,,97.84699708981879
Cambodia,2001,6.561903055829495,,93.43809694417051
Cambodia,2000,0.0,,100.0
Cambodia,2024,18.49887175248425,,81.50112824751575
Cambodia,2010,64.30227525692541,,35.697724743074595
Cameroon,2000,2.2141654485245947,0.0,97.78583455147539
Cameroon,2001,0.0,0.0,100.0
Cameroon,2013,58.29213469308686,0.0,41.70786530691314
Cameroon,2023,21.90311327289699,0.0,78.09688672710301
Cameroon,2022,36.70637209119893,0.0,63.29362790880108
Cameroon,2021,4.605959648617377,0.0,95.39404035138263
Cameroon,2020,24.066965545945944,1.216527786415833,74.71650666763821
Cameroon,2019,33.194170811549306,4.5185462502507185,62.28728293819997
Cameroon,2018,14.12873949848861,1.912203373309949,83.95905712820145
Cameroon,2017,39.879889617257454,1.8958057176470724,58.22430466509549
Cameroon,2016,24.59328392119636,4.114595603645839,71.2921204751578
Cameroon,2015,21.265110273928112,0.0,78.73488972607188
Cameroon,2014,57.61642471996472,0.0,42.38357528003528
Cameroon,2002,0.22350214679601652,0.0,99.77649785320398
Cameroon,2012,42.845770455648626,0.0,57.15422954435137
Cameroon,2011,22.307819645886795,0.0,77.69218035411322
Cameroon,2010,28.746727735596743,0.0,71.25327226440326
Cameroon,2009,8.09696890749943,0.0,91.90303109250057
Cameroon,2008,27.37959007625539,0.0,72.6204099237446
Cameroon,2007,18.97994873699079,0.0,81.02005126300921
Cameroon,2006,0.3685898187921774,0.0,99.63141018120783
Cameroon,2005,7.8438669697509456,0.0,92.15613303024905
Cameroon,2004,0.0,0.0,99.99999999999999
Cameroon,2003,0.805111843381121,0.0,99.19488815661886
Cameroon,2024,9.129934502723971,0.0,90.87006549727603
Central African Republic,2024,0.0,,100.0
Central African Republic,2000,0.0,,100.0
Central African Republic,2002,0.0,,100.0
Central African Republic,2022,0.0,,100.0
Central African Republic,2021,0.0,,100.0
Central African Republic,2020,0.0,,100.00000000000001
Central African Republic,2019,0.0,,100.0
Central African Republic,2018,0.0,,100.00000000000001
Central African Republic,2017,0.0,,100.0
Central African Republic,2016,0.0,,100.0
Central African Republic,2015,81.38193384857094,,18.618066151429066
Central African Republic,2014,0.6899079305782388,,99.31009206942177
Central African Republic,2001,0.0,,100.0
Central African Republic,2013,95.48707922750846,,4.512920772491554
Central African Republic,2012,42.849416957905625,,57.150583042094375
Central African Republic,2011,45.69358229069642,,54.30641770930359
Central African Republic,2010,42.22348840260827,,57.77651159739174
Central African Republic,2009,12.955147542496555,,87.04485245750344
Central African Republic,2008,0.0,,100.0
Central African Republic,2007,0.0,,100.0
Central African Republic,2006,nan,,nan
Central African Republic,2005,nan,,nan
Central African Republic,2004,nan,,nan
Central African Republic,2003,nan,,nan
Central African Republic,2023,0.0,,100.0
Chad,2001,0.0,,100.0
Chad,2000,0.0,,100.0
Chad,2002,0.0,,100.0
Chad,2005,0.0,,100.0
Chad,2003,0.0,,100.0
Chad,2007,0.0,,100.0
Chad,2008,45.99403679404703,,54.00596320595297
Chad,2009,0.0,,100.0
Chad,2010,0.0,,100.0
Chad,2011,32.50336795781599,,67.496632042184
Chad,2012,41.70864655580494,,58.29135344419505
Chad,2013,0.0,,100.0
Chad,2014,4.829256453546225,,95.17074354645376
Chad,2015,8.110034871752001,,91.889965128248
Chad,2004,0.0,,100.0
Chad,2006,0.0,,100.0
Chad,2017,0.0,,100.0
Chad,2018,0.0,,100.0
Chad,2019,0.0,,100.0
Chad,2020,58.257439362629086,,41.74256063737092
Chad,2021,17.134734193738826,,82.86526580626118
Chad,2022,0.0,,100.0
Chad,2023,0.0,,100.0
Chad,2024,0.0,,100.0
Chad,2016,12.204820242556018,,87.79517975744398
Comoros,2013,nan,,nan
Comoros,2023,0.0,,100.0
Comoros,2021,56.35783395480602,,43.64216604519399
Comoros,2020,69.75220876519849,,30.247791234801504
Comoros,2019,2.361731799670056,,97.63826820032995
Comoros,2018,55.35438192358983,,44.64561807641017
Comoros,2017,0.0,,100.0
Comoros,2016,55.100454256207975,,44.899545743792025
Comoros,2015,nan,,nan
Comoros,2014,nan,,nan
Comoros,2012,nan,,nan
Comoros,2011,nan,,nan
Comoros,2010,nan,,nan
Comoros,2009,0.0,,100.0
Comoros,2008,0.0,,100.0
Comoros,2007,0.0,,100.0
Comoros,2006,0.0,,100.0
Comoros,2005,0.0,,100.0
Comoros,2004,0.0,,100.0
Comoros,2003,0.0,,100.0
Comoros,2002,0.0,,100.0
Comoros,2001,0.0,,100.0
Comoros,2000,0.0,,100.0
Comoros,2022,12.009483336918734,,87.99051666308125
Comoros,2024,0.0,,100.0
"Congo, Dem. Rep.",2023,12.966570532721944,,87.03342946727805
"Congo, Dem. Rep.",2000,nan,,nan
"Congo, Dem. Rep.",2022,13.561081180422363,,86.43891881957764
"Congo, Dem. Rep.",2021,12.038942814819457,,87.96105718518055
"Congo, Dem. Rep.",2020,72.98583672679554,,27.014163273204456
"Congo, Dem. Rep.",2019,7.942606459259063,,92.05739354074093
"Congo, Dem. Rep.",2018,83.94609388767472,,16.05390611232528
"Congo, Dem. Rep.",2017,10.166958318224827,,89.83304168177519
"Congo, Dem. Rep.",2016,38.01419139001354,,61.98580860998645
"Congo, Dem. Rep.",2015,54.5772502029061,,45.42274979709389
"Congo, Dem. Rep.",2014,64.79306578058717,,35.20693421941284
"Congo, Dem. Rep.",2012,48.755955043464866,,51.244044956535134
"Congo, Dem. Rep.",2011,43.38501359287974,,56.61498640712026
"Congo, Dem. Rep.",2010,89.40427982849121,,10.59572017150879
"Congo, Dem. Rep.",2009,0.2784239964644166,,99.72157600353559
"Congo, Dem. Rep.",2008,0.3278538901495971,,99.67214610985042
"Congo, Dem. Rep.",2007,0.2834099434104014,,99.7165900565896
"Congo, Dem. Rep.",2006,0.17158537004628968,,99.8284146299537
"Congo, Dem. Rep.",2005,0.0,,100.0
"Congo, Dem. Rep.",2004,0.0,,100.0
"Congo, Dem. Rep.",2003,0.0,,100.0
"Congo, Dem. Rep.",2002,0.0,,100.0
"Congo, Dem. Rep.",2001,nan,,nan
"Congo, Dem. Rep.",2024,8.764779960665738,,91.23522003933427
"Congo, Dem. Rep.",2013,72.80201732291096,,27.197982677089055
"Congo, Rep.",2012,43.27748601939043,15.347003430175002,41.37551055043457
"Congo, Rep.",2024,0.0,0.0,100.0
"Congo, Rep.",2023,0.0,0.0,100.0
"Congo, Rep.",2022,0.0,0.0,100.00000000000001
"Congo, Rep.",2021,16.197641052084325,0.0,83.80235894791568
"Congo, Rep.",2020,0.0,0.0,100.0
"Congo, Rep.",2019,33.72001694070367,0.0,66.27998305929633
"Congo, Rep.",2018,3.93731666718355,49.6639611360962,46.39872219672025
"Congo, Rep.",2016,35.30441603008089,0.0,64.6955839699191
"Congo, Rep.",2015,22.972177291074683,0.0,77.02782270892533
"Congo, Rep.",2014,35.910427120732166,0.0,64.08957287926783
"Congo, Rep.",2013,67.62274518440634,0.0,32.37725481559365
"Congo, Rep.",2011,47.88527383955505,16.157141348063906,35.957584812381036
"Congo, Rep.",2017,40.108993417035634,1.408475829556254,58.482530753408106
"Congo, Rep.",2009,65.68757446756771,0.0,34.31242553243227
"Congo, Rep.",2008,22.200490552916357,0.0,77.79950944708364
"Congo, Rep.",2007,49.80450610241765,0.0,50.19549389758236
"Congo, Rep.",2006,8.026961147040605,76.15617518099766,15.816863671961734
"Congo, Rep.",2005,7.410436950076211,64.56305890293706,28.02650414698673
"Congo, Rep.",2004,23.96986500068102,0.0,76.03013499931897
"Congo, Rep.",2003,6.717480120321416,0.0,93.28251987967859
"Congo, Rep.",2002,55.287149784188124,0.0,44.712850215811876
"Congo, Rep.",2001,3.902694122378328,0.0,96.09730587762166
"Congo, Rep.",2000,100.0,0.0,0.0
"Congo, Rep.",2010,30.44613440117457,41.52715129766598,28.02671430115945
Cote d'Ivoire,2014,12.10282675954753,0.0,87.89717324045249
Cote d'Ivoire,2015,9.55378456948623,0.0,90.44621543051376
Cote d'Ivoire,2016,50.78202237522596,0.0,49.217977624774036
Cote d'Ivoire,2017,15.445516986295361,0.0,84.55448301370463
Cote d'Ivoire,2018,8.355672318003048,0.0,91.64432768199694
Cote d'Ivoire,2023,11.320781189763334,1.2086574048248606,87.4705614054118
Cote d'Ivoire,2020,11.603938177192198,0.7505841631346823,87.64547765967312
Cote d'Ivoire,2021,5.137409066751535,0.9870163753606264,93.87557455788784
Cote d'Ivoire,2022,9.422919049445026,3.897362874652592,86.67971807590239
Cote d'Ivoire,2012,27.33836990973178,9.680615075318839,62.98101501494937
Cote d'Ivoire,2019,11.222683536086036,2.9396234803342534,85.83769298357971
Cote d'Ivoire,2011,0.144232821416031,4.7646997871723284,95.09106739141164
Cote d'Ivoire,2013,26.43474097429552,0.5470805043630724,73.01817852134141
Cote d'Ivoire,2009,11.642051928563417,0.0,88.3579480714366
Cote d'Ivoire,2008,10.112519723780323,0.0,89.88748027621969
Cote d'Ivoire,2007,22.70697207940752,0.0,77.29302792059246
Cote d'Ivoire,2006,0.9231961509021008,0.0,99.0768038490979
Cote d'Ivoire,2005,2.9208166195153242,0.0,97.07918338048468
Cote d'Ivoire,2004,18.217955070250788,0.0,81.7820449297492
Cote d'Ivoire,2003,4.7160110652805045,0.0,95.2839889347195
Cote d'Ivoire,2002,0.8733773557122815,0.0,99.12662264428774
Cote d'Ivoire,2001,8.40291562980032,0.0,91.59708437019968
Cote d'Ivoire,2000,0.0,0.0,100.0
Cote d'Ivoire,2024,3.4152449897486385,0.0,96.58475501025136
Cote d'Ivoire,2010,4.608018252228018,10.65426589310279,84.7377158546692
Djibouti,2000,0.0,,100.0
Djibouti,2001,0.0,,100.0
Djibouti,2024,0.0,,100.0
Djibouti,2023,0.0,,100.0
Djibouti,2022,0.0,,100.0
Djibouti,2021,0.0,,100.0
Djibouti,2020,67.38884515347638,,32.61115484652361
Djibouti,2019,10.13679741284804,,89.86320258715195
Djibouti,2018,21.87183724486527,,78.12816275513472
Djibouti,2016,79.68019594011179,,20.319804059888213
Djibouti,2015,83.29391235907573,,16.706087640924277
Djibouti,2014,74.2730557292679,,25.726944270732112
Djibouti,2013,19.563465677403702,,80.4365343225963
Djibouti,2017,80.4428567613126,,19.5571432386874
Djibouti,2011,0.0,,100.0
Djibouti,2012,0.0,,100.0
Djibouti,2003,0.0,,100.0
Djibouti,2004,0.0,,100.0
Djibouti,2005,0.0,,99.99999999999999
Djibouti,2006,0.0,,100.00000000000001
Djibouti,2002,5.821743398489866,,94.17825660151014
Djibouti,2008,6.527640016520847,,93.47235998347915
Djibouti,2009,9.592296761024228,,90.40770323897576
Djibouti,2010,0.0,,99.99999999999999
Djibouti,2007,9.566869026784278,,90.43313097321573
Dominica,2012,34.049978899531226,,65.95002110046877
Dominica,2021,0.0,,100.0
Dominica,2020,0.0,,100.0
Dominica,2019,0.0,,100.0
Dominica,2018,0.0,,100.0
Dominica,2017,0.0,,100.0
Dominica,2016,0.0,,100.0
Dominica,2015,26.172200822895352,,73.82779917710465
Dominica,2014,24.339864060189665,,75.66013593981033
Dominica,2013,21.609185329387117,,78.39081467061287
Dominica,2011,22.43608890604929,,77.56391109395071
Dominica,2024,0.0,,100.0
Dominica,2009,0.0,,100.0
Dominica,2008,0.0,,100.0
Dominica,2007,0.0,,100.0
Dominica,2006,0.0,,100.0
Dominica,2005,0.0,,100.00000000000001
Dominica,2004,0.0,,100.00000000000001
Dominica,2003,4.349443115421829,,95.65055688457818
Dominica,2002,2.454113823784829,,97.54588617621518
Dominica,2001,8.413700626380448,,91.58629937361957
Dominica,2000,0.0,,100.0
Dominica,2022,0.0,,100.0
Dominica,2010,36.46379362863576,,63.53620637136425
Dominica,2023,0.0,,100.0
Dominican Republic,2002,0.0,,100.0
Dominican Republic,2000,0.0,,100.0
Dominican Republic,2023,0.0,,100.0
Dominican Republic,2022,0.0,,100.0
Dominican Republic,2021,0.0,,100.0
Dominican Republic,2020,0.0,,100.0
Dominican Republic,2019,0.0,,100.0
Dominican Republic,2018,0.0,,100.0
Dominican Republic,2017,0.0,,100.0
Dominican Republic,2016,0.0,,100.0
Dominican Republic,2015,0.0,,100.0
Dominican Republic,2014,0.0,,100.0
Dominican Republic,2013,0.0,,100.0
Dominican Republic,2012,0.0,,100.0
Dominican Republic,2011,0.0,,100.0
Dominican Republic,2010,0.0,,100.0
Dominican Republic,2009,0.0,,100.0
Dominican Republic,2008,0.0,,100.0
Dominican Republic,2007,0.0,,100.0
Dominican Republic,2006,0.06348239626274375,,99.93651760373726
Dominican Republic,2005,0.12704189425795032,,99.87295810574203
Dominican Republic,2004,0.23312266751948543,,99.76687733248052
Dominican Republic,2003,0.0,,99.99999999999999
Dominican Republic,2024,0.0,,100.0
Dominican Republic,2001,1.1023101968092857,,98.89768980319072
East Asia & Pacific (excluding high income),2024,0.44587163195252577,0.0,99.55412836804749
East Asia & Pacific (excluding high income),2002,0.19845958925724153,0.0,99.80154041074276
East Asia & Pacific (excluding high income),2023,0.8446036681139409,0.0,99.15539633188607
East Asia & Pacific (excluding high income),2022,1.0422422747016336,0.0,98.95775772529836
East Asia & Pacific (excluding high income),2021,0.34526345316747215,0.0,99.65473654683252
East Asia & Pacific (excluding high income),2020,0.7543722703840914,0.008123030568125428,99.23750469904779
East Asia & Pacific (excluding high income),2019,1.1186602527651277,0.019534104030593982,98.86180564320428
East Asia & Pacific (excluding high income),2018,1.6963615724475811,0.07316067958972702,98.23047774796268
East Asia & Pacific (excluding high income),2017,1.9404679391080837,0.059582582244212916,97.99994947864771
East Asia & Pacific (excluding high income),2016,2.523246554276423,0.16001156051583862,97.31674188520775
East Asia & Pacific (excluding high income),2015,3.2517883226379576,0.20488006460894032,96.5433316127531
East Asia & Pacific (excluding high income),2014,2.8782779628855195,0.9519486828307729,96.16977335428369
East Asia & Pacific (excluding high income),2013,4.604047971424082,1.01762087929902,94.37833114927689
East Asia & Pacific (excluding high income),2012,2.778696398203704,0.7144706597888807,96.50683294200742
East Asia & Pacific (excluding high income),2011,2.6451267805023804,0.8166149695750398,96.53825824992258
East Asia & Pacific (excluding high income),2010,2.182827241091656,0.6863969003725787,97.13077585853577
East Asia & Pacific (excluding high income),2009,1.4269419698634462,0.11277764312184695,98.4602803870147
East Asia & Pacific (excluding high income),2008,2.795503525260521,0.0,97.20449647473949
East Asia & Pacific (excluding high income),2007,2.627104980021348,0.015404223537150815,97.35749079644151
East Asia & Pacific (excluding high income),2006,1.1524983998654845,0.06428261520619784,98.78321898492833
East Asia & Pacific (excluding high income),2005,0.42728215034392186,0.0,99.57271784965607
East Asia & Pacific (excluding high income),2004,1.1286984275550136,0.0,98.87130157244499
East Asia & Pacific (excluding high income),2003,0.26282460766904886,0.0,99.73717539233094
East Asia & Pacific (excluding high income),2001,0.14333995474750563,0.0,99.8566600452525
East Asia & Pacific (excluding high income),2000,0.027195651706464662,0.005039474648735613,99.9677648736448
Ecuador,2010,34.676771899931346,0.0,65.32322810006865
Ecuador,2024,0.020808208277662613,0.0,99.97919179172234
Ecuador,2023,0.9020048188169983,0.0,99.097995181183
Ecuador,2022,0.0,0.0,100.0
Ecuador,2021,10.22960272044494,0.0,89.77039727955504
Ecuador,2020,0.8678892015134541,0.0,99.13211079848655
Ecuador,2019,6.657090361355156,0.0,93.34290963864484
Ecuador,2018,11.896690705035216,2.0969628678523207,86.00634642711246
Ecuador,2016,34.81997606352805,11.193730947313599,53.98629298915836
Ecuador,2015,17.184987029116662,0.0,82.81501297088333
Ecuador,2014,17.377926952737326,0.0,82.62207304726267
Ecuador,2013,71.61941566215609,0.0,28.380584337843928
Ecuador,2012,48.671139521988195,0.0,51.32886047801179
Ecuador,2017,6.9574791664582945,0.0,93.0425208335417
Ecuador,2009,0.0,0.0,100.0
Ecuador,2008,0.0,0.0,100.0
Ecuador,2007,0.0,0.0,100.0
Ecuador,2006,0.0,0.0,100.0
Ecuador,2005,0.0,0.0,100.0
Ecuador,2004,0.0,0.0,100.0
Ecuador,2003,0.0013038883534360027,0.0,99.99869611164657
Ecuador,2002,0.004873821012101909,0.0,99.9951261789879
Ecuador,2001,0.010201142387852526,0.0,99.98979885761214
Ecuador,2000,0.03305842532612167,0.0,99.96694157467388
Ecuador,2011,70.39741086919412,0.0,29.60258913080587
"Egypt, Arab Rep.",2013,0.006873118667928083,0.0,99.99312688133206
"Egypt, Arab Rep.",2014,0.02740431501186485,0.0,99.97259568498814
"Egypt, Arab Rep.",2015,0.0,0.0,100.0
"Egypt, Arab Rep.",2016,11.19505398369317,0.0,88.80494601630683
"Egypt, Arab Rep.",2017,2.7819739413217577,0.0,97.21802605867825
"Egypt, Arab Rep.",2022,3.9186306547733585,5.518014207079211,90.56335513814741
"Egypt, Arab Rep.",2019,2.853493161096472,0.0,97.14650683890353
"Egypt, Arab Rep.",2020,1.4642247468367577,2.829109892361625,95.70666536080161
"Egypt, Arab Rep.",2021,4.183250175011265,1.4338026624272977,94.38294716256145
"Egypt, Arab Rep.",2012,5.518540689163688,0.0,94.48145931083631
"Egypt, Arab Rep.",2018,9.701591720645625,0.0,90.29840827935438
"Egypt, Arab Rep.",2011,0.3565778107436102,0.0,99.64342218925638
"Egypt, Arab Rep.",2023,7.40265242789895,4.116175376444474,88.48117219565658
"Egypt, Arab Rep.",2009,0.2692717283529186,0.0,99.73072827164708
"Egypt, Arab Rep.",2008,0.3514185619494204,0.0,99.64858143805057
"Egypt, Arab Rep.",2007,0.20918799595025586,0.0,99.79081200404974
"Egypt, Arab Rep.",2006,0.3872389023200353,0.0,99.61276109767996
"Egypt, Arab Rep.",2005,0.0,0.0,100.0
"Egypt, Arab Rep.",2004,0.0,0.0,100.0
"Egypt, Arab Rep.",2003,0.0,0.0,99.99999999999997
"Egypt, Arab Rep.",2002,0.0,0.0,99.99999999999999
"Egypt, Arab Rep.",2001,0.0,0.0,100.0
"Egypt, Arab Rep.",2000,0.0,0.0,100.0
"Egypt, Arab Rep.",2024,5.113240578480445,1.2582060486042692,93.62855337291528
"Egypt, Arab Rep.",2010,0.2516913853312982,0.0,99.7483086146687
El Salvador,2000,0.5911836321327614,0.0,99.40881636786723
El Salvador,2001,0.2879889494262673,0.0,99.71201105057374
El Salvador,2015,0.0,0.0,99.99999999999999
El Salvador,2022,0.0,0.0,100.00000000000003
El Salvador,2023,0.0,0.0,100.0
El Salvador,2024,0.0,0.0,100.0
El Salvador,2002,0.0,0.0,100.0
El Salvador,2019,0.0,0.0,100.0
El Salvador,2018,0.0,0.0,100.0
El Salvador,2017,0.0,0.0,100.0
El Salvador,2016,0.0,0.0,100.0
El Salvador,2021,0.04390601826413958,0.0,99.95609398173586
El Salvador,2014,0.0,0.0,100.0
El Salvador,2013,0.0,0.0,100.0
El Salvador,2020,0.0,0.0,100.0
El Salvador,2011,0.0,0.0,100.0
El Salvador,2003,4.783254641332606,0.0,95.2167453586674
El Salvador,2004,1.0126184914339929,0.0,98.987381508566
El Salvador,2005,0.15193506419704916,0.0,99.84806493580295
El Salvador,2012,0.02430099401428157,0.0,99.97569900598572
El Salvador,2006,0.08390009745352169,0.0,99.91609990254648
El Salvador,2007,0.6724158628812134,0.0,99.32758413711879
El Salvador,2008,0.35570985197220084,0.0,99.64429014802779
El Salvador,2009,0.08251631236851151,0.0,99.9174836876315
El Salvador,2010,0.0,0.0,100.0
Equatorial Guinea,2023,0.0,,100.0
Equatorial Guinea,2022,96.38692940994662,,3.6130705900533706
Equatorial Guinea,2021,100.0,,0.0
Equatorial Guinea,2020,100.0,,0.0
Equatorial Guinea,2024,0.0,,100.0
Equatorial Guinea,2019,100.0,,0.0
Eritrea,2019,14.11818479966143,,85.88181520033856
Eritrea,2021,15.418357390197174,,84.58164260980283
Eritrea,2000,0.0,,100.0
Eritrea,2016,33.475375386823345,,66.52462461317666
Eritrea,2015,37.54645671694253,,62.453543283057485
Eritrea,2014,30.39109665661712,,69.60890334338288
Eritrea,2013,28.53848143797502,,71.46151856202498
Eritrea,2012,30.904404910137064,,69.09559508986294
Eritrea,2011,1.1120446526048828,,98.88795534739512
Eritrea,2010,4.395460993971991,,95.604539006028
Eritrea,2020,11.331714612218958,,88.66828538778105
Eritrea,2009,79.28262371367632,,20.717376286323685
Eritrea,2007,29.657393945869384,,70.3426060541306
Eritrea,2006,0.0,,100.0
Eritrea,2005,0.0,,100.0
Eritrea,2004,0.0,,100.0
Eritrea,2003,0.0,,100.0
Eritrea,2002,3.1953032768107352,,96.80469672318927
Eritrea,2001,0.0,,100.0
Eritrea,2008,68.18943657726622,,31.810563422733782
Eritrea,2017,29.639653492533697,,70.3603465074663
Eritrea,2018,29.60760128463388,,70.39239871536611
Eritrea,2023,0.46455894214174176,,99.53544105785826
Eritrea,2024,0.5602011882056389,,99.43979881179436
Eritrea,2022,6.521439383474518,,93.47856061652547
Eswatini,2020,38.90624348299048,,61.09375651700951
Eswatini,2019,48.12208305251327,,51.877916947486746
Eswatini,2021,0.0,,100.0
Eswatini,2022,0.0,,100.0
Eswatini,2023,0.0,,99.99999999999999
Eswatini,2024,30.520460240347383,,69.47953975965264
Eswatini,2016,33.91534841314841,,66.08465158685159
Eswatini,2015,0.0,,100.0
Eswatini,2014,0.0,,100.0
Eswatini,2013,0.0,,100.0
Eswatini,2012,0.0,,100.0
Eswatini,2010,0.0,,100.0
Eswatini,2017,31.088180513600765,,68.91181948639924
Eswatini,2009,0.0,,100.0
Eswatini,2008,0.0,,99.99999999999999
Eswatini,2007,0.0,,100.0
Eswatini,2006,0.0,,99.99999999999999
Eswatini,2005,0.0,,100.0
Eswatini,2004,0.0,,100.00000000000001
Eswatini,2003,0.0,,100.0
Eswatini,2002,0.0,,100.0
Eswatini,2001,0.0,,100.0
Eswatini,2000,0.0,,100.0
Eswatini,2011,0.0,,100.0
Eswatini,2018,60.254680439701325,,39.745319560298675
Ethiopia,2022,2.679723633973292,0.0,97.32027636602672
Ethiopia,2000,0.0,0.0,99.99075312859087
Ethiopia,2018,6.811590603468052,0.814464665461923,92.37394473107001
Ethiopia,2017,23.853888153758188,2.133246274809033,74.01286557143278
Ethiopia,2016,27.994151955734562,9.923831269491133,62.08201677477431
Ethiopia,2015,28.183617481439533,18.999194082483903,52.81718843607656
Ethiopia,2014,38.39774483896314,13.846628805401847,47.75562635563501
Ethiopia,2013,23.373213291841495,6.9036847263182235,69.7231019818403
Ethiopia,2012,24.263279769070184,6.308087432020704,69.4286327989091
Ethiopia,2011,17.091489932133474,6.509475419814329,76.39903464805221
Ethiopia,2020,6.248009815189634,0.33782881878165677,93.4141613660287
Ethiopia,2010,15.530806114232881,17.02916707298159,67.44002681278552
Ethiopia,2008,0.1275751353845295,0.0,99.87242486461547
Ethiopia,2007,4.131369397076963,0.0,95.86863060292303
Ethiopia,2006,0.0,0.0,100.0
Ethiopia,2005,0.0,0.0,100.0
Ethiopia,2004,3.5348704742193555,0.0,96.46512952578064
Ethiopia,2003,0.0,0.0,100.0
Ethiopia,2002,0.07476729018871002,0.0,99.92523270981128
Ethiopia,2001,0.12617109918072839,0.0,99.41922763366436
Ethiopia,2009,11.571160639458293,45.06871072016325,43.360128640378456
Ethiopia,2021,2.450724205627559,0.0,97.54927579437245
Ethiopia,2019,16.804223874888272,0.8350280725898056,82.36074805252193
Ethiopia,2023,0.0,0.0,100.00000000000001
Ethiopia,2024,0.0,0.0,99.99999999999997
Europe & Central Asia (excluding high income),2008,3.406193184244245,0.0,96.59380681575576
Europe & Central Asia (excluding high income),2020,4.445274005898071,0.8509524771119917,94.68118427640286
Europe & Central Asia (excluding high income),2019,6.318228333555237,1.3293933087543517,92.34489020607025
Europe & Central Asia (excluding high income),2000,0.8932109812551351,0.0,99.10678901874486
Europe & Central Asia (excluding high income),2001,1.5061714939338722,0.0,98.49382850606614
Europe & Central Asia (excluding high income),2002,0.7452491326920648,0.0,99.25475086730793
Europe & Central Asia (excluding high income),2003,0.2743065688690612,0.06109737875042716,99.66459605238052
Europe & Central Asia (excluding high income),2004,0.4931891491569232,0.08417355150406479,99.42263729933902
Europe & Central Asia (excluding high income),2021,4.591368265693338,0.40829835806015263,94.95122091662888
Europe & Central Asia (excluding high income),2005,0.43173296935307787,0.03994049790400481,99.52832653274292
Europe & Central Asia (excluding high income),2007,1.5636576589925664,0.0,98.43634234100743
Europe & Central Asia (excluding high income),2018,6.593262794287785,1.0193391584290041,92.3873980472832
Europe & Central Asia (excluding high income),2017,6.564073405081873,0.0,93.43592659491814
Europe & Central Asia (excluding high income),2009,4.2729228035012135,0.055686394882343705,95.67139080161644
Europe & Central Asia (excluding high income),2010,4.797704628160676,0.01481007312470347,95.18748529871462
Europe & Central Asia (excluding high income),2011,11.05080048724898,0.026170400349775205,88.92302911240125
Europe & Central Asia (excluding high income),2012,8.984025684462146,0.013331968594798262,91.00264234694306
Europe & Central Asia (excluding high income),2013,8.971981666660518,0.01992893796791368,91.00808939537157
Europe & Central Asia (excluding high income),2014,7.494402607982242,0.006094003419881056,92.49950338859787
Europe & Central Asia (excluding high income),2006,0.8427968516622354,0.0,99.15720314833776
Europe & Central Asia (excluding high income),2015,6.4645057850210055,0.00035961293748849193,93.53513460204151
Europe & Central Asia (excluding high income),2022,3.1857184133103584,0.0,94.83232354894564
Europe & Central Asia (excluding high income),2024,2.010964715838717,0.0,97.94306265360822
Europe & Central Asia (excluding high income),2023,3.100734215929243,0.0,96.83207357811905
Europe & Central Asia (excluding high income),2016,5.917764153850822,0.0,94.08223584614917
Fiji,2002,0.0,,100.0
Fiji,2018,0.0,,100.0
Fiji,2017,0.0,,100.0
Fiji,2016,45.81844406492728,,54.18155593507272
Fiji,2015,10.963798478093816,,89.0362015219062
Fiji,2014,83.19825865183505,,16.801741348164967
Fiji,2013,65.14412248867583,,34.85587751132417
Fiji,2012,67.95768353333347,,32.04231646666653
Fiji,2011,10.44950551003094,,89.55049448996907
Fiji,2010,42.190174079342874,,57.80982592065712
Fiji,2000,0.0,,100.0
Fiji,2008,14.919141698683559,,85.08085830131645
Fiji,2022,0.0,,100.0
Fiji,2007,0.0,,100.0
Fiji,2006,1.8223652121449285,,98.17763478785507
Fiji,2005,0.0,,100.0
Fiji,2004,0.0,,100.0
Fiji,2003,0.0,,100.0
Fiji,2001,0.0,,100.0
Fiji,2009,48.486694174585374,,51.513305825414626
Fiji,2023,0.0,,100.0
Fiji,2021,0.0,,100.0
Fiji,2024,0.0,,100.0
Fiji,2019,0.0,,100.0
Fiji,2020,0.0,,100.0
Gabon,2021,0.0,0.0,100.0
Gabon,2024,0.0,0.0,100.0
Gabon,2000,7.081108176854659,0.0,92.91889182314533
Gabon,2001,6.41275029648711,0.0,93.5872497035129
Gabon,2002,25.370324744080158,0.0,74.62967525591984
Gabon,2003,25.046850922216187,0.0,74.95314907778382
Gabon,2004,6.113877417689525,0.0,93.88612258231048
Gabon,2005,10.464981792418117,0.0,89.53501820758189
Gabon,2006,4.9187906232556475,0.0,95.08120937674437
Gabon,2007,0.5762763885359534,0.0,99.42372361146404
Gabon,2008,24.0197650092927,0.0,75.9802349907073
Gabon,2022,0.0,0.0,100.0
Gabon,2009,21.89186691956731,0.5115317204166718,77.59660136001601
Gabon,2023,0.0,0.0,100.0
Gabon,2012,20.020484033782445,0.0,79.97951596621756
Gabon,2013,9.55978560366723,0.0,90.44021439633276
Gabon,2014,19.558774523012673,0.0,80.44122547698731
Gabon,2015,15.484708885794012,0.0,84.51529111420598
Gabon,2016,21.99546345342115,25.93157400182516,52.072962544753686
Gabon,2017,0.0,2.8806696830247094,97.1193303169753
Gabon,2018,22.863011020247686,0.0,77.13698897975232
Gabon,2019,19.82555153098233,0.0,80.17444846901768
Gabon,2020,2.2992754458419085,0.0,97.70072455415809
Gabon,2010,23.963852162739837,0.0,76.03614783726016
Gabon,2011,12.2547097405325,0.0,87.7452902594675
"Gambia, The",2010,0.0,,100.0
"Gambia, The",2023,0.0,,99.99999999999999
"Gambia, The",2021,0.0,,100.0
"Gambia, The",2020,0.0,,100.00000000000001
"Gambia, The",2019,23.59938955221722,,76.40061044778278
"Gambia, The",2018,0.0,,100.0
"Gambia, The",2017,0.0,,100.0
"Gambia, The",2016,0.0,,100.0
"Gambia, The",2015,0.0,,100.0
"Gambia, The",2014,0.0,,100.0
"Gambia, The",2013,0.0,,100.0
"Gambia, The",2012,0.0,,100.0
"Gambia, The",2011,0.0,,100.0
"Gambia, The",2009,0.0,,100.0
"Gambia, The",2008,0.0,,100.00000000000003
"Gambia, The",2007,0.0,,100.0
"Gambia, The",2006,0.0,,100.0
"Gambia, The",2005,0.0,,100.0
"Gambia, The",2004,0.0,,100.0
"Gambia, The",2003,0.0,,100.0
"Gambia, The",2002,0.0,,100.0
"Gambia, The",2001,0.0,,100.0
"Gambia, The",2000,0.0,,99.99999999999997
"Gambia, The",2022,0.0,,99.99999999999999
"Gambia, The",2024,0.0,,100.0
Georgia,2023,0.0,,99.99999999999999
Georgia,2000,0.0,,100.0
Georgia,2022,0.0,,100.0
Georgia,2021,0.0,,100.0
Georgia,2020,0.0,,100.0
Georgia,2019,0.0,,99.99999999999997
Georgia,2018,0.0,,100.0
Georgia,2017,0.0,,100.0
Georgia,2016,0.0,,100.0
Georgia,2015,0.0,,100.0
Georgia,2014,0.0,,100.0
Georgia,2013,0.0,,100.0
Georgia,2012,0.0,,100.0
Georgia,2010,0.0,,100.0
Georgia,2009,0.0,,100.0
Georgia,2008,0.5958625713736497,,99.40413742862636
Georgia,2007,0.0,,100.0
Georgia,2006,0.0,,100.00000000000001
Georgia,2005,0.0,,100.0
Georgia,2004,0.0,,100.0
Georgia,2003,0.0,,100.0
Georgia,2002,0.0,,100.0
Georgia,2001,0.0,,100.0
Georgia,2024,0.0,,100.0
Georgia,2011,0.0,,100.0
Ghana,2022,9.69996778241186,0.42062950592359877,89.87940271166454
Ghana,2024,1.0973499139679663,0.0,98.90265008603204
Ghana,2023,0.3567081420317146,0.0,99.6432918579683
Ghana,2021,6.252447510155622,0.3517058030425502,93.39584668680182
Ghana,2020,4.475821195900713,0.0,95.5241788040993
Ghana,2019,4.473551830485806,4.688715603300134,90.83773256621406
Ghana,2018,0.5447389762452456,1.8361578445228208,97.61910317923194
Ghana,2017,9.669596359373088,0.5569573547529896,89.77344628587392
Ghana,2015,4.247110837876848,2.56773117157694,93.18515799054622
Ghana,2014,10.941486149634056,0.0,89.05851385036594
Ghana,2013,25.161090070214197,0.0,74.8389099297858
Ghana,2012,39.48289359642416,1.071092460787284,59.446013942788554
Ghana,2011,15.614642959074436,0.0,84.38535704092557
Ghana,2016,7.679155662541153,0.5020262283594885,91.81881810909937
Ghana,2009,16.338962883531114,0.0,83.66103711646889
Ghana,2008,11.983532788471589,0.0,88.01646721152841
Ghana,2007,7.400858472531685,0.0,92.5991415274683
Ghana,2006,0.5848901634249695,0.0,99.41510983657503
Ghana,2005,0.6009581975251355,0.0,99.39904180247487
Ghana,2004,0.47450580845692486,0.0,99.52549419154309
Ghana,2003,0.8834721734363599,0.0,99.11652782656364
Ghana,2002,8.23897133624789,0.0,91.7610286637521
Ghana,2001,0.604262111736422,0.0,99.39573788826358
Ghana,2000,2.114351672333703,0.0,97.88564832766629
Ghana,2010,19.783440097641826,0.0,80.2165599023582
Grenada,2013,0.0,,100.0
Grenada,2014,0.0,,100.0
Grenada,2015,0.0,,100.0
Grenada,2016,0.0,,100.0
Grenada,2017,0.0,,100.0
Grenada,2022,8.267567195408505,,91.73243280459148
Grenada,2019,0.0,,100.0
Grenada,2020,0.0,,100.0
Grenada,2021,33.37161013535521,,66.62838986464479
Grenada,2012,0.0,,100.0
Grenada,2018,0.0,,100.0
Grenada,2011,0.0,,100.0
Grenada,2023,38.410203078598116,,61.58979692140189
Grenada,2009,0.0,,100.0
Grenada,2008,0.0,,100.0
Grenada,2007,0.0,,100.0
Grenada,2006,0.0,,100.0
Grenada,2005,0.0,,100.00000000000001
Grenada,2004,0.0,,100.0
Grenada,2003,0.0,,99.99999999999999
Grenada,2002,0.0,,100.0
Grenada,2001,0.0,,100.0
Grenada,2000,0.0,,100.0
Grenada,2024,18.841240180888,,81.15875981911199
Grenada,2010,0.0,,100.0
Guatemala,2000,15.989445617494761,,84.01055438250523
Guatemala,2001,0.32639009866059604,,99.6736099013394
Guatemala,2014,0.0,,100.0
Guatemala,2003,0.103881483667831,,99.89611851633217
Guatemala,2004,0.4803745035754037,,99.5196254964246
Guatemala,2005,0.0,,100.0
Guatemala,2006,0.0,,100.0
Guatemala,2007,0.7986694692433141,,99.20133053075669
Guatemala,2008,0.0,,100.0
Guatemala,2009,0.0,,99.99999999999999
Guatemala,2010,0.0,,100.0
Guatemala,2011,0.0,,100.0
Guatemala,2012,0.0,,100.0
Guatemala,2013,0.0,,100.0
Guatemala,2024,0.0,,100.0
Guatemala,2015,0.0,,100.0
Guatemala,2016,1.5528973673376059,,98.44710263266239
Guatemala,2017,2.6729408107959927,,97.32705918920401
Guatemala,2018,4.31183539572389,,95.68816460427611
Guatemala,2019,0.0,,100.0
Guatemala,2020,0.0,,100.0
Guatemala,2021,0.0,,100.0
Guatemala,2002,0.3031977793991898,,99.69680222060082
Guatemala,2022,0.0,,100.0
Guatemala,2023,0.0,,100.0
Guinea,2003,0.0,0.0,100.0
Guinea,2022,0.32846702491764596,38.99483606909152,60.676696905990845
Guinea,2021,0.46270496336516226,21.704086783603476,77.83320825303136
Guinea,2020,11.311484694641278,39.010604980712316,49.677910324646405
Guinea,2019,63.892867082539574,4.42478820900763,31.6823447084528
Guinea,2018,16.708295532182426,0.0,83.29170446781758
Guinea,2017,17.99987282864848,0.0,82.00012717135152
Guinea,2016,36.339603537453705,0.0,63.6603964625463
Guinea,2015,72.83052969821175,0.0,27.169470301788262
Guinea,2000,0.0,0.0,100.0
Guinea,2002,0.0,0.0,99.99999999999999
Guinea,2014,57.154435378511074,0.0,42.84556462148892
Guinea,2012,0.0,0.0,100.0
Guinea,2011,0.0,0.0,100.0
Guinea,2010,6.194147106792573,0.0,93.80585289320746
Guinea,2009,3.804871565748581,0.0,96.19512843425142
Guinea,2008,11.341526148985317,0.0,88.65847385101468
Guinea,2007,16.959884217733133,0.0,83.04011578226687
Guinea,2006,19.278813721176775,0.0,80.72118627882323
Guinea,2005,5.802663081496,0.0,94.197336918504
Guinea,2004,2.8301765807179806,0.0,97.16982341928203
Guinea,2013,57.45325188239425,0.0,42.54674811760576
Guinea,2001,0.0,0.0,99.99999999999999
Guinea,2024,0.02113891269918367,0.0,99.97886108730083
Guinea,2023,0.13875836451110074,45.34992736959893,54.511314265889965
Guyana,2012,11.694165649756815,,88.30583435024319
Guyana,2023,31.895470295566685,,68.1045297044333
Guyana,2021,3.0774315047434313,,96.92256849525657
Guyana,2020,26.052872716673285,,73.94712728332671
Guyana,2019,41.02742181587046,,58.97257818412954
Guyana,2018,34.81527518557865,,65.18472481442136
Guyana,2017,40.55114266772204,,59.44885733227795
Guyana,2016,53.99788656396643,,46.00211343603357
Guyana,2015,6.95772319650365,,93.04227680349635
Guyana,2014,11.045408982130901,,88.95459101786909
Guyana,2013,8.102969459121441,,91.89703054087855
Guyana,2011,12.040340150725164,,87.95965984927481
Guyana,2010,11.066362324513324,,88.93363767548668
Guyana,2009,2.2102412562984486,,97.78975874370155
Guyana,2008,0.9427968448402949,,99.0572031551597
Guyana,2007,3.8310116379859505,,96.16898836201406
Guyana,2006,18.970316767705317,,81.02968323229467
Guyana,2005,19.818803108839173,,80.18119689116082
Guyana,2004,0.0,,100.0
Guyana,2003,0.13923557840384845,,99.86076442159614
Guyana,2002,4.442045869701761,,95.55795413029824
Guyana,2001,0.6767666091959299,,99.32323339080406
Guyana,2000,0.1278690744616819,,99.87213092553831
Guyana,2022,0.011397565325123525,,99.98860243467487
Guyana,2024,45.399290716920916,,54.600709283079084
Honduras,2002,0.0,0.0,99.10221967558913
Honduras,2024,0.0,0.0,100.0
Honduras,2023,0.0,0.0,100.0
Honduras,2022,0.0,0.0,100.0
Honduras,2021,0.0,0.0,100.0
Honduras,2020,0.0,0.0,100.0
Honduras,2019,0.0,3.180153120422992,96.81984687957701
Honduras,2018,0.0,9.50493105640376,90.49506894359625
Honduras,2016,0.0,18.400387299130973,81.59961270086903
Honduras,2015,17.711708752560682,8.495952454428307,73.78755663164782
Honduras,2014,0.0,0.0,100.0
Honduras,2013,0.0,0.0,100.0
Honduras,2012,4.849261189220958,0.0,95.15073881077903
Honduras,2017,0.0,8.413217976401086,91.58678202359893
Honduras,2010,0.0,0.0,100.0
Honduras,2009,0.0,0.0,100.0
Honduras,2008,0.0,0.0,100.0
Honduras,2007,0.0,21.695284359419542,78.30471564058044
Honduras,2006,0.0,0.0,100.0
Honduras,2005,0.0,0.0,99.8879104260936
Honduras,2004,0.0,0.0,99.56757016040866
Honduras,2003,0.0,0.0,97.92579005789229
Honduras,2001,0.0,0.0,99.66575111410256
Honduras,2000,0.0,0.0,100.0
Honduras,2011,4.4681233686916215,0.0,95.53187663130839
IDA only,2014,23.872000730314376,4.7386087493925,71.38939052029312
IDA only,2015,22.72807613844797,3.8198218140491234,73.45201261357467
IDA only,2016,22.014551392802247,2.3269496146051147,75.65849899259264
IDA only,2017,16.177845694848482,1.5116867958457143,82.31046750930581
IDA only,2018,18.1208432403866,3.863666022600217,78.01549073701318
IDA only,2023,5.013128040264847,0.4676813713744826,94.5182289258455
IDA only,2020,10.962232986786445,2.718807323416077,86.3189596897975
IDA only,2021,9.989864099193891,2.199981073672957,87.81015482713315
IDA only,2022,9.06081464805033,0.4418104846611586,90.49737486728851
IDA only,2013,20.374328466656735,2.59043880629838,77.03523272704489
IDA only,2019,12.754714156177746,3.459722153081272,83.78556369074097
IDA only,2012,20.871846673595446,3.6726319948081865,75.45552133159636
IDA only,2002,2.116662728945681,0.015092750474024818,97.84473001534177
IDA only,2010,21.723078441645786,3.4171535771762307,74.85976798117798
IDA only,2009,16.500174184888454,6.414198102001812,77.08562771310973
IDA only,2008,11.276041301688652,0.18294452759757143,88.54101417071378
IDA only,2007,9.417136820769379,0.6243593009604601,89.95850387827015
IDA only,2006,6.962654183287092,0.0,93.03734581671291
IDA only,2005,3.343755817111128,0.0,96.65250061044213
IDA only,2004,3.5520214678768984,0.0,96.42802077520119
IDA only,2003,2.8534863193805085,0.0,97.08987586484552
IDA only,2001,3.7718376573706163,0.5066447318796117,95.67246219050504
IDA only,2000,1.2948210682357908,0.2528570700166039,98.45205384138134
IDA only,2024,3.908188126443669,0.18343907119389202,95.90837280236245
IDA only,2011,22.291435197236975,3.8981095066344476,73.81045529612858
IDA total,2000,1.2056677529524085,0.15545153761698108,98.63871593579763
IDA total,2001,2.7946500689360696,0.32324645912681416,96.85080542441523
IDA total,2013,23.15693669053078,1.9554735249264603,74.88758978454274
IDA total,2023,8.493301711719187,0.33202217956256286,91.17412118277898
IDA total,2022,12.644060168001586,0.5184238954735291,86.83751593652488
IDA total,2021,10.416277379707411,2.1032576308510875,87.48046498944151
IDA total,2020,13.682518727910356,3.1549158554313483,83.16256541665828
IDA total,2019,18.119728988280382,2.6109145426303346,79.26935646908929
IDA total,2018,23.6005294667866,3.0193516099790565,73.38011892323433
IDA total,2017,18.8669431797614,2.102752014719778,79.03030480551882
IDA total,2016,25.79417571684409,1.6290514338314805,72.57677284932443
IDA total,2015,22.02386811315092,2.392737809133836,75.58333805626924
IDA total,2014,23.313113966078337,2.8458894825898313,73.84099655133183
IDA total,2002,1.8885176402770154,0.025552626690151195,98.07115208181409
IDA total,2012,22.407475315355786,3.153445436322429,74.43907924832179
IDA total,2011,22.74049397723043,3.1943848558966104,74.06512116687297
IDA total,2010,20.597832325187582,4.235061269076505,75.16710640573591
IDA total,2009,18.16595075850353,4.678040770010616,77.15600847148585
IDA total,2008,9.95860530510556,0.2904416601884011,89.75095303470606
IDA total,2007,9.307837818062406,0.5819884730579827,90.10814695771245
IDA total,2006,9.448023717233568,1.1654073123539235,89.38656897041251
IDA total,2005,3.9386327042244362,1.2414851016878756,94.81728719356593
IDA total,2004,4.851995205538559,0.24574593961631805,94.88858265503647
IDA total,2003,2.92985147446782,0.44626613966010514,96.58255504562987
IDA total,2024,4.901077347158872,0.09592965963698163,95.00299299320413
India,2024,,0.0,100.0
India,2000,,0.0,100.0
India,2002,,0.0,100.0
India,2022,,0.0,100.0
India,2021,,0.0,100.0
India,2020,,0.0,100.0
India,2019,,0.0,100.0
India,2018,,0.0,100.0
India,2017,,0.0,100.0
India,2016,,0.0,100.0
India,2015,,0.0,100.0
India,2014,,0.0,100.0
India,2001,,0.0,100.0
India,2013,,0.0,100.0
India,2011,,0.0,100.0
India,2010,,0.0,100.0
India,2009,,0.0,100.0
India,2008,,0.0,100.0
India,2007,,0.21725689029951595,99.78274310970048
India,2006,,1.8794439773101026,98.12055602268988
India,2005,,0.0,100.00000000000001
India,2004,,0.0,100.00000000000001
India,2003,,0.0,100.0
India,2012,,0.0,100.0
India,2023,,0.0,100.0
Indonesia,2000,0.0,0.0,100.0
Indonesia,2001,0.1589447312413389,0.0,99.84105526875867
Indonesia,2002,0.0,0.0,100.0
Indonesia,2023,0.701567853255671,0.0,99.29843214674433
Indonesia,2024,0.49678121391052543,0.0,99.50321878608948
Indonesia,2022,0.06987639276324584,0.0,99.93012360723677
Indonesia,2021,0.41569987509161754,0.0,99.58430012490838
Indonesia,2020,0.6308836291280819,0.0,99.36911637087192
Indonesia,2018,1.3894580910093146,0.013791409999282047,98.5967504989914
Indonesia,2017,1.3568194816205421,0.06123834108732602,98.58194217729213
Indonesia,2016,0.6789615301492014,0.0,99.3210384698508
Indonesia,2015,0.431442833871802,0.0,99.5685571661282
Indonesia,2014,0.41691514388381135,0.0,99.58308485611619
Indonesia,2013,1.0061208485615238,0.01360371366657577,98.9802754377719
Indonesia,2012,0.3477611004630936,0.014889281714004327,99.6373496178229
Indonesia,2011,3.203591435599064,0.03226709529222519,96.76414146910871
Indonesia,2010,0.657916661993131,0.13876549071627114,99.20331784729059
Indonesia,2019,0.9415105875858234,0.0045338298479033565,99.05395558256627
Indonesia,2008,1.6866048216405878,0.0,98.31339517835941
Indonesia,2007,1.9086679254078918,0.0,98.09133207459212
Indonesia,2006,0.7159515507642967,0.0,99.2840484492357
Indonesia,2005,0.037722077906152215,0.0,99.96227792209385
Indonesia,2004,0.06715064662640308,0.0,99.9328493533736
Indonesia,2003,0.0,0.0,100.0
Indonesia,2009,0.20035092518560713,0.03215752284764831,99.76749155196674
"Iran, Islamic Rep.",2006,9.858413218132101,1.3717980460427295,88.76978873582516
"Iran, Islamic Rep.",2007,6.901215935035475,0.0,93.09878406496452
"Iran, Islamic Rep.",2008,6.227271251308375,0.0,93.7727287486916
"Iran, Islamic Rep.",2009,7.979827655061595,0.0,92.0201723449384
"Iran, Islamic Rep.",2012,0.0,0.0,99.99999999999999
"Iran, Islamic Rep.",2011,0.0,64.77408237201307,35.22591762798693
"Iran, Islamic Rep.",2005,15.228217848149116,2.61919742963083,82.15258472222003
"Iran, Islamic Rep.",2013,0.0,0.0,100.0
"Iran, Islamic Rep.",2014,0.0,0.0,100.0
"Iran, Islamic Rep.",2015,0.0,0.0,100.0
"Iran, Islamic Rep.",2010,0.0,23.06322486867119,76.93677513132882
"Iran, Islamic Rep.",2004,2.631918706055122,0.6432581854389915,96.7248231085059
"Iran, Islamic Rep.",2001,4.515630496828381,7.6558287754284775,87.82854072774315
"Iran, Islamic Rep.",2002,1.2685212733424016,4.838494408234889,93.89298431842272
"Iran, Islamic Rep.",2000,13.21958513463944,0.4744744167834355,86.30594044857712
"Iran, Islamic Rep.",2023,0.0,0.0,100.0
"Iran, Islamic Rep.",2024,0.0,0.0,100.0
"Iran, Islamic Rep.",2018,nan,nan,nan
"Iran, Islamic Rep.",2022,0.0,0.0,100.0
"Iran, Islamic Rep.",2021,0.0,0.0,100.0
"Iran, Islamic Rep.",2016,0.0,0.0,100.0
"Iran, Islamic Rep.",2020,0.0,0.0,100.0
"Iran, Islamic Rep.",2019,0.0,0.0,100.0
"Iran, Islamic Rep.",2003,2.6520138030320477,1.1258473541163436,96.2221388428516
"Iran, Islamic Rep.",2017,0.0,0.0,100.0
Jamaica,2020,18.887078859681598,,81.1129211403184
Jamaica,2023,15.87491632025206,,84.12508367974795
Jamaica,2021,23.593723282518052,,76.40627671748194
Jamaica,2019,4.556991380754217,,95.44300861924579
Jamaica,2018,33.377282189129986,,66.62271781087001
Jamaica,2017,6.889871793921149,,93.11012820607885
Jamaica,2016,3.9689161367849444,,96.03108386321506
Jamaica,2015,1.4843407584357353,,98.51565924156426
Jamaica,2014,5.393933899032566,,94.60606610096744
Jamaica,2013,20.848335361194117,,79.1516646388059
Jamaica,2012,46.38388663486525,,53.616113365134744
Jamaica,2011,9.888470615656999,,90.11152938434299
Jamaica,2010,6.072684369040267,,93.92731563095973
Jamaica,2009,2.8576051584022415,,97.14239484159776
Jamaica,2008,5.229661460841059,,94.77033853915894
Jamaica,2007,2.9572173264320942,,97.0427826735679
Jamaica,2006,2.7359114003883636,,97.26408859961164
Jamaica,2005,1.4540179195509169,,98.54598208044908
Jamaica,2004,0.0,,100.0
Jamaica,2003,0.0,,100.0
Jamaica,2002,1.087636998162453,,98.91236300183755
Jamaica,2001,0.0,,100.0
Jamaica,2000,0.5932463245148755,,99.40675367548513
Jamaica,2022,38.96389287326746,,61.03610712673254
Jamaica,2024,27.490945843510485,,72.50905415648951
Jordan,2023,0.3050966134933857,,99.69490338650661
Jordan,2000,4.19741117047024,,95.80258882952974
Jordan,2022,0.0,,100.0
Jordan,2020,0.0,,100.0
Jordan,2019,0.0,,100.0
Jordan,2018,0.0,,100.0
Jordan,2017,0.0,,100.0
Jordan,2016,0.012959333776264983,,99.98704066622373
Jordan,2015,0.0,,100.0
Jordan,2014,0.0,,100.0
Jordan,2013,0.2356894300313956,,99.76431056996861
Jordan,2012,0.7379672353792125,,99.26203276462077
Jordan,2011,5.216407765486665,,94.78359223451334
Jordan,2010,0.5580718221089755,,99.44192817789103
Jordan,2009,0.0,,99.99999999999999
Jordan,2008,1.7031439278563898,,98.29685607214361
Jordan,2007,0.48260092143470557,,99.51739907856529
Jordan,2006,0.3943408524242628,,99.60565914757572
Jordan,2005,1.8558358918269713,,98.14416410817303
Jordan,2004,0.0,,100.0
Jordan,2003,0.28967946388686333,,99.71032053611313
Jordan,2002,0.0,,100.0
Jordan,2001,0.0,,100.0
Jordan,2024,0.0,,100.0
Jordan,2021,0.0,,100.0
Kazakhstan,2020,11.074634159315387,,88.92536584068462
Kazakhstan,2024,7.437261186586528,,92.56273881341346
Kazakhstan,2023,27.914433762164425,,72.08556623783556
Kazakhstan,2022,7.237671884431206,,92.76232811556879
Kazakhstan,2021,14.89388198677432,,85.10611801322568
Kazakhstan,2019,17.628240901888855,,82.37175909811114
Kazakhstan,2018,16.908456293233506,,83.0915437067665
Kazakhstan,2017,72.6805822022198,,27.319417797780208
Kazakhstan,2015,0.0,,100.0
Kazakhstan,2014,0.0,,100.0
Kazakhstan,2013,0.0,,100.0
Kazakhstan,2012,0.0,,100.0
Kazakhstan,2011,0.0,,100.0
Kazakhstan,2016,15.04813522283613,,84.95186477716388
Kazakhstan,2009,0.0,,99.99999999999999
Kazakhstan,2008,0.0,,100.0
Kazakhstan,2007,0.0,,100.0
Kazakhstan,2006,0.0,,99.99999999999999
Kazakhstan,2005,0.0,,100.0
Kazakhstan,2004,0.0,,99.99999999999999
Kazakhstan,2003,0.0,,100.0
Kazakhstan,2002,0.0,,99.99999999999999
Kazakhstan,2001,0.0,,100.0
Kazakhstan,2000,0.0,,100.0
Kazakhstan,2010,0.0,,100.0
Kenya,2013,17.58426531711029,,82.41573468288972
Kenya,2014,25.58050471436831,,74.4194952856317
Kenya,2015,36.49838222538458,,63.501617774615404
Kenya,2016,47.76324628459173,,52.23675371540827
Kenya,2017,29.004019286435554,,70.99598071356445
Kenya,2023,2.467457330984692,,97.5325426690153
Kenya,2019,11.909889940692208,,88.0901100593078
Kenya,2021,7.290407606932304,,92.7095923930677
Kenya,2022,6.940169429438547,,93.05983057056143
Kenya,2012,13.47860112808924,,86.52139887191076
Kenya,2018,18.589188823459498,,81.41081117654052
Kenya,2011,21.04593740026528,,78.95406259973471
Kenya,2020,6.364080420836682,,93.63591957916331
Kenya,2009,20.8373274551596,,79.1626725448404
Kenya,2008,4.474292273044718,,95.52570772695528
Kenya,2007,1.6600716825901218,,98.33992831740989
Kenya,2006,11.960994967994315,,88.03900503200569
Kenya,2005,5.990645439252329,,94.00935456074768
Kenya,2004,1.3193076420151864,,98.68069235798482
Kenya,2003,0.024417950485761928,,99.97558204951423
Kenya,2002,0.248337795323312,,99.75166220467669
Kenya,2001,0.0,,99.99999999999999
Kenya,2000,0.0,,100.0
Kenya,2024,1.130508166137987,,98.86949183386203
Kenya,2010,19.034941032376828,,80.96505896762316
Kyrgyz Republic,2012,73.6874613035814,,26.312538696418603
Kyrgyz Republic,2021,10.323794292175428,,89.67620570782456
Kyrgyz Republic,2020,9.005766522508216,,90.9942334774918
Kyrgyz Republic,2019,50.418885770709515,,49.58111422929049
Kyrgyz Republic,2018,29.814016527975912,,70.1859834720241
Kyrgyz Republic,2017,69.92505933586723,,30.074940664132768
Kyrgyz Republic,2016,73.45057287715021,,26.549427122849796
Kyrgyz Republic,2015,64.03933908396,,35.96066091604
Kyrgyz Republic,2014,72.18918401699122,,27.810815983008784
Kyrgyz Republic,2013,59.6389175648834,,40.36108243511661
Kyrgyz Republic,2011,56.40539243202679,,43.59460756797321
Kyrgyz Republic,2024,12.255352414663946,,87.74464758533605
Kyrgyz Republic,2009,9.955317430287147,,90.04468256971286
Kyrgyz Republic,2008,0.0,,100.0
Kyrgyz Republic,2007,0.0,,100.0
Kyrgyz Republic,2006,0.0,,99.99999999999997
Kyrgyz Republic,2005,0.0,,100.00000000000001
Kyrgyz Republic,2004,0.0,,100.0
Kyrgyz Republic,2003,3.770345936288535,,96.22965406371145
Kyrgyz Republic,2002,5.3167920405990525,,94.68320795940093
Kyrgyz Republic,2001,5.261075638445735,,94.7389243615543
Kyrgyz Republic,2000,0.0,,100.0
Kyrgyz Republic,2022,18.410219430580504,,81.58978056941949
Kyrgyz Republic,2010,68.69759092641775,,31.30240907358225
Kyrgyz Republic,2023,5.333281754364299,,94.6667182456357
Lao PDR,2002,0.0,0.0,100.0
Lao PDR,2000,0.0,0.0,100.0
Lao PDR,2023,0.0,0.0,100.0
Lao PDR,2022,51.35037976663239,0.0,48.64962023336761
Lao PDR,2021,44.66356627659591,0.0,55.336433723404085
Lao PDR,2020,36.033960684638714,0.0,63.96603931536128
Lao PDR,2019,27.515683153503716,0.0,72.48431684649628
Lao PDR,2018,61.486310591466335,3.7713677434692503,34.742321665064416
Lao PDR,2017,36.903097574323844,1.048474507102847,62.04842791857331
Lao PDR,2016,36.395573095960756,3.5846234243080675,60.01980347973118
Lao PDR,2015,35.483633689058735,0.0,64.51636631094128
Lao PDR,2014,66.41182271008627,0.0,33.58817728991374
Lao PDR,2013,66.09463007683077,0.0,33.90536992316924
Lao PDR,2012,86.72069847292691,0.0,13.279301527073079
Lao PDR,2011,83.53235203977341,0.0,16.467647960226582
Lao PDR,2010,37.38782245580197,0.0,62.61217754419804
Lao PDR,2009,39.33282305386674,0.0,60.66717694613327
Lao PDR,2008,39.161436480203534,0.0,60.83856351979645
Lao PDR,2007,35.523622115802844,0.0,64.47637788419715
Lao PDR,2006,20.355836724331105,0.0,79.6441632756689
Lao PDR,2005,18.737614645642093,0.0,81.2623853543579
Lao PDR,2004,28.412545612657585,0.0,71.5874543873424
Lao PDR,2003,13.479075256185576,0.0,86.52092474381442
Lao PDR,2024,10.41376310861493,0.0,89.58623689138506
Lao PDR,2001,8.845863041245275,0.0,91.15413695875473
Latin America & Caribbean (excluding high income),2024,0.5345128714535832,0.0,99.46548712854641
Latin America & Caribbean (excluding high income),2002,0.023893806502635142,0.0,99.96592590725047
Latin America & Caribbean (excluding high income),2023,5.258123642225471,0.0,94.74187635777452
Latin America & Caribbean (excluding high income),2022,2.3648525001539853,0.0,97.635147499846
Latin America & Caribbean (excluding high income),2021,0.8129105861571471,0.0,99.18708941384284
Latin America & Caribbean (excluding high income),2020,0.19653812653842773,0.048256999615845196,99.75520487384574
Latin America & Caribbean (excluding high income),2019,1.2087532749206313,0.022400019443362437,98.76884670563601
Latin America & Caribbean (excluding high income),2018,2.8966921903606537,0.15672285034812677,96.94658495929122
Latin America & Caribbean (excluding high income),2017,7.38247751696728,0.10017652103777176,92.51734596199493
Latin America & Caribbean (excluding high income),2016,2.2313539050232465,0.7124512363110889,97.05619485866566
Latin America & Caribbean (excluding high income),2015,2.353908024871245,0.05398648293483911,97.59207510453884
Latin America & Caribbean (excluding high income),2014,1.374826994418554,0.0,98.62517300558144
Latin America & Caribbean (excluding high income),2013,2.6745641270731535,0.0,97.32543587292685
Latin America & Caribbean (excluding high income),2012,1.1676109236359646,0.0,98.83238907636404
Latin America & Caribbean (excluding high income),2011,2.8759929650907905,0.0,97.1240070349092
Latin America & Caribbean (excluding high income),2010,6.0363442115515396,0.0,93.96364456928644
Latin America & Caribbean (excluding high income),2009,5.145978006663241,0.0,94.85402199333674
Latin America & Caribbean (excluding high income),2008,1.7346558414915383,0.0,98.26533567804194
Latin America & Caribbean (excluding high income),2007,0.08597585472335166,0.10488622217175277,99.80619166618727
Latin America & Caribbean (excluding high income),2006,0.09717372438334472,0.0,99.90152220292627
Latin America & Caribbean (excluding high income),2005,0.13948781466410043,0.0,99.85480980338346
Latin America & Caribbean (excluding high income),2004,0.019252340646863247,0.0,99.97711607543188
Latin America & Caribbean (excluding high income),2003,0.06237022546270934,0.0,99.9258838515696
Latin America & Caribbean (excluding high income),2001,0.03441760586921181,0.002978267026872496,99.95330189872817
Latin America & Caribbean (excluding high income),2000,0.10973533495156389,0.0,99.87471655017758
Least developed countries: UN classification,2005,3.8871409432934567,0.2350034506517054,95.87785560605481
Least developed countries: UN classification,2023,5.243167679858636,1.6471650976653909,93.10861536442162
Least developed countries: UN classification,2024,3.567419419583443,0.5172682017896955,95.91531237862688
Least developed countries: UN classification,2022,8.28325720688119,3.3572243669892696,88.35951842612953
Least developed countries: UN classification,2021,5.712299686517249,0.8711482352508172,93.41655207823193
Least developed countries: UN classification,2020,12.19073293638505,2.9351201474959616,84.87414691611899
Least developed countries: UN classification,2019,11.785398719127414,8.868701316961284,79.34589996391131
Least developed countries: UN classification,2018,20.414200926682344,7.397926308815535,72.18787276450212
Least developed countries: UN classification,2017,14.240349972677178,14.317549865428191,71.44210016189464
Least developed countries: UN classification,2015,22.07757847552127,5.704993727455131,72.2174277970236
Least developed countries: UN classification,2014,17.759421792548476,11.540306087721815,70.70027211972972
Least developed countries: UN classification,2013,16.619384878737304,11.9788162999681,71.40179882129459
Least developed countries: UN classification,2012,17.842150477137082,5.756765280863277,76.40108424199964
Least developed countries: UN classification,2016,15.661609368476359,35.232299341901054,49.10609128962259
Least developed countries: UN classification,2010,15.872560426890844,25.739469341973898,58.38797023113526
Least developed countries: UN classification,2009,14.782177416664638,6.787769844519061,78.4300527388163
Least developed countries: UN classification,2008,10.03728298461776,0.16599797858868487,89.79671903679355
Least developed countries: UN classification,2007,8.896557735200698,0.21407858529772342,90.88936367950159
Least developed countries: UN classification,2006,11.552930652489994,0.0796499278269931,88.36741941968302
Least developed countries: UN classification,2004,3.3588408878049587,0.0,96.64115911219506
Least developed countries: UN classification,2003,2.531135247255909,0.0,97.46886475274408
Least developed countries: UN classification,2002,1.2002843879359073,0.01654344241590409,98.78317216964818
Least developed countries: UN classification,2001,3.95105792632052,0.5856073070138579,95.42194229423683
Least developed countries: UN classification,2011,17.750676103540975,15.579739427893573,66.66958446856546
Least developed countries: UN classification,2000,1.236191020175405,0.28651475461265535,98.4769905287819
Lebanon,2012,0.0,,100.0
Lebanon,2013,0.0,,100.0
Lebanon,2014,0.0,,100.0
Lebanon,2015,0.0,,100.0
Lebanon,2016,0.0,,100.0
Lebanon,2021,0.0,,100.0
Lebanon,2019,0.0,,100.0
Lebanon,2020,0.0,,100.0
Lebanon,2022,0.0,,100.0
Lebanon,2011,0.0,,100.0
Lebanon,2017,0.0,,100.0
Lebanon,2010,0.0,,100.0
Lebanon,2018,0.0,,100.0
Lebanon,2008,0.0,,100.0
Lebanon,2007,0.0,,100.0
Lebanon,2006,0.0,,100.0
Lebanon,2005,0.0,,100.0
Lebanon,2004,0.0,,100.0
Lebanon,2003,0.0,,100.0
Lebanon,2002,0.0,,100.0
Lebanon,2001,0.07686051878016419,,99.92313948121983
Lebanon,2000,0.07779364131794109,,99.92220635868206
Lebanon,2023,0.0,,100.0
Lebanon,2009,0.0,,100.00000000000001
Lebanon,2024,0.0,,100.0
Lesotho,2000,0.16543969011178872,,99.83456030988822
Lesotho,2001,0.0,,100.0
Lesotho,2020,50.46208926961559,,49.53791073038442
Lesotho,2022,40.32108565934364,,59.678914340656355
Lesotho,2021,29.622914417558295,,70.37708558244171
Lesotho,2019,35.99604662100967,,64.00395337899033
Lesotho,2018,0.0,,100.0
Lesotho,2017,0.0,,100.0
Lesotho,2016,24.822593150096402,,75.1774068499036
Lesotho,2015,3.0681300120712636,,96.93186998792875
Lesotho,2014,0.24978980442381868,,99.75021019557616
Lesotho,2013,7.662538066492814,,92.33746193350717
Lesotho,2023,35.08980060773561,,64.91019939226437
Lesotho,2012,14.819083116700742,,85.18091688329925
Lesotho,2010,2.8548410521607557,,97.14515894783925
Lesotho,2009,26.784236801085544,,73.21576319891446
Lesotho,2008,32.736450629770175,,67.26354937022982
Lesotho,2007,0.0,,100.0
Lesotho,2006,0.0,,100.0
Lesotho,2005,0.0,,100.0
Lesotho,2004,0.0,,100.0
Lesotho,2003,0.0,,100.0
Lesotho,2002,2.414779707933254,,97.58522029206675
Lesotho,2011,2.897666752610862,,97.10233324738914
Lesotho,2024,12.888172931230674,,87.11182706876932
Liberia,2024,0.0,,100.0
Liberia,2023,0.0,,99.77755344414227
Liberia,2001,nan,,nan
Liberia,2022,0.0,,100.0
Liberia,2021,0.0,,100.0
Liberia,2020,0.8835515125618487,,99.11644848743815
Liberia,2019,0.0,,100.0
Liberia,2000,nan,,nan
Liberia,2017,13.935031949626739,,86.06496805037327
Liberia,2016,0.0,,99.99999999999999
Liberia,2015,0.0,,100.0
Liberia,2014,0.0,,100.0
Liberia,2013,0.0,,100.0
Liberia,2018,23.25364241606881,,76.74635758393119
Liberia,2011,29.699242275155367,,70.30075772484464
Liberia,2010,0.0,,100.0
Liberia,2009,nan,,nan
Liberia,2008,nan,,nan
Liberia,2007,nan,,nan
Liberia,2006,nan,,nan
Liberia,2005,nan,,nan
Liberia,2004,nan,,nan
Liberia,2003,nan,,nan
Liberia,2002,nan,,nan
Liberia,2012,0.0,,100.0
Low income,2015,24.752787849124314,8.300261776837555,66.94695037403814
Low income,2016,25.377030173396427,4.6390148048027475,69.98395502180082
Low income,2017,21.371267542087793,0.8782540118137304,77.75047844609847
Low income,2018,21.675165095362853,0.38495333383265856,77.9398815708045
Low income,2019,10.290043690422197,0.21387445725712498,89.49608185232069
Low income,2024,4.588777083996271,0.0,95.41122291600374
Low income,2021,6.632214485710576,0.0,93.36778551428942
Low income,2022,9.439783352996448,0.0,90.56021664700354
Low income,2023,3.748591080921062,0.0,96.24777271933159
Low income,2014,26.059801671941653,5.763117601984571,68.17708072607378
Low income,2020,16.34742516894851,0.07012618716032656,83.58244864389115
Low income,2013,19.978175188915717,1.6358635189921886,78.3859612920921
Low income,2006,7.689792604258746,0.0,92.31020739574126
Low income,2011,25.003611061782333,1.7567306777142082,73.23965826050346
Low income,2000,1.4970771088451749,0.003350911380707711,98.49886261665641
Low income,2001,7.22367117409519,0.0,92.68446323620566
Low income,2002,1.088899230090281,0.0,98.91110076990971
Low income,2003,5.091434228189003,0.0,94.908565771811
Low income,2004,5.842315199212987,0.0,94.15768480078702
Low income,2012,20.899500501766767,2.1030369351785874,76.99746256305465
Low income,2007,7.100687809493463,0.0,92.89931219050654
Low income,2008,11.191812608362696,0.0,88.80818739163729
Low income,2009,22.011108083810207,14.875404105090874,63.11348781109892
Low income,2010,26.939214111805253,4.367199239903648,68.6935866482911
Low income,2005,4.139843938593734,0.0,95.86015606140626
Lower middle income,2015,8.335649915148066,0.7995643435856106,90.86476017913527
Lower middle income,2016,12.151258278337165,11.994989036882165,75.85375268478067
Lower middle income,2017,8.148277543180848,3.6390542308518756,88.21266822596728
Lower middle income,2018,14.335986139072757,3.660525895079525,82.00348796584771
Lower middle income,2019,9.809858526754496,2.903214586625156,87.28692688662035
Lower middle income,2021,5.986790730182774,1.4617088197347048,92.55150045008253
Lower middle income,2014,7.986352035477262,2.7539961123920413,89.2596518521307
Lower middle income,2022,7.301313127345161,1.7603090618802422,90.93837781077461
Lower middle income,2023,5.344461267638068,0.996731119651382,93.65880761271056
Lower middle income,2024,2.5446035925257977,0.24612135905562654,97.20927504841859
Lower middle income,2020,6.630155808616263,2.336562271122786,91.03328192026096
Lower middle income,2013,10.037319796844166,3.9728122545921196,85.98986794856373
Lower middle income,2012,9.425985850357268,1.6348112916088728,88.93920285803385
Lower middle income,2011,8.237445579997425,4.639912996317084,87.1226414236855
Lower middle income,2001,0.3969591451159791,0.1327228661941535,99.46419034483367
Lower middle income,2002,0.6529041606206475,0.009525858986928534,99.3301883208372
Lower middle income,2003,0.5813580643247294,0.1603441297886069,99.2375419034433
Lower middle income,2004,1.5169794138733776,0.08344445793965512,98.39488072813113
Lower middle income,2005,1.4047678624672209,0.5397140127828968,98.04773539739445
Lower middle income,2000,0.3222921106784965,0.05256187507435586,99.62271242196331
Lower middle income,2007,4.051910742901878,0.2828413639878757,95.66310546360359
Lower middle income,2008,3.701063958591681,0.09703779092764789,96.2018885703798
Lower middle income,2009,5.587862947248483,0.09750580157017834,94.31463125118135
Lower middle income,2010,5.267408352652967,5.81215494806129,88.92042391363746
Lower middle income,2006,4.042254538885655,0.8931333497845022,95.06306563770801
Madagascar,2014,0.0,,100.0
Madagascar,2015,0.0,,100.0
Madagascar,2016,0.0,,100.0
Madagascar,2017,0.0,,100.0
Madagascar,2018,13.12769564648403,,86.87230435351596
Madagascar,2020,5.5404606614508305,,94.45953933854919
Madagascar,2021,7.499996991057399,,92.5000030089426
Madagascar,2022,30.237828164961847,,69.76217183503816
Madagascar,2023,3.9551650863244423,,96.04483491367556
Madagascar,2013,0.0,,100.0
Madagascar,2019,21.091646867521995,,78.908353132478
Madagascar,2024,0.0,,100.0
Madagascar,2012,0.0,,100.0
Madagascar,2010,3.270163909291412,,96.72983609070857
Madagascar,2000,1.771517026246567,,98.22848297375344
Madagascar,2001,0.0,,100.0
Madagascar,2002,0.0,,99.99999999999999
Madagascar,2003,0.0,,100.0
Madagascar,2004,0.0,,100.00000000000001
Madagascar,2011,0.0,,100.0
Madagascar,2006,0.4530237204970813,,99.54697627950293
Madagascar,2007,0.6243748074937715,,99.37562519250622
Madagascar,2008,8.809862110177589,,91.19013788982241
Madagascar,2009,16.20386705542129,,83.7961329445787
Madagascar,2005,0.0,,100.0
Malawi,2014,0.0,,100.0
Malawi,2015,10.11621625001628,,89.88378374998373
Malawi,2016,2.485890617134065,,97.51410938286593
Malawi,2017,0.012308712547102543,,99.9876912874529
Malawi,2018,10.49818306642055,,89.50181693357943
Malawi,2020,13.395267127313147,,86.60473287268685
Malawi,2021,7.066984743307381,,92.93301525669261
Malawi,2022,8.254881392445235,,91.74511860755477
Malawi,2023,0.0,,100.00000000000001
Malawi,2013,27.56427098441011,,72.43572901558987
Malawi,2019,0.48220594982872794,,99.51779405017128
Malawi,2024,3.5992710759802358,,96.40072892401976
Malawi,2012,15.555431689500029,,84.44456831049996
Malawi,2010,23.9194572489583,,76.0805427510417
Malawi,2011,50.273185304467695,,49.7268146955323
Malawi,2000,0.0,,100.0
Malawi,2001,0.0,,100.0
Malawi,2003,0.0,,100.0
Malawi,2004,0.0,,100.0
Malawi,2002,0.0,,100.0
Malawi,2006,0.0,,100.0
Malawi,2007,0.0,,100.0
Malawi,2008,0.0,,100.0
Malawi,2009,24.58115669897894,,75.41884330102106
Malawi,2005,0.0,,100.0
Maldives,2018,27.25584122915585,21.869002841085063,50.875155929759096
Maldives,2015,3.441665775101742,0.0,96.55833422489826
Maldives,2016,52.68351530953122,0.0,47.316484690468776
Maldives,2017,20.487856592484803,0.0,79.51214340751518
Maldives,2019,31.541820650705386,13.247933511637292,55.21024583765733
Maldives,2014,51.60893641540184,0.0,48.39106358459815
Maldives,2021,10.425487970186175,0.3112820380583383,89.2632299917555
Maldives,2022,7.3774381893635175,0.0,92.62256181063648
Maldives,2023,0.0,0.0,100.0
Maldives,2024,1.2629528185408,0.0,98.7370471814592
Maldives,2020,7.39027248701711,14.949954307032115,77.65977320595077
Maldives,2013,26.03822739692737,0.0,73.96177260307262
Maldives,2006,0.0,0.0,100.0
Maldives,2011,14.300671538021081,0.0,85.69932846197892
Maldives,2000,0.0,0.0,100.0
Maldives,2001,0.0,0.0,99.99999999999999
Maldives,2002,0.0,0.0,100.0
Maldives,2003,0.0,0.0,100.0
Maldives,2004,0.0,0.0,100.0
Maldives,2012,26.971418129038664,0.0,73.02858187096133
Maldives,2007,0.0,0.0,100.0
Maldives,2008,0.0,0.0,100.0
Maldives,2009,0.0,0.0,100.0
Maldives,2010,14.968914295214832,0.0,85.03108570478517
Maldives,2005,0.0,0.0,100.0
Mali,2015,26.831437499515935,,73.16856250048407
Mali,2016,37.93802477560362,,62.061975224396384
Mali,2017,6.7043386728134875,,93.29566132718654
Mali,2018,3.8823617986290735,,96.11763820137094
Mali,2019,8.95985366835868,,91.04014633164132
Mali,2021,4.162729471152358,,95.83727052884763
Mali,2014,25.489044393018887,,74.51095560698111
Mali,2022,4.7178888970987005,,95.2821111029013
Mali,2023,5.805911522054456,,94.19408847794556
Mali,2024,12.57770941157556,,87.42229058842445
Mali,2020,9.920924266804969,,90.07907573319503
Mali,2013,17.01262892559463,,82.98737107440536
Mali,2011,1.0553250411718889,,98.9446749588281
Mali,2010,0.2670486953667054,,99.73295130463332
Mali,2009,1.5032589318695242,,98.49674106813049
Mali,2008,2.9335696650218455,,97.06643033497815
Mali,2007,1.8414900403946084,,98.1585099596054
Mali,2006,0.0,,100.0
Mali,2005,0.0,,99.99999999999997
Mali,2004,3.7635793189857143,,96.23642068101431
Mali,2003,9.171135802429538,,90.82886419757045
Mali,2002,0.0,,100.0
Mali,2001,5.307843304640348,,94.69215669535964
Mali,2000,11.18277237840863,,88.81722762159139
Mali,2012,43.00597898669422,,56.99402101330578
Mauritania,2018,6.636512803245054,,93.36348719675496
Mauritania,2016,10.097126819550327,,89.90287318044967
Mauritania,2017,3.1079327958344076,,96.89206720416558
Mauritania,2019,6.540159829782943,,93.45984017021706
Mauritania,2015,17.88615046348803,,82.11384953651198
Mauritania,2021,0.0,,99.99999999999999
Mauritania,2022,18.833712842055807,,81.1662871579442
Mauritania,2023,8.793016534673509,,91.20698346532649
Mauritania,2024,0.0,,100.0
Mauritania,2014,0.0,,99.99999999999999
Mauritania,2020,4.873883442780833,,95.12611655721916
Mauritania,2013,19.315554659734506,,80.68444534026548
Mauritania,2012,0.0,,99.99999999999999
Mauritania,2011,7.848379176035357,,92.15162082396465
Mauritania,2001,0.0,,99.99999999999997
Mauritania,2002,0.19609335312376128,,99.80390664687624
Mauritania,2003,0.0,,100.0
Mauritania,2004,0.0,,100.0
Mauritania,2005,0.0,,100.0
Mauritania,2000,0.0,,100.0
Mauritania,2007,0.0,,100.00000000000001
Mauritania,2008,0.0,,100.0
Mauritania,2009,35.246268016186306,,64.75373198381368
Mauritania,2010,0.0,,99.99999999999999
Mauritania,2006,0.0,,99.99999999999999
Mauritius,2015,24.174407790105167,,75.82559220989484
Mauritius,2016,13.308091909937032,,86.69190809006298
Mauritius,2017,0.0,,100.0
Mauritius,2018,70.40855626717406,,29.591443732825944
Mauritius,2019,10.195922764966825,,89.80407723503318
Mauritius,2021,0.9419864833147205,,99.05801351668528
Mauritius,2022,0.0,,100.0
Mauritius,2023,0.0,,100.0
Mauritius,2024,0.0,,100.0
Mauritius,2014,13.77701282618697,,86.22298717381304
Mauritius,2020,3.252875033111564,,96.74712496688844
Mauritius,2013,16.593662075193016,,83.40633792480698
Mauritius,2012,48.49686928960729,,51.50313071039271
Mauritius,2011,23.595265231554425,,76.40473476844558
Mauritius,2001,7.597697755756108,,92.40230224424388
Mauritius,2002,1.6031605219278788,,98.39683947807211
Mauritius,2003,4.386952579156945,,95.61304742084306
Mauritius,2004,8.933903717033983,,91.06609628296603
Mauritius,2005,2.4293717364559315,,97.57062826354407
Mauritius,2000,5.686396601144927,,94.31360339885508
Mauritius,2007,0.0,,100.0
Mauritius,2008,0.0,,100.0
Mauritius,2009,16.160957782868085,,83.83904221713192
Mauritius,2010,26.593163972953523,,73.40683602704645
Mauritius,2006,4.749317062676429,,95.25068293732357
"Middle East, North Africa, Afghanistan & Pakistan (excluding high income)",2024,5.775194075547523,0.5819729730622935,93.64283295139018
"Middle East, North Africa, Afghanistan & Pakistan (excluding high income)",2023,7.329273388497112,1.638931612671851,91.03179499883103
"Middle East, North Africa, Afghanistan & Pakistan (excluding high income)",2022,9.264257114337381,2.2431957146733077,88.49254717098933
"Middle East, North Africa, Afghanistan & Pakistan (excluding high income)",2021,6.866427204467891,2.187998681679711,90.9455741138524
"Middle East, North Africa, Afghanistan & Pakistan (excluding high income)",2020,8.106570952855291,3.192408518583107,88.70102052856161
"Middle East, North Africa, Afghanistan & Pakistan (excluding high income)",2019,11.765459454189184,0.6887961497598376,87.54574439605098
"Middle East, North Africa, Afghanistan & Pakistan (excluding high income)",2018,20.54670327987357,1.133281251423026,78.32001546870342
"Middle East, North Africa, Afghanistan & Pakistan (excluding high income)",2017,8.251332102095185,1.672788710956518,90.07587918694828
"Middle East, North Africa, Afghanistan & Pakistan (excluding high income)",2016,11.326523579253939,0.0,88.67347642074606
"Middle East, North Africa, Afghanistan & Pakistan (excluding high income)",2014,5.3510510690263695,0.0,94.64894893097365
"Middle East, North Africa, Afghanistan & Pakistan (excluding high income)",2013,3.8251893786617326,0.0,96.17481062133827
"Middle East, North Africa, Afghanistan & Pakistan (excluding high income)",2015,4.408852631389447,0.0,95.59114736861055
"Middle East, North Africa, Afghanistan & Pakistan (excluding high income)",2012,5.023416250344058,0.0,94.97658374965594
"Middle East, North Africa, Afghanistan & Pakistan (excluding high income)",2011,4.1131429003251325,0.9163746595151517,94.97048244015971
"Middle East, North Africa, Afghanistan & Pakistan (excluding high income)",2000,2.5477842011091276,0.07374904959757472,97.3784667492933
"Middle East, North Africa, Afghanistan & Pakistan (excluding high income)",2001,0.9567958446688989,1.140273434279381,97.90293072105172
"Middle East, North Africa, Afghanistan & Pakistan (excluding high income)",2002,0.40814090446868856,0.5879383758900354,99.00392071964129
"Middle East, North Africa, Afghanistan & Pakistan (excluding high income)",2004,1.4236694548123272,0.20333958330517357,98.3729909618825
"Middle East, North Africa, Afghanistan & Pakistan (excluding high income)",2003,0.8805204958564993,0.5565541252202122,98.56292537892328
"Middle East, North Africa, Afghanistan & Pakistan (excluding high income)",2006,3.831661936260477,0.2981047036843465,95.87023336005517
"Middle East, North Africa, Afghanistan & Pakistan (excluding high income)",2007,1.3987025941553843,0.05731256084382451,98.5439848450008
"Middle East, North Africa, Afghanistan & Pakistan (excluding high income)",2008,1.5264162354964426,0.01620909066026868,98.45737467384329
"Middle East, North Africa, Afghanistan & Pakistan (excluding high income)",2009,6.991573025862424,0.006478461335652136,93.00194851280192
"Middle East, North Africa, Afghanistan & Pakistan (excluding high income)",2010,4.653574964564502,0.3640697549090696,94.98235528052643
"Middle East, North Africa, Afghanistan & Pakistan (excluding high income)",2005,3.460194218135832,0.5500821719009004,95.98972360996328
Middle income,2017,6.005301966833028,1.25120168416887,92.7434963489981
Middle income,2014,4.137054809885731,0.9741048240168194,94.88884036609744
Middle income,2015,4.609302321992498,0.28444455247961203,95.10624403348324
Middle income,2016,5.085766364315063,3.8870100120569937,91.02722362362796
Middle income,2018,6.224150092746923,1.3377229439097582,92.43812696334332
Middle income,2013,5.734485343046204,1.2326716556593724,93.03284300129442
Middle income,2020,2.60632890773319,0.8112778154732283,96.57985254593956
Middle income,2021,2.3299407129509118,0.4792392528744828,97.18615131808669
Middle income,2022,3.589690262012705,0.6305816946262491,95.47531957895882
Middle income,2023,3.8038244961019294,0.3732702452792392,95.8101069695823
Middle income,2019,4.5336270592151795,1.1435766944029708,94.3219956308084
Middle income,2024,1.3475365831497166,0.08419858602286653,98.56040755482015
Middle income,2012,4.151085655193051,0.44072662172823757,95.40818772307871
Middle income,2010,4.578799145361889,1.862841681564947,93.55835515368696
Middle income,2000,0.43176853079744953,0.01868465100742144,99.54278320733103
Middle income,2001,0.3395703947994529,0.17643144881371764,99.47926997464072
Middle income,2002,0.3190948849802826,0.09546806895226913,99.58103618913681
Middle income,2003,0.29824575462962033,0.07035455621438076,99.62572334550468
Middle income,2004,0.6317333269731901,0.0390742228925282,99.32770279266363
Middle income,2011,4.530079448720444,1.2903784537373593,94.1795420975422
Middle income,2006,1.5850633752540508,0.3174946623917663,98.0969525392268
Middle income,2007,1.7561714140976386,0.10226775598209695,98.14056451458195
Middle income,2008,2.252326559940223,0.0327702772713152,97.71489989375702
Middle income,2009,4.252610512457657,0.043315294821238075,95.70407419272111
Middle income,2005,0.8492512619357631,0.21715895369437477,98.93133984438141
Moldova,2014,,1.3710015846609742,98.62899841533903
Moldova,2015,,0.11124536440925362,99.88875463559074
Moldova,2016,,0.0,100.00000000000001
Moldova,2017,,0.0,100.0
Moldova,2018,,0.0,100.0
Moldova,2020,,0.0,100.0
Moldova,2021,,0.0,100.0
Moldova,2022,,0.0,100.0
Moldova,2023,,0.0,100.0
Moldova,2013,,7.722038489910345,92.27796151008965
Moldova,2019,,0.0,100.0
Moldova,2024,,0.0,100.0
Moldova,2012,,2.9195353688327144,97.08046463116729
Moldova,2010,,5.273438093351348,94.72656190664864
Moldova,2011,,7.6820266667609225,92.31797333323908
Moldova,2000,,0.0,100.0
Moldova,2001,,0.0,100.0
Moldova,2003,,0.0,100.0
Moldova,2004,,0.0,100.0
Moldova,2002,,0.0,100.0
Moldova,2006,,0.0,100.00000000000001
Moldova,2007,,0.0,100.0
Moldova,2008,,0.0,100.0
Moldova,2009,,24.34727283548546,75.65272716451454
Moldova,2005,,0.0,100.0
Mongolia,2018,17.83436783978021,0.0,82.16563216021979
Mongolia,2015,63.32865115293026,0.0,36.671348847069744
Mongolia,2016,7.632070258215943,0.0,92.36792974178405
Mongolia,2017,3.3017300014088558,0.0,96.69826999859114
Mongolia,2019,24.72539231298107,0.0,75.27460768701893
Mongolia,2014,78.62552192294501,0.0,21.374478077054995
Mongolia,2021,3.173731993027425,0.0,96.82626800697258
Mongolia,2022,13.953588810559552,0.0,86.04641118944045
Mongolia,2023,0.2627915664275191,0.0,99.73720843357249
Mongolia,2024,6.023505478608955,0.0,93.97649452139105
Mongolia,2020,6.643305994034998,0.0,93.356694005965
Mongolia,2013,81.14793996496006,0.0,18.85206003503994
Mongolia,2003,0.0,0.0,100.0
Mongolia,2011,1.0348021734364587,5.497300370588388,93.46789745597515
Mongolia,2000,0.0,0.0,100.0
Mongolia,2002,0.05889831946511952,0.0,99.94110168053489
Mongolia,2012,22.377521042059247,0.0,77.62247895794076
Mongolia,2004,0.0,0.0,99.99999999999999
Mongolia,2005,0.0,0.0,100.0
Mongolia,2001,0.0,0.0,100.0
Mongolia,2007,0.027247492544200495,2.119249420104483,97.85350308735131
Mongolia,2008,0.08783063665177446,0.0,99.91216936334823
Mongolia,2009,0.024495642182152888,0.0,99.97550435781785
Mongolia,2010,0.0,0.0,100.0
Mongolia,2006,0.0,20.234545141449658,79.76545485855033
Montenegro,2017,45.04863099305188,,54.95136900694812
Montenegro,2024,0.0,,100.0
Montenegro,2023,0.0,,100.0
Montenegro,2022,45.04358895377697,,54.95641104622304
Montenegro,2021,27.11681969825042,,72.88318030174958
Montenegro,2020,2.6711458160160255,,97.32885418398399
Montenegro,2019,20.313038140273385,,79.68696185972662
Montenegro,2018,16.119517039518925,,83.88048296048106
Montenegro,2016,2.61660027789348,,97.38339972210653
Montenegro,2015,23.44235535954807,,76.55764464045193
Montenegro,2014,4.559382811410505,,95.4406171885895
Montenegro,2013,0.0,,100.0
Montenegro,2012,7.850744483535416,,92.14925551646458
Montenegro,2011,4.920183128163584,,95.07981687183641
Montenegro,2010,0.0,,100.0
Montenegro,2009,0.0,,100.0
Montenegro,2008,0.0,,100.0
Montenegro,2007,0.0,,100.0
Montenegro,2006,0.0,,99.99999999999997
Morocco,2014,1.0881650055402008,,98.9118349944598
Morocco,2016,6.727329038124121,,93.27267096187587
Morocco,2017,1.2076310456235868,,98.7923689543764
Morocco,2018,0.45224172485543224,,99.54775827514457
Morocco,2019,0.0,,100.0
Morocco,2023,0.0,,100.0
Morocco,2021,0.0,,100.0
Morocco,2022,0.0,,100.0
Morocco,2013,1.1190005582368898,,98.88099944176311
Morocco,2024,0.0,,100.0
Morocco,2020,0.0,,100.0
Morocco,2012,1.8072653745934397,,98.19273462540656
Morocco,2015,0.8871973514277871,,99.11280264857221
Morocco,2010,10.445632771901565,,89.55436722809844
Morocco,2001,0.0,,100.0
Morocco,2002,0.0,,99.99999999999999
Morocco,2003,0.0,,99.99999999999999
Morocco,2004,0.0,,100.0
Morocco,2005,0.0,,100.0
Morocco,2000,0.0,,100.0
Morocco,2007,0.15188432639903612,,99.84811567360097
Morocco,2006,0.12757331591203663,,99.87242668408797
Morocco,2009,1.720966989598604,,98.27903301040139
Morocco,2011,0.1068708884126447,,99.89312911158734
Morocco,2008,1.788927708098414,,98.21107229190159
Mozambique,2013,12.70306585265322,,87.29693414734676
Mozambique,2023,12.355132730382483,,87.6448672696175
Mozambique,2022,0.0,,100.0
Mozambique,2021,18.130755167988873,,81.86924483201112
Mozambique,2019,11.990681187591187,,88.00931881240882
Mozambique,2018,33.09991328820348,,66.9000867117965
Mozambique,2017,46.1798424314734,,53.8201575685266
Mozambique,2016,21.956769926227295,,78.0432300737727
Mozambique,2015,23.909283951608412,,76.0907160483916
Mozambique,2014,33.33444593251454,,66.66555406748546
Mozambique,2024,8.042757764241244,,91.95724223575876
Mozambique,2020,23.577336178277655,,76.42266382172235
Mozambique,2012,21.517325762657446,,78.48267423734255
Mozambique,2010,4.714708091466355,,95.28529190853364
Mozambique,2011,8.204783994651372,,91.79521600534862
Mozambique,2000,1.6134051748549378,,98.38659482514505
Mozambique,2001,2.222648965862099,,97.7773510341379
Mozambique,2003,0.0,,100.0
Mozambique,2004,0.0,,100.0
Mozambique,2002,0.0,,100.0
Mozambique,2006,0.6067016465706464,,99.39329835342936
Mozambique,2007,1.2283555531167756,,98.77164444688322
Mozambique,2008,2.0582197686917385,,97.94178023130826
Mozambique,2009,29.884929210792777,,70.11507078920721
Mozambique,2005,0.0,,100.0
Myanmar,2018,3.168417379131286,4.10918710798038,92.72239551288835
Myanmar,2014,21.0288848933126,63.36443181603477,15.606683290652628
Myanmar,2016,13.794344055927588,11.36247662279885,74.84317932127357
Myanmar,2017,5.834933949911376,6.857068434793126,87.30799761529549
Myanmar,2019,7.055286559929849,2.4506273345850103,90.49408610548514
Myanmar,2013,6.879368416690885,19.651046802935504,73.46958478037361
Myanmar,2021,2.076206389379751,0.0,97.92379361062025
Myanmar,2022,3.202364791262707,0.0,96.79763520873729
Myanmar,2023,0.0,0.0,100.0
Myanmar,2024,0.0,0.0,100.0
Myanmar,2020,1.8097054103614687,0.767267536034439,97.42302705360409
Myanmar,2012,9.531716324419335,34.60844909251283,55.85983458306783
Myanmar,2015,56.445873220828375,20.53647493426753,23.017651844904087
Myanmar,2010,19.78322169228975,43.03990083801472,37.176877469695526
Myanmar,2000,6.558163964704643,2.1514846460908528,91.29035138920452
Myanmar,2001,13.274276855336048,0.0,86.72572314466396
Myanmar,2002,15.226316422667491,0.0,84.7736835773325
Myanmar,2003,16.032453199140328,0.0,83.96754680085967
Myanmar,2004,19.239406725554,0.0,80.760593274446
Myanmar,2011,25.35337188211572,69.2057423812732,5.440885736611086
Myanmar,2006,56.61012633663324,0.0,43.38987366336676
Myanmar,2007,56.094326152582276,0.0,43.905673847417724
Myanmar,2008,54.31336347656961,0.0,45.68663652343038
Myanmar,2009,45.94567938072256,16.80947950979834,37.244841109479104
Myanmar,2005,52.832027317843085,0.0,47.16797268215692
Nepal,2024,0.0,,100.0
Nepal,2023,1.8006785093396167,,98.19932149066038
Nepal,2022,1.1864077029199742,,98.81359229708002
Nepal,2021,3.4021304985391696,,96.59786950146082
Nepal,2020,1.3328655125113555,,98.66713448748862
Nepal,2019,8.873183802573255,,91.12681619742676
Nepal,2018,5.0559094487135425,,94.94409055128646
Nepal,2017,0.0,,100.0
Nepal,2016,0.0,,100.0
Nepal,2014,12.652191264552647,,87.34780873544736
Nepal,2013,3.5008752957482567,,96.49912470425176
Nepal,2015,2.299110449427815,,97.70088955057219
Nepal,2012,10.713785916510973,,89.28621408348901
Nepal,2011,11.014513604653333,,88.98548639534667
Nepal,2000,0.0,,100.0
Nepal,2001,0.0,,99.99999999999999
Nepal,2002,0.0,,100.0
Nepal,2004,0.0,,100.0
Nepal,2003,0.0,,100.00000000000001
Nepal,2006,0.0,,100.0
Nepal,2007,0.0,,100.0
Nepal,2008,0.0,,100.0
Nepal,2009,0.0,,99.99999999999999
Nepal,2010,0.0,,100.0
Nepal,2005,0.0,,100.0
Nicaragua,2017,0.0,0.0,100.0
Nicaragua,2014,0.0,0.0,100.00000000000001
Nicaragua,2015,0.0,0.0,100.00000000000001
Nicaragua,2016,0.0,0.0,100.0
Nicaragua,2018,0.0,0.0,100.0
Nicaragua,2013,0.0,0.0,100.0
Nicaragua,2020,0.0,0.0,100.0
Nicaragua,2021,0.0,0.0,100.0
Nicaragua,2022,0.0,0.0,100.0
Nicaragua,2023,0.0,0.0,100.0
Nicaragua,2019,0.0,0.0,100.0
Nicaragua,2024,0.0,0.0,100.0
Nicaragua,2012,0.0,0.0,100.0
Nicaragua,2010,0.0,0.0,100.0
Nicaragua,2000,0.0,0.0,100.0
Nicaragua,2001,0.6372135417771463,0.0,99.36278645822286
Nicaragua,2002,0.43666817572968686,0.0,99.5633318242703
Nicaragua,2003,0.24807856134879036,0.0,99.75192143865121
Nicaragua,2004,0.0,0.0,100.00000000000003
Nicaragua,2011,0.0,0.0,100.0
Nicaragua,2006,0.0,0.0,100.0
Nicaragua,2007,0.0,0.0,99.99999999999999
Nicaragua,2008,0.0,0.0,100.00000000000001
Nicaragua,2009,0.0,0.0,100.0
Nicaragua,2005,0.0,0.0,100.0
Niger,2014,2.114400980404597,,97.8855990195954
Niger,2015,0.47877987672964384,,99.52122012327035
Niger,2016,18.848781040627312,,81.1512189593727
Niger,2017,17.857659736835586,,82.1423402631644
Niger,2018,25.236253353270026,,74.76374664672998
Niger,2020,0.0,,100.0
Niger,2021,0.0,,100.0
Niger,2022,0.005492573608354219,,99.99450742639164
Niger,2023,0.0,,99.99999999999999
Niger,2013,0.7034474896638763,,99.29655251033614
Niger,2019,0.0,,100.0
Niger,2024,0.0,,100.0
Niger,2012,4.9775949030467315,,95.02240509695328
Niger,2010,69.3271264909773,,30.6728735090227
Niger,2011,75.27155916521549,,24.728440834784514
Niger,2000,0.0,,100.0
Niger,2001,0.0,,99.99999999999997
Niger,2003,0.0,,99.99999999999999
Niger,2004,0.0,,99.99999999999999
Niger,2002,0.0,,100.0
Niger,2006,0.0,,100.0
Niger,2007,0.0,,100.0
Niger,2008,0.0,,99.99999999999997
Niger,2009,62.58204758307176,,37.41795241692823
Niger,2005,0.0,,100.0
Nigeria,2017,4.321348811020005,0.0,95.67865118898
Nigeria,2014,18.1390886068993,0.0,81.86091139310071
Nigeria,2024,4.765122540005949,0.0,95.23487745999405
Nigeria,2016,18.969821955050545,0.0,81.03017804494947
Nigeria,2018,8.590800543854387,0.0,91.40919945614561
Nigeria,2013,15.32081110612822,0.0,84.67918889387178
Nigeria,2020,7.713974343885782,0.0,92.28602565611422
Nigeria,2021,5.6497900831518635,0.0,94.35020991684813
Nigeria,2022,13.799744862932627,0.0,86.20025513706739
Nigeria,2023,18.366253020696565,0.0,81.63374697930341
Nigeria,2019,28.350786828748248,0.0,71.64921317125176
Nigeria,2012,28.480703193041062,0.0,71.51929680695895
Nigeria,2015,11.943234476796178,0.0,88.05676552320381
Nigeria,2010,1.9135459822450316,0.0,98.08645401775497
Nigeria,2000,0.0,0.0,100.0
Nigeria,2001,0.0,0.0,100.0
Nigeria,2002,0.0,0.0,100.0
Nigeria,2003,21.465593143157196,0.0,78.53440685684279
Nigeria,2004,17.900669364911852,0.0,82.09933063508815
Nigeria,2011,22.525052167506786,0.0,77.47494783249321
Nigeria,2006,38.693088433732115,4.27967630080352,57.02723526546437
Nigeria,2007,24.011638328592625,3.420656407688325,72.56770526371905
Nigeria,2008,0.5343195345313541,5.764975051143236,93.70070541432541
Nigeria,2009,0.0,0.0,100.0
Nigeria,2005,15.523320972122823,6.898362997667668,77.5783160302095
North Macedonia,2014,11.083601342050155,,88.91639865794986
North Macedonia,2016,16.781603363452405,,83.2183966365476
North Macedonia,2017,38.02884261651719,,61.97115738348281
North Macedonia,2018,7.82632384655644,,92.17367615344357
North Macedonia,2019,20.2283057749818,,79.7716942250182
North Macedonia,2021,1.7807419000184577,,98.21925809998154
North Macedonia,2013,0.0,,99.99999999999997
North Macedonia,2022,9.691864585395749,,90.30813541460425
North Macedonia,2023,6.507327829804272,,93.49267217019573
North Macedonia,2024,0.0,,100.0
North Macedonia,2020,2.265248635547081,,97.73475136445292
North Macedonia,2012,0.0,,100.0
North Macedonia,2015,12.235514532906947,,87.76448546709305
North Macedonia,2010,0.0,,99.99999999999999
North Macedonia,2011,0.0,,100.0
North Macedonia,2001,2.6105319794682087,,97.3894680205318
North Macedonia,2002,28.00794191591974,,71.99205808408026
North Macedonia,2003,10.72500133317725,,89.27499866682275
North Macedonia,2004,5.4885193223180355,,94.51148067768199
North Macedonia,2000,10.660157429725679,,89.33984257027431
North Macedonia,2006,0.0,,100.0
North Macedonia,2007,0.0,,100.0
North Macedonia,2008,0.0,,100.0
North Macedonia,2009,0.0,,100.0
North Macedonia,2005,0.0,,100.0
Pakistan,2014,13.09039490893139,0.0,86.90960509106861
Pakistan,2023,16.805348730356528,0.0,83.19465126964347
Pakistan,2022,26.775596214163127,0.0,73.22440378583687
Pakistan,2021,14.804415248608157,4.577422797921653,80.61816195347019
Pakistan,2020,26.085048831319977,7.663533076505136,66.25141809217489
Pakistan,2019,38.104626588515,2.4504842083044203,59.44488920318058
Pakistan,2018,71.68404846365628,5.074615219208551,23.241336317135172
Pakistan,2017,25.68180318017934,6.399479845977668,67.91871697384298
Pakistan,2016,31.907878593137323,0.0,68.09212140686267
Pakistan,2024,21.624110210395397,0.0,78.37588978960461
Pakistan,2013,38.70992159617528,0.0,61.290078403824715
Pakistan,2015,19.57567664807848,0.0,80.42432335192153
Pakistan,2012,30.099099525462236,0.0,69.90090047453775
Pakistan,2000,2.2576774119689653,0.0,97.74232258803103
Pakistan,2001,1.7447974540848847,0.0,98.25520254591514
Pakistan,2002,1.4964057161880504,0.08047611000281776,98.42311817380913
Pakistan,2003,3.552995871648467,4.060339446963864,92.38666468138767
Pakistan,2004,7.626886081250719,0.862328278177162,91.51078564057212
Pakistan,2011,23.033900713499683,0.008508117639775716,76.95759116886055
Pakistan,2006,10.34484242258841,0.5750277142786979,89.08012986313288
Pakistan,2007,3.4776663804715118,0.2965354065991878,96.2257982129293
Pakistan,2008,2.3153001488552274,0.07554393798366325,97.6091559131611
Pakistan,2009,24.764347078528836,0.02790082189321045,75.20775209957795
Pakistan,2010,16.635764645113518,0.07447657686422794,83.28975877802225
Pakistan,2005,3.3892423602986175,0.5317247159335968,96.07903292376778
Papua New Guinea,2014,37.76485576145248,,62.23514423854752
Papua New Guinea,2015,36.661800035267426,,63.33819996473257
Papua New Guinea,2016,25.551203367918106,,74.4487966320819
Papua New Guinea,2017,30.54122974395501,,69.45877025604499
Papua New Guinea,2018,7.0141287996824815,,92.9858712003175
Papua New Guinea,2021,10.522732630923352,,89.47726736907664
Papua New Guinea,2020,6.919501390444524,,93.08049860955548
Papua New Guinea,2022,14.328335973448567,,85.67166402655144
Papua New Guinea,2023,13.117867724048299,,86.8821322759517
Papua New Guinea,2013,9.060966815258833,,90.93903318474115
Papua New Guinea,2019,22.18119662743638,,77.81880337256362
Papua New Guinea,2024,4.220325069448692,,95.77967493055131
Papua New Guinea,2011,58.635310137319834,,41.364689862680166
Papua New Guinea,2010,0.0,,100.0
Papua New Guinea,2012,26.41946922692125,,73.58053077307878
Papua New Guinea,2000,0.11146375609328511,,99.88853624390671
Papua New Guinea,2001,0.0,,100.0
Papua New Guinea,2003,0.0,,100.0
Papua New Guinea,2004,0.0,,100.0
Papua New Guinea,2002,0.0,,100.0
Papua New Guinea,2006,0.0,,100.0
Papua New Guinea,2007,0.0,,99.99999999999999
Papua New Guinea,2008,0.0,,100.0
Papua New Guinea,2009,0.0,,100.0
Papua New Guinea,2005,0.0,,100.0
Peru,2024,0.0,,100.0
Peru,2023,0.0,,100.0
Peru,2022,0.0,,100.0
Peru,2021,0.0,,99.99999999999999
Peru,2020,0.0,,100.0
Peru,2019,0.0,,100.0
Peru,2018,0.0,,100.0
Peru,2017,0.0,,100.0
Peru,2016,0.0,,100.0
Peru,2014,0.0,,100.00000000000001
Peru,2013,0.0,,99.99999999999999
Peru,2015,0.0,,100.0
Peru,2012,0.0,,100.0
Peru,2011,0.0,,100.0
Peru,2000,1.0470997534489759,,98.71783840721606
Peru,2001,0.0,,99.96402369219578
Peru,2002,0.0,,100.0
Peru,2004,0.0,,100.0
Peru,2003,0.0,,100.0
Peru,2006,0.0,,100.0
Peru,2007,0.0,,100.0
Peru,2008,0.0,,100.0
Peru,2009,0.0,,100.0
Peru,2010,0.0,,100.0
Peru,2005,0.0,,100.0
Philippines,2017,0.0,,100.00000000000001
Philippines,2014,0.4033188985308086,,99.5966811014692
Philippines,2015,0.0,,100.0
Philippines,2016,0.0,,100.0
Philippines,2018,0.18757457410076725,,99.81242542589924
Philippines,2013,1.1221580213977973,,98.8778419786022
Philippines,2020,0.2522733528897299,,99.74772664711027
Philippines,2021,0.18788627845036443,,99.81211372154964
Philippines,2022,0.285124098242994,,99.714875901757
Philippines,2023,0.9518148815505368,,99.04818511844945
Philippines,2019,0.134775638286167,,99.86522436171383
Philippines,2024,0.052860437805442945,,99.94713956219456
Philippines,2012,1.750722763224149,,98.24927723677585
Philippines,2010,0.9214222524397216,,99.07857774756027
Philippines,2000,0.0,,100.0
Philippines,2001,0.0,,99.99999999999999
Philippines,2002,0.0,,100.0
Philippines,2003,0.015157822264961106,,99.98484217773503
Philippines,2004,1.684074001675031,,98.31592599832496
Philippines,2011,2.068689449066776,,97.93131055093322
Philippines,2006,0.9087814914475787,,99.09121850855242
Philippines,2007,4.386952175665184,,95.6130478243348
Philippines,2008,0.433604149703395,,99.5663958502966
Philippines,2009,0.1193538040201088,,99.88064619597989
Philippines,2005,0.21642433531519845,,99.78357566468479
Rwanda,2014,10.419451266597463,,89.58054873340252
Rwanda,2015,9.93044958680468,,90.06955041319532
Rwanda,2016,6.319258818562362,,93.68074118143764
Rwanda,2017,5.62701644330285,,94.37298355669715
Rwanda,2018,2.180423041287691,,97.81957695871232
Rwanda,2020,5.286516143830724,,94.71348385616926
Rwanda,2021,6.5239651296077055,,93.4760348703923
Rwanda,2022,6.05362330359237,,93.94637669640763
Rwanda,2023,2.352372238332194,,97.64762776166782
Rwanda,2013,4.577055672505226,,95.42294432749478
Rwanda,2019,5.502351124733765,,94.49764887526622
Rwanda,2024,3.070748449041119,,96.92925155095888
Rwanda,2012,2.4357078775552576,,97.56429212244475
Rwanda,2010,21.74997775115449,,78.25002224884551
Rwanda,2011,3.117718793284483,,96.88228120671552
Rwanda,2000,0.0,,100.0
Rwanda,2001,0.0,,100.0
Rwanda,2003,0.0,,100.0
Rwanda,2004,0.0,,100.0
Rwanda,2002,0.0,,100.0
Rwanda,2006,0.0,,100.0
Rwanda,2007,0.0,,100.0
Rwanda,2008,0.0,,100.0
Rwanda,2009,8.466997096195898,,91.5330029038041
Rwanda,2005,0.0,,100.0
Samoa,2017,22.01359773615727,,77.98640226384273
Samoa,2014,82.96848096441875,,17.031519035581265
Samoa,2015,51.179803117218846,,48.82019688278115
Samoa,2024,0.0,,100.0
Samoa,2018,62.75443923003558,,37.24556076996442
Samoa,2013,64.67538254791775,,35.32461745208225
Samoa,2020,0.0,,100.0
Samoa,2021,nan,,nan
Samoa,2022,0.0,,100.0
Samoa,2023,0.0,,100.0
Samoa,2019,4.348120591248944,,95.65187940875104
Samoa,2012,43.839115915458436,,56.16088408454157
Samoa,2016,65.97717620710152,,34.02282379289848
Samoa,2010,31.914911703923217,,68.08508829607678
Samoa,2000,0.0,,100.0
Samoa,2001,0.0,,100.0
Samoa,2002,0.0,,100.0
Samoa,2003,0.0,,100.0
Samoa,2004,0.0,,100.0
Samoa,2011,45.03196882490297,,54.96803117509704
Samoa,2006,0.0,,100.0
Samoa,2007,47.9929409787389,,52.0070590212611
Samoa,2008,76.71885594907624,,23.281144050923764
Samoa,2009,60.30800609929178,,39.69199390070822
Samoa,2005,0.0,,100.0
Sao Tome and Principe,2015,0.0,,100.00000000000001
Sao Tome and Principe,2016,0.0,,100.0
Sao Tome and Principe,2017,0.0,,100.0
Sao Tome and Principe,2018,0.0,,100.0
Sao Tome and Principe,2019,0.0,,100.00000000000001
Sao Tome and Principe,2021,0.0,,100.0
Sao Tome and Principe,2022,0.0,,99.99999999999999
Sao Tome and Principe,2023,0.0,,100.0
Sao Tome and Principe,2024,0.0,,100.0
Sao Tome and Principe,2014,0.0,,100.0
Sao Tome and Principe,2020,0.0,,100.0
Sao Tome and Principe,2013,0.0,,100.0
Sao Tome and Principe,2012,0.0,,100.0
Sao Tome and Principe,2011,0.8342470323626474,,99.16575296763735
Sao Tome and Principe,2001,0.0,,100.0
Sao Tome and Principe,2002,0.5970437857048458,,99.40295621429516
Sao Tome and Principe,2003,0.0,,100.0
Sao Tome and Principe,2004,0.0,,100.0
Sao Tome and Principe,2005,0.0,,100.0
Sao Tome and Principe,2000,0.0,,100.0
Sao Tome and Principe,2007,0.0,,100.00000000000001
Sao Tome and Principe,2008,0.0,,100.0
Sao Tome and Principe,2009,0.0,,100.0
Sao Tome and Principe,2010,0.0,,100.0
Sao Tome and Principe,2006,0.0,,100.0
Senegal,2015,30.44069891939563,0.0,69.55930108060436
Senegal,2016,39.927666218504925,0.0,60.072333781495075
Senegal,2017,12.117279596544465,0.0,87.88272040345554
Senegal,2018,8.62031551573139,0.0,91.37968448426861
Senegal,2019,13.86667911622308,0.0,86.13332088377692
Senegal,2021,7.137636328793704,0.0,92.86236367120628
Senegal,2022,12.710911492947737,0.5813030966405186,86.70778541041174
Senegal,2023,4.907999044552108,0.33942570986156023,94.75257524558631
Senegal,2024,1.697895447339171,0.26853257380001716,98.0335719788608
Senegal,2014,3.531262235382858,0.0,96.46873776461713
Senegal,2020,2.6408001998871633,0.0,97.35919980011285
Senegal,2013,10.809615771713348,0.0,89.19038422828665
Senegal,2012,15.59706263711979,0.0,84.4029373628802
Senegal,2011,2.792571836024173,0.0,97.20742816397583
Senegal,2001,0.0,0.0,99.99999999999997
Senegal,2002,0.0,0.0,100.00000000000003
Senegal,2003,0.0,0.0,100.0
Senegal,2004,0.0,0.0,100.0
Senegal,2005,0.0,0.0,100.0
Senegal,2000,0.0,0.0,100.0
Senegal,2007,3.083450530752314,0.0,96.91654946924768
Senegal,2008,8.523481496642244,0.0,91.47651850335777
Senegal,2009,7.811030378661557,0.0,92.18896962133844
Senegal,2010,3.152022272724007,0.0,96.847977727276
Senegal,2006,0.2426473584855728,0.0,99.75735264151443
Serbia,2015,16.09303576236445,,83.90696423763555
Serbia,2016,7.86308237346112,,92.13691762653887
Serbia,2017,12.247265362334938,,87.75273463766506
Serbia,2018,12.35666886859276,,87.64333113140725
Serbia,2019,7.941909819571712,,91.96259236286018
Serbia,2021,10.163876927526818,,89.83612307247317
Serbia,2022,19.190489020437173,,51.5093064946048
Serbia,2023,12.073180516152362,,87.92681948384764
Serbia,2024,8.466302533407433,,91.53369746659256
Serbia,2014,9.35836979038871,,90.6416302096113
Serbia,2020,3.2437320204789133,,96.7562679795211
Serbia,2013,1.0388094552511116,,98.96119054474889
Serbia,2012,4.678975605894104,,95.32102439410589
Serbia,2011,3.396305307693973,,96.60369469230604
Serbia,2001,70.33144160326353,,29.66855839673648
Serbia,2002,0.0,,100.0
Serbia,2003,0.0,,100.00000000000001
Serbia,2004,11.674377143046145,,88.32562285695384
Serbia,2005,0.0,,100.00000000000003
Serbia,2000,64.41441441441441,,35.585585585585584
Serbia,2007,0.0,,100.0
Serbia,2008,0.0,,100.0
Serbia,2009,0.0,,100.0
Serbia,2010,1.109076181707979,,98.89092381829202
Serbia,2006,0.0,,100.0
Sierra Leone,2015,14.984492608122403,,85.01550739187759
Sierra Leone,2016,0.0,,99.99999999999999
Sierra Leone,2017,0.0,,100.00000000000001
Sierra Leone,2018,0.0,,99.99999999999999
Sierra Leone,2019,0.0,,100.0
Sierra Leone,2021,11.704442042315804,,88.2955579576842
Sierra Leone,2022,0.0,,100.00000000000001
Sierra Leone,2023,0.0,,100.0
Sierra Leone,2024,0.0,,100.0
Sierra Leone,2014,0.0,,100.0
Sierra Leone,2020,13.10581630318167,,86.89418369681833
Sierra Leone,2013,3.4632231840711025,,96.5367768159289
Sierra Leone,2012,17.934663695431308,,82.06533630456869
Sierra Leone,2011,2.4068310031991946,,97.5931689968008
Sierra Leone,2001,0.0,,100.0
Sierra Leone,2002,0.0423948979878739,,99.95760510201212
Sierra Leone,2003,0.0,,100.0
Sierra Leone,2004,0.0,,99.99999999999997
Sierra Leone,2005,0.0,,100.0
Sierra Leone,2000,0.6097901462216562,,99.39020985377836
Sierra Leone,2007,10.35432284081154,,89.64567715918847
Sierra Leone,2008,18.712742974158168,,81.28725702584184
Sierra Leone,2009,0.0,,99.99999999999999
Sierra Leone,2010,0.0,,100.00000000000001
Sierra Leone,2006,0.0,,100.0
Solomon Islands,2015,0.0,,100.0
Solomon Islands,2016,0.0,,100.0
Solomon Islands,2017,0.0,,100.0
Solomon Islands,2018,0.0,,100.0
Solomon Islands,2019,0.0,,100.0
Solomon Islands,2021,0.0,,100.0
Solomon Islands,2022,0.0,,100.0
Solomon Islands,2023,30.470946545303466,,69.52905345469654
Solomon Islands,2024,3.8551492947345984,,96.1448507052654
Solomon Islands,2014,nan,,nan
Solomon Islands,2020,0.0,,100.0
Solomon Islands,2013,nan,,nan
Solomon Islands,2012,nan,,nan
Solomon Islands,2011,nan,,nan
Solomon Islands,2001,0.0,,100.0
Solomon Islands,2002,0.0,,100.0
Solomon Islands,2003,0.0,,100.0
Solomon Islands,2004,0.0,,100.0
Solomon Islands,2005,0.0,,99.99999999999999
Solomon Islands,2000,0.0,,100.0
Solomon Islands,2007,0.0,,100.0
Solomon Islands,2008,0.0,,100.0
Solomon Islands,2009,-0.0,,100.0
Solomon Islands,2010,nan,,nan
Solomon Islands,2006,0.0,,100.0
South Africa,2015,0.0,,100.00000000000001
South Africa,2016,0.0,,100.0
South Africa,2017,5.864891765375655,,94.13510823462435
South Africa,2018,3.2686944159120306,,96.73130558408798
South Africa,2019,6.176787791421065,,93.82321220857894
South Africa,2021,12.049054672139173,,87.95094532786082
South Africa,2022,2.4170238082365585,,97.58297619176344
South Africa,2023,6.932463689784713,,93.06753631021529
South Africa,2024,0.278677386002941,,99.72132261399706
South Africa,2014,0.0,,100.0
South Africa,2020,16.257779747841045,,83.74222025215894
South Africa,2013,0.0,,100.0
South Africa,2012,0.0,,100.0
South Africa,2011,0.0,,100.0
South Africa,2001,0.0,,100.0
South Africa,2002,0.0,,100.0
South Africa,2003,0.0,,100.0
South Africa,2004,0.0,,100.0
South Africa,2005,0.0,,100.0
South Africa,2000,0.0,,100.0
South Africa,2007,0.0,,100.0
South Africa,2008,0.0,,100.0
South Africa,2009,0.0,,100.0
South Africa,2010,0.0,,100.0
South Africa,2006,0.0,,100.0
South Asia,2015,1.9441596175581688,0.0,98.05584038244183
South Asia,2016,3.935182113779705,0.0,96.0648178862203
South Asia,2017,2.263703859892011,0.0,97.73629614010798
South Asia,2018,7.70939357842279,3.7138781566490744,88.57672826492814
South Asia,2019,4.001388080629875,0.19096606925292028,95.80764585011721
South Asia,2021,5.562086089770543,1.7640833272118686,92.67383058301758
South Asia,2022,3.530570601919275,0.0,96.46942939808073
South Asia,2023,2.3303568653295104,0.0,97.6696431346705
South Asia,2024,0.5406126751430173,0.0,99.45938732485698
South Asia,2014,2.32751295897061,0.0,97.67248704102938
South Asia,2020,3.638443700749799,1.7277129373521873,94.63384336189802
South Asia,2012,4.252369072162224,0.0,95.74763092783779
South Asia,2013,6.017730265286279,0.0,93.98226973471374
South Asia,2011,2.6387915544857745,0.0,97.36120844551422
South Asia,2001,0.3690879035481025,0.6213586265534589,99.00955346989845
South Asia,2002,0.8649610538680711,0.014495441810645108,99.12054350432128
South Asia,2003,0.3104315874442597,0.0,99.68956841255574
South Asia,2004,0.15110608542646023,0.0,99.84889391457354
South Asia,2005,0.11386775391241703,0.0,99.88613224608758
South Asia,2000,0.13277923004861572,0.1242800020199363,99.74294076793144
South Asia,2007,0.9255374028846145,0.1845180580185534,98.88994453909682
South Asia,2008,0.3422385594633766,0.0,99.65776144053663
South Asia,2009,2.119664068512412,0.0,97.8803359314876
South Asia,2010,3.022383087892347,0.0,96.97761691210765
South Asia,2006,0.08877294235181717,1.4812891120208096,98.42993794562739
Sri Lanka,2015,13.616812627104801,0.0,86.38318737289521
Sri Lanka,2016,12.684210033054493,0.0,87.3157899669455
Sri Lanka,2017,15.42148224933347,0.0,84.57851775066653
Sri Lanka,2018,7.424421201243698,19.61762960757857,72.95794919117775
Sri Lanka,2019,10.87420522551243,0.0,89.12579477448757
Sri Lanka,2021,40.04873289867602,19.040209459170192,40.91105764215379
Sri Lanka,2022,2.5928130803846225,0.0,97.40718691961537
Sri Lanka,2023,0.11760363367860728,0.0,99.88239636632137
Sri Lanka,2024,0.0008766420082851004,0.0,99.99912335799172
Sri Lanka,2014,19.88168581099591,0.0,80.11831418900408
Sri Lanka,2020,10.261421777106689,17.50552576135144,72.23305246154187
Sri Lanka,2013,24.15901965960777,0.0,75.84098034039224
Sri Lanka,2012,14.550081130626488,0.0,85.44991886937352
Sri Lanka,2011,15.97740673781921,0.0,84.02259326218078
Sri Lanka,2001,2.0659568049850687,0.0,97.93404319501494
Sri Lanka,2002,5.645042892743631,0.0,94.35495710725637
Sri Lanka,2003,2.771002422475363,0.0,97.22899757752464
Sri Lanka,2004,2.243661749774532,0.0,97.75633825022547
Sri Lanka,2005,1.2039518410759027,0.0,98.7960481589241
Sri Lanka,2000,0.18685245119790211,0.0,99.81314754880209
Sri Lanka,2007,11.472355362334328,0.0,88.52764463766567
Sri Lanka,2008,4.2985065778330025,0.0,95.70149342216698
Sri Lanka,2009,16.318645218056535,0.0,83.68135478194347
Sri Lanka,2010,28.307323497573673,0.0,71.69267650242632
Sri Lanka,2006,1.0276376050927973,0.0,98.97236239490721
St. Vincent and the Grenadines,2015,0.0,,100.0
St. Vincent and the Grenadines,2016,0.0,,100.0
St. Vincent and the Grenadines,2017,0.0,,100.0
St. Vincent and the Grenadines,2018,0.0,,100.0
St. Vincent and the Grenadines,2019,0.0,,100.0
St. Vincent and the Grenadines,2021,0.0,,100.0
St. Vincent and the Grenadines,2022,0.0,,100.0
St. Vincent and the Grenadines,2023,10.495944845002178,,89.50405515499783
St. Vincent and the Grenadines,2024,24.252628118896034,,75.74737188110397
St. Vincent and the Grenadines,2014,0.0,,100.0
St. Vincent and the Grenadines,2020,0.0,,100.0
St. Vincent and the Grenadines,2013,0.0,,100.0
St. Vincent and the Grenadines,2012,0.0,,100.0
St. Vincent and the Grenadines,2011,0.0,,100.0
St. Vincent and the Grenadines,2001,0.0,,100.00000000000001
St. Vincent and the Grenadines,2002,0.0,,100.0
St. Vincent and the Grenadines,2003,0.0,,100.0
St. Vincent and the Grenadines,2004,0.0,,100.0
St. Vincent and the Grenadines,2005,0.0,,100.0
St. Vincent and the Grenadines,2000,0.0,,100.0
St. Vincent and the Grenadines,2007,0.0,,100.0
St. Vincent and the Grenadines,2008,0.0,,100.0
St. Vincent and the Grenadines,2009,0.0,,100.0
St. Vincent and the Grenadines,2010,0.0,,100.0
St. Vincent and the Grenadines,2006,0.0,,100.0
Sub-Saharan Africa (excluding high income),2015,16.929611422489696,3.6252117768245165,79.44517680068579
Sub-Saharan Africa (excluding high income),2016,14.112225040498819,24.05926554389817,61.82850941560301
Sub-Saharan Africa (excluding high income),2017,12.799460868902905,7.32123813237778,79.87930099871932
Sub-Saharan Africa (excluding high income),2018,13.615503203420234,4.94246515728685,81.4420316392929
Sub-Saharan Africa (excluding high income),2019,11.72462029858121,5.86300106279009,82.41237863862871
Sub-Saharan Africa (excluding high income),2021,5.472189863575869,0.7427697149080862,93.78504042151604
Sub-Saharan Africa (excluding high income),2022,8.235206816552644,2.94261679894307,88.82217638450429
Sub-Saharan Africa (excluding high income),2023,5.947800520903606,1.4652964396811419,92.58602977340733
Sub-Saharan Africa (excluding high income),2024,2.8123437941991445,0.32595423101029897,96.86170197479056
Sub-Saharan Africa (excluding high income),2014,16.10154255441126,6.345604185907153,77.55285325968158
Sub-Saharan Africa (excluding high income),2020,10.440767368907355,2.2942938795220615,87.26493875157058
Sub-Saharan Africa (excluding high income),2013,15.090350415791887,6.7235702371850365,78.18607934702307
Sub-Saharan Africa (excluding high income),2009,12.890736118399932,5.427262482076444,81.68200139952363
Sub-Saharan Africa (excluding high income),2011,10.242456027313262,6.310453063813471,83.44709090887326
Sub-Saharan Africa (excluding high income),2001,2.7682052910800827,0.0,97.20036764548368
Sub-Saharan Africa (excluding high income),2002,1.0567253312527496,0.0,98.94327466874725
Sub-Saharan Africa (excluding high income),2003,2.659036916275719,0.0,97.34096308372429
Sub-Saharan Africa (excluding high income),2004,3.6892988989948967,0.0,96.3107011010051
Sub-Saharan Africa (excluding high income),2005,3.0538136300872774,1.3280216495947135,95.618164720318
Sub-Saharan Africa (excluding high income),2000,1.160704329716816,0.0010346802543044103,98.83804195588334
Sub-Saharan Africa (excluding high income),2007,8.537977555299726,0.28991545082622056,91.17210699387405
Sub-Saharan Africa (excluding high income),2008,6.844583045933205,0.25222877928453047,92.90318817478227
Sub-Saharan Africa (excluding high income),2012,11.534170958731584,1.9431935150830568,86.52263552618535
Sub-Saharan Africa (excluding high income),2010,11.403548670728794,15.331812094866994,73.26463923440421
Sub-Saharan Africa (excluding high income),2006,11.149181289615095,1.5873905067689988,87.2634282036159
Sudan,2015,14.80446464348867,0.0,85.19553535651133
Sudan,2016,35.48757494427579,0.0,64.5124250557242
Sudan,2017,0.0,0.0,100.0
Sudan,2018,0.0,0.0,100.0
Sudan,2019,0.0,0.0,100.0
Sudan,2021,0.0,0.0,100.0
Sudan,2022,nan,nan,nan
Sudan,2023,nan,nan,nan
Sudan,2024,nan,nan,nan
Sudan,2014,38.86794540174187,0.0,61.13205459825812
Sudan,2020,0.0,0.0,100.0
Sudan,2013,31.788199474637967,0.0,68.21180052536205
Sudan,2008,36.20358770717256,0.0,63.79641229282743
Sudan,2011,46.043600832743955,0.0,53.956399167256045
Sudan,2010,60.75637550102029,0.0,39.24362449897971
Sudan,2009,67.33675196641686,0.0,32.66324803358314
Sudan,2007,29.571894671094828,0.0,70.42810532890518
Sudan,2006,48.46478629091403,0.0,51.53521370908597
Sudan,2005,33.21363412836148,0.0,66.78636587163852
Sudan,2004,46.135818053757085,0.0,53.864181946242915
Sudan,2003,70.43682616593814,0.0,29.56317383406185
Sudan,2002,27.348316064180953,0.0,72.65168393581905
Sudan,2001,39.2362855045994,0.0,60.76371449540061
Sudan,2000,1.6123576944657192,0.009409292021017526,98.37823301351325
Sudan,2012,31.7812875332268,0.0,68.2187124667732
Suriname,2021,0.0,0.0,100.0
Suriname,2023,0.0,0.0,100.0
Suriname,2022,0.0,0.0,100.0
Suriname,2020,18.038584140158935,0.0,81.96141585984107
Suriname,2024,0.0,0.0,100.0
Suriname,2018,66.94336988444776,0.0,33.056630115552245
Suriname,2017,43.02089880436471,20.753898165863458,36.225203029771826
Suriname,2016,1.0842809098329185,3.1395666607608166,95.77615242940627
Suriname,2015,16.57089913888182,0.0,83.42910086111817
Suriname,2019,35.854246111993724,0.0,64.14575388800627
Syrian Arab Republic,2024,nan,,nan
Syrian Arab Republic,2023,nan,,nan
Syrian Arab Republic,2022,nan,,nan
Syrian Arab Republic,2021,nan,,nan
Syrian Arab Republic,2020,nan,,nan
Syrian Arab Republic,2018,0.0,,100.0
Syrian Arab Republic,2017,nan,,nan
Syrian Arab Republic,2016,nan,,nan
Syrian Arab Republic,2019,nan,,nan
Syrian Arab Republic,2014,nan,,nan
Syrian Arab Republic,2013,nan,,nan
Syrian Arab Republic,2012,nan,,nan
Syrian Arab Republic,2011,4.796097837841117,,95.20390216215888
Syrian Arab Republic,2010,5.667058615733507,,94.33294138426649
Syrian Arab Republic,2009,0.41711948669005855,,99.58288051330993
Syrian Arab Republic,2008,4.126144977084109,,95.87385502291589
Syrian Arab Republic,2015,nan,,nan
Tajikistan,2015,78.87841868711968,,21.12158131288032
Tajikistan,2016,79.79831921891339,,20.20168078108661
Tajikistan,2017,11.400699208534673,,88.59930079146531
Tajikistan,2018,29.612870438264103,,70.3871295617359
Tajikistan,2019,16.007492822759037,,83.99250717724095
Tajikistan,2022,0.0,,100.0
Tajikistan,2024,0.0,,100.0
Tajikistan,2021,6.0502276549041625,,93.94977234509584
Tajikistan,2023,0.0,,100.0
Tajikistan,2014,33.65634844719238,,66.34365155280761
Tajikistan,2020,10.743971018447448,,89.25602898155255
Tajikistan,2013,53.19574143329439,,46.804258566705606
Tajikistan,2003,0.0,,99.99999999999999
Tajikistan,2011,69.64703942850454,,30.35296057149548
Tajikistan,2000,0.0,,100.0
Tajikistan,2001,0.0,,100.0
Tajikistan,2012,23.979990412883236,,76.02000958711676
Tajikistan,2004,0.0,,100.0
Tajikistan,2005,0.0,,100.0
Tajikistan,2002,0.0,,100.0
Tajikistan,2007,74.78166876648784,,25.218331233512178
Tajikistan,2008,77.91731523696853,,22.08268476303147
Tajikistan,2009,47.656962130546674,,52.34303786945333
Tajikistan,2010,39.12459221597423,,60.875407784025775
Tajikistan,2006,22.37126317345721,,77.62873682654279
Tanzania,2024,2.092868671297612,0.11591087152760601,97.79122045717479
Tanzania,2014,36.82011290427797,1.592448375287308,61.58743872043472
Tanzania,2015,29.419826490237842,2.8401068218587104,67.74006668790345
Tanzania,2016,7.99878475386125,5.265585064719608,86.73563018141915
Tanzania,2018,1.7578025639107688,0.0,98.24219743608923
Tanzania,2013,24.264658529851022,0.28028432546533927,75.45505714468364
Tanzania,2020,0.0,0.0,100.0
Tanzania,2021,0.0,0.0,100.0
Tanzania,2022,0.0,0.0,100.0
Tanzania,2023,1.407261616616189,0.0,98.5927383833838
Tanzania,2019,0.10474578668100523,6.053875259663812,93.84137895365521
Tanzania,2012,20.662860395947344,6.045005356809183,73.29213424724347
Tanzania,2017,2.1733686495214712,0.0,97.82663135047854
Tanzania,2010,4.673935527787432,0.0,95.32606447221258
Tanzania,2000,6.000649797535823,0.0,93.99935020246417
Tanzania,2001,1.580742350022946,0.0,98.41925764997706
Tanzania,2002,0.04995960958296942,0.0,99.95004039041703
Tanzania,2003,0.8464143425674828,0.0,99.15358565743253
Tanzania,2004,0.0,0.0,100.0
Tanzania,2011,9.312418402271252,8.844334027525305,81.84324757020345
Tanzania,2006,0.4652066569400395,0.0,99.53479334305997
Tanzania,2007,2.0026737350337647,0.0,97.99732626496625
Tanzania,2008,2.1132308443825565,0.0,97.88676915561744
Tanzania,2009,2.2462378146444872,0.0,97.75376218535551
Tanzania,2005,0.40328027803482785,0.0,99.59671972196517
Togo,2015,47.035030878902575,,52.96496912109742
Togo,2016,45.55849776608489,,54.44150223391511
Togo,2017,41.169759725780864,,58.830240274219136
Togo,2018,34.57844552875616,,65.42155447124384
Togo,2019,3.2680798569040563,,96.73192014309593
Togo,2021,0.0,,100.0
Togo,2022,0.0,,99.99999999999999
Togo,2023,0.0,,99.99999999999997
Togo,2024,0.0,,100.0
Togo,2014,55.85148461072823,,44.14851538927177
Togo,2020,0.0,,100.0
Togo,2013,15.310618839884675,,84.68938116011533
Togo,2012,80.10759193719407,,19.89240806280593
Togo,2011,0.0,,100.00000000000001
Togo,2001,7.679970863303311,,92.32002913669669
Togo,2002,0.0,,100.0
Togo,2003,0.0,,100.0
Togo,2004,0.0,,100.0
Togo,2005,0.0,,100.0
Togo,2000,9.040506858454048,,90.95949314154595
Togo,2007,0.0,,100.0
Togo,2008,0.0,,100.0
Togo,2009,59.961114926969074,,40.038885073030926
Togo,2010,37.945546601549985,,62.054453398450015
Togo,2006,5.4809910815338,,94.5190089184662
Tonga,2015,0.0,,100.0
Tonga,2016,0.0,,100.0
Tonga,2017,0.0,,100.0
Tonga,2018,0.0,,100.0
Tonga,2019,0.0,,100.0
Tonga,2021,0.0,,100.0
Tonga,2022,0.0,,100.0
Tonga,2023,0.0,,100.0
Tonga,2024,0.0,,100.0
Tonga,2014,0.0,,100.0
Tonga,2020,0.0,,100.0
Tonga,2013,100.0,,0.0
Tonga,2012,100.0,,0.0
Tonga,2011,100.0,,0.0
Tonga,2001,87.35888287749323,,12.64111712250677
Tonga,2002,7.723228240945704,,92.27677175905428
Tonga,2003,22.279093919224206,,77.72090608077579
Tonga,2004,0.0,,100.0
Tonga,2005,0.0,,100.0
Tonga,2000,40.505568043052556,,59.49443195694746
Tonga,2007,0.0,,100.0
Tonga,2008,91.74998923987958,,8.250010760120416
Tonga,2009,86.2168828668883,,13.783117133111691
Tonga,2010,96.94830371911837,,3.0516962808816364
Tonga,2006,0.0,,100.0
Tunisia,2015,0.06245711594437651,,99.93754288405562
Tunisia,2016,0.0,,100.0
Tunisia,2017,0.0,,99.99999999999999
Tunisia,2018,0.0,,100.0
Tunisia,2019,0.0,,100.0
Tunisia,2021,0.08622006960823568,,99.91377993039175
Tunisia,2022,0.0,,100.0
Tunisia,2023,0.0,,100.0
Tunisia,2024,0.0,,100.0
Tunisia,2014,0.08664979656181292,,99.91335020343818
Tunisia,2020,0.0,,100.0
Tunisia,2013,1.8759137559567902,,98.12408624404321
Tunisia,2012,1.3531805097399576,,98.64681949026004
Tunisia,2011,0.0,,100.0
Tunisia,2001,0.0,,100.00000000000001
Tunisia,2002,0.05893196981962231,,99.94106803018039
Tunisia,2003,0.019386801978966983,,99.98061319802103
Tunisia,2004,0.04530388975332294,,99.95469611024667
Tunisia,2005,0.031997704117058566,,99.96800229588294
Tunisia,2000,0.08443041586068167,,99.91556958413932
Tunisia,2007,0.6638650442359764,,99.33613495576402
Tunisia,2008,0.19747085538471185,,99.80252914461529
Tunisia,2009,0.06502193435727659,,99.93497806564271
Tunisia,2010,0.07457444019331037,,99.9254255598067
Tunisia,2006,0.9092507480308892,,99.0907492519691
Turkiye,2015,0.4561867354256185,0.0,99.54381326457438
Turkiye,2016,0.18909887055620248,0.0,99.81090112944379
Turkiye,2017,2.1869790204616177,0.0,97.8130209795384
Turkiye,2018,2.314736883209867,2.314736883209867,95.37052623358025
Turkiye,2019,0.0,2.5667468423537017,97.4332531576463
Turkiye,2021,2.6688327464636785,0.9988410004543923,96.21217994994147
Turkiye,2022,0.15483900955293417,0.0,99.5248750871396
Turkiye,2023,1.0994358124633195,0.0,98.70431495913252
Turkiye,2024,1.2751255577811254,0.0,98.60239937834245
Turkiye,2014,0.9530120838192134,0.0,99.04698791618078
Turkiye,2020,0.6843809650816651,0.8614678255231881,98.391116574288
Turkiye,2013,0.8358079653678013,0.0,99.1641920346322
Turkiye,2012,0.19469164199907626,0.0,99.80530835800091
Turkiye,2011,0.2592444080297245,0.0,99.74075559197028
Turkiye,2001,0.0,0.0,100.0
Turkiye,2002,0.0,0.0,100.0
Turkiye,2003,0.0,0.0,100.0
Turkiye,2004,0.0,0.0,100.0
Turkiye,2005,0.0,0.0,100.00000000000001
Turkiye,2000,0.0,0.0,100.0
Turkiye,2007,0.0,0.0,100.0
Turkiye,2008,1.187653299175528,0.0,98.81234670082448
Turkiye,2009,1.25103525917235,0.0,98.74896474082766
Turkiye,2010,0.10584455083735587,0.0,99.89415544916265
Turkiye,2006,0.0,0.0,100.0
Turkmenistan,2015,68.15093719903064,,31.84906280096936
Turkmenistan,2016,0.0,,100.0
Turkmenistan,2017,0.0,,100.0
Turkmenistan,2018,0.0,,100.0
Turkmenistan,2019,0.0,,100.0
Turkmenistan,2021,0.0,,100.0
Turkmenistan,2022,0.0,,100.0
Turkmenistan,2023,0.0,,100.0
Turkmenistan,2024,0.0,,100.0
Turkmenistan,2014,92.31452889544266,,7.685471104557336
Turkmenistan,2020,0.0,,100.0
Turkmenistan,2013,94.94124892340992,,5.058751076590099
Turkmenistan,2012,89.90717710555434,,10.092822894445657
Turkmenistan,2011,82.60501644955,,17.39498355044999
Turkmenistan,2001,2.49050964902126,,97.50949035097875
Turkmenistan,2002,55.714382837130835,,44.28561716286915
Turkmenistan,2003,9.234364139462826,,90.76563586053716
Turkmenistan,2004,9.729742525798278,,90.27025747420173
Turkmenistan,2005,20.00777797441284,,79.99222202558717
Turkmenistan,2000,0.3833166325823315,,99.61668336741766
Turkmenistan,2007,81.74280769548213,,18.25719230451786
Turkmenistan,2008,83.70583548931195,,16.294164510688056
Turkmenistan,2009,30.168202630470354,,69.83179736952964
Turkmenistan,2010,99.67087600376342,,0.3291239962365809
Turkmenistan,2006,55.34395325690458,,44.65604674309543
Uganda,2014,15.140928190133419,,84.85907180986659
Uganda,2015,43.6732976625449,,56.32670233745512
Uganda,2016,45.71721689293117,,54.28278310706885
Uganda,2017,35.06063593501544,,64.93936406498456
Uganda,2024,20.13067844495181,,79.86932155504819
Uganda,2020,19.232388981153505,,80.7676110188465
Uganda,2021,10.284768055726332,,89.71523194427367
Uganda,2022,28.429063417480823,,71.5709365825192
Uganda,2023,7.841196634772808,,92.1588033652272
Uganda,2013,8.225714434777048,,91.77428556522295
Uganda,2019,20.52651716416277,,79.47348283583723
Uganda,2012,32.6708342204266,,67.3291657795734
Uganda,2018,36.367468641670875,,63.63253135832912
Uganda,2010,7.038556073948894,,92.9614439260511
Uganda,2000,0.06325557743351223,,99.93674442256648
Uganda,2001,0.023863209409826426,,99.97613679059017
Uganda,2002,0.0,,100.0
Uganda,2003,0.0,,100.0
Uganda,2004,0.0,,99.99999999999999
Uganda,2011,0.35185962658153863,,99.64814037341846
Uganda,2006,0.0,,100.0
Uganda,2007,5.045327535846735,,94.95467246415326
Uganda,2008,2.1534335025939977,,97.846566497406
Uganda,2009,4.73958099070458,,95.26041900929543
Uganda,2005,0.0,,100.0
Ukraine,2015,2.1747323392722495,,97.82526766072775
Ukraine,2016,5.168735751042492,,94.83126424895751
Ukraine,2017,0.9922733586335484,,99.00772664136646
Ukraine,2018,0.8030580638881373,,99.19694193611186
Ukraine,2019,0.0,,100.00000000000001
Ukraine,2021,0.0,,100.0
Ukraine,2022,0.0,,100.0
Ukraine,2023,0.0,,100.00000000000001
Ukraine,2024,0.0,,100.0
Ukraine,2014,11.34129296576869,,88.65870703423128
Ukraine,2020,0.0,,99.99999999999999
Ukraine,2013,3.245168190253692,,96.7548318097463
Ukraine,2012,0.0,,100.0
Ukraine,2011,0.0,,100.0
Ukraine,2001,0.0,,100.0
Ukraine,2002,0.0,,100.0
Ukraine,2003,0.0,,100.0
Ukraine,2004,0.0,,100.0
Ukraine,2005,0.0,,100.0
Ukraine,2000,0.0,,100.0
Ukraine,2007,0.0,,100.0
Ukraine,2008,0.0,,100.0
Ukraine,2009,0.0,,100.0
Ukraine,2010,0.0,,100.0
Ukraine,2006,0.0,,100.0
Upper middle income,2015,2.5522324405245325,8.100851540258374e-05,97.44768655096006
Upper middle income,2016,2.073251383414441,0.43000962562396505,97.4967389909616
Upper middle income,2017,4.910937146232675,0.031784228966521944,95.05727862480082
Upper middle income,2018,2.4921180509753333,0.2690653686110563,97.23881658041361
Upper middle income,2019,1.7446061775848347,0.21343046110959332,98.04073953959227
Upper middle income,2021,0.7557274788813542,0.05630241189550959,99.1812915883532
Upper middle income,2022,1.517967911934706,0.0,98.0077114741434
Upper middle income,2023,2.8814348334360265,0.0,97.09810445525817
Upper middle income,2024,0.7250710233257406,0.0,99.26298597808818
Upper middle income,2014,2.032446470660188,0.0009469126129434263,97.96660661672686
Upper middle income,2020,0.7536384975818099,0.10899117309436927,99.13365976989517
Upper middle income,2013,3.8068439425430545,0.005106775248968558,96.18804928220798
Upper middle income,2012,2.2224004688196817,0.004128140455433334,97.77347139072488
Upper middle income,2011,3.203124565533222,0.09150004240831879,96.70537539205847
Upper middle income,2001,0.320758070190267,0.19075934478481843,99.48421315408534
Upper middle income,2002,0.16980988810294223,0.13390283839267883,99.69321948052067
Upper middle income,2003,0.19167481419924215,0.03648010725431259,99.77184507854645
Upper middle income,2004,0.22037358374316032,0.018456082054476533,99.76117033420238
Upper middle income,2005,0.6233472228162602,0.08599007302219266,99.29066270416155
Upper middle income,2000,0.4677661108299805,0.007545283431240236,99.5165012162179
Upper middle income,2007,0.5047526238372037,0.0038361948513068486,99.49103961843873
Upper middle income,2008,1.5136092275566306,0.0,98.48639077244337
Upper middle income,2009,3.621948918520277,0.017720230942612807,96.36033085053711
Upper middle income,2010,4.263067501196543,0.05205675776153949,95.6848757410419
Upper middle income,2006,0.4473635301435158,0.050969185994385796,99.5016672838621
Uzbekistan,2015,18.97999650390662,0.0,81.02000349609338
Uzbekistan,2016,22.346614233632558,0.0,77.65338576636745
Uzbekistan,2017,14.869129633856423,0.0,85.1308703661436
Uzbekistan,2018,16.340979429905136,0.0,83.65902057009485
Uzbekistan,2019,14.149583674392035,1.4673234682526624,84.38309285735531
Uzbekistan,2021,12.8885112062926,0.0,87.11148879370741
Uzbekistan,2022,7.6400944440877945,0.0,92.35990555591219
Uzbekistan,2023,9.466894007234178,0.0,90.53310599276583
Uzbekistan,2024,1.3353213043154109,0.0,98.66467869568459
Uzbekistan,2014,23.955043406843345,0.0,76.04495659315666
Uzbekistan,2020,16.2624304944631,3.863632716480527,79.87393678905637
Uzbekistan,2013,15.609650795476732,0.0,84.39034920452326
Uzbekistan,2012,5.559846162295861,0.0,94.44015383770416
Uzbekistan,2011,44.40777048014877,0.0,55.59222951985123
Uzbekistan,2001,0.0,0.0,100.0
Uzbekistan,2002,4.009400322138388,0.0,95.99059967786161
Uzbekistan,2003,1.6795414744152062,1.6153373317982695,96.70512119378652
Uzbekistan,2004,0.0,2.8637257202941293,97.13627427970587
Uzbekistan,2005,3.790607660652514,1.7528971563044826,94.456495183043
Uzbekistan,2000,0.0,0.0,100.0
Uzbekistan,2007,14.245878169427012,0.0,85.75412183057298
Uzbekistan,2008,29.763166204564914,0.0,70.23683379543509
Uzbekistan,2009,38.691863870528834,0.0,61.308136129471144
Uzbekistan,2010,36.49600107028317,0.0,63.50399892971683
Uzbekistan,2006,10.512000983989017,0.0,89.48799901601099
Vanuatu,2014,0.0,,100.0
Vanuatu,2015,95.96020071817019,,4.039799281829812
Vanuatu,2016,53.36052486433177,,46.639475135668235
Vanuatu,2017,31.032163088865694,,68.9678369111343
Vanuatu,2024,67.53419357932157,,32.46580642067845
Vanuatu,2020,29.905075021686613,,70.09492497831339
Vanuatu,2021,54.91912405768098,,45.08087594231902
Vanuatu,2022,71.02667363516436,,28.97332636483564
Vanuatu,2023,30.941289292235066,,69.05871070776493
Vanuatu,2013,0.0,,100.0
Vanuatu,2019,32.444344077330086,,67.55565592266991
Vanuatu,2012,100.0,,0.0
Vanuatu,2018,4.243984355646189,,95.75601564435382
Vanuatu,2010,100.0,,0.0
Vanuatu,2000,0.0,,100.0
Vanuatu,2001,0.0,,100.0
Vanuatu,2002,0.0,,100.0
Vanuatu,2003,0.0,,100.0
Vanuatu,2004,nan,,nan
Vanuatu,2011,100.0,,0.0
Vanuatu,2006,nan,,nan
Vanuatu,2007,100.0,,0.0
Vanuatu,2008,100.0,,0.0
Vanuatu,2009,100.0,,0.0
Vanuatu,2005,nan,,nan
Viet Nam,2015,4.8832455713396605,0.0,95.11675442866034
Viet Nam,2016,5.2435787840485375,0.0,94.75642121595146
Viet Nam,2017,9.71695927204571,0.0,90.28304072795429
Viet Nam,2018,2.0976813028100727,0.0,97.90231869718993
Viet Nam,2019,0.7487939015349157,0.0,99.25120609846508
Viet Nam,2021,2.9405025519915404,0.0,97.05949744800846
Viet Nam,2022,0.7879706079063284,0.0,99.21202939209367
Viet Nam,2023,1.5574337542400218,0.0,98.44256624575998
Viet Nam,2024,0.0,0.0,100.0
Viet Nam,2014,3.9069181194710922,0.053132321398341446,96.03994955913056
Viet Nam,2020,1.6803504617166125,0.0,98.31964953828339
Viet Nam,2013,3.555977843596837,0.0,96.44402215640316
Viet Nam,2012,6.113472233802521,0.0,93.88652776619747
Viet Nam,2011,7.2684163813214155,0.0,92.73158361867858
Viet Nam,2001,0.0,0.0,100.0
Viet Nam,2002,2.4359279476451285,0.0,97.56407205235486
Viet Nam,2003,0.9739270172068113,0.0,99.0260729827932
Viet Nam,2004,3.265494298110605,0.0,96.73450570188939
Viet Nam,2005,0.20546178419536557,0.0,99.79453821580464
Viet Nam,2000,0.04713917288803211,0.0,99.95286082711196
Viet Nam,2007,3.1515878348004756,0.0,96.84841216519952
Viet Nam,2008,3.9503730536385206,0.0,96.04962694636147
Viet Nam,2009,3.7584915124474314,0.0,96.24150848755258
Viet Nam,2010,5.723702704607796,0.0,94.27629729539221
Viet Nam,2006,0.37779257925347653,0.0,99.62220742074652
"Yemen, Rep.",2014,1.2164017690978213,,98.78359823090217
"Yemen, Rep.",2015,0.0,,100.0
"Yemen, Rep.",2016,0.0,,100.0
"Yemen, Rep.",2017,0.0,,100.0
"Yemen, Rep.",2024,0.0,,100.0
"Yemen, Rep.",2020,0.0,,100.0
"Yemen, Rep.",2021,0.0,,100.0
"Yemen, Rep.",2022,0.0,,100.0
"Yemen, Rep.",2023,0.0,,100.0
"Yemen, Rep.",2013,0.0,,99.99999999999999
"Yemen, Rep.",2019,0.0,,100.0
"Yemen, Rep.",2012,0.4129882487761611,,99.58701175122384
"Yemen, Rep.",2018,0.0,,100.0
"Yemen, Rep.",2010,0.0,,100.0
"Yemen, Rep.",2009,28.446767819094095,,71.55323218090591
"Yemen, Rep.",2008,0.0,,100.0
"Yemen, Rep.",2007,1.0845545006463944,,98.91544549935364
"Yemen, Rep.",2006,3.3744680286490594,,96.62553197135095
"Yemen, Rep.",2005,9.11168452782592,,90.88831547217409
"Yemen, Rep.",2004,5.430939831303893,,94.5690601686961
"Yemen, Rep.",2003,2.330628475178369,,97.66937152482164
"Yemen, Rep.",2002,0.11514754571725776,,99.88485245428272
"Yemen, Rep.",2001,0.15784864335887716,,99.8421513566411
"Yemen, Rep.",2000,0.9064763528629664,,99.09352364713705
"Yemen, Rep.",2011,0.0,,100.0
Zambia,2014,24.408161721774675,2.60695720631661,72.9848810719087
Zambia,2015,22.618529036374387,0.4671225406261213,76.9143484229995
Zambia,2016,66.11349582680162,1.7222605346652915,32.16424363853309
Zambia,2017,17.890336644892653,12.872211179980695,69.23745217512665
Zambia,2024,0.0,0.0,100.0
Zambia,2020,15.096707117716758,16.39751332911586,68.50577955316739
Zambia,2021,10.26593881838064,4.239560070721315,85.49450111089804
Zambia,2022,0.0,0.0,100.00000000000001
Zambia,2023,0.0,0.0,100.00000000000003
Zambia,2013,22.69270416469127,21.857912290708384,55.44938354460035
Zambia,2019,28.023222461700847,34.052257566213726,37.92451997208543
Zambia,2012,24.475186459146823,8.68944308928005,66.83537045157313
Zambia,2018,24.850396273313898,9.880742702210664,65.26886102447544
Zambia,2010,52.06425946307532,3.896730495932836,44.03901004099185
Zambia,2009,19.27068806800992,11.624014511340569,69.1052974206495
Zambia,2008,5.442593983226796,15.592894878852148,78.96451113792106
Zambia,2007,26.85712293171028,14.276671184787087,58.86620588350263
Zambia,2006,30.206235877851668,0.0,69.79376412214835
Zambia,2005,0.0,0.0,100.0
Zambia,2004,0.0,0.0,100.00000000000001
Zambia,2003,0.0,0.0,100.0
Zambia,2002,0.0,0.0,100.0
Zambia,2001,0.0,0.0,100.0
Zambia,2000,0.5975618538111519,0.0,99.40243814618884
Zambia,2011,71.08373476994504,0.6911260724075972,28.22513915764735
Zimbabwe,2014,85.23406767506657,,14.765932324933427
Zimbabwe,2015,48.47852994469086,,51.52147005530915
Zimbabwe,2016,77.27947702390833,,22.720522976091672
Zimbabwe,2017,96.8778973510021,,3.1221026489978807
Zimbabwe,2022,91.0315064251068,,8.968493574893207
Zimbabwe,2019,84.08089971347907,,15.919100286520926
Zimbabwe,2020,83.66010381516949,,16.339896184830508
Zimbabwe,2021,92.47894755448117,,7.521052445518835
Zimbabwe,2013,77.85617143702198,,22.143828562978022
Zimbabwe,2018,95.29330546554634,,4.706694534453658
Zimbabwe,2012,80.60461851067308,,19.39538148932693
Zimbabwe,2006,88.08712400360207,,11.912875996397924
Zimbabwe,2010,83.52219111714574,,16.477808882854266
Zimbabwe,2009,87.15043511523874,,12.84956488476127
Zimbabwe,2008,97.22525243375276,,2.774747566247238
Zimbabwe,2007,99.64554600641455,,0.35445399358544005
Zimbabwe,2005,9.223989704048565,,90.77601029595144
Zimbabwe,2004,79.80852412520561,,20.191475874794396
Zimbabwe,2003,30.426413271537395,,69.5735867284626
Zimbabwe,2002,18.031941993456183,,81.96805800654381
Zimbabwe,2001,0.0,,100.00000000000001
Zimbabwe,2000,0.0,,100.00000000000003
Zimbabwe,2023,12.01555956576847,,87.98444043423153
Zimbabwe,2011,71.420459759876,,28.579540240123986
Zimbabwe,2024,96.17787150431373,,3.822128495686279
