year,creditor_name,debtor_name,value
2000,China (bilateral),Africa (excluding high income),0.7164586835107593
2000,China (bilateral),Algeria,0.15509183599675028
2000,China (bilateral),Bangladesh,0.41368138430951246
2000,China (bilateral),Belize,0.7693005381084795
2000,China (bilateral),Benin,4.818254200034194
2000,China (bilateral),Bolivia,1.410558627235002
2000,China (bilateral),Botswana,2.6334417926075218
2000,China (bilateral),Burkina Faso,1.3138576669356734
2000,China (bilateral),Dominica,2.6935323959363093
2000,China (bilateral),East Asia & Pacific (excluding high income),0.13857233872765548
2000,China (bilateral),Ecuador,0.022251073054942453
2000,China (bilateral),El Salvador,0.5173469190758287
2000,China (bilateral),Eswatini,1.1978431467589157
2000,China (bilateral),Ethiopia,0.0
2000,China (bilateral),Europe & Central Asia (excluding high income),0.038707574110524015
2000,China (bilateral),Fiji,9.310275547661007
2000,China (bilateral),Gabon,0.007691057636608073
2000,China (bilateral),"Gambia, The",4.056868662003504
2000,China (bilateral),Georgia,0.816003024948759
2000,China (bilateral),Ghana,1.4260719625690332
2000,China (bilateral),Grenada,0.42523816222873273
2000,China (bilateral),Guatemala,3.751245378307893
2000,China (bilateral),Guinea,0.9716153858778609
2000,China (bilateral),Honduras,1.0517546726776248
2000,China (bilateral),IDA only,3.107602297482387
2000,China (bilateral),IDA total,1.467440016093735
2000,China (bilateral),India,0.03163724375300198
2000,China (bilateral),Indonesia,0.020913363757923412
2000,China (bilateral),"Iran, Islamic Rep.",1.8571408175233186
2000,China (bilateral),Jamaica,0.04474116075448418
2000,China (bilateral),Kyrgyz Republic,1.8886154021171238
2000,China (bilateral),Latin America & Caribbean (excluding high income),0.05741495497950675
2000,China (bilateral),Least developed countries: UN classification,2.980072285811023
2000,China (bilateral),Low & lower middle income,0.47410106410994
2000,China (bilateral),Low & middle income,0.20271977352110696
2000,China (bilateral),Low income,7.9568118553389935
2000,China (bilateral),Lower middle income,0.18462109983061478
2000,China (bilateral),Madagascar,0.3562478410671272
2000,China (bilateral),Maldives,0.4855750089661051
2000,China (bilateral),Mauritius,0.11941897454695378
2000,China (bilateral),"Middle East, North Africa, Afghanistan & Pakistan (excluding high income)",0.46398061696529797
2000,China (bilateral),Middle income,0.1353079589159863
2000,China (bilateral),Morocco,0.2631798412743645
2000,China (bilateral),Nepal,0.4872784544137364
2000,China (bilateral),Niger,0.0
2000,China (bilateral),North Macedonia,0.33108942870569735
2000,China (bilateral),Pakistan,0.7596778560034331
2000,China (bilateral),Papua New Guinea,0.44359498832477784
2000,China (bilateral),Paraguay,1.49003733363931
2000,China (bilateral),Peru,0.7000052628429597
2000,China (bilateral),Rwanda,0.8918024091008161
2000,China (bilateral),Samoa,10.508072344752271
2000,China (bilateral),Senegal,2.4904382153145717
2000,China (bilateral),South Asia,0.07113767282292854
2000,China (bilateral),Sri Lanka,0.24257472528633403
2000,China (bilateral),St. Vincent and the Grenadines,6.38377132632104
2000,China (bilateral),Sub-Saharan Africa (excluding high income),1.2845620840522867
2000,China (bilateral),Sudan,54.85825007572019
2000,China (bilateral),Tanzania,2.5725310878822465
2000,China (bilateral),Thailand,0.8470716325526167
2000,China (bilateral),Tunisia,0.03125883154850429
2000,China (bilateral),Turkiye,0.03507775408052423
2000,China (bilateral),Turkmenistan,0.0726621344396405
2000,China (bilateral),Uganda,1.2891645834784196
2000,China (bilateral),Upper middle income,0.12101406036461984
2000,China (bilateral),Viet Nam,0.06813710345441636
2000,China (bilateral),"Yemen, Rep.",0.16998679592379348
2000,China (bilateral),Zambia,5.089309151974308
2000,China (private),Africa (excluding high income),0.0004395486398505798
2000,China (private),Algeria,0.0
2000,China (private),Bangladesh,1.5275596163482543
2000,China (private),Belarus,2.530225223820025
2000,China (private),Belize,0.4890796213930241
2000,China (private),East Asia & Pacific (excluding high income),0.006278106662615246
2000,China (private),Europe & Central Asia (excluding high income),0.03543829707052831
2000,China (private),IDA only,0.22526053923632247
2000,China (private),IDA total,0.09788158447512979
2000,China (private),India,0.0
2000,China (private),"Iran, Islamic Rep.",0.9380569507732448
2000,China (private),Kenya,0.02023823419920972
2000,China (private),Latin America & Caribbean (excluding high income),0.0005290988843023933
2000,China (private),Least developed countries: UN classification,0.23298118376649304
2000,China (private),Low & lower middle income,0.03451596947887725
2000,China (private),Low & middle income,0.028412702335389874
2000,China (private),Lower middle income,0.0358512718700272
2000,China (private),"Middle East, North Africa, Afghanistan & Pakistan (excluding high income)",0.15236013679344054
2000,China (private),Middle income,0.02865971408119503
2000,China (private),North Macedonia,0.9824128950119871
2000,China (private),South Asia,0.0913968898328436
2000,China (private),Sub-Saharan Africa (excluding high income),0.0008694435798666101
2000,China (private),Upper middle income,0.02657517037634733
2000,China (private),Viet Nam,0.1656841576269696
2001,China (bilateral),Africa (excluding high income),0.8229624152438769
2001,China (bilateral),Algeria,0.07160993686461123
2001,China (bilateral),Bangladesh,0.5246154786213701
2001,China (bilateral),Belize,0.18695495584672334
2001,China (bilateral),Benin,8.406445641514377
2001,China (bilateral),Bolivia,1.922408538461076
2001,China (bilateral),Botswana,4.218393141861814
2001,China (bilateral),Burkina Faso,1.657884882395291
2001,China (bilateral),Burundi,3.601440662699656
2001,China (bilateral),Chad,14.529529638408231
2001,China (bilateral),Cote d'Ivoire,0.000717602042483302
2001,China (bilateral),Dominica,3.356107273229903
2001,China (bilateral),Dominican Republic,0.02773995490791271
2001,China (bilateral),East Asia & Pacific (excluding high income),0.3792361089616337
2001,China (bilateral),Ecuador,0.03593247647843087
2001,China (bilateral),El Salvador,0.44606958564598775
2001,China (bilateral),Eswatini,0.12746450225143738
2001,China (bilateral),Ethiopia,1.6508528381145808
2001,China (bilateral),Europe & Central Asia (excluding high income),0.16215635529410327
2001,China (bilateral),Fiji,13.510372303362516
2001,China (bilateral),Gabon,0.008107072653629003
2001,China (bilateral),"Gambia, The",5.791071243960838
2001,China (bilateral),Georgia,0.08903148861954721
2001,China (bilateral),Grenada,0.3598876299466714
2001,China (bilateral),Guatemala,3.5612505800267056
2001,China (bilateral),Guinea,1.349639103958841
2001,China (bilateral),Guyana,0.8140000321367213
2001,China (bilateral),Honduras,1.046605363533246
2001,China (bilateral),IDA only,4.1025173728501665
2001,China (bilateral),IDA total,1.7653732369456234
2001,China (bilateral),India,0.03434780154821354
2001,China (bilateral),Indonesia,0.03178673473425248
2001,China (bilateral),"Iran, Islamic Rep.",5.32212241427022
2001,China (bilateral),Jamaica,0.03806317965511344
2001,China (bilateral),Lao PDR,0.19551935644692936
2001,China (bilateral),Latin America & Caribbean (excluding high income),0.0801300751641569
2001,China (bilateral),Least developed countries: UN classification,3.387197946720976
2001,China (bilateral),Low & lower middle income,0.5619578306065177
2001,China (bilateral),Low & middle income,0.31176793497102484
2001,China (bilateral),Low income,10.284999036410735
2001,China (bilateral),Lower middle income,0.1832835266375857
2001,China (bilateral),Maldives,0.4447494892052617
2001,China (bilateral),Mauritania,5.240229780206791
2001,China (bilateral),Mauritius,0.8663617369484267
2001,China (bilateral),"Middle East, North Africa, Afghanistan & Pakistan (excluding high income)",0.5866741440965926
2001,China (bilateral),Middle income,0.22019675575750408
2001,China (bilateral),Morocco,0.2611184112081746
2001,China (bilateral),Niger,0.0
2001,China (bilateral),North Macedonia,9.295577375138945
2001,China (bilateral),Pakistan,0.9344494391424051
2001,China (bilateral),Papua New Guinea,0.7071078045880304
2001,China (bilateral),Paraguay,2.719032917316517
2001,China (bilateral),Peru,1.1491682129120173
2001,China (bilateral),Rwanda,1.169322119939994
2001,China (bilateral),Senegal,2.824781930462048
2001,China (bilateral),Serbia,15.813732969731078
2001,China (bilateral),South Asia,0.08421384945887246
2001,China (bilateral),Sri Lanka,0.390247044988468
2001,China (bilateral),St. Vincent and the Grenadines,5.83482984058527
2001,China (bilateral),Sub-Saharan Africa (excluding high income),1.4622051973885803
2001,China (bilateral),Sudan,69.99532393089977
2001,China (bilateral),Tanzania,2.030826505797513
2001,China (bilateral),Thailand,2.2364889407571513
2001,China (bilateral),Tonga,0.43316515005839845
2001,China (bilateral),Tunisia,0.0944875071176917
2001,China (bilateral),Turkiye,0.0284477096516609
2001,China (bilateral),Turkmenistan,0.1262120633347817
2001,China (bilateral),Upper middle income,0.23158372436179636
2001,China (bilateral),Viet Nam,0.06941712785263504
2001,China (bilateral),"Yemen, Rep.",0.11902353378538946
2001,China (bilateral),Zambia,3.100920481173308
2001,China (private),Africa (excluding high income),0.00044397833782285046
2001,China (private),Algeria,0.0
2001,China (private),Bangladesh,0.319580658905378
2001,China (private),Belarus,2.038414038301544
2001,China (private),Belize,1.0888236776867422
2001,China (private),East Asia & Pacific (excluding high income),0.00609132868183004
2001,China (private),Europe & Central Asia (excluding high income),0.03115730050344281
2001,China (private),IDA only,0.04799647417684288
2001,China (private),IDA total,2.299852969414004
2001,China (private),"Iran, Islamic Rep.",6.618820117176224
2001,China (private),Kenya,0.025263839179683813
2001,China (private),Latin America & Caribbean (excluding high income),0.001687040819400982
2001,China (private),Least developed countries: UN classification,0.040595286330084045
2001,China (private),Low & lower middle income,0.6903442214873655
2001,China (private),Low & middle income,0.22183263914478046
2001,China (private),Lower middle income,0.7172304201609501
2001,China (private),"Middle East, North Africa, Afghanistan & Pakistan (excluding high income)",2.05835519273481
2001,China (private),Middle income,0.22386943906929066
2001,China (private),North Macedonia,0.5828485583305194
2001,China (private),Pakistan,11.604239807326376
2001,China (private),South Asia,0.01940260912444895
2001,China (private),Sub-Saharan Africa (excluding high income),0.0008428483926170877
2001,China (private),Upper middle income,0.0716777685973573
2001,China (private),Viet Nam,0.17026842680835008
2002,China (bilateral),Africa (excluding high income),0.5752392468613007
2002,China (bilateral),Albania,0.1525030122756176
2002,China (bilateral),Algeria,0.11497825219239485
2002,China (bilateral),Angola,0.8333515309356189
2002,China (bilateral),Bangladesh,0.7216333496769973
2002,China (bilateral),Belize,0.015544847683293329
2002,China (bilateral),Benin,8.25734408608307
2002,China (bilateral),Bolivia,2.098225489491681
2002,China (bilateral),Botswana,6.952104446167289
2002,China (bilateral),Burkina Faso,1.3714070263808935
2002,China (bilateral),Cambodia,5.168635720367431
2002,China (bilateral),Cote d'Ivoire,0.0014829719628128093
2002,China (bilateral),Dominica,3.674117068047691
2002,China (bilateral),Dominican Republic,0.12049743316638944
2002,China (bilateral),East Asia & Pacific (excluding high income),1.2315752375887283
2002,China (bilateral),Ecuador,0.02977444074963178
2002,China (bilateral),El Salvador,0.1890518529066235
2002,China (bilateral),Eswatini,0.14448328363806712
2002,China (bilateral),Ethiopia,2.2610605427131167
2002,China (bilateral),Europe & Central Asia (excluding high income),0.22749517520183635
2002,China (bilateral),Fiji,13.071954113880365
2002,China (bilateral),Gabon,0.01288165781955694
2002,China (bilateral),"Gambia, The",0.05702001177212789
2002,China (bilateral),Georgia,0.21127551979890943
2002,China (bilateral),Ghana,0.004207534357272689
2002,China (bilateral),Grenada,0.21033655549616467
2002,China (bilateral),Guatemala,3.3069243384039537
2002,China (bilateral),Guinea,2.9404277334287063
2002,China (bilateral),Guyana,1.0068295289289895
2002,China (bilateral),Honduras,3.2673012894504474
2002,China (bilateral),IDA only,2.3232517946493227
2002,China (bilateral),IDA total,1.017016918593269
2002,China (bilateral),India,0.023084739231728723
2002,China (bilateral),Indonesia,0.027693947920415535
2002,China (bilateral),"Iran, Islamic Rep.",5.715177947104384
2002,China (bilateral),Jamaica,0.06155356633883119
2002,China (bilateral),Kenya,0.14229170657962603
2002,China (bilateral),Kyrgyz Republic,0.057363572074399564
2002,China (bilateral),Lao PDR,0.1880975265349321
2002,China (bilateral),Latin America & Caribbean (excluding high income),0.07010127222531255
2002,China (bilateral),Least developed countries: UN classification,2.436625208693099
2002,China (bilateral),Low & lower middle income,0.3315407431288715
2002,China (bilateral),Low & middle income,0.47553071764864163
2002,China (bilateral),Low income,4.181935186829536
2002,China (bilateral),Lower middle income,0.1699953236705239
2002,China (bilateral),Maldives,0.7213862128438556
2002,China (bilateral),Mauritania,5.806458308594733
2002,China (bilateral),Mauritius,1.3538253043208828
2002,China (bilateral),"Middle East, North Africa, Afghanistan & Pakistan (excluding high income)",0.49898647709679744
2002,China (bilateral),Middle income,0.4353911949224539
2002,China (bilateral),Myanmar,3.9842035195200105
2002,China (bilateral),Nicaragua,0.06484282686225246
2002,China (bilateral),North Macedonia,19.272839214190267
2002,China (bilateral),Pakistan,0.019940956766118532
2002,China (bilateral),Papua New Guinea,0.7339346223114909
2002,China (bilateral),Paraguay,2.2030381294357335
2002,China (bilateral),Peru,0.32056028162871886
2002,China (bilateral),Philippines,0.12123580735425454
2002,China (bilateral),Rwanda,1.266127526963668
2002,China (bilateral),Senegal,2.6297716260573734
2002,China (bilateral),South Asia,0.08327631536350473
2002,China (bilateral),Sri Lanka,0.7146318303349106
2002,China (bilateral),St. Vincent and the Grenadines,5.780152908148106
2002,China (bilateral),Sub-Saharan Africa (excluding high income),1.1691208052559776
2002,China (bilateral),Sudan,52.22864221141981
2002,China (bilateral),Thailand,5.334788970519933
2002,China (bilateral),Tonga,1.6715209076924011
2002,China (bilateral),Tunisia,0.21578159803851663
2002,China (bilateral),Turkiye,0.030794032892435073
2002,China (bilateral),Turkmenistan,0.05898990336605617
2002,China (bilateral),Upper middle income,0.5277319364041418
2002,China (bilateral),Viet Nam,0.06723105732768349
2002,China (bilateral),"Yemen, Rep.",0.19765512788068784
2002,China (bilateral),Zambia,1.6681453412931426
2002,China (bilateral),Zimbabwe,0.0
2002,China (private),Africa (excluding high income),0.006722346355710422
2002,China (private),Algeria,0.004795948680926307
2002,China (private),Bangladesh,0.29837725617234506
2002,China (private),Belarus,1.7887460169981495
2002,China (private),Belize,0.8851124481861954
2002,China (private),Brazil,0.0036099271882712607
2002,China (private),East Asia & Pacific (excluding high income),0.005161071653362567
2002,China (private),Europe & Central Asia (excluding high income),0.036519036134742534
2002,China (private),IDA only,0.04368098693127542
2002,China (private),IDA total,0.04523886196055673
2002,China (private),"Iran, Islamic Rep.",15.678666646008098
2002,China (private),Kenya,0.2510089988870679
2002,China (private),Latin America & Caribbean (excluding high income),0.004228375103551117
2002,China (private),Least developed countries: UN classification,0.045064172794061164
2002,China (private),Low & lower middle income,0.01209381691815173
2002,China (private),Low & middle income,0.14765234284750456
2002,China (private),Lower middle income,0.012601219667522404
2002,China (private),"Middle East, North Africa, Afghanistan & Pakistan (excluding high income)",1.2325365857816757
2002,China (private),Middle income,0.14925138435001278
2002,China (private),North Macedonia,1.5651124654500248
2002,China (private),South Asia,0.013769634881701815
2002,China (private),Sub-Saharan Africa (excluding high income),0.012544411739647012
2002,China (private),Upper middle income,0.19679687731812978
2002,China (private),Viet Nam,0.15722960418864623
2003,China (bilateral),Africa (excluding high income),0.762442550147111
2003,China (bilateral),Albania,3.396528736479261
2003,China (bilateral),Algeria,0.09803769150156427
2003,China (bilateral),Bangladesh,0.7152389560502821
2003,China (bilateral),Belize,0.01918399088577035
2003,China (bilateral),Benin,2.0554075036226007
2003,China (bilateral),Bolivia,2.148852037535579
2003,China (bilateral),Botswana,8.258905362467555
2003,China (bilateral),Burkina Faso,5.572098919581135
2003,China (bilateral),Burundi,0.0
2003,China (bilateral),Cambodia,1.6378804021501032
2003,China (bilateral),Cameroon,0.00314298527592883
2003,China (bilateral),Cote d'Ivoire,0.11764399260746614
2003,China (bilateral),Djibouti,22.46442114127821
2003,China (bilateral),Dominica,4.021492016175507
2003,China (bilateral),Dominican Republic,0.19800560238502418
2003,China (bilateral),East Asia & Pacific (excluding high income),0.4240149866045746
2003,China (bilateral),Ecuador,0.06112215876011421
2003,China (bilateral),El Salvador,0.016023059188258915
2003,China (bilateral),Eswatini,0.7566269493326212
2003,China (bilateral),Ethiopia,0.0
2003,China (bilateral),Europe & Central Asia (excluding high income),0.05574296080309411
2003,China (bilateral),Fiji,13.8483528644573
2003,China (bilateral),Gabon,0.6751257527512412
2003,China (bilateral),Georgia,0.11836337694814208
2003,China (bilateral),Ghana,2.126657695160979
2003,China (bilateral),Guatemala,3.3767512093845173
2003,China (bilateral),Guinea,2.941720540180183
2003,China (bilateral),Guyana,0.624876072754696
2003,China (bilateral),Honduras,2.8257962684030122
2003,China (bilateral),IDA only,3.3700082931214275
2003,China (bilateral),IDA total,1.6147738565912637
2003,China (bilateral),India,0.014865715879882798
2003,China (bilateral),Indonesia,0.02431543250137356
2003,China (bilateral),"Iran, Islamic Rep.",5.336268685113117
2003,China (bilateral),Jamaica,0.09200739328361553
2003,China (bilateral),Lao PDR,0.5989339720656854
2003,China (bilateral),Latin America & Caribbean (excluding high income),0.06506950108714207
2003,China (bilateral),Least developed countries: UN classification,3.1418590822084846
2003,China (bilateral),Low & lower middle income,0.36916160885778754
2003,China (bilateral),Low & middle income,0.2808828909544524
2003,China (bilateral),Low income,7.345420692516515
2003,China (bilateral),Lower middle income,0.13399696629420862
2003,China (bilateral),Maldives,0.29088282049768943
2003,China (bilateral),Mauritania,2.895522330387074
2003,China (bilateral),Mauritius,1.7220039713852031
2003,China (bilateral),"Middle East, North Africa, Afghanistan & Pakistan (excluding high income)",0.4885887783188942
2003,China (bilateral),Middle income,0.21241562641275125
2003,China (bilateral),Myanmar,3.6353312765085137
2003,China (bilateral),Nicaragua,0.07120905702558526
2003,China (bilateral),North Macedonia,2.1176670588915374
2003,China (bilateral),Pakistan,0.26706473926760377
2003,China (bilateral),Papua New Guinea,0.49215953040929883
2003,China (bilateral),Paraguay,0.6375450870298585
2003,China (bilateral),Peru,0.4365833416038433
2003,China (bilateral),Philippines,0.0
2003,China (bilateral),Rwanda,5.249206708012255
2003,China (bilateral),Samoa,0.06307682365186412
2003,China (bilateral),Senegal,2.3242297433564914
2003,China (bilateral),South Asia,0.05706408468228328
2003,China (bilateral),Sri Lanka,0.8547522918869885
2003,China (bilateral),St. Vincent and the Grenadines,4.844284470241506
2003,China (bilateral),Sub-Saharan Africa (excluding high income),1.5926197296326328
2003,China (bilateral),Sudan,44.87915746860631
2003,China (bilateral),Tajikistan,0.49863220605153197
2003,China (bilateral),Thailand,1.975478730678264
2003,China (bilateral),Tonga,2.0087790995802735
2003,China (bilateral),Tunisia,0.15211843341940437
2003,China (bilateral),Turkiye,0.023398883580051977
2003,China (bilateral),Turkmenistan,0.3094659805834955
2003,China (bilateral),Upper middle income,0.24405946570951817
2003,China (bilateral),Uzbekistan,0.07519698864956073
2003,China (bilateral),Viet Nam,0.09522216776143362
2003,China (bilateral),"Yemen, Rep.",0.24600566194728035
2003,China (bilateral),Zambia,0.9770385883689123
2003,China (bilateral),Zimbabwe,19.291505294313364
2003,China (private),Africa (excluding high income),0.0008521833139081224
2003,China (private),Algeria,0.004627596227390106
2003,China (private),Bangladesh,0.30756385455938723
2003,China (private),Belarus,1.5268718805299586
2003,China (private),Belize,1.0612195261682866
2003,China (private),Brazil,0.0038120064776799366
2003,China (private),East Asia & Pacific (excluding high income),0.0046710314886366225
2003,China (private),Europe & Central Asia (excluding high income),0.020036479625256988
2003,China (private),IDA only,0.03906566880754945
2003,China (private),IDA total,0.03300433748153195
2003,China (private),"Iran, Islamic Rep.",8.98957566086723
2003,China (private),Latin America & Caribbean (excluding high income),0.003844113802855114
2003,China (private),Least developed countries: UN classification,0.040487043460635655
2003,China (private),Low & lower middle income,0.007367526992297753
2003,China (private),Low & middle income,0.08893017709342371
2003,China (private),Lower middle income,0.007615880992764799
2003,China (private),"Middle East, North Africa, Afghanistan & Pakistan (excluding high income)",0.6948405277616365
2003,China (private),Middle income,0.08979206022461023
2003,China (private),North Macedonia,0.46853768988575495
2003,China (private),South Asia,0.009140819733285205
2003,China (private),Upper middle income,0.12295215000048693
2003,China (private),Uzbekistan,0.013772502762189505
2003,China (private),Viet Nam,0.22447146609298407
2004,China (bilateral),Africa (excluding high income),1.0133137681529865
2004,China (bilateral),Albania,8.17883919380883
2004,China (bilateral),Algeria,0.08078998497284837
2004,China (bilateral),Angola,0.22910555036845473
2004,China (bilateral),Bangladesh,0.45303036610768366
2004,China (bilateral),Belize,0.008869500445508379
2004,China (bilateral),Benin,1.7835856164648871
2004,China (bilateral),Bolivia,0.888624744881779
2004,China (bilateral),Botswana,9.454960616870778
2004,China (bilateral),Burkina Faso,2.51102066821112
2004,China (bilateral),Burundi,0.0
2004,China (bilateral),Cambodia,1.005346407371031
2004,China (bilateral),Cameroon,0.12736448086194993
2004,China (bilateral),Central African Republic,10.017879305957456
2004,China (bilateral),"Congo, Dem. Rep.",3.138227321054735
2004,China (bilateral),"Congo, Rep.",1.19433167456865
2004,China (bilateral),Cote d'Ivoire,0.7326123618130745
2004,China (bilateral),Djibouti,4.184719407625606
2004,China (bilateral),Dominica,3.1432263824205684
2004,China (bilateral),Dominican Republic,0.18356077901005605
2004,China (bilateral),East Asia & Pacific (excluding high income),0.05132779611454598
2004,China (bilateral),Ecuador,0.08725011290822243
2004,China (bilateral),El Salvador,0.2236739487859068
2004,China (bilateral),Eswatini,1.1044943132468628
2004,China (bilateral),Ethiopia,0.0
2004,China (bilateral),Europe & Central Asia (excluding high income),0.08521336420989051
2004,China (bilateral),Fiji,15.324671286230414
2004,China (bilateral),Gabon,1.0193997828851944
2004,China (bilateral),"Gambia, The",0.5651061547367112
2004,China (bilateral),Georgia,0.03800756034747627
2004,China (bilateral),Ghana,2.6767681536286294
2004,China (bilateral),Guatemala,2.475829195375551
2004,China (bilateral),Guinea,1.1336563251078309
2004,China (bilateral),Guyana,0.7504427706151976
2004,China (bilateral),Honduras,2.5619799840160398
2004,China (bilateral),IDA only,4.131953957965656
2004,China (bilateral),IDA total,1.87016734444357
2004,China (bilateral),India,0.02734168581557462
2004,China (bilateral),Indonesia,0.10272617553755119
2004,China (bilateral),"Iran, Islamic Rep.",3.755613274678938
2004,China (bilateral),Jamaica,0.09070127831235458
2004,China (bilateral),Lao PDR,0.8964059230591943
2004,China (bilateral),Latin America & Caribbean (excluding high income),0.06460445349492448
2004,China (bilateral),Least developed countries: UN classification,3.673325378587112
2004,China (bilateral),Lesotho,2.3007793082606636
2004,China (bilateral),Low & lower middle income,0.561072998542819
2004,China (bilateral),Low & middle income,0.2472253885700971
2004,China (bilateral),Low income,8.694595507171712
2004,China (bilateral),Lower middle income,0.21445177801282822
2004,China (bilateral),Madagascar,0.0
2004,China (bilateral),Maldives,0.480214320765067
2004,China (bilateral),Mauritania,2.9146791938667382
2004,China (bilateral),Mauritius,1.5730589818312066
2004,China (bilateral),"Middle East, North Africa, Afghanistan & Pakistan (excluding high income)",0.3894169692591186
2004,China (bilateral),Middle income,0.15077579561577995
2004,China (bilateral),Myanmar,3.3014942606874493
2004,China (bilateral),North Macedonia,2.674152634978482
2004,China (bilateral),Pakistan,0.33495174513812054
2004,China (bilateral),Papua New Guinea,0.603630567071849
2004,China (bilateral),Paraguay,0.9484602408348065
2004,China (bilateral),Peru,0.3929258022517616
2004,China (bilateral),Philippines,0.0006572773257020525
2004,China (bilateral),Rwanda,4.116848490091952
2004,China (bilateral),Samoa,0.055681056983123665
2004,China (bilateral),Senegal,1.6064839669438997
2004,China (bilateral),South Asia,0.11318676697884937
2004,China (bilateral),Sri Lanka,1.1959059562331904
2004,China (bilateral),St. Vincent and the Grenadines,3.3710357532207333
2004,China (bilateral),Sub-Saharan Africa (excluding high income),2.200737349092882
2004,China (bilateral),Sudan,49.39477288380065
2004,China (bilateral),Tajikistan,0.3374102874442139
2004,China (bilateral),Tunisia,0.12059576711835594
2004,China (bilateral),Turkiye,0.022527883050227977
2004,China (bilateral),Turkmenistan,0.7874479789992052
2004,China (bilateral),Upper middle income,0.12747243728245544
2004,China (bilateral),Uzbekistan,0.0841769866731421
2004,China (bilateral),Viet Nam,0.16873809689750205
2004,China (bilateral),"Yemen, Rep.",0.20460255074726377
2004,China (bilateral),Zambia,9.240379659652122
2004,China (bilateral),Zimbabwe,17.83253956096644
2004,China (private),Africa (excluding high income),0.0008319705878875136
2004,China (private),Algeria,0.003409689768657424
2004,China (private),Bangladesh,0.2726403882797088
2004,China (private),Belarus,1.2264273380381543
2004,China (private),Belize,0.4765654251597458
2004,China (private),East Asia & Pacific (excluding high income),0.016003013118605754
2004,China (private),Europe & Central Asia (excluding high income),0.02251836981588926
2004,China (private),IDA only,0.036874542742677645
2004,China (private),IDA total,0.030660833256054856
2004,China (private),Indonesia,0.03546269474467058
2004,China (private),"Iran, Islamic Rep.",2.709254424481566
2004,China (private),Latin America & Caribbean (excluding high income),0.0025747280681046717
2004,China (private),Least developed countries: UN classification,0.03546358327979677
2004,China (private),Low & lower middle income,0.008218407818512593
2004,China (private),Low & middle income,0.04047843734749673
2004,China (private),Lower middle income,0.00856864654298208
2004,China (private),"Middle East, North Africa, Afghanistan & Pakistan (excluding high income)",0.22205713913583497
2004,China (private),Middle income,0.040940608265874714
2004,China (private),North Macedonia,0.6280270552476938
2004,China (private),South Asia,0.016096245091332655
2004,China (private),Upper middle income,0.052787703443415365
2004,China (private),Uzbekistan,0.05917944255728688
2004,China (private),Viet Nam,0.18569432608042347
2005,China (bilateral),Africa (excluding high income),0.7253669404619915
2005,China (bilateral),Albania,7.213000362592466
2005,China (bilateral),Algeria,0.10014281983067604
2005,China (bilateral),Angola,0.6233235374556436
2005,China (bilateral),Bangladesh,0.37866280767045096
2005,China (bilateral),Belarus,0.057229771984739816
2005,China (bilateral),Belize,0.012829296938340055
2005,China (bilateral),Benin,1.5259269473586403
2005,China (bilateral),Bolivia,0.9532031370519063
2005,China (bilateral),Botswana,8.935267575491924
2005,China (bilateral),Burkina Faso,11.689163464167184
2005,China (bilateral),Cabo Verde,0.01404280408328373
2005,China (bilateral),Cambodia,2.012118569950281
2005,China (bilateral),Cameroon,0.9048791663720459
2005,China (bilateral),"Congo, Dem. Rep.",1.8882314135509655
2005,China (bilateral),Cote d'Ivoire,2.9120544478716837
2005,China (bilateral),Djibouti,5.0473011864382205
2005,China (bilateral),Dominica,0.2988451518903223
2005,China (bilateral),Dominican Republic,0.2158061881812664
2005,China (bilateral),East Asia & Pacific (excluding high income),0.0559524378444069
2005,China (bilateral),Ecuador,0.0784377882783574
2005,China (bilateral),El Salvador,0.17465604740218169
2005,China (bilateral),Eswatini,1.0859423387040343
2005,China (bilateral),Ethiopia,0.7138447367283334
2005,China (bilateral),Europe & Central Asia (excluding high income),0.11576257334471582
2005,China (bilateral),Fiji,11.076852543000141
2005,China (bilateral),Gabon,1.291904309660701
2005,China (bilateral),Georgia,0.1770618429411369
2005,China (bilateral),Ghana,1.7260526486325127
2005,China (bilateral),Guatemala,3.296048466335459
2005,China (bilateral),Guinea,0.9812455312806724
2005,China (bilateral),Guyana,12.88192521151684
2005,China (bilateral),Honduras,2.523113230225058
2005,China (bilateral),IDA only,4.305029063334267
2005,China (bilateral),IDA total,1.36247594897499
2005,China (bilateral),India,0.01549251178125315
2005,China (bilateral),Indonesia,0.0728114801452492
2005,China (bilateral),"Iran, Islamic Rep.",2.4158791992331943
2005,China (bilateral),Jamaica,0.3098318272537092
2005,China (bilateral),Lao PDR,1.0345275743785336
2005,China (bilateral),Latin America & Caribbean (excluding high income),0.06540298562169816
2005,China (bilateral),Least developed countries: UN classification,3.374980259496637
2005,China (bilateral),Low & lower middle income,0.5031242433170989
2005,China (bilateral),Low & middle income,0.24136756075251528
2005,China (bilateral),Low income,8.248774229971334
2005,China (bilateral),Lower middle income,0.20214736135752734
2005,China (bilateral),Maldives,0.466425480088292
2005,China (bilateral),Mauritania,2.478084572675758
2005,China (bilateral),Mauritius,1.3899036035210417
2005,China (bilateral),"Middle East, North Africa, Afghanistan & Pakistan (excluding high income)",0.3996944486512394
2005,China (bilateral),Middle income,0.14266894134898903
2005,China (bilateral),Morocco,0.0
2005,China (bilateral),Myanmar,2.9470348112580407
2005,China (bilateral),Nicaragua,1.5517032732217328
2005,China (bilateral),North Macedonia,3.7695576966152227
2005,China (bilateral),Pakistan,1.026955302164086
2005,China (bilateral),Papua New Guinea,0.4809302148554267
2005,China (bilateral),Paraguay,0.2864862138606087
2005,China (bilateral),Peru,0.1564769269661524
2005,China (bilateral),Philippines,0.049183040895905514
2005,China (bilateral),Rwanda,4.481532402139957
2005,China (bilateral),Samoa,0.18625190294147045
2005,China (bilateral),Senegal,3.802201948785706
2005,China (bilateral),South Asia,0.1039069781571126
2005,China (bilateral),Sri Lanka,3.8283956960774344
2005,China (bilateral),St. Vincent and the Grenadines,2.6864525518856053
2005,China (bilateral),Sub-Saharan Africa (excluding high income),1.113239261114802
2005,China (bilateral),Sudan,44.87259427149371
2005,China (bilateral),Tajikistan,0.4165285236034472
2005,China (bilateral),Tonga,3.9183605379193303
2005,China (bilateral),Tunisia,0.1160391748235324
2005,China (bilateral),Turkiye,0.020294103003947163
2005,China (bilateral),Turkmenistan,3.2805020577387407
2005,China (bilateral),Upper middle income,0.11503678207900836
2005,China (bilateral),Uzbekistan,0.12175131197365723
2005,China (bilateral),Viet Nam,0.2778177556423747
2005,China (bilateral),"Yemen, Rep.",0.24841540729639305
2005,China (bilateral),Zimbabwe,29.270809424635456
2005,China (private),Africa (excluding high income),8.144908711239526e-05
2005,China (private),Algeria,0.0004918679910572531
2005,China (private),Bangladesh,0.23316737427467318
2005,China (private),Belarus,1.369218569654968
2005,China (private),Belize,0.6613491184246034
2005,China (private),East Asia & Pacific (excluding high income),0.014795425452817302
2005,China (private),Europe & Central Asia (excluding high income),0.027669554666548277
2005,China (private),IDA only,0.038600830023304514
2005,China (private),IDA total,0.024674539304595226
2005,China (private),Indonesia,0.04386543152183555
2005,China (private),"Iran, Islamic Rep.",2.101223203282184
2005,China (private),Latin America & Caribbean (excluding high income),0.00254940047974536
2005,China (private),Least developed countries: UN classification,0.03211881450029901
2005,China (private),Low & lower middle income,0.006267579712860644
2005,China (private),Low & middle income,0.03633039245462426
2005,China (private),Lower middle income,0.006511122424274164
2005,China (private),"Middle East, North Africa, Afghanistan & Pakistan (excluding high income)",0.231715482880867
2005,China (private),Middle income,0.03677819780856533
2005,China (private),North Macedonia,0.7234670003925004
2005,China (private),South Asia,0.010784306594167608
2005,China (private),Upper middle income,0.05083951025659582
2005,China (private),Uzbekistan,0.16528541939840138
2005,China (private),Viet Nam,0.05220055884751906
2006,China (bilateral),Africa (excluding high income),0.719621223414843
2006,China (bilateral),Albania,5.425897493099284
2006,China (bilateral),Algeria,0.03155150915325358
2006,China (bilateral),Angola,0.8274715287846918
2006,China (bilateral),Bangladesh,0.7799536198341976
2006,China (bilateral),Belarus,0.7169953884832749
2006,China (bilateral),Belize,0.021945092282096155
2006,China (bilateral),Benin,1.4243369990758774
2006,China (bilateral),Bolivia,0.7311635027751289
2006,China (bilateral),Botswana,8.418413077182242
2006,China (bilateral),Burkina Faso,11.060860433228925
2006,China (bilateral),Cabo Verde,0.04183479410298618
2006,China (bilateral),Cambodia,1.2620120480790533
2006,China (bilateral),Cameroon,0.26848624714334746
2006,China (bilateral),"Congo, Dem. Rep.",1.9262172918624558
2006,China (bilateral),Cote d'Ivoire,8.250943511731837
2006,China (bilateral),Djibouti,3.470643458119267
2006,China (bilateral),Dominica,3.6659137972358637
2006,China (bilateral),Dominican Republic,0.12278396035899546
2006,China (bilateral),East Asia & Pacific (excluding high income),0.061744254378811494
2006,China (bilateral),Ecuador,0.14195129164140938
2006,China (bilateral),El Salvador,0.8481302184353928
2006,China (bilateral),Eritrea,0.2619420000511615
2006,China (bilateral),Eswatini,0.7976509868686057
2006,China (bilateral),Ethiopia,0.0046125980100969275
2006,China (bilateral),Europe & Central Asia (excluding high income),0.2140029523699801
2006,China (bilateral),Fiji,9.768709921731702
2006,China (bilateral),Gabon,3.2752122477834136
2006,China (bilateral),Georgia,0.18587191949373544
2006,China (bilateral),Ghana,1.626971459280637
2006,China (bilateral),Guatemala,2.4802188594594656
2006,China (bilateral),Guinea,0.7338487173247239
2006,China (bilateral),Guyana,2.945763313357908
2006,China (bilateral),Honduras,3.2020666569411276
2006,China (bilateral),IDA only,4.332391423647786
2006,China (bilateral),IDA total,1.8329566445559122
2006,China (bilateral),India,0.03716528404835355
2006,China (bilateral),Indonesia,0.05983673889753549
2006,China (bilateral),"Iran, Islamic Rep.",4.412371087314969
2006,China (bilateral),Jamaica,0.9133901363150115
2006,China (bilateral),Jordan,0.0
2006,China (bilateral),Kenya,1.3272060107092032
2006,China (bilateral),Lao PDR,1.6504197966833876
2006,China (bilateral),Latin America & Caribbean (excluding high income),0.0534881576960337
2006,China (bilateral),Least developed countries: UN classification,3.2656368081972946
2006,China (bilateral),Low & lower middle income,0.7091511395927892
2006,China (bilateral),Low & middle income,0.272818187584631
2006,China (bilateral),Low income,7.474835362959856
2006,China (bilateral),Lower middle income,0.3604016668080384
2006,China (bilateral),Maldives,0.47033556650895375
2006,China (bilateral),Mali,0.9601288180082965
2006,China (bilateral),Mauritania,0.0
2006,China (bilateral),Mauritius,1.178242581899507
2006,China (bilateral),"Middle East, North Africa, Afghanistan & Pakistan (excluding high income)",0.4482239663631383
2006,China (bilateral),Middle income,0.1859253598983984
2006,China (bilateral),Morocco,0.003139860099706387
2006,China (bilateral),Mozambique,0.41071324013201255
2006,China (bilateral),Myanmar,10.065737483165815
2006,China (bilateral),Niger,17.817693184668492
2006,China (bilateral),Nigeria,0.14601873451871925
2006,China (bilateral),North Macedonia,5.743077770894491
2006,China (bilateral),Pakistan,1.3807541472792457
2006,China (bilateral),Papua New Guinea,0.4744211216297249
2006,China (bilateral),Paraguay,0.10181572128370171
2006,China (bilateral),Peru,0.2681099345596804
2006,China (bilateral),Philippines,0.05383494444786457
2006,China (bilateral),Rwanda,3.4123155341275324
2006,China (bilateral),Samoa,0.15866623988050985
2006,China (bilateral),Senegal,4.578049012621575
2006,China (bilateral),South Asia,0.24450021110062042
2006,China (bilateral),Sri Lanka,1.6134460560376134
2006,China (bilateral),St. Vincent and the Grenadines,1.852228714953323
2006,China (bilateral),Sub-Saharan Africa (excluding high income),1.4416310141534399
2006,China (bilateral),Sudan,55.43790813591238
2006,China (bilateral),Tajikistan,0.16785392577651673
2006,China (bilateral),Togo,7.254198610174047
2006,China (bilateral),Tonga,0.45366024143046235
2006,China (bilateral),Tunisia,0.08078077885103684
2006,China (bilateral),Turkmenistan,1.899194924215355
2006,China (bilateral),Upper middle income,0.13260784757903532
2006,China (bilateral),Uzbekistan,0.3428393607640174
2006,China (bilateral),Viet Nam,0.03197540127719765
2006,China (bilateral),"Yemen, Rep.",1.8326994756018555
2006,China (bilateral),Zambia,19.523889660175627
2006,China (bilateral),Zimbabwe,80.66026743567932
2006,China (private),Africa (excluding high income),0.04451303677503484
2006,China (private),Algeria,0.006334959371795991
2006,China (private),Angola,0.3213979524749519
2006,China (private),Bangladesh,0.014647397456042141
2006,China (private),Belarus,1.5133611320886204
2006,China (private),Belize,1.0665414286043955
2006,China (private),East Asia & Pacific (excluding high income),0.028901999595309907
2006,China (private),Europe & Central Asia (excluding high income),0.0474877545167348
2006,China (private),IDA only,0.0018114411998470692
2006,China (private),IDA total,0.03905832194014086
2006,China (private),India,0.011110339857530866
2006,China (private),Indonesia,0.030614916852785622
2006,China (private),"Iran, Islamic Rep.",2.741847875233427
2006,China (private),Kenya,0.6218507655038455
2006,China (private),Latin America & Caribbean (excluding high income),0.0016427078826680929
2006,China (private),Least developed countries: UN classification,0.1893118570756202
2006,China (private),Low & lower middle income,0.042272539679713755
2006,China (private),Low & middle income,0.0502021038877811
2006,China (private),Lower middle income,0.044451554460754744
2006,China (private),"Middle East, North Africa, Afghanistan & Pakistan (excluding high income)",0.20707674802057457
2006,China (private),Middle income,0.05080779569000594
2006,China (private),Mongolia,14.12214351434105
2006,China (private),North Macedonia,0.5732771039676413
2006,China (private),South Asia,0.010152683072388216
2006,China (private),Sub-Saharan Africa (excluding high income),0.08695013051816464
2006,China (private),Upper middle income,0.05275017386185112
2006,China (private),Uzbekistan,0.29923290157866483
2006,China (private),Viet Nam,0.05130936484015436
2007,China (bilateral),Africa (excluding high income),1.6299955362090464
2007,China (bilateral),Albania,5.001972402044608
2007,China (bilateral),Algeria,0.17149770740754758
2007,China (bilateral),Angola,2.192215970165847
2007,China (bilateral),Bangladesh,1.7834994804215039
2007,China (bilateral),Belarus,1.6314023499135597
2007,China (bilateral),Benin,2.1702347151591277
2007,China (bilateral),Bolivia,0.9011287092975246
2007,China (bilateral),Botswana,11.688340992802818
2007,China (bilateral),Burkina Faso,12.610160836075295
2007,China (bilateral),Cabo Verde,0.018460955449060738
2007,China (bilateral),Cambodia,0.27396360858317426
2007,China (bilateral),Cameroon,0.47054712520581665
2007,China (bilateral),"Congo, Dem. Rep.",0.8332936984393055
2007,China (bilateral),Cote d'Ivoire,1.0893845974744039
2007,China (bilateral),Djibouti,4.13153128434268
2007,China (bilateral),Dominican Republic,0.1006861289024154
2007,China (bilateral),East Asia & Pacific (excluding high income),0.1511040551217186
2007,China (bilateral),Ecuador,0.0315442817635867
2007,China (bilateral),"Egypt, Arab Rep.",0.0025838625932707916
2007,China (bilateral),El Salvador,0.6325024554406331
2007,China (bilateral),Eritrea,2.2088135310034853
2007,China (bilateral),Eswatini,0.6148173354943548
2007,China (bilateral),Ethiopia,0.0
2007,China (bilateral),Europe & Central Asia (excluding high income),0.19280161840900145
2007,China (bilateral),Fiji,4.240624393109678
2007,China (bilateral),Gabon,0.4284462490761574
2007,China (bilateral),Ghana,2.916234241824036
2007,China (bilateral),Guatemala,1.6413682810929346
2007,China (bilateral),Guinea,1.5111693420060128
2007,China (bilateral),Guyana,3.192404508200647
2007,China (bilateral),Honduras,3.0762374195922138
2007,China (bilateral),IDA only,4.204971437705555
2007,China (bilateral),IDA total,2.743348574724635
2007,China (bilateral),India,0.020161909674230906
2007,China (bilateral),Indonesia,0.05717525989761227
2007,China (bilateral),"Iran, Islamic Rep.",4.484782625222655
2007,China (bilateral),Jamaica,0.6885523349806559
2007,China (bilateral),Jordan,0.13823402441501903
2007,China (bilateral),Kenya,0.22831819734315847
2007,China (bilateral),Lao PDR,10.007867094450006
2007,China (bilateral),Latin America & Caribbean (excluding high income),0.05601636899139707
2007,China (bilateral),Least developed countries: UN classification,3.9259805721148187
2007,China (bilateral),Low & lower middle income,1.0013873215210647
2007,China (bilateral),Low & middle income,0.4590821946709345
2007,China (bilateral),Low income,6.637402762487618
2007,China (bilateral),Lower middle income,0.6197830263389282
2007,China (bilateral),Maldives,0.3638787834933131
2007,China (bilateral),Mauritania,0.0
2007,China (bilateral),Mauritius,3.6196554417205693
2007,China (bilateral),"Middle East, North Africa, Afghanistan & Pakistan (excluding high income)",1.2890868706309389
2007,China (bilateral),Middle income,0.34636428383580187
2007,China (bilateral),Morocco,0.0038904623454947165
2007,China (bilateral),Myanmar,16.44882859070638
2007,China (bilateral),Nigeria,1.7393088948421054
2007,China (bilateral),North Macedonia,3.0315251678951327
2007,China (bilateral),Pakistan,1.5660281407888543
2007,China (bilateral),Papua New Guinea,0.3735841817185102
2007,China (bilateral),Paraguay,0.102532239128924
2007,China (bilateral),Peru,0.05491227931228369
2007,China (bilateral),Philippines,0.20940801397079614
2007,China (bilateral),Rwanda,4.050412060912707
2007,China (bilateral),Senegal,9.249686455394736
2007,China (bilateral),South Asia,0.2507714701742109
2007,China (bilateral),Sri Lanka,1.6478853739897181
2007,China (bilateral),St. Vincent and the Grenadines,2.161102533053767
2007,China (bilateral),Sub-Saharan Africa (excluding high income),2.5974117125936838
2007,China (bilateral),Sudan,56.11513863055223
2007,China (bilateral),Tajikistan,5.893610022170645
2007,China (bilateral),Tonga,5.412524220138857
2007,China (bilateral),Tunisia,0.1709262922252744
2007,China (bilateral),Turkmenistan,3.593032853103041
2007,China (bilateral),Upper middle income,0.24551775873021983
2007,China (bilateral),Uzbekistan,0.6320374248307489
2007,China (bilateral),Vanuatu,3.5856177053986307
2007,China (bilateral),Viet Nam,0.47746338144522305
2007,China (bilateral),"Yemen, Rep.",1.8551187090874215
2007,China (bilateral),Zambia,2.2140515866052577
2007,China (bilateral),Zimbabwe,7.406480571041259
2007,China (private),Africa (excluding high income),0.05080047722856261
2007,China (private),Angola,0.22921778460312706
2007,China (private),Bangladesh,0.29585188858362965
2007,China (private),Belarus,1.0580614788787424
2007,China (private),Belize,0.21814661294866305
2007,China (private),East Asia & Pacific (excluding high income),0.020933486823305075
2007,China (private),Europe & Central Asia (excluding high income),0.04985369369445031
2007,China (private),Honduras,0.0
2007,China (private),IDA only,0.04325056567377865
2007,China (private),IDA total,0.1272352242532223
2007,China (private),India,0.03806833323380879
2007,China (private),Indonesia,0.025812716589652857
2007,China (private),"Iran, Islamic Rep.",1.9592271768788343
2007,China (private),Kenya,0.1539554919960674
2007,China (private),Latin America & Caribbean (excluding high income),0.0021067290870103914
2007,China (private),Least developed countries: UN classification,0.15127369357822673
2007,China (private),Low & lower middle income,0.06351599938357658
2007,China (private),Low & middle income,0.05782822938948133
2007,China (private),Lower middle income,0.06781655150793378
2007,China (private),"Middle East, North Africa, Afghanistan & Pakistan (excluding high income)",0.3098502693634389
2007,China (private),Middle income,0.058883253506881665
2007,China (private),Mongolia,5.935567463046444
2007,China (private),North Macedonia,0.7916777208790255
2007,China (private),Pakistan,0.385502270201318
2007,China (private),South Asia,0.05442242527609607
2007,China (private),Sub-Saharan Africa (excluding high income),0.08241902966911778
2007,China (private),Upper middle income,0.0555883365129289
2007,China (private),Uzbekistan,0.42979474816608565
2007,China (private),Viet Nam,0.03783612886516555
2008,China (bilateral),Africa (excluding high income),2.447392815905159
2008,China (bilateral),Albania,4.150161005254739
2008,China (bilateral),Algeria,0.6494339714322517
2008,China (bilateral),Angola,7.946477282009361
2008,China (bilateral),Bangladesh,1.2497654013756396
2008,China (bilateral),Belarus,2.8349063681062963
2008,China (bilateral),Benin,8.859827189788218
2008,China (bilateral),Bolivia,0.4864374872724652
2008,China (bilateral),Botswana,26.53752312978676
2008,China (bilateral),Brazil,0.06578101340199027
2008,China (bilateral),Burkina Faso,7.8561417278677
2008,China (bilateral),Cambodia,6.034449484173793
2008,China (bilateral),Cameroon,0.4080805370260313
2008,China (bilateral),Central African Republic,6.413474287277793
2008,China (bilateral),Chad,0.02534848014099981
2008,China (bilateral),"Congo, Dem. Rep.",1.2818156953048525
2008,China (bilateral),"Congo, Rep.",0.39663507173483825
2008,China (bilateral),Cote d'Ivoire,0.10274812444133738
2008,China (bilateral),Djibouti,9.055816229500609
2008,China (bilateral),Dominican Republic,0.11916658254301817
2008,China (bilateral),East Asia & Pacific (excluding high income),0.27867840821864476
2008,China (bilateral),Ecuador,0.03201124219997418
2008,China (bilateral),El Salvador,0.6340797991816355
2008,China (bilateral),Eritrea,25.341596251039014
2008,China (bilateral),Eswatini,1.0859545734088274
2008,China (bilateral),Ethiopia,0.0
2008,China (bilateral),Europe & Central Asia (excluding high income),0.36502006775753737
2008,China (bilateral),Fiji,3.823617728903606
2008,China (bilateral),Gabon,0.3253701004268004
2008,China (bilateral),Ghana,4.5706302940520915
2008,China (bilateral),Guatemala,1.979735062070408
2008,China (bilateral),Guinea,1.0515637934091
2008,China (bilateral),Guyana,2.2526704866805027
2008,China (bilateral),Honduras,4.548532619149816
2008,China (bilateral),IDA only,5.669223485664002
2008,China (bilateral),IDA total,4.561921934600618
2008,China (bilateral),India,0.01293788733496447
2008,China (bilateral),Indonesia,0.1093010763315991
2008,China (bilateral),"Iran, Islamic Rep.",4.249844423967307
2008,China (bilateral),Jamaica,1.6523349818085131
2008,China (bilateral),Jordan,0.0
2008,China (bilateral),Kenya,1.1781784096273604
2008,China (bilateral),Lao PDR,12.139811324720023
2008,China (bilateral),Latin America & Caribbean (excluding high income),0.0993708535653608
2008,China (bilateral),Least developed countries: UN classification,8.026456523953161
2008,China (bilateral),Lesotho,0.19157418919126337
2008,China (bilateral),Low & lower middle income,1.3584352730945073
2008,China (bilateral),Low & middle income,0.625099850465704
2008,China (bilateral),Low income,8.01393565751073
2008,China (bilateral),Lower middle income,1.0012098232467976
2008,China (bilateral),Madagascar,0.4740613881886239
2008,China (bilateral),Maldives,0.29124554834927885
2008,China (bilateral),Mauritius,3.4984706622901136
2008,China (bilateral),"Middle East, North Africa, Afghanistan & Pakistan (excluding high income)",1.3863888697722466
2008,China (bilateral),Middle income,0.5082602060141906
2008,China (bilateral),Mongolia,0.0031115007830231738
2008,China (bilateral),Morocco,0.06390574131415053
2008,China (bilateral),Myanmar,23.899648761233372
2008,China (bilateral),Nicaragua,0.0
2008,China (bilateral),Nigeria,14.170317704000562
2008,China (bilateral),North Macedonia,11.360084763066
2008,China (bilateral),Pakistan,3.6533912207250356
2008,China (bilateral),Papua New Guinea,0.1318897909939609
2008,China (bilateral),Paraguay,0.09100041614011352
2008,China (bilateral),Peru,0.04442388868546082
2008,China (bilateral),Philippines,0.18811663089041536
2008,China (bilateral),Rwanda,0.2036037738572087
2008,China (bilateral),Samoa,3.806929326267945
2008,China (bilateral),Senegal,8.337237494032477
2008,China (bilateral),Sierra Leone,3.740084221497779
2008,China (bilateral),South Asia,0.16383595075798987
2008,China (bilateral),Sri Lanka,1.5407962899361891
2008,China (bilateral),St. Vincent and the Grenadines,1.9425506168939097
2008,China (bilateral),Sub-Saharan Africa (excluding high income),4.037072908707349
2008,China (bilateral),Sudan,63.697712074259776
2008,China (bilateral),Syrian Arab Republic,0.18464575277786469
2008,China (bilateral),Tajikistan,20.39708257125071
2008,China (bilateral),Tanzania,0.0029105481270554935
2008,China (bilateral),Tonga,26.64614754379482
2008,China (bilateral),Tunisia,0.28635137908136865
2008,China (bilateral),Turkmenistan,4.900410738785736
2008,China (bilateral),Uganda,0.79404894935649
2008,China (bilateral),Upper middle income,0.302373703880512
2008,China (bilateral),Uzbekistan,2.0087139030791996
2008,China (bilateral),Vanuatu,7.883448326351838
2008,China (bilateral),Viet Nam,2.0244885944674773
2008,China (bilateral),"Yemen, Rep.",1.6525090986209328
2008,China (bilateral),Zambia,41.399166172198
2008,China (bilateral),Zimbabwe,55.38581459060477
2008,China (private),Africa (excluding high income),0.040261108166261966
2008,China (private),Angola,0.4472886442329889
2008,China (private),Bangladesh,1.6140716684492096
2008,China (private),Belarus,0.7765260841981267
2008,China (private),Belize,1.3552846118870565
2008,China (private),East Asia & Pacific (excluding high income),0.009046877275135926
2008,China (private),Europe & Central Asia (excluding high income),0.06170674369537581
2008,China (private),Honduras,1.52327001385519
2008,China (private),IDA only,0.26874034042464245
2008,China (private),IDA total,0.2046033631048321
2008,China (private),India,0.039385400404531146
2008,China (private),"Iran, Islamic Rep.",1.4922552968660596
2008,China (private),Latin America & Caribbean (excluding high income),0.0045417058077788335
2008,China (private),Least developed countries: UN classification,0.416763620007264
2008,China (private),Low & lower middle income,0.0696290379658806
2008,China (private),Low & middle income,0.051619912247941324
2008,China (private),Lower middle income,0.07336628730449764
2008,China (private),"Middle East, North Africa, Afghanistan & Pakistan (excluding high income)",0.18631290016601312
2008,China (private),Middle income,0.05243617780738401
2008,China (private),Mongolia,4.200526057081285
2008,China (private),North Macedonia,2.000413623637777
2008,China (private),South Asia,0.1131958393199513
2008,China (private),Sub-Saharan Africa (excluding high income),0.06854073861927817
2008,China (private),Upper middle income,0.04369445881016197
2008,China (private),Uzbekistan,0.9646607645934214
2008,China (private),Viet Nam,8.078707632491431e-05
2008,China (private),Zambia,1.5290128748865968
2009,China (bilateral),Africa (excluding high income),3.66455527797532
2009,China (bilateral),Albania,2.7038819379845833
2009,China (bilateral),Angola,4.189375087948863
2009,China (bilateral),Bangladesh,1.2670569924765789
2009,China (bilateral),Belarus,4.8428271080095655
2009,China (bilateral),Benin,28.164340033890294
2009,China (bilateral),Bolivia,0.5841866144699975
2009,China (bilateral),Botswana,21.353792840868483
2009,China (bilateral),Brazil,0.1473940561367397
2009,China (bilateral),Burkina Faso,11.005891507411192
2009,China (bilateral),Cabo Verde,0.10940292136231612
2009,China (bilateral),Cambodia,7.713164374642607
2009,China (bilateral),Cameroon,0.9183646806377355
2009,China (bilateral),Central African Republic,11.27682934797885
2009,China (bilateral),Chad,1.14874476830684
2009,China (bilateral),"Congo, Dem. Rep.",1.2159575707465222
2009,China (bilateral),"Congo, Rep.",0.46561656743230434
2009,China (bilateral),Cote d'Ivoire,0.349678462787672
2009,China (bilateral),Djibouti,15.81365854704503
2009,China (bilateral),Dominican Republic,0.10972585854022447
2009,China (bilateral),East Asia & Pacific (excluding high income),0.37244663181260473
2009,China (bilateral),Ecuador,0.008089957816299549
2009,China (bilateral),El Salvador,0.4941990471007929
2009,China (bilateral),Eritrea,28.997598092193055
2009,China (bilateral),Eswatini,0.5372018838072978
2009,China (bilateral),Ethiopia,5.959372197400924
2009,China (bilateral),Europe & Central Asia (excluding high income),0.46253437636218464
2009,China (bilateral),Fiji,3.844192956083629
2009,China (bilateral),Gabon,4.792240128770445
2009,China (bilateral),Georgia,0.0
2009,China (bilateral),Ghana,7.6270712176569235
2009,China (bilateral),Guatemala,1.8976156693921507
2009,China (bilateral),Guinea,2.8526317436664645
2009,China (bilateral),Guyana,3.416815858022108
2009,China (bilateral),Honduras,2.7936099149891356
2009,China (bilateral),IDA only,7.348460981819118
2009,China (bilateral),IDA total,6.227233502105409
2009,China (bilateral),India,0.026976033948569938
2009,China (bilateral),Indonesia,0.14973982181238277
2009,China (bilateral),"Iran, Islamic Rep.",5.251388454807666
2009,China (bilateral),Jamaica,2.638149464601505
2009,China (bilateral),Jordan,0.0
2009,China (bilateral),Kenya,1.3223380297027663
2009,China (bilateral),Kyrgyz Republic,0.8604521456653631
2009,China (bilateral),Lao PDR,21.20351085247167
2009,China (bilateral),Latin America & Caribbean (excluding high income),0.1472672076795367
2009,China (bilateral),Least developed countries: UN classification,7.297339351379421
2009,China (bilateral),Lesotho,1.2923931186916757
2009,China (bilateral),Low & lower middle income,2.2132599125619317
2009,China (bilateral),Low & middle income,0.9166612053006055
2009,China (bilateral),Low income,10.573867556326238
2009,China (bilateral),Lower middle income,1.6848300355871888
2009,China (bilateral),Madagascar,2.1972670924920505
2009,China (bilateral),Maldives,0.26239416063429505
2009,China (bilateral),Mauritania,0.04371456675690402
2009,China (bilateral),Mauritius,5.001253422111094
2009,China (bilateral),"Middle East, North Africa, Afghanistan & Pakistan (excluding high income)",1.6404300786587998
2009,China (bilateral),Middle income,0.7479763872451933
2009,China (bilateral),Mongolia,0.004592482532047792
2009,China (bilateral),Morocco,0.22262860892473976
2009,China (bilateral),Mozambique,0.5385829600343238
2009,China (bilateral),Myanmar,28.201600089781117
2009,China (bilateral),Nigeria,30.997399332669243
2009,China (bilateral),North Macedonia,9.960674269902636
2009,China (bilateral),Pakistan,3.2101736799819545
2009,China (bilateral),Papua New Guinea,0.3146600443717181
2009,China (bilateral),Peru,0.05588602244060332
2009,China (bilateral),Philippines,0.17950190898644167
2009,China (bilateral),Rwanda,2.9094671411887583
2009,China (bilateral),Samoa,9.204699188043984
2009,China (bilateral),Sao Tome and Principe,14.25507155966537
2009,China (bilateral),Senegal,8.258178521215473
2009,China (bilateral),Serbia,0.4059189170540719
2009,China (bilateral),Sierra Leone,4.799474096252473
2009,China (bilateral),South Asia,0.7546928801183814
2009,China (bilateral),Sri Lanka,4.903295927174305
2009,China (bilateral),St. Vincent and the Grenadines,1.5748724315687577
2009,China (bilateral),Sub-Saharan Africa (excluding high income),5.726551000719351
2009,China (bilateral),Sudan,46.8215771602322
2009,China (bilateral),Syrian Arab Republic,0.20961273571370373
2009,China (bilateral),Tajikistan,19.00560541114435
2009,China (bilateral),Togo,0.7409878253477331
2009,China (bilateral),Tonga,37.630173764571865
2009,China (bilateral),Tunisia,0.32509947962407504
2009,China (bilateral),Turkiye,0.016293759856450197
2009,China (bilateral),Turkmenistan,6.760583441116057
2009,China (bilateral),Uganda,2.3941577217474626
2009,China (bilateral),Upper middle income,0.39018978999097564
2009,China (bilateral),Uzbekistan,1.9784027526499481
2009,China (bilateral),Vanuatu,9.963064495468196
2009,China (bilateral),Viet Nam,1.4485420744160873
2009,China (bilateral),"Yemen, Rep.",2.286133048623441
2009,China (bilateral),Zambia,41.55849720139511
2009,China (bilateral),Zimbabwe,98.10286361516155
2009,China (private),Africa (excluding high income),0.2295331220156537
2009,China (private),Angola,0.06110213192615333
2009,China (private),Bangladesh,0.6548918078409057
2009,China (private),Belarus,0.41324247597413266
2009,China (private),"Congo, Rep.",6.836683298574449
2009,China (private),East Asia & Pacific (excluding high income),0.012700145148320756
2009,China (private),Europe & Central Asia (excluding high income),0.05603097429168287
2009,China (private),Gabon,0.3856270115868582
2009,China (private),Honduras,0.9707287586722749
2009,China (private),IDA only,0.17000937733746085
2009,China (private),IDA total,0.44405029748327535
2009,China (private),India,0.05730465420268845
2009,China (private),"Iran, Islamic Rep.",1.0983023169895954
2009,China (private),Latin America & Caribbean (excluding high income),0.0027350641732160827
2009,China (private),Least developed countries: UN classification,0.15915558500903337
2009,China (private),Low & lower middle income,0.14092830587598656
2009,China (private),Low & middle income,0.06489992244307716
2009,China (private),Lower middle income,0.14983564018820608
2009,China (private),"Middle East, North Africa, Afghanistan & Pakistan (excluding high income)",0.13677515562574885
2009,China (private),Middle income,0.0660335454817894
2009,China (private),Mongolia,3.09992570913226
2009,China (private),Myanmar,0.7882674110565799
2009,China (private),Nigeria,5.67271900942116
2009,China (private),North Macedonia,1.9045761816836364
2009,China (private),South Asia,0.10802582231220591
2009,China (private),Sub-Saharan Africa (excluding high income),0.366439223594609
2009,China (private),Upper middle income,0.0340293297103638
2009,China (private),Uzbekistan,1.058907875739596
2009,China (private),Zambia,3.8080112831119886
2010,China (bilateral),Africa (excluding high income),3.5889241079670033
2010,China (bilateral),Albania,1.652104122679169
2010,China (bilateral),Algeria,0.3458624858887942
2010,China (bilateral),Angola,1.9143543435947579
2010,China (bilateral),Bangladesh,0.2504621609481527
2010,China (bilateral),Belarus,12.353408985532784
2010,China (bilateral),Benin,7.7756986512783515
2010,China (bilateral),Bolivia,0.5261528213946779
2010,China (bilateral),Botswana,12.77199608588777
2010,China (bilateral),Brazil,1.7286482619889734
2010,China (bilateral),Burkina Faso,10.51854190651082
2010,China (bilateral),Cabo Verde,0.1823461170713445
2010,China (bilateral),Cambodia,12.55375457850996
2010,China (bilateral),Cameroon,1.3860519437210546
2010,China (bilateral),Chad,2.5068936871740766
2010,China (bilateral),"Congo, Dem. Rep.",2.639548499151281
2010,China (bilateral),"Congo, Rep.",1.713830652083891
2010,China (bilateral),Cote d'Ivoire,0.38804645857952574
2010,China (bilateral),Djibouti,14.311052877717495
2010,China (bilateral),Dominican Republic,0.11396429454176844
2010,China (bilateral),East Asia & Pacific (excluding high income),0.6029086020165844
2010,China (bilateral),Ecuador,2.018529376177547
2010,China (bilateral),"Egypt, Arab Rep.",0.004363757093780758
2010,China (bilateral),El Salvador,0.5535402889216198
2010,China (bilateral),Eritrea,18.42365550991266
2010,China (bilateral),Eswatini,0.559695997160317
2010,China (bilateral),Ethiopia,0.33831713561035165
2010,China (bilateral),Europe & Central Asia (excluding high income),1.1786720011834095
2010,China (bilateral),Fiji,5.65236140501582
2010,China (bilateral),Gabon,3.1633960146186983
2010,China (bilateral),Georgia,0.0
2010,China (bilateral),Ghana,17.350745910804243
2010,China (bilateral),Guatemala,1.710342546044954
2010,China (bilateral),Guinea,3.5954582107531454
2010,China (bilateral),Guyana,13.362956574775833
2010,China (bilateral),Honduras,4.009161334382213
2010,China (bilateral),IDA only,8.788565715628703
2010,China (bilateral),IDA total,8.465664798909994
2010,China (bilateral),India,0.013586545955616487
2010,China (bilateral),Indonesia,0.32504336216120483
2010,China (bilateral),"Iran, Islamic Rep.",6.961800378845891
2010,China (bilateral),Jamaica,1.9020307887080838
2010,China (bilateral),Jordan,0.02082913501807433
2010,China (bilateral),Kenya,3.367095617526944
2010,China (bilateral),Kyrgyz Republic,3.4285341122580255
2010,China (bilateral),Lao PDR,1.7536178171340755
2010,China (bilateral),Latin America & Caribbean (excluding high income),0.5562745770903614
2010,China (bilateral),Least developed countries: UN classification,7.5104029340808784
2010,China (bilateral),Lesotho,2.091473394671291
2010,China (bilateral),Low & lower middle income,2.7267376192184907
2010,China (bilateral),Low & middle income,1.2903810657653663
2010,China (bilateral),Low income,13.920814012725522
2010,China (bilateral),Lower middle income,2.1010348405292563
2010,China (bilateral),Madagascar,2.0375017586858326
2010,China (bilateral),Malawi,2.2824839365881964
2010,China (bilateral),Maldives,0.2477291113974291
2010,China (bilateral),Mali,11.408963567206635
2010,China (bilateral),Mauritania,2.976629229737289
2010,China (bilateral),Mauritius,4.174850497432024
2010,China (bilateral),"Middle East, North Africa, Afghanistan & Pakistan (excluding high income)",2.7818376280766213
2010,China (bilateral),Middle income,1.0944922785791957
2010,China (bilateral),Morocco,0.5520712195784042
2010,China (bilateral),Mozambique,0.2922579883238825
2010,China (bilateral),Myanmar,19.461851669655683
2010,China (bilateral),Nicaragua,0.0
2010,China (bilateral),Nigeria,31.148128215506706
2010,China (bilateral),North Macedonia,11.878845455814131
2010,China (bilateral),Pakistan,9.23760453789579
2010,China (bilateral),Peru,0.03554618579382127
2010,China (bilateral),Philippines,0.1552672908475705
2010,China (bilateral),Rwanda,0.9309086567085677
2010,China (bilateral),Samoa,13.93197651489884
2010,China (bilateral),Senegal,7.729712891695627
2010,China (bilateral),Serbia,2.0471767513933994
2010,China (bilateral),Sierra Leone,3.8911321912917787
2010,China (bilateral),South Asia,0.895276269536295
2010,China (bilateral),Sri Lanka,6.295836145876264
2010,China (bilateral),St. Vincent and the Grenadines,1.5402783641752444
2010,China (bilateral),Sub-Saharan Africa (excluding high income),6.008244776334
2010,China (bilateral),Sudan,57.506519239293475
2010,China (bilateral),Syrian Arab Republic,0.3581927787582457
2010,China (bilateral),Tajikistan,21.883597093184605
2010,China (bilateral),Tanzania,1.584382024189627
2010,China (bilateral),Togo,1.32529079113824
2010,China (bilateral),Tonga,44.21319500024458
2010,China (bilateral),Tunisia,0.39060395306967394
2010,China (bilateral),Turkiye,0.05378973903839421
2010,China (bilateral),Turkmenistan,28.009155315659584
2010,China (bilateral),Uganda,2.1010809620354234
2010,China (bilateral),Upper middle income,0.7079597481680519
2010,China (bilateral),Uzbekistan,2.9087784871839335
2010,China (bilateral),Vanuatu,12.115634996336993
2010,China (bilateral),Viet Nam,7.218537595985037
2010,China (bilateral),"Yemen, Rep.",2.9272106300542777
2010,China (bilateral),Zambia,29.80724349816847
2010,China (bilateral),Zimbabwe,93.5317881822496
2010,China (private),Africa (excluding high income),0.9991578483366385
2010,China (private),Angola,4.129446578960408
2010,China (private),Bangladesh,0.15529602666650125
2010,China (private),Belarus,0.3724462034864948
2010,China (private),"Congo, Rep.",20.879049320895344
2010,China (private),Cote d'Ivoire,0.02395788321705264
2010,China (private),East Asia & Pacific (excluding high income),0.07146583113688394
2010,China (private),Ethiopia,25.087538821461997
2010,China (private),Europe & Central Asia (excluding high income),0.09117555326302203
2010,China (private),Honduras,1.4336731654443013
2010,China (private),IDA only,1.0130429604203046
2010,China (private),IDA total,0.8107486696253312
2010,China (private),India,0.04567471219206726
2010,China (private),Indonesia,0.0012293798480528897
2010,China (private),"Iran, Islamic Rep.",0.5873709867849218
2010,China (private),Latin America & Caribbean (excluding high income),0.002709585019761999
2010,China (private),Least developed countries: UN classification,2.57587386310701
2010,China (private),Low & lower middle income,0.48286813719773086
2010,China (private),Low & middle income,0.1546897234718876
2010,China (private),Low income,1.9290102603561432
2010,China (private),Lower middle income,0.40203474701606146
2010,China (private),"Middle East, North Africa, Afghanistan & Pakistan (excluding high income)",0.053946257583959746
2010,China (private),Middle income,0.12717130826717182
2010,China (private),Moldova,8.265766112476097
2010,China (private),Mongolia,1.7019472736833892
2010,China (private),Myanmar,3.9019571057542426
2010,China (private),North Macedonia,1.6073773867135503
2010,China (private),South Asia,0.04936587242965068
2010,China (private),Sub-Saharan Africa (excluding high income),1.7431550316322026
2010,China (private),Upper middle income,0.02161823528903378
2010,China (private),Uzbekistan,1.0272276077134146
2010,China (private),Viet Nam,0.9454762968999764
2010,China (private),Zambia,14.479516084354557
2011,China (bilateral),Africa (excluding high income),3.9561451824335405
2011,China (bilateral),Albania,1.3036997360518767
2011,China (bilateral),Angola,3.6842696746728416
2011,China (bilateral),Argentina,0.012582563518204042
2011,China (bilateral),Bangladesh,1.1314621168487033
2011,China (bilateral),Belarus,5.676413593944757
2011,China (bilateral),Benin,7.132424796871141
2011,China (bilateral),Bolivia,1.9503916421169152
2011,China (bilateral),Botswana,35.40357105543774
2011,China (bilateral),Brazil,1.5810060691789654
2011,China (bilateral),Burkina Faso,8.53217042178917
2011,China (bilateral),Cabo Verde,1.6696900777504762
2011,China (bilateral),Cambodia,11.184530106522567
2011,China (bilateral),Cameroon,2.3806086565154785
2011,China (bilateral),Central African Republic,54.607794460639624
2011,China (bilateral),Chad,2.7296751922828872
2011,China (bilateral),"Congo, Dem. Rep.",0.7510437762833413
2011,China (bilateral),"Congo, Rep.",1.7170374425789061
2011,China (bilateral),Cote d'Ivoire,0.6209971595885836
2011,China (bilateral),Djibouti,12.202774262266056
2011,China (bilateral),Dominica,1.1560399594239519
2011,China (bilateral),Dominican Republic,0.09894436082260276
2011,China (bilateral),East Asia & Pacific (excluding high income),0.8782894194132135
2011,China (bilateral),Ecuador,21.056095663026195
2011,China (bilateral),"Egypt, Arab Rep.",0.04920637305278191
2011,China (bilateral),El Salvador,0.4472027651114398
2011,China (bilateral),Eritrea,22.370370914371712
2011,China (bilateral),Eswatini,0.5736936353612953
2011,China (bilateral),Ethiopia,1.715909969897769
2011,China (bilateral),Europe & Central Asia (excluding high income),1.598048957869932
2011,China (bilateral),Fiji,1.3504772463794097
2011,China (bilateral),Gabon,4.216390150404909
2011,China (bilateral),Georgia,0.0
2011,China (bilateral),Ghana,17.390059113416985
2011,China (bilateral),Guatemala,1.379520486659311
2011,China (bilateral),Guinea,1.356417106720602
2011,China (bilateral),Guyana,12.251700914255109
2011,China (bilateral),Honduras,3.567685711879393
2011,China (bilateral),IDA only,9.72077101603942
2011,China (bilateral),IDA total,9.613205288270475
2011,China (bilateral),Indonesia,0.649045201669589
2011,China (bilateral),"Iran, Islamic Rep.",8.519861358940796
2011,China (bilateral),Jamaica,0.9095706781543259
2011,China (bilateral),Jordan,0.05119514240753749
2011,China (bilateral),Kenya,3.414819962305246
2011,China (bilateral),Kyrgyz Republic,4.763397280331248
2011,China (bilateral),Lao PDR,17.99411441341875
2011,China (bilateral),Latin America & Caribbean (excluding high income),1.1047616186959945
2011,China (bilateral),Least developed countries: UN classification,8.298737200421208
2011,China (bilateral),Lesotho,1.897657135775034
2011,China (bilateral),Low & lower middle income,3.0381958747786184
2011,China (bilateral),Low & middle income,1.679195446137862
2011,China (bilateral),Low income,13.284511227537326
2011,China (bilateral),Lower middle income,2.438015740490259
2011,China (bilateral),Madagascar,2.9251801169203335
2011,China (bilateral),Malawi,4.522897247202066
2011,China (bilateral),Maldives,0.874455840125728
2011,China (bilateral),Mali,2.679310726143769
2011,China (bilateral),Mauritania,3.0618043847545326
2011,China (bilateral),Mauritius,8.471576494924742
2011,China (bilateral),"Middle East, North Africa, Afghanistan & Pakistan (excluding high income)",2.4894428716715735
2011,China (bilateral),Middle income,1.490644679463267
2011,China (bilateral),Montenegro,0.05454135184580261
2011,China (bilateral),Morocco,1.228540106060699
2011,China (bilateral),Mozambique,5.013645354015816
2011,China (bilateral),Myanmar,31.356907041368505
2011,China (bilateral),Nepal,0.10035012033273921
2011,China (bilateral),Nicaragua,0.0
2011,China (bilateral),Nigeria,34.138838585533364
2011,China (bilateral),North Macedonia,3.1868013180979893
2011,China (bilateral),Pakistan,10.863692157309258
2011,China (bilateral),Papua New Guinea,3.1956431444286486
2011,China (bilateral),Philippines,0.27612858645213123
2011,China (bilateral),Rwanda,2.50779797669784
2011,China (bilateral),Samoa,15.059307668530277
2011,China (bilateral),Senegal,5.1599528430706565
2011,China (bilateral),Serbia,2.8835747503633486
2011,China (bilateral),Sierra Leone,4.33405255854171
2011,China (bilateral),South Asia,1.0766448442857601
2011,China (bilateral),Sri Lanka,9.377680259763768
2011,China (bilateral),St. Vincent and the Grenadines,0.7823235572910866
2011,China (bilateral),Sub-Saharan Africa (excluding high income),6.551148904203547
2011,China (bilateral),Sudan,56.41099309742496
2011,China (bilateral),Syrian Arab Republic,0.4584598493695826
2011,China (bilateral),Tajikistan,25.28252413030803
2011,China (bilateral),Tanzania,1.651901302387533
2011,China (bilateral),Togo,8.69394489393162
2011,China (bilateral),Tonga,41.47970464223392
2011,China (bilateral),Tunisia,0.3668817501919337
2011,China (bilateral),Turkiye,0.06056987236399617
2011,China (bilateral),Turkmenistan,49.40242487949355
2011,China (bilateral),Uganda,4.95642114281643
2011,China (bilateral),Upper middle income,1.127013776294449
2011,China (bilateral),Uzbekistan,6.27152091529984
2011,China (bilateral),Vanuatu,14.509055546591899
2011,China (bilateral),Viet Nam,6.05271086519278
2011,China (bilateral),"Yemen, Rep.",2.898921057039538
2011,China (bilateral),Zambia,38.82481674597927
2011,China (bilateral),Zimbabwe,96.65052974738217
2011,China (private),Africa (excluding high income),3.1987175184082384
2011,China (private),Angola,17.15176100017179
2011,China (private),Bangladesh,0.1148898299935544
2011,China (private),Belarus,0.12098039049043922
2011,China (private),"Congo, Rep.",37.17942621518687
2011,China (private),Cote d'Ivoire,2.2368683901961983
2011,China (private),East Asia & Pacific (excluding high income),0.13660386768489532
2011,China (private),Ethiopia,26.806186289484586
2011,China (private),Europe & Central Asia (excluding high income),0.08238616188830523
2011,China (private),Gabon,0.1604977729536254
2011,China (private),Honduras,1.2543332982981847
2011,China (private),IDA only,1.9028699241241722
2011,China (private),IDA total,1.705873226355398
2011,China (private),India,2.6097188017988358
2011,China (private),Indonesia,0.028778863684042862
2011,China (private),"Iran, Islamic Rep.",2.5151660016752135
2011,China (private),Kenya,0.5906878960524845
2011,China (private),Latin America & Caribbean (excluding high income),0.0025299258958950545
2011,China (private),Least developed countries: UN classification,8.335504336140211
2011,China (private),Low & lower middle income,1.968962359353718
2011,China (private),Low & middle income,0.6023058702908268
2011,China (private),Low income,3.6014899725947935
2011,China (private),Lower middle income,1.8733367018942608
2011,China (private),"Middle East, North Africa, Afghanistan & Pakistan (excluding high income)",0.19020288928311857
2011,China (private),Middle income,0.5535783326227842
2011,China (private),Moldova,8.040320207485237
2011,China (private),Mongolia,0.4167903667428674
2011,China (private),Myanmar,15.088169016825553
2011,China (private),North Macedonia,1.2979383815921839
2011,China (private),South Asia,1.9804794968253943
2011,China (private),Sub-Saharan Africa (excluding high income),5.59046549464802
2011,China (private),Tanzania,1.2873498778466759
2011,China (private),Upper middle income,0.0470134315769836
2011,China (private),Uzbekistan,1.2039538217678978
2011,China (private),Viet Nam,0.6878454282859183
2011,China (private),Zambia,12.03890493001484
2012,China (bilateral),Africa (excluding high income),4.017389862111714
2012,China (bilateral),Albania,1.2806992888429876
2012,China (bilateral),Algeria,0.0
2012,China (bilateral),Angola,4.878292010737282
2012,China (bilateral),Argentina,0.1233757126632457
2012,China (bilateral),Bangladesh,1.5119300867147456
2012,China (bilateral),Belarus,7.317300346466446
2012,China (bilateral),Benin,30.35643552316026
2012,China (bilateral),Bolivia,1.7228355072935004
2012,China (bilateral),Botswana,11.589689108140526
2012,China (bilateral),Brazil,3.0410198532999004
2012,China (bilateral),Burkina Faso,8.154143828037911
2012,China (bilateral),Cabo Verde,1.8923460039091948
2012,China (bilateral),Cambodia,23.03589440034268
2012,China (bilateral),Cameroon,9.77235522864449
2012,China (bilateral),Chad,3.914275538000019
2012,China (bilateral),"Congo, Dem. Rep.",0.21700335769498752
2012,China (bilateral),"Congo, Rep.",7.064190095090817
2012,China (bilateral),Cote d'Ivoire,1.0325315166064908
2012,China (bilateral),Djibouti,11.01393900794154
2012,China (bilateral),Dominica,2.153847072891558
2012,China (bilateral),Dominican Republic,0.11188602999739049
2012,China (bilateral),East Asia & Pacific (excluding high income),1.706864413616014
2012,China (bilateral),Ecuador,28.778431259122875
2012,China (bilateral),"Egypt, Arab Rep.",0.07776596558810835
2012,China (bilateral),El Salvador,0.5110776713389933
2012,China (bilateral),Eritrea,55.376722351447135
2012,China (bilateral),Eswatini,0.5919305294195086
2012,China (bilateral),Ethiopia,11.336569034376009
2012,China (bilateral),Europe & Central Asia (excluding high income),2.7670444408002965
2012,China (bilateral),Fiji,9.862722852672293
2012,China (bilateral),Gabon,4.025961180510473
2012,China (bilateral),Georgia,0.0
2012,China (bilateral),Ghana,18.853408280520227
2012,China (bilateral),Guatemala,1.3679186873530225
2012,China (bilateral),Guinea,2.6645004211359735
2012,China (bilateral),Guyana,3.887030460807452
2012,China (bilateral),Honduras,1.9304377638522774
2012,China (bilateral),IDA only,9.427890914371018
2012,China (bilateral),IDA total,8.929191654557872
2012,China (bilateral),Indonesia,0.740929301174329
2012,China (bilateral),"Iran, Islamic Rep.",6.1070596397149695
2012,China (bilateral),Jamaica,1.4266683695027023
2012,China (bilateral),Jordan,0.08366812368500298
2012,China (bilateral),Kenya,3.6117277132401875
2012,China (bilateral),Kyrgyz Republic,10.449664947344159
2012,China (bilateral),Lao PDR,26.392197311305754
2012,China (bilateral),Latin America & Caribbean (excluding high income),1.3128847800728074
2012,China (bilateral),Least developed countries: UN classification,7.538024312408717
2012,China (bilateral),Lesotho,2.7117644386167044
2012,China (bilateral),Liberia,1.8400366176527092
2012,China (bilateral),Low & lower middle income,3.8960894038711276
2012,China (bilateral),Low & middle income,2.060585623158789
2012,China (bilateral),Low income,13.88935349447335
2012,China (bilateral),Lower middle income,3.4367994824013453
2012,China (bilateral),Madagascar,2.0869634818199376
2012,China (bilateral),Malawi,7.967051097126452
2012,China (bilateral),Maldives,2.0754184256698114
2012,China (bilateral),Mali,6.9419906926420145
2012,China (bilateral),Mauritania,3.0893444801959453
2012,China (bilateral),Mauritius,12.315693252754382
2012,China (bilateral),"Middle East, North Africa, Afghanistan & Pakistan (excluding high income)",2.218998853020891
2012,China (bilateral),Middle income,1.9177011116509084
2012,China (bilateral),Mongolia,0.6010374601093664
2012,China (bilateral),Montenegro,0.3213148235115346
2012,China (bilateral),Morocco,3.737888373421906
2012,China (bilateral),Mozambique,5.165975486695606
2012,China (bilateral),Myanmar,7.790162366206218
2012,China (bilateral),Nepal,0.4339223495163234
2012,China (bilateral),Nicaragua,0.0
2012,China (bilateral),Niger,8.576749422609627
2012,China (bilateral),Nigeria,35.715567311316
2012,China (bilateral),North Macedonia,4.921807950949374
2012,China (bilateral),Pakistan,6.828370083929144
2012,China (bilateral),Papua New Guinea,2.5648014598556683
2012,China (bilateral),Philippines,0.656200295031019
2012,China (bilateral),Rwanda,2.9720877822027663
2012,China (bilateral),Samoa,24.217716851606863
2012,China (bilateral),Senegal,9.04020073377066
2012,China (bilateral),Serbia,2.3065749579146164
2012,China (bilateral),Sierra Leone,7.182011327520398
2012,China (bilateral),South Asia,1.3842526895173985
2012,China (bilateral),Sri Lanka,7.538342695887164
2012,China (bilateral),Sub-Saharan Africa (excluding high income),5.4956334621280805
2012,China (bilateral),Sudan,37.94193376451158
2012,China (bilateral),Tajikistan,36.39192599740779
2012,China (bilateral),Tanzania,0.968254422692283
2012,China (bilateral),Togo,9.863110251882105
2012,China (bilateral),Tonga,45.671689524705414
2012,China (bilateral),Tunisia,0.3456630730767004
2012,China (bilateral),Turkiye,0.07298313249217914
2012,China (bilateral),Turkmenistan,73.01928814865734
2012,China (bilateral),Uganda,5.1602309712257926
2012,China (bilateral),Upper middle income,1.3760979543925558
2012,China (bilateral),Uzbekistan,7.700291169919738
2012,China (bilateral),Vanuatu,19.939459893395174
2012,China (bilateral),Viet Nam,11.169976465459223
2012,China (bilateral),"Yemen, Rep.",2.240027016550812
2012,China (bilateral),Zambia,33.29493635722031
2012,China (bilateral),Zimbabwe,74.42893780849191
2012,China (private),Africa (excluding high income),4.343663013075855
2012,China (private),Angola,19.199113817575107
2012,China (private),Belarus,0.06358339291338432
2012,China (private),"Congo, Rep.",36.58064009527144
2012,China (private),Cote d'Ivoire,3.103597040694951
2012,China (private),East Asia & Pacific (excluding high income),0.23678414249860502
2012,China (private),Ethiopia,22.92726929607976
2012,China (private),Europe & Central Asia (excluding high income),0.08771658962830482
2012,China (private),Ghana,0.12075169043896239
2012,China (private),Honduras,1.1965523329662877
2012,China (private),IDA only,1.9059266744314887
2012,China (private),IDA total,1.860774890920696
2012,China (private),India,0.6381591156748881
2012,China (private),Indonesia,0.05980446988057824
2012,China (private),"Iran, Islamic Rep.",3.537464652613226
2012,China (private),Kenya,0.16178541737837224
2012,China (private),Latin America & Caribbean (excluding high income),0.0022844047189529157
2012,China (private),Least developed countries: UN classification,9.911766922711852
2012,China (private),Low & lower middle income,2.545068411525439
2012,China (private),Low & middle income,0.716251651570879
2012,China (private),Low income,5.027114068222782
2012,China (private),Lower middle income,2.4309937163694304
2012,China (private),"Middle East, North Africa, Afghanistan & Pakistan (excluding high income)",0.10336132412799762
2012,China (private),Middle income,0.6641789862449564
2012,China (private),Moldova,12.084396939174349
2012,China (private),Mongolia,4.032516144400434
2012,China (private),Myanmar,4.404602400311296
2012,China (private),North Macedonia,0.9963030617157179
2012,China (private),South Asia,0.44009164911229615
2012,China (private),Sub-Saharan Africa (excluding high income),6.663104359069951
2012,China (private),Tanzania,4.794832173441424
2012,China (private),Upper middle income,0.03425767597901006
2012,China (private),Uzbekistan,1.1719532238795467
2012,China (private),Viet Nam,0.5624469497559339
2012,China (private),Zambia,6.230556821836365
2013,China (bilateral),Africa (excluding high income),4.702439084997849
2013,China (bilateral),Albania,1.8522203782504123
2013,China (bilateral),Algeria,0.0
2013,China (bilateral),Angola,4.397076844818323
2013,China (bilateral),Argentina,0.1514259427193116
2013,China (bilateral),Bangladesh,0.9088031810079624
2013,China (bilateral),Belarus,10.071986723534977
2013,China (bilateral),Benin,42.265386070463585
2013,China (bilateral),Bolivia,3.872773183198323
2013,China (bilateral),Botswana,5.77129583863097
2013,China (bilateral),Brazil,1.8005882074901944
2013,China (bilateral),Burkina Faso,9.64308465382746
2013,China (bilateral),Cabo Verde,1.7268001487055205
2013,China (bilateral),Cambodia,24.385444854674294
2013,China (bilateral),Cameroon,13.713565929985768
2013,China (bilateral),Chad,3.5732377792395087
2013,China (bilateral),"Congo, Dem. Rep.",6.63420457442143
2013,China (bilateral),"Congo, Rep.",24.703111370677615
2013,China (bilateral),Cote d'Ivoire,0.6229489699280717
2013,China (bilateral),Djibouti,10.651835701968487
2013,China (bilateral),Dominica,4.170909409088188
2013,China (bilateral),Dominican Republic,0.08182666023959657
2013,China (bilateral),East Asia & Pacific (excluding high income),1.5687562581603056
2013,China (bilateral),Ecuador,46.391328296708444
2013,China (bilateral),"Egypt, Arab Rep.",0.3464530139960153
2013,China (bilateral),El Salvador,0.5099677958790867
2013,China (bilateral),Eritrea,57.86657451313215
2013,China (bilateral),Eswatini,0.7018527481955957
2013,China (bilateral),Ethiopia,14.149735994061606
2013,China (bilateral),Europe & Central Asia (excluding high income),2.792134896779369
2013,China (bilateral),Fiji,11.312758203903474
2013,China (bilateral),Gabon,2.3546551474719655
2013,China (bilateral),Georgia,0.13538407667669217
2013,China (bilateral),Ghana,20.20212053157415
2013,China (bilateral),Guatemala,0.6246749953859109
2013,China (bilateral),Guinea,5.274796730696601
2013,China (bilateral),Guyana,14.902480850412212
2013,China (bilateral),Honduras,1.2819669987803193
2013,China (bilateral),IDA only,11.12953977494086
2013,China (bilateral),IDA total,11.016599021550084
2013,China (bilateral),Indonesia,0.6294211424793238
2013,China (bilateral),"Iran, Islamic Rep.",13.730839693609934
2013,China (bilateral),Jamaica,2.8349097578381075
2013,China (bilateral),Jordan,0.051977718691024966
2013,China (bilateral),Kenya,5.504523779646733
2013,China (bilateral),Kyrgyz Republic,15.3668614256421
2013,China (bilateral),Lao PDR,27.37376835605717
2013,China (bilateral),Latin America & Caribbean (excluding high income),1.9768096966606075
2013,China (bilateral),Least developed countries: UN classification,7.678635575273155
2013,China (bilateral),Lesotho,8.541248482568776
2013,China (bilateral),Liberia,1.4374087367596329
2013,China (bilateral),Low & lower middle income,4.586064828063765
2013,China (bilateral),Low & middle income,2.55255580272902
2013,China (bilateral),Low income,15.88758891124454
2013,China (bilateral),Lower middle income,3.9908177720696933
2013,China (bilateral),Madagascar,2.215133601795028
2013,China (bilateral),Malawi,10.860341565770135
2013,China (bilateral),Maldives,3.336457996154627
2013,China (bilateral),Mali,9.293151511899232
2013,China (bilateral),Mauritania,3.2432199164213262
2013,China (bilateral),Mauritius,12.905756821539148
2013,China (bilateral),"Middle East, North Africa, Afghanistan & Pakistan (excluding high income)",3.0360255453901632
2013,China (bilateral),Middle income,2.3567344577604477
2013,China (bilateral),Mongolia,4.536640434769522
2013,China (bilateral),Montenegro,0.4487166983406536
2013,China (bilateral),Morocco,2.9406798177682814
2013,China (bilateral),Mozambique,5.134872007288338
2013,China (bilateral),Myanmar,4.406666808404513
2013,China (bilateral),Nepal,0.5794136015315776
2013,China (bilateral),Nicaragua,0.0
2013,China (bilateral),Niger,39.55322934741399
2013,China (bilateral),Nigeria,26.43173352542273
2013,China (bilateral),North Macedonia,2.1342399703239208
2013,China (bilateral),Pakistan,7.926188497597338
2013,China (bilateral),Papua New Guinea,3.903042402820164
2013,China (bilateral),Philippines,0.5178875401672105
2013,China (bilateral),Rwanda,5.707005877819673
2013,China (bilateral),Samoa,29.76479902081024
2013,China (bilateral),Senegal,12.420921899163664
2013,China (bilateral),Serbia,1.5690734990149995
2013,China (bilateral),Sierra Leone,11.851106218686313
2013,China (bilateral),South Asia,1.6125170911969207
2013,China (bilateral),Sri Lanka,15.736597012194032
2013,China (bilateral),Sub-Saharan Africa (excluding high income),6.082343879297735
2013,China (bilateral),Sudan,55.17901367528782
2013,China (bilateral),Tajikistan,45.38995588935829
2013,China (bilateral),Tanzania,2.5011119262886643
2013,China (bilateral),Togo,6.082338578091276
2013,China (bilateral),Tonga,46.85376133099286
2013,China (bilateral),Tunisia,0.38424074965052724
2013,China (bilateral),Turkiye,0.2913809779420743
2013,China (bilateral),Turkmenistan,77.23259794224786
2013,China (bilateral),Uganda,12.812859791192642
2013,China (bilateral),Ukraine,0.1466821701467226
2013,China (bilateral),Upper middle income,1.7250078612626296
2013,China (bilateral),Uzbekistan,14.97894806772939
2013,China (bilateral),Vanuatu,42.54540373800352
2013,China (bilateral),Viet Nam,10.062869334734946
2013,China (bilateral),"Yemen, Rep.",3.3319345012534973
2013,China (bilateral),Zambia,33.49152902895197
2013,China (bilateral),Zimbabwe,44.3928517988248
2013,China (private),Africa (excluding high income),4.933387968873908
2013,China (private),Angola,23.643164544156548
2013,China (private),Belarus,0.12585470932429307
2013,China (private),"Congo, Rep.",19.726618524392546
2013,China (private),East Asia & Pacific (excluding high income),0.2718869187316609
2013,China (private),Ethiopia,25.004195997607447
2013,China (private),Europe & Central Asia (excluding high income),0.05877033412553005
2013,China (private),Ghana,0.17220418001195908
2013,China (private),Honduras,0.8163640677275563
2013,China (private),IDA only,2.492287290708266
2013,China (private),IDA total,2.2084842175437136
2013,China (private),Indonesia,0.0509498854635664
2013,China (private),"Iran, Islamic Rep.",7.266030922710508
2013,China (private),Latin America & Caribbean (excluding high income),0.0023913268883728736
2013,China (private),Least developed countries: UN classification,10.920347433184174
2013,China (private),Low & lower middle income,2.9540718047855044
2013,China (private),Low & middle income,0.882457031360687
2013,China (private),Low income,6.244266201487725
2013,China (private),Lower middle income,2.780778493735551
2013,China (private),"Middle East, North Africa, Afghanistan & Pakistan (excluding high income)",0.184293020841112
2013,China (private),Middle income,0.8037203177271366
2013,China (private),Moldova,6.370911245275667
2013,China (private),Mongolia,2.0156210587259684
2013,China (private),Myanmar,3.0069827699054095
2013,China (private),North Macedonia,0.432324797755852
2013,China (private),Sub-Saharan Africa (excluding high income),6.927365359518689
2013,China (private),Tanzania,8.120856925376318
2013,China (private),Upper middle income,0.03940174126829996
2013,China (private),Uzbekistan,1.2040963710053243
2013,China (private),Viet Nam,0.7019254932675761
2013,China (private),Zambia,6.262311197768497
2014,China (bilateral),Africa (excluding high income),5.587868714279751
2014,China (bilateral),Albania,1.373554224940521
2014,China (bilateral),Algeria,0.0
2014,China (bilateral),Angola,3.8127408320159515
2014,China (bilateral),Argentina,4.501275038661101
2014,China (bilateral),Bangladesh,1.1226573687719366
2014,China (bilateral),Belarus,10.482700878082865
2014,China (bilateral),Benin,15.239640742750575
2014,China (bilateral),Bolivia,4.273984456766316
2014,China (bilateral),Botswana,20.992374140912418
2014,China (bilateral),Brazil,2.139352622534332
2014,China (bilateral),Burkina Faso,10.435410117647224
2014,China (bilateral),Cabo Verde,4.139565167474372
2014,China (bilateral),Cambodia,31.297224283232346
2014,China (bilateral),Cameroon,18.996658391164758
2014,China (bilateral),Central African Republic,5.819441211005575
2014,China (bilateral),Chad,0.9482025042096465
2014,China (bilateral),"Congo, Dem. Rep.",5.156773039201677
2014,China (bilateral),"Congo, Rep.",30.069021739664766
2014,China (bilateral),Cote d'Ivoire,1.2822805807452329
2014,China (bilateral),Djibouti,11.619524627286982
2014,China (bilateral),Dominica,4.226540310534704
2014,China (bilateral),Dominican Republic,0.01611241720065695
2014,China (bilateral),East Asia & Pacific (excluding high income),1.3714222977580386
2014,China (bilateral),Ecuador,45.35161801203451
2014,China (bilateral),"Egypt, Arab Rep.",0.1984108576545021
2014,China (bilateral),El Salvador,0.4728689521833846
2014,China (bilateral),Eritrea,21.431647550834462
2014,China (bilateral),Eswatini,0.7382862125234383
2014,China (bilateral),Ethiopia,19.78476853603871
2014,China (bilateral),Europe & Central Asia (excluding high income),8.117194353861334
2014,China (bilateral),Fiji,14.08173596477004
2014,China (bilateral),Gabon,6.037698992334877
2014,China (bilateral),"Gambia, The",31.56785345243572
2014,China (bilateral),Georgia,0.13700033010983234
2014,China (bilateral),Ghana,16.040723933842052
2014,China (bilateral),Guatemala,0.3592757751199058
2014,China (bilateral),Guinea,4.487457899533532
2014,China (bilateral),Guyana,14.636679463702585
2014,China (bilateral),Honduras,0.8086574074418758
2014,China (bilateral),IDA only,11.461407814225018
2014,China (bilateral),IDA total,12.21911193224313
2014,China (bilateral),Indonesia,0.35965794396517164
2014,China (bilateral),"Iran, Islamic Rep.",11.848786672077528
2014,China (bilateral),Jamaica,3.1042996764518187
2014,China (bilateral),Jordan,0.058556796959467076
2014,China (bilateral),Kenya,7.018257076020929
2014,China (bilateral),Kyrgyz Republic,25.063532423826814
2014,China (bilateral),Lao PDR,30.497936824001975
2014,China (bilateral),Latin America & Caribbean (excluding high income),2.974881986134253
2014,China (bilateral),Least developed countries: UN classification,8.18226082435759
2014,China (bilateral),Lesotho,4.710229798226741
2014,China (bilateral),Liberia,0.6173064177398985
2014,China (bilateral),Low & lower middle income,4.812104158545571
2014,China (bilateral),Low & middle income,3.590961594353059
2014,China (bilateral),Low income,13.890152004604953
2014,China (bilateral),Lower middle income,4.303467556406819
2014,China (bilateral),Madagascar,7.612029701114453
2014,China (bilateral),Malawi,11.655379026421066
2014,China (bilateral),Maldives,1.5821482074018245
2014,China (bilateral),Mali,12.939455257400592
2014,China (bilateral),Mauritania,7.289138598032789
2014,China (bilateral),Mauritius,14.037970867897183
2014,China (bilateral),"Middle East, North Africa, Afghanistan & Pakistan (excluding high income)",3.1536381762944483
2014,China (bilateral),Middle income,3.414184103995605
2014,China (bilateral),Mongolia,4.898504775980048
2014,China (bilateral),Montenegro,0.9451177616786559
2014,China (bilateral),Morocco,3.058628623928819
2014,China (bilateral),Mozambique,7.653577390767412
2014,China (bilateral),Myanmar,20.32131442150696
2014,China (bilateral),Nepal,0.6321346580827089
2014,China (bilateral),Nicaragua,0.0
2014,China (bilateral),Niger,52.53850986500174
2014,China (bilateral),Nigeria,25.91909859774078
2014,China (bilateral),North Macedonia,0.2148055781422394
2014,China (bilateral),Pakistan,10.475006643567415
2014,China (bilateral),Papua New Guinea,4.794729013977212
2014,China (bilateral),Philippines,1.385650116406385
2014,China (bilateral),Rwanda,2.4523783538232884
2014,China (bilateral),Samoa,41.88087984877181
2014,China (bilateral),Senegal,13.345801615712624
2014,China (bilateral),Serbia,2.2566604300627287
2014,China (bilateral),Sierra Leone,8.722042398085513
2014,China (bilateral),South Asia,1.6393420518185315
2014,China (bilateral),Sri Lanka,8.582513167859185
2014,China (bilateral),Sub-Saharan Africa (excluding high income),7.958771927629917
2014,China (bilateral),Sudan,51.371077450820536
2014,China (bilateral),Tajikistan,45.65355133798612
2014,China (bilateral),Tanzania,8.081765508749656
2014,China (bilateral),Togo,9.94622228949069
2014,China (bilateral),Tonga,39.01551799673142
2014,China (bilateral),Tunisia,0.793426160057909
2014,China (bilateral),Turkiye,0.3110127432416299
2014,China (bilateral),Turkmenistan,94.290914595205
2014,China (bilateral),Uganda,16.958673705630023
2014,China (bilateral),Ukraine,2.2155756132125832
2014,China (bilateral),Upper middle income,3.0214446660858165
2014,China (bilateral),Uzbekistan,19.85229182371329
2014,China (bilateral),Vanuatu,50.27022033469429
2014,China (bilateral),Viet Nam,8.694856372651403
2014,China (bilateral),"Yemen, Rep.",2.8357952324955584
2014,China (bilateral),Zambia,46.18453769133205
2014,China (bilateral),Zimbabwe,94.20473190503492
2014,China (private),Africa (excluding high income),5.420402519660775
2014,China (private),Angola,19.84137873273426
2014,China (private),Belarus,0.07363077988187756
2014,China (private),"Congo, Rep.",15.169357769714004
2014,China (private),Cote d'Ivoire,0.056082656618764076
2014,China (private),East Asia & Pacific (excluding high income),0.3075189327304162
2014,China (private),Ethiopia,21.05185487638581
2014,China (private),Europe & Central Asia (excluding high income),0.04886682428928463
2014,China (private),Ghana,0.08234342923788797
2014,China (private),Honduras,0.54174873649944
2014,China (private),IDA only,2.8036742500762286
2014,China (private),IDA total,2.243740391048996
2014,China (private),Indonesia,0.026546212121854512
2014,China (private),"Iran, Islamic Rep.",7.954475832058053
2014,China (private),Latin America & Caribbean (excluding high income),0.0026630589427925856
2014,China (private),Least developed countries: UN classification,12.15233551544745
2014,China (private),Low & lower middle income,2.899161714560786
2014,China (private),Low & middle income,0.9520697947818736
2014,China (private),Low income,4.692777561594486
2014,China (private),Lower middle income,2.798666686835915
2014,China (private),"Middle East, North Africa, Afghanistan & Pakistan (excluding high income)",0.1963758495457126
2014,China (private),Middle income,0.8878634926516078
2014,China (private),Moldova,7.127439632823209
2014,China (private),Mongolia,1.6769320267714123
2014,China (private),Myanmar,23.31175783486997
2014,China (private),North Macedonia,0.6986200111541992
2014,China (private),Sub-Saharan Africa (excluding high income),8.266425307464171
2014,China (private),Tanzania,7.7886345531783014
2014,China (private),Upper middle income,0.043984333081729776
2014,China (private),Uzbekistan,0.8066306241244589
2014,China (private),Viet Nam,0.4180478765389692
2014,China (private),Zambia,11.424326595519645
2015,China (bilateral),Africa (excluding high income),4.537211612011108
2015,China (bilateral),Albania,0.5749554686170957
2015,China (bilateral),Algeria,0.0
2015,China (bilateral),Angola,2.951418801611313
2015,China (bilateral),Argentina,2.628042054245541
2015,China (bilateral),Armenia,0.03142732201687979
2015,China (bilateral),Bangladesh,1.8738396191725584
2015,China (bilateral),Belarus,8.628573603720547
2015,China (bilateral),Benin,20.49648597019364
2015,China (bilateral),Bolivia,7.486229025901329
2015,China (bilateral),Botswana,7.167414658206575
2015,China (bilateral),Brazil,5.9759044228155265
2015,China (bilateral),Burkina Faso,5.9614704084369645
2015,China (bilateral),Cabo Verde,6.634084911788829
2015,China (bilateral),Cambodia,35.184787575497154
2015,China (bilateral),Cameroon,27.828333136904025
2015,China (bilateral),Chad,4.536051369881798
2015,China (bilateral),"Congo, Dem. Rep.",8.057763734879313
2015,China (bilateral),"Congo, Rep.",34.512372134085545
2015,China (bilateral),Cote d'Ivoire,3.733885932484263
2015,China (bilateral),Djibouti,22.040562651228242
2015,China (bilateral),Dominica,1.9085428679623666
2015,China (bilateral),Dominican Republic,0.007985410565641204
2015,China (bilateral),East Asia & Pacific (excluding high income),1.5879585636406024
2015,China (bilateral),Ecuador,29.06239107916576
2015,China (bilateral),"Egypt, Arab Rep.",0.5482020837659207
2015,China (bilateral),El Salvador,0.44541877270845603
2015,China (bilateral),Eritrea,31.129881726481504
2015,China (bilateral),Eswatini,0.7173976681233833
2015,China (bilateral),Ethiopia,17.54477444350957
2015,China (bilateral),Europe & Central Asia (excluding high income),5.22281561781803
2015,China (bilateral),Fiji,6.642825028963173
2015,China (bilateral),Gabon,6.950120523872435
2015,China (bilateral),Georgia,0.08019487833445975
2015,China (bilateral),Ghana,15.51083263627912
2015,China (bilateral),Guatemala,0.3219680755896596
2015,China (bilateral),Guinea,11.068304044542934
2015,China (bilateral),Guyana,15.721780754558317
2015,China (bilateral),Honduras,0.9199017979102606
2015,China (bilateral),IDA only,15.017439257621627
2015,China (bilateral),IDA total,14.545223057322001
2015,China (bilateral),Indonesia,0.8412304059392078
2015,China (bilateral),"Iran, Islamic Rep.",17.918598008480526
2015,China (bilateral),Iraq,15.532154738774995
2015,China (bilateral),Jamaica,2.734160029801038
2015,China (bilateral),Jordan,0.1534233110655544
2015,China (bilateral),Kenya,11.368894577549217
2015,China (bilateral),Kyrgyz Republic,41.93493915741551
2015,China (bilateral),Lao PDR,38.01371092452478
2015,China (bilateral),Latin America & Caribbean (excluding high income),3.629943550871652
2015,China (bilateral),Least developed countries: UN classification,9.034262958373874
2015,China (bilateral),Lesotho,6.423388984543363
2015,China (bilateral),Low & lower middle income,5.825289094758705
2015,China (bilateral),Low & middle income,3.537205462490781
2015,China (bilateral),Low income,16.12998785006123
2015,China (bilateral),Lower middle income,5.205953034445084
2015,China (bilateral),Madagascar,4.629377784492448
2015,China (bilateral),Malawi,25.290934796078783
2015,China (bilateral),Maldives,2.7628082581540636
2015,China (bilateral),Mali,15.158282080905519
2015,China (bilateral),Mauritania,4.421581364524122
2015,China (bilateral),Mauritius,24.72591758918476
2015,China (bilateral),"Middle East, North Africa, Afghanistan & Pakistan (excluding high income)",3.972511512912937
2015,China (bilateral),Middle income,3.363555862414242
2015,China (bilateral),Mongolia,3.174312267202704
2015,China (bilateral),Montenegro,1.690874546022217
2015,China (bilateral),Morocco,3.2053382295220905
2015,China (bilateral),Mozambique,14.205529579485118
2015,China (bilateral),Myanmar,20.748313040873246
2015,China (bilateral),Nepal,0.8771259520437554
2015,China (bilateral),Nicaragua,0.0
2015,China (bilateral),Niger,31.156901620794475
2015,China (bilateral),Nigeria,13.58118208631448
2015,China (bilateral),North Macedonia,0.7073474885155402
2015,China (bilateral),Pakistan,9.728993845079211
2015,China (bilateral),Papua New Guinea,6.256602872867747
2015,China (bilateral),Philippines,2.9736479000175557
2015,China (bilateral),Rwanda,2.667463689635749
2015,China (bilateral),Samoa,47.63872354655022
2015,China (bilateral),Senegal,12.252207477769565
2015,China (bilateral),Serbia,2.7508376327170305
2015,China (bilateral),Sierra Leone,12.330768050062119
2015,China (bilateral),South Asia,2.446739388529982
2015,China (bilateral),Sri Lanka,16.65969573864997
2015,China (bilateral),Sub-Saharan Africa (excluding high income),5.428420256623736
2015,China (bilateral),Sudan,36.18165526136675
2015,China (bilateral),Suriname,47.8195485605793
2015,China (bilateral),Tajikistan,51.66294169277527
2015,China (bilateral),Tanzania,17.016541664691662
2015,China (bilateral),Togo,14.9540049383704
2015,China (bilateral),Tonga,46.314866226800376
2015,China (bilateral),Tunisia,0.30604439407785783
2015,China (bilateral),Turkiye,0.4187581768240902
2015,China (bilateral),Turkmenistan,89.32403896510901
2015,China (bilateral),Uganda,19.251874852175405
2015,China (bilateral),Ukraine,0.5281297119738597
2015,China (bilateral),Upper middle income,2.8149816300013235
2015,China (bilateral),Uzbekistan,23.592896259437076
2015,China (bilateral),Vanuatu,55.177697593117536
2015,China (bilateral),Viet Nam,13.799766652405415
2015,China (bilateral),"Yemen, Rep.",1.6865371617049338
2015,China (bilateral),Zambia,29.930918644117032
2015,China (bilateral),Zimbabwe,52.17400614181463
2015,China (private),Africa (excluding high income),5.135963656203602
2015,China (private),Angola,26.305313678201035
2015,China (private),Belarus,0.06247661273298697
2015,China (private),Cameroon,0.11674564697342237
2015,China (private),"Congo, Rep.",17.962312969086774
2015,China (private),Cote d'Ivoire,1.9569180251334946
2015,China (private),East Asia & Pacific (excluding high income),0.22555129054753975
2015,China (private),Ethiopia,14.444149101821303
2015,China (private),Europe & Central Asia (excluding high income),0.022903469915641263
2015,China (private),Ghana,0.07967991117847358
2015,China (private),Honduras,0.47936835115376375
2015,China (private),IDA only,2.724091360427413
2015,China (private),IDA total,2.17789214816324
2015,China (private),Indonesia,0.05198028593895948
2015,China (private),"Iran, Islamic Rep.",8.547984315649469
2015,China (private),Latin America & Caribbean (excluding high income),0.0018789782702650598
2015,China (private),Least developed countries: UN classification,14.82601533170594
2015,China (private),Low & lower middle income,3.5399437703339207
2015,China (private),Low & middle income,0.8802942843617607
2015,China (private),Low income,4.486698633172095
2015,China (private),Lower middle income,3.4830416288199606
2015,China (private),"Middle East, North Africa, Afghanistan & Pakistan (excluding high income)",0.3289882422227414
2015,China (private),Middle income,0.8305633628218683
2015,China (private),Moldova,8.781251586191186
2015,China (private),Mongolia,1.7307437644279686
2015,China (private),Myanmar,23.350303732504376
2015,China (private),North Macedonia,0.41921468287896524
2015,China (private),Pakistan,0.1357216081931691
2015,China (private),Sub-Saharan Africa (excluding high income),6.44832086486171
2015,China (private),Tanzania,4.993881392090708
2015,China (private),Upper middle income,0.040787276074004224
2015,China (private),Viet Nam,0.5152674831102032
2015,China (private),Zambia,9.675791059564121
2016,China (bilateral),Africa (excluding high income),6.347347790326396
2016,China (bilateral),Algeria,0.0
2016,China (bilateral),Angola,1.2928945981997038
2016,China (bilateral),Argentina,1.5512136169961728
2016,China (bilateral),Armenia,0.20048038526863252
2016,China (bilateral),Bangladesh,3.161397814102376
2016,China (bilateral),Belarus,11.741199175198696
2016,China (bilateral),Benin,18.062914503271912
2016,China (bilateral),Bolivia,9.05766155258718
2016,China (bilateral),Botswana,6.253074409839361
2016,China (bilateral),Brazil,6.934585040405243
2016,China (bilateral),Burkina Faso,5.650448236126987
2016,China (bilateral),Burundi,0.5952754131716207
2016,China (bilateral),Cabo Verde,5.816400643062081
2016,China (bilateral),Cambodia,47.02022528042025
2016,China (bilateral),Cameroon,27.44013997188956
2016,China (bilateral),Chad,2.1993871179753217
2016,China (bilateral),Comoros,29.82515810234906
2016,China (bilateral),"Congo, Dem. Rep.",8.011013150777892
2016,China (bilateral),"Congo, Rep.",48.89278535025617
2016,China (bilateral),Cote d'Ivoire,1.6666541412365719
2016,China (bilateral),Djibouti,34.850918957500845
2016,China (bilateral),Dominica,14.114500235361044
2016,China (bilateral),Dominican Republic,0.015421101091227747
2016,China (bilateral),East Asia & Pacific (excluding high income),2.1506543876260094
2016,China (bilateral),Ecuador,31.671106033484495
2016,China (bilateral),"Egypt, Arab Rep.",0.8377151893775391
2016,China (bilateral),El Salvador,0.24535093923765067
2016,China (bilateral),Eritrea,35.219927570796415
2016,China (bilateral),Eswatini,2.1716245363477578
2016,China (bilateral),Ethiopia,21.64720461918392
2016,China (bilateral),Europe & Central Asia (excluding high income),7.8487113680725225
2016,China (bilateral),Fiji,41.141598109738375
2016,China (bilateral),Gabon,15.874495328448619
2016,China (bilateral),Georgia,0.11051252951445746
2016,China (bilateral),Ghana,25.097852553305337
2016,China (bilateral),Guatemala,0.2811741019616195
2016,China (bilateral),Guinea,22.446044372287485
2016,China (bilateral),Guyana,15.938960942437859
2016,China (bilateral),Honduras,1.0665943739465722
2016,China (bilateral),IDA only,19.112370923252254
2016,China (bilateral),IDA total,17.31619747374343
2016,China (bilateral),Indonesia,0.8434060414901062
2016,China (bilateral),"Iran, Islamic Rep.",3.230266340231039
2016,China (bilateral),Iraq,15.205130606765218
2016,China (bilateral),Jamaica,3.8228954381706153
2016,China (bilateral),Jordan,0.13819336061172502
2016,China (bilateral),Kazakhstan,0.4512237736391975
2016,China (bilateral),Kenya,17.91092144949705
2016,China (bilateral),Kyrgyz Republic,42.91141241439873
2016,China (bilateral),Lao PDR,29.969240025828537
2016,China (bilateral),Latin America & Caribbean (excluding high income),3.058531291626905
2016,China (bilateral),Least developed countries: UN classification,8.911937830257914
2016,China (bilateral),Lesotho,5.778942897101199
2016,China (bilateral),Low & lower middle income,5.326045719293848
2016,China (bilateral),Low & middle income,3.9105117903352813
2016,China (bilateral),Low income,20.174635687518354
2016,China (bilateral),Lower middle income,4.6989914528099215
2016,China (bilateral),Madagascar,5.333439147232094
2016,China (bilateral),Malawi,27.65027652755861
2016,China (bilateral),Maldives,8.94741466885404
2016,China (bilateral),Mali,11.51058676461385
2016,China (bilateral),Mauritania,10.423853433126839
2016,China (bilateral),Mauritius,31.090059261418794
2016,China (bilateral),"Middle East, North Africa, Afghanistan & Pakistan (excluding high income)",3.519128642823416
2016,China (bilateral),Middle income,3.70014498358412
2016,China (bilateral),Mongolia,8.56649130543352
2016,China (bilateral),Montenegro,2.7575760020119673
2016,China (bilateral),Morocco,2.6445077597923463
2016,China (bilateral),Mozambique,23.383520526581222
2016,China (bilateral),Myanmar,22.855781518314462
2016,China (bilateral),Nepal,1.7041191341904052
2016,China (bilateral),Nicaragua,0.0
2016,China (bilateral),Niger,40.901021889708126
2016,China (bilateral),Nigeria,16.393972773850862
2016,China (bilateral),North Macedonia,1.020784085030807
2016,China (bilateral),Pakistan,11.66517027548065
2016,China (bilateral),Papua New Guinea,12.207125875879933
2016,China (bilateral),Philippines,0.5247792333714384
2016,China (bilateral),Rwanda,6.2775557504791335
2016,China (bilateral),Samoa,45.96375337086228
2016,China (bilateral),Senegal,12.018841847440434
2016,China (bilateral),Serbia,3.6425284316846422
2016,China (bilateral),Sierra Leone,5.243438298207136
2016,China (bilateral),South Asia,1.9229601633812698
2016,China (bilateral),Sri Lanka,21.543480901617283
2016,China (bilateral),Sub-Saharan Africa (excluding high income),8.64484536023665
2016,China (bilateral),Sudan,60.64883855506268
2016,China (bilateral),Suriname,14.36616189208403
2016,China (bilateral),Tajikistan,53.554714661394
2016,China (bilateral),Tanzania,12.305057628446617
2016,China (bilateral),Togo,13.97664489386652
2016,China (bilateral),Tonga,45.191789641227565
2016,China (bilateral),Tunisia,0.582048521308881
2016,China (bilateral),Turkiye,0.41506301981778404
2016,China (bilateral),Turkmenistan,92.76562041954807
2016,China (bilateral),Uganda,27.705442005792268
2016,China (bilateral),Ukraine,2.4696339892655015
2016,China (bilateral),Upper middle income,3.2591387998284285
2016,China (bilateral),Uzbekistan,22.315481918954152
2016,China (bilateral),Vanuatu,63.24878458976259
2016,China (bilateral),Viet Nam,11.010941572265713
2016,China (bilateral),"Yemen, Rep.",0.2336129986978885
2016,China (bilateral),Zambia,33.78692567225853
2016,China (bilateral),Zimbabwe,22.207310057803817
2016,China (private),Africa (excluding high income),10.074195759389733
2016,China (private),Angola,35.04438087484929
2016,China (private),Belarus,0.033019023365759834
2016,China (private),Cameroon,0.08062483923415478
2016,China (private),"Congo, Rep.",3.375913297941494
2016,China (private),Cote d'Ivoire,0.840730932787689
2016,China (private),East Asia & Pacific (excluding high income),0.5062840192876098
2016,China (private),Ecuador,5.369823445706773
2016,China (private),Ethiopia,27.414479070959903
2016,China (private),Europe & Central Asia (excluding high income),0.017645453215495283
2016,China (private),Gabon,0.18624112250978858
2016,China (private),Ghana,0.08046657013962191
2016,China (private),Honduras,0.3954929919484805
2016,China (private),IDA only,4.704047040267509
2016,China (private),IDA total,3.0329607016698112
2016,China (private),Indonesia,0.03707410146554763
2016,China (private),"Iran, Islamic Rep.",0.016969634177223036
2016,China (private),Lao PDR,1.9662364973345587
2016,China (private),Latin America & Caribbean (excluding high income),0.1643386369749532
2016,China (private),Least developed countries: UN classification,22.375240164757003
2016,China (private),Low & lower middle income,4.910089996298125
2016,China (private),Low & middle income,1.6172081021305627
2016,China (private),Low income,9.942285171334055
2016,China (private),Lower middle income,4.697580966077835
2016,China (private),"Middle East, North Africa, Afghanistan & Pakistan (excluding high income)",0.036471109623250536
2016,China (private),Middle income,1.5095281625237955
2016,China (private),Moldova,4.404916216531354
2016,China (private),Myanmar,30.31822945350899
2016,China (private),North Macedonia,0.4178811119231
2016,China (private),Pakistan,0.22848818898622816
2016,China (private),Sub-Saharan Africa (excluding high income),14.4384992509845
2016,China (private),Tanzania,2.7020065567132856
2016,China (private),Upper middle income,0.10195348130502874
2016,China (private),Viet Nam,0.19388591909338992
2016,China (private),Zambia,6.0847794858987285
2017,China (bilateral),Africa (excluding high income),7.105956229444895
2017,China (bilateral),Algeria,0.0
2017,China (bilateral),Angola,2.447024991177527
2017,China (bilateral),Argentina,1.8612512920366442
2017,China (bilateral),Armenia,0.19646708533519935
2017,China (bilateral),Bangladesh,4.228008047013343
2017,China (bilateral),Belarus,19.81248231981798
2017,China (bilateral),Benin,8.309116875350709
2017,China (bilateral),Bolivia,10.247165929951834
2017,China (bilateral),Botswana,5.226260159729697
2017,China (bilateral),Brazil,5.585164268104499
2017,China (bilateral),Burkina Faso,5.042247784147102
2017,China (bilateral),Burundi,0.012510784916501781
2017,China (bilateral),Cabo Verde,4.84741140952267
2017,China (bilateral),Cambodia,49.27685680688674
2017,China (bilateral),Cameroon,28.041961241996713
2017,China (bilateral),Central African Republic,5.712859731404256
2017,China (bilateral),Chad,4.193271347151101
2017,China (bilateral),Comoros,77.75995627076907
2017,China (bilateral),"Congo, Dem. Rep.",9.120122791950498
2017,China (bilateral),"Congo, Rep.",47.07083880001604
2017,China (bilateral),Cote d'Ivoire,0.9830056766918309
2017,China (bilateral),Djibouti,41.385649908015395
2017,China (bilateral),Dominica,14.315173004091625
2017,China (bilateral),Dominican Republic,0.01759047457948502
2017,China (bilateral),East Asia & Pacific (excluding high income),2.4618529328864924
2017,China (bilateral),Ecuador,35.73034972534325
2017,China (bilateral),"Egypt, Arab Rep.",2.0496018086190944
2017,China (bilateral),El Salvador,0.08463532142859
2017,China (bilateral),Eritrea,33.992388415390046
2017,China (bilateral),Eswatini,7.557826987755407
2017,China (bilateral),Ethiopia,23.752784379568737
2017,China (bilateral),Europe & Central Asia (excluding high income),6.991659030984462
2017,China (bilateral),Fiji,50.09601629448504
2017,China (bilateral),Gabon,2.0648775602489198
2017,China (bilateral),Georgia,0.07288452984171567
2017,China (bilateral),Ghana,23.59816209995956
2017,China (bilateral),Guatemala,0.2717173159063071
2017,China (bilateral),Guinea,17.062588200396277
2017,China (bilateral),Guyana,18.0608854342614
2017,China (bilateral),Honduras,1.2045823253134853
2017,China (bilateral),IDA only,18.109487754866947
2017,China (bilateral),IDA total,17.298039668267915
2017,China (bilateral),Indonesia,0.760793393761098
2017,China (bilateral),"Iran, Islamic Rep.",12.881975854840935
2017,China (bilateral),Iraq,13.29447214300631
2017,China (bilateral),Jamaica,5.721987035059909
2017,China (bilateral),Jordan,0.26073577286611993
2017,China (bilateral),Kazakhstan,0.34637902243929564
2017,China (bilateral),Kenya,20.385473869486056
2017,China (bilateral),Kyrgyz Republic,38.594401637491075
2017,China (bilateral),Lao PDR,33.917855485271666
2017,China (bilateral),Latin America & Caribbean (excluding high income),3.3091898971393214
2017,China (bilateral),Least developed countries: UN classification,11.053166381874018
2017,China (bilateral),Lesotho,7.574590333983725
2017,China (bilateral),Liberia,0.6966841803821553
2017,China (bilateral),Low & lower middle income,7.321305670569139
2017,China (bilateral),Low & middle income,4.422672264743632
2017,China (bilateral),Low income,20.924149492773154
2017,China (bilateral),Lower middle income,6.663617898022347
2017,China (bilateral),Madagascar,4.3293239168543645
2017,China (bilateral),Malawi,32.11254346854215
2017,China (bilateral),Maldives,9.526086772100665
2017,China (bilateral),Mali,19.652898351835503
2017,China (bilateral),Mauritania,8.389996096147279
2017,China (bilateral),Mauritius,16.956615620055626
2017,China (bilateral),"Middle East, North Africa, Afghanistan & Pakistan (excluding high income)",5.645692488778386
2017,China (bilateral),Middle income,4.215329095779077
2017,China (bilateral),Mongolia,2.728170497494415
2017,China (bilateral),Montenegro,4.378328192207966
2017,China (bilateral),Morocco,2.8069276303927895
2017,China (bilateral),Mozambique,19.22972420626472
2017,China (bilateral),Myanmar,35.01148033533787
2017,China (bilateral),Nepal,1.759256937642303
2017,China (bilateral),Nicaragua,0.0
2017,China (bilateral),Niger,41.5439613880842
2017,China (bilateral),Nigeria,18.899292192901154
2017,China (bilateral),North Macedonia,1.6945775651895676
2017,China (bilateral),Pakistan,15.88704513651033
2017,China (bilateral),Papua New Guinea,14.664488341127733
2017,China (bilateral),Philippines,0.6313771033243836
2017,China (bilateral),Rwanda,5.960030708262826
2017,China (bilateral),Samoa,47.35931476180281
2017,China (bilateral),Senegal,8.608146910583617
2017,China (bilateral),Serbia,2.723910161244288
2017,China (bilateral),Sierra Leone,10.169653468206368
2017,China (bilateral),South Asia,2.9337047037329627
2017,China (bilateral),Sri Lanka,14.289230508914883
2017,China (bilateral),Sub-Saharan Africa (excluding high income),9.620235543974344
2017,China (bilateral),Sudan,48.39918725347787
2017,China (bilateral),Suriname,16.64512513741388
2017,China (bilateral),Tajikistan,54.378142376643474
2017,China (bilateral),Tanzania,12.419107831754227
2017,China (bilateral),Togo,26.534057450188918
2017,China (bilateral),Tonga,38.96618392106359
2017,China (bilateral),Tunisia,0.42167247015936904
2017,China (bilateral),Turkiye,0.34061352235227293
2017,China (bilateral),Turkmenistan,88.17555838485178
2017,China (bilateral),Uganda,27.86705453130109
2017,China (bilateral),Ukraine,1.7542278935898528
2017,China (bilateral),Upper middle income,3.3556452621151327
2017,China (bilateral),Uzbekistan,26.216805287817326
2017,China (bilateral),Vanuatu,61.60984802547005
2017,China (bilateral),Viet Nam,12.700907934741247
2017,China (bilateral),"Yemen, Rep.",0.3308320235258328
2017,China (bilateral),Zambia,33.972380073438686
2017,China (bilateral),Zimbabwe,39.452764528355885
2017,China (private),Africa (excluding high income),8.59191440259346
2017,China (private),Angola,35.14132835669001
2017,China (private),Cameroon,0.6002824875298111
2017,China (private),"Congo, Rep.",7.0523781806851655
2017,China (private),Cote d'Ivoire,0.49804635521603535
2017,China (private),East Asia & Pacific (excluding high income),0.5244961722740032
2017,China (private),Ecuador,4.521001936185996
2017,China (private),Ethiopia,22.950914033262002
2017,China (private),Europe & Central Asia (excluding high income),0.005787783715411912
2017,China (private),Gabon,0.0009694015537582968
2017,China (private),Ghana,1.0698353874788882
2017,China (private),Honduras,3.0666836137162288
2017,China (private),IDA only,4.401635200868834
2017,China (private),IDA total,2.749570771101104
2017,China (private),Indonesia,0.0004960151647478983
2017,China (private),"Iran, Islamic Rep.",9.629740858887917
2017,China (private),Lao PDR,1.7738778395660775
2017,China (private),Latin America & Caribbean (excluding high income),0.18409861920617052
2017,China (private),Least developed countries: UN classification,20.678147111560275
2017,China (private),Low & lower middle income,4.768463516755863
2017,China (private),Low & middle income,1.3743068553253426
2017,China (private),Low income,9.379388882976599
2017,China (private),Lower middle income,4.545528572186465
2017,China (private),"Middle East, North Africa, Afghanistan & Pakistan (excluding high income)",0.22208937119336364
2017,China (private),Middle income,1.2737219772263644
2017,China (private),Moldova,0.6878119604062111
2017,China (private),Myanmar,39.58259534993216
2017,China (private),North Macedonia,0.4287195763129344
2017,China (private),Pakistan,0.29084301924048667
2017,China (private),Sub-Saharan Africa (excluding high income),12.439600998946094
2017,China (private),Suriname,1.9096435187767102
2017,China (private),Tanzania,4.6513381760199835
2017,China (private),Upper middle income,0.12487089642858715
2017,China (private),Zambia,4.66276058212516
2018,China (bilateral),Africa (excluding high income),7.2971605701666995
2018,China (bilateral),Algeria,0.0
2018,China (bilateral),Angola,9.621572412089282
2018,China (bilateral),Argentina,1.189671283065197
2018,China (bilateral),Armenia,0.15905397549078812
2018,China (bilateral),Bangladesh,5.692775018708294
2018,China (bilateral),Belarus,14.121186062254878
2018,China (bilateral),Benin,3.8117226207038764
2018,China (bilateral),Bolivia,10.091404077182817
2018,China (bilateral),Botswana,5.14632124223679
2018,China (bilateral),Brazil,8.558048017201962
2018,China (bilateral),Burkina Faso,4.442538123289633
2018,China (bilateral),Cabo Verde,4.808903473183864
2018,China (bilateral),Cambodia,55.009503915560785
2018,China (bilateral),Cameroon,43.536056106306106
2018,China (bilateral),Central African Republic,62.17928796764714
2018,China (bilateral),Chad,5.511891313947688
2018,China (bilateral),Comoros,42.32994485770935
2018,China (bilateral),"Congo, Dem. Rep.",15.738302655436545
2018,China (bilateral),"Congo, Rep.",43.03882842355534
2018,China (bilateral),Cote d'Ivoire,2.955834577831551
2018,China (bilateral),Djibouti,41.04710151698525
2018,China (bilateral),Dominica,13.131428632777707
2018,China (bilateral),Dominican Republic,0.01517268740190074
2018,China (bilateral),East Asia & Pacific (excluding high income),2.747105948925396
2018,China (bilateral),Ecuador,36.0501953406155
2018,China (bilateral),"Egypt, Arab Rep.",2.5417810418028446
2018,China (bilateral),El Salvador,0.07881777201704145
2018,China (bilateral),Eritrea,26.683557294318096
2018,China (bilateral),Eswatini,10.411327657048888
2018,China (bilateral),Ethiopia,16.16734640393876
2018,China (bilateral),Europe & Central Asia (excluding high income),6.098104560153558
2018,China (bilateral),Fiji,54.887198666377444
2018,China (bilateral),Gabon,16.01470133021394
2018,China (bilateral),Georgia,0.0972834641505052
2018,China (bilateral),Ghana,12.58390806432289
2018,China (bilateral),Guatemala,0.462794022099135
2018,China (bilateral),Guinea,13.073345355151366
2018,China (bilateral),Guyana,23.324308604893808
2018,China (bilateral),Honduras,1.1694865494964064
2018,China (bilateral),IDA only,15.765902445992962
2018,China (bilateral),IDA total,15.654969790968076
2018,China (bilateral),Indonesia,0.9741878003369424
2018,China (bilateral),Iraq,10.2297041499548
2018,China (bilateral),Jamaica,6.413010599834284
2018,China (bilateral),Jordan,0.22587617699510482
2018,China (bilateral),Kazakhstan,1.326546831393721
2018,China (bilateral),Kenya,14.095797872212831
2018,China (bilateral),Kyrgyz Republic,39.090362781721566
2018,China (bilateral),Lao PDR,35.27455199138001
2018,China (bilateral),Latin America & Caribbean (excluding high income),4.607067203861637
2018,China (bilateral),Least developed countries: UN classification,14.603894323586669
2018,China (bilateral),Lesotho,8.81771458915811
2018,China (bilateral),Liberia,7.106657035482572
2018,China (bilateral),Low & lower middle income,7.235494313406817
2018,China (bilateral),Low & middle income,4.831021600640774
2018,China (bilateral),Low income,18.274061154264007
2018,China (bilateral),Lower middle income,6.7482727935619415
2018,China (bilateral),Madagascar,5.335656730910659
2018,China (bilateral),Malawi,24.251422017974114
2018,China (bilateral),Maldives,4.664483011052594
2018,China (bilateral),Mali,11.77546286874511
2018,China (bilateral),Mauritania,8.998454999802384
2018,China (bilateral),Mauritius,28.63102054481749
2018,China (bilateral),"Middle East, North Africa, Afghanistan & Pakistan (excluding high income)",4.506399115912023
2018,China (bilateral),Middle income,4.658890129339336
2018,China (bilateral),Montenegro,2.488343305175069
2018,China (bilateral),Morocco,2.9613516461730933
2018,China (bilateral),Mozambique,31.099884333698018
2018,China (bilateral),Myanmar,28.732220480492458
2018,China (bilateral),Nepal,0.0011268573360087575
2018,China (bilateral),Nicaragua,0.0
2018,China (bilateral),Niger,32.76121688561226
2018,China (bilateral),Nigeria,9.313522811642956
2018,China (bilateral),North Macedonia,1.5844060774764437
2018,China (bilateral),Pakistan,13.712442876778674
2018,China (bilateral),Papua New Guinea,12.698192612424606
2018,China (bilateral),Philippines,0.7024969112145734
2018,China (bilateral),Rwanda,6.1640033775614125
2018,China (bilateral),Samoa,47.39329769914951
2018,China (bilateral),Senegal,7.822942852189775
2018,China (bilateral),Serbia,3.045579115838213
2018,China (bilateral),Sierra Leone,10.385390372156207
2018,China (bilateral),South Asia,2.0352610612367865
2018,China (bilateral),Sri Lanka,11.377253345961869
2018,China (bilateral),Sub-Saharan Africa (excluding high income),9.167761182503149
2018,China (bilateral),Sudan,52.63772433058323
2018,China (bilateral),Suriname,13.537998225468101
2018,China (bilateral),Tajikistan,39.92698335574973
2018,China (bilateral),Tanzania,25.183301536128056
2018,China (bilateral),Togo,28.197549572807553
2018,China (bilateral),Tonga,61.196188276292105
2018,China (bilateral),Tunisia,0.5932779867403105
2018,China (bilateral),Turkiye,0.4592116660806801
2018,China (bilateral),Turkmenistan,63.46460382082573
2018,China (bilateral),Uganda,18.28150737273965
2018,China (bilateral),Ukraine,1.7530270754935628
2018,China (bilateral),Upper middle income,3.8050621578927366
2018,China (bilateral),Uzbekistan,24.2376772508779
2018,China (bilateral),Vanuatu,68.25633921532106
2018,China (bilateral),Viet Nam,12.926386003997491
2018,China (bilateral),"Yemen, Rep.",0.2670004171881519
2018,China (bilateral),Zambia,28.843617115438587
2018,China (bilateral),Zimbabwe,41.531781107941654
2018,China (private),Africa (excluding high income),6.585516531170665
2018,China (private),Angola,33.05136130983409
2018,China (private),Cameroon,1.4886570775907355
2018,China (private),"Congo, Rep.",1.6438023514814564
2018,China (private),Cote d'Ivoire,0.7810573348873506
2018,China (private),East Asia & Pacific (excluding high income),0.5940813116550744
2018,China (private),Ecuador,4.929274576759817
2018,China (private),Ethiopia,24.15480212850214
2018,China (private),Europe & Central Asia (excluding high income),0.017207389692473155
2018,China (private),Gabon,0.5933112094322318
2018,China (private),Ghana,0.6515659149305189
2018,China (private),Honduras,2.582154473953435
2018,China (private),IDA only,4.332762072696052
2018,China (private),IDA total,3.0245065394648853
2018,China (private),Indonesia,0.004816976254462315
2018,China (private),"Iran, Islamic Rep.",16.35405313074771
2018,China (private),Lao PDR,1.627794995505035
2018,China (private),Latin America & Caribbean (excluding high income),0.2493599700814094
2018,China (private),Least developed countries: UN classification,19.397157562986685
2018,China (private),Low & lower middle income,4.3603590918447095
2018,China (private),Low & middle income,1.4106792125212417
2018,China (private),Low income,9.852567799571997
2018,China (private),Lower middle income,4.117943358673649
2018,China (private),Maldives,2.8308864822889444
2018,China (private),"Middle East, North Africa, Afghanistan & Pakistan (excluding high income)",0.40827068382260506
2018,China (private),Middle income,1.3025850053104766
2018,China (private),Myanmar,36.53726481969622
2018,China (private),North Macedonia,0.3049566293477177
2018,China (private),Pakistan,1.683811312018283
2018,China (private),South Asia,0.03608992974311554
2018,China (private),Sub-Saharan Africa (excluding high income),8.644657819136935
2018,China (private),Suriname,5.05577634277523
2018,China (private),Tanzania,3.7858726140607137
2018,China (private),Turkiye,0.03221861804922378
2018,China (private),Upper middle income,0.15208646193249353
2018,China (private),Zambia,8.212734284610313
2019,China (bilateral),Africa (excluding high income),10.680006370335024
2019,China (bilateral),Algeria,0.0
2019,China (bilateral),Angola,9.866504145371675
2019,China (bilateral),Argentina,1.5978019938338244
2019,China (bilateral),Armenia,0.060355968569449164
2019,China (bilateral),Bangladesh,7.847004322623362
2019,China (bilateral),Belarus,26.62372053947794
2019,China (bilateral),Benin,8.909060902432717
2019,China (bilateral),Bolivia,9.061142775230019
2019,China (bilateral),Botswana,3.086727710116569
2019,China (bilateral),Brazil,12.934895016660814
2019,China (bilateral),Burkina Faso,3.8237973813587502
2019,China (bilateral),Burundi,1.9257918564000733
2019,China (bilateral),Cabo Verde,4.248325776604399
2019,China (bilateral),Cambodia,58.60582796697195
2019,China (bilateral),Cameroon,42.06532565856876
2019,China (bilateral),Central African Republic,24.0940503676301
2019,China (bilateral),Chad,2.9722394423052285
2019,China (bilateral),Comoros,33.49626504127501
2019,China (bilateral),"Congo, Dem. Rep.",13.178071045813201
2019,China (bilateral),"Congo, Rep.",43.83408403882044
2019,China (bilateral),Cote d'Ivoire,1.7598335751565706
2019,China (bilateral),Djibouti,30.618439821864182
2019,China (bilateral),Dominica,13.332594904250312
2019,China (bilateral),Dominican Republic,0.012194344637130686
2019,China (bilateral),East Asia & Pacific (excluding high income),2.212208862857114
2019,China (bilateral),Ecuador,22.684471606368476
2019,China (bilateral),"Egypt, Arab Rep.",7.083329281790573
2019,China (bilateral),El Salvador,0.04220107107797044
2019,China (bilateral),Equatorial Guinea,96.41237859930429
2019,China (bilateral),Eritrea,26.24550522426644
2019,China (bilateral),Eswatini,13.719836067172032
2019,China (bilateral),Ethiopia,28.47382601861028
2019,China (bilateral),Europe & Central Asia (excluding high income),7.592458979245965
2019,China (bilateral),Fiji,18.611393300962277
2019,China (bilateral),Gabon,11.341695802940189
2019,China (bilateral),"Gambia, The",0.6406473713340722
2019,China (bilateral),Georgia,0.08541487975663617
2019,China (bilateral),Ghana,15.91254285385454
2019,China (bilateral),Guatemala,0.39140027570860964
2019,China (bilateral),Guinea,14.249132297701712
2019,China (bilateral),Guyana,24.500562164185038
2019,China (bilateral),Honduras,1.2148915041150854
2019,China (bilateral),IDA only,17.67361336735508
2019,China (bilateral),IDA total,17.232450761307433
2019,China (bilateral),Indonesia,0.8872115051108976
2019,China (bilateral),Iraq,9.048087805060241
2019,China (bilateral),Jamaica,4.155727721189042
2019,China (bilateral),Jordan,0.10878956949475624
2019,China (bilateral),Kazakhstan,11.799537472517207
2019,China (bilateral),Kenya,12.823426366072212
2019,China (bilateral),Kyrgyz Republic,38.798387030652506
2019,China (bilateral),Lao PDR,28.301878043201135
2019,China (bilateral),Latin America & Caribbean (excluding high income),5.397577164048451
2019,China (bilateral),Least developed countries: UN classification,16.376708447718105
2019,China (bilateral),Lesotho,8.352710017833349
2019,China (bilateral),Liberia,8.440532943753263
2019,China (bilateral),Low & lower middle income,9.328656383985361
2019,China (bilateral),Low & middle income,5.95168633194426
2019,China (bilateral),Low income,25.566634447480478
2019,China (bilateral),Lower middle income,8.55226238271872
2019,China (bilateral),Madagascar,6.513524870418933
2019,China (bilateral),Malawi,19.161538681076262
2019,China (bilateral),Maldives,6.570880398901158
2019,China (bilateral),Mali,17.026400834620205
2019,China (bilateral),Mauritania,8.762291003675754
2019,China (bilateral),Mauritius,25.78622836174803
2019,China (bilateral),"Middle East, North Africa, Afghanistan & Pakistan (excluding high income)",8.174802363478433
2019,China (bilateral),Middle income,5.68895272733482
2019,China (bilateral),Mongolia,3.8813824161792514
2019,China (bilateral),Montenegro,3.9432747462620594
2019,China (bilateral),Morocco,2.861863667466075
2019,China (bilateral),Mozambique,40.90978523214657
2019,China (bilateral),Myanmar,33.981730738420886
2019,China (bilateral),Nepal,1.1941093509109553
2019,China (bilateral),Nicaragua,0.0
2019,China (bilateral),Niger,30.996465281453244
2019,China (bilateral),Nigeria,14.95181720483654
2019,China (bilateral),North Macedonia,8.033123385708834
2019,China (bilateral),Pakistan,19.53231756036309
2019,China (bilateral),Papua New Guinea,7.819759939246184
2019,China (bilateral),Philippines,0.48451283879510193
2019,China (bilateral),Rwanda,6.433847902593567
2019,China (bilateral),Samoa,46.829403323523884
2019,China (bilateral),Senegal,11.257726371885935
2019,China (bilateral),Serbia,3.514434258727335
2019,China (bilateral),Sierra Leone,7.2040104427463785
2019,China (bilateral),South Africa,1.0668424461626747
2019,China (bilateral),South Asia,2.8820405238238833
2019,China (bilateral),Sri Lanka,10.366615324779726
2019,China (bilateral),Sub-Saharan Africa (excluding high income),12.739030125306522
2019,China (bilateral),Sudan,57.50081126732978
2019,China (bilateral),Suriname,14.129452472080066
2019,China (bilateral),Tajikistan,40.809080871185046
2019,China (bilateral),Tanzania,20.501649393536823
2019,China (bilateral),Togo,33.315748719141695
2019,China (bilateral),Tonga,38.10319620512622
2019,China (bilateral),Tunisia,0.419525490555529
2019,China (bilateral),Turkiye,0.5048486903099247
2019,China (bilateral),Turkmenistan,50.901361524376746
2019,China (bilateral),Uganda,31.380624097238123
2019,China (bilateral),Ukraine,1.901400767385028
2019,China (bilateral),Upper middle income,4.574658892206454
2019,China (bilateral),Uzbekistan,24.646645482551715
2019,China (bilateral),Vanuatu,84.34081595185003
2019,China (bilateral),Viet Nam,11.420368331781075
2019,China (bilateral),"Yemen, Rep.",0.15230661224878334
2019,China (bilateral),Zambia,28.669326751953317
2019,China (bilateral),Zimbabwe,58.10416176014845
2019,China (private),Africa (excluding high income),7.061001354869863
2019,China (private),Angola,30.594196886477302
2019,China (private),Cameroon,2.5883744592611797
2019,China (private),"Congo, Rep.",0.23504309710251056
2019,China (private),Cote d'Ivoire,0.34978025957654396
2019,China (private),East Asia & Pacific (excluding high income),0.41908593670956656
2019,China (private),Ecuador,3.8855753828975907
2019,China (private),Ethiopia,17.021305119281582
2019,China (private),Europe & Central Asia (excluding high income),0.09790072975967382
2019,China (private),Gabon,6.381836784425165
2019,China (private),Ghana,1.5595884502745427
2019,China (private),Honduras,9.176904960758272
2019,China (private),IDA only,4.5090743884838265
2019,China (private),IDA total,3.3089376289476977
2019,China (private),Indonesia,0.03310859906657145
2019,China (private),Lao PDR,1.1961154155888873
2019,China (private),Latin America & Caribbean (excluding high income),0.22138771637930563
2019,China (private),Least developed countries: UN classification,17.449356229926302
2019,China (private),Low & lower middle income,4.43983428011262
2019,China (private),Low & middle income,1.3930218426218814
2019,China (private),Low income,8.096055563325894
2019,China (private),Lower middle income,4.265017670526733
2019,China (private),Maldives,5.071340908394049
2019,China (private),"Middle East, North Africa, Afghanistan & Pakistan (excluding high income)",1.1585602450648307
2019,China (private),Middle income,1.3032376534980632
2019,China (private),Myanmar,41.70706723114184
2019,China (private),North Macedonia,0.45282712938491154
2019,China (private),Pakistan,4.130223909857067
2019,China (private),South Asia,0.34025382505442475
2019,China (private),Sri Lanka,1.230602082655101
2019,China (private),Sub-Saharan Africa (excluding high income),9.618799651632386
2019,China (private),Suriname,4.962204218436012
2019,China (private),Tanzania,3.476497419433475
2019,China (private),Turkiye,0.21319377837563624
2019,China (private),Upper middle income,0.15062280872363404
2019,China (private),Zambia,10.133926914695529
2020,China (bilateral),Africa (excluding high income),8.902422604876133
2020,China (bilateral),Algeria,0.0
2020,China (bilateral),Angola,5.084038106454651
2020,China (bilateral),Argentina,4.271324113907859
2020,China (bilateral),Armenia,0.2518237104442802
2020,China (bilateral),Bangladesh,8.128345559855363
2020,China (bilateral),Belarus,26.889729191485532
2020,China (bilateral),Benin,3.3169131174942055
2020,China (bilateral),Bolivia,8.968763416038167
2020,China (bilateral),Botswana,3.2168533463340956
2020,China (bilateral),Brazil,0.1176702255728142
2020,China (bilateral),Burkina Faso,4.170451461072381
2020,China (bilateral),Burundi,5.10699528183817
2020,China (bilateral),Cabo Verde,2.1508213726580556
2020,China (bilateral),Cambodia,62.03028081347451
2020,China (bilateral),Cameroon,22.20080686201349
2020,China (bilateral),Chad,8.903623990764585
2020,China (bilateral),Comoros,36.459271781325874
2020,China (bilateral),"Congo, Dem. Rep.",8.557598181290931
2020,China (bilateral),"Congo, Rep.",39.100329831853266
2020,China (bilateral),Cote d'Ivoire,3.459819010696967
2020,China (bilateral),Djibouti,29.487065605387013
2020,China (bilateral),Dominica,12.236792852336595
2020,China (bilateral),Dominican Republic,0.006184078458879595
2020,China (bilateral),East Asia & Pacific (excluding high income),1.5375784502081125
2020,China (bilateral),Ecuador,22.578028500782146
2020,China (bilateral),"Egypt, Arab Rep.",7.383929815225145
2020,China (bilateral),El Salvador,0.07299145381906723
2020,China (bilateral),Equatorial Guinea,98.7034526771194
2020,China (bilateral),Eritrea,26.998169422327898
2020,China (bilateral),Eswatini,14.042361378304633
2020,China (bilateral),Ethiopia,26.680047235101927
2020,China (bilateral),Europe & Central Asia (excluding high income),7.059596802032162
2020,China (bilateral),Fiji,9.014492274791916
2020,China (bilateral),Gabon,6.228394942778719
2020,China (bilateral),"Gambia, The",1.5272649065105446
2020,China (bilateral),Georgia,0.04658678036493148
2020,China (bilateral),Ghana,11.760556061626918
2020,China (bilateral),Guatemala,0.20207474967709751
2020,China (bilateral),Guinea,29.147953829707518
2020,China (bilateral),Guyana,25.15909448427966
2020,China (bilateral),Honduras,0.4313071688027239
2020,China (bilateral),IDA only,15.154401831749128
2020,China (bilateral),IDA total,18.337599622988492
2020,China (bilateral),Indonesia,0.7885980750550984
2020,China (bilateral),Iraq,6.050758493754848
2020,China (bilateral),Jamaica,8.972581053835336
2020,China (bilateral),Jordan,0.09949250381302692
2020,China (bilateral),Kazakhstan,0.6406253889800795
2020,China (bilateral),Kenya,31.47220890429144
2020,China (bilateral),Kyrgyz Republic,38.76085978919876
2020,China (bilateral),Lao PDR,9.90459390442778
2020,China (bilateral),Latin America & Caribbean (excluding high income),1.685466173792804
2020,China (bilateral),Least developed countries: UN classification,13.12707791061977
2020,China (bilateral),Lesotho,9.494497564858879
2020,China (bilateral),Liberia,4.218230152268375
2020,China (bilateral),Low & lower middle income,8.664441872104142
2020,China (bilateral),Low & middle income,4.272859536693925
2020,China (bilateral),Low income,20.882908567138834
2020,China (bilateral),Lower middle income,8.038032726080688
2020,China (bilateral),Madagascar,6.903774579867078
2020,China (bilateral),Malawi,24.048693185404314
2020,China (bilateral),Maldives,19.788791127094846
2020,China (bilateral),Mali,18.16671610886891
2020,China (bilateral),Mauritania,5.645884675453964
2020,China (bilateral),Mauritius,12.853402244292868
2020,China (bilateral),"Middle East, North Africa, Afghanistan & Pakistan (excluding high income)",10.237852745978842
2020,China (bilateral),Middle income,4.020284072516046
2020,China (bilateral),Mongolia,2.9791370560192525
2020,China (bilateral),Montenegro,3.4223138829531394
2020,China (bilateral),Morocco,1.1549718647300755
2020,China (bilateral),Mozambique,30.25272073164219
2020,China (bilateral),Myanmar,30.471431496649682
2020,China (bilateral),Nepal,0.4159685780687759
2020,China (bilateral),Nicaragua,0.0
2020,China (bilateral),Niger,24.449625504690616
2020,China (bilateral),Nigeria,12.484764912731828
2020,China (bilateral),North Macedonia,6.059817301314301
2020,China (bilateral),Pakistan,26.688865199334703
2020,China (bilateral),Papua New Guinea,5.342891456174483
2020,China (bilateral),Philippines,0.5528044406672916
2020,China (bilateral),Rwanda,12.4152742367812
2020,China (bilateral),Samoa,35.83511705758992
2020,China (bilateral),Senegal,9.1851211554406
2020,China (bilateral),Serbia,4.471835722852145
2020,China (bilateral),Sierra Leone,3.1338962043775482
2020,China (bilateral),South Africa,0.8105210186040377
2020,China (bilateral),South Asia,2.4123357653177906
2020,China (bilateral),Sri Lanka,13.270232330585175
2020,China (bilateral),Sub-Saharan Africa (excluding high income),10.738099643388395
2020,China (bilateral),Sudan,59.40483820554957
2020,China (bilateral),Suriname,15.53033210445331
2020,China (bilateral),Tajikistan,24.042224738262494
2020,China (bilateral),Tanzania,22.554859538079373
2020,China (bilateral),Togo,22.552070503736807
2020,China (bilateral),Tonga,44.473720420774434
2020,China (bilateral),Tunisia,0.35400222269397147
2020,China (bilateral),Turkiye,2.654571419698222
2020,China (bilateral),Turkmenistan,50.26349537556148
2020,China (bilateral),Uganda,30.296094662701964
2020,China (bilateral),Ukraine,1.3195090198832846
2020,China (bilateral),Upper middle income,2.326092491294333
2020,China (bilateral),Uzbekistan,24.88750093080121
2020,China (bilateral),Vanuatu,63.56508545970567
2020,China (bilateral),Viet Nam,8.979535578781741
2020,China (bilateral),Zambia,11.095665625783814
2020,China (bilateral),Zimbabwe,63.755203077450346
2020,China (private),Africa (excluding high income),4.257389708468122
2020,China (private),Angola,26.18164125162823
2020,China (private),Brazil,0.04100805421380303
2020,China (private),Cameroon,3.34166707605262
2020,China (private),"Congo, Rep.",8.788536389358987
2020,China (private),Cote d'Ivoire,0.8940534132726169
2020,China (private),East Asia & Pacific (excluding high income),0.21907781931394313
2020,China (private),Ecuador,4.543169885239338
2020,China (private),"Egypt, Arab Rep.",0.19436345033952057
2020,China (private),Ethiopia,16.774147085920028
2020,China (private),Europe & Central Asia (excluding high income),0.11506712122883382
2020,China (private),Gabon,0.37372530961377776
2020,China (private),Ghana,1.8355102369102207
2020,China (private),Guinea,2.059892692988398
2020,China (private),Honduras,4.3501705100962855
2020,China (private),IDA only,3.724289050719263
2020,China (private),IDA total,3.8875552104389923
2020,China (private),Indonesia,0.02527367202692573
2020,China (private),Lao PDR,1.5940680076388958
2020,China (private),Latin America & Caribbean (excluding high income),0.2675012056946893
2020,China (private),Least developed countries: UN classification,12.52409122183044
2020,China (private),Low & lower middle income,3.22226068759987
2020,China (private),Low & middle income,1.08869378191718
2020,China (private),Low income,6.559008110266166
2020,China (private),Lower middle income,3.0511942882146057
2020,China (private),Maldives,15.00312121500455
2020,China (private),"Middle East, North Africa, Afghanistan & Pakistan (excluding high income)",2.064658869989317
2020,China (private),Middle income,1.005511174921309
2020,China (private),Myanmar,32.29692569642516
2020,China (private),Pakistan,7.763698201528324
2020,China (private),South Asia,0.3069939250975433
2020,China (private),Sri Lanka,1.411716728311622
2020,China (private),Sub-Saharan Africa (excluding high income),6.210675304594566
2020,China (private),Tanzania,3.718305387035259
2020,China (private),Turkiye,0.2469527407816015
2020,China (private),Upper middle income,0.1428939713005681
2020,China (private),Uzbekistan,0.6430904112450857
2020,China (private),Zambia,6.62892705937794
2021,China (bilateral),Africa (excluding high income),7.2531056168850645
2021,China (bilateral),Albania,0.0
2021,China (bilateral),Algeria,0.0
2021,China (bilateral),Angola,2.331453151618765
2021,China (bilateral),Argentina,8.210461695795793
2021,China (bilateral),Armenia,0.5302114696814602
2021,China (bilateral),Bangladesh,6.714376161085145
2021,China (bilateral),Belarus,31.400304997176175
2021,China (bilateral),Benin,1.7864995578939387
2021,China (bilateral),Bolivia,8.54781940684893
2021,China (bilateral),Botswana,3.787316047768684
2021,China (bilateral),Brazil,3.6149219112247675
2021,China (bilateral),Burkina Faso,3.9812773907781493
2021,China (bilateral),Burundi,4.200587960139522
2021,China (bilateral),Cabo Verde,0.10019650843804058
2021,China (bilateral),Cambodia,60.46412472691131
2021,China (bilateral),Cameroon,26.282891309559236
2021,China (bilateral),Chad,11.163120398133959
2021,China (bilateral),Comoros,66.04962851979718
2021,China (bilateral),"Congo, Dem. Rep.",10.485263650684757
2021,China (bilateral),"Congo, Rep.",14.342967396622168
2021,China (bilateral),Cote d'Ivoire,6.647927219117342
2021,China (bilateral),Djibouti,29.32118420809356
2021,China (bilateral),Dominica,0.0974713245499132
2021,China (bilateral),Dominican Republic,0.010782027936186921
2021,China (bilateral),East Asia & Pacific (excluding high income),1.204108422338138
2021,China (bilateral),Ecuador,24.89316094257648
2021,China (bilateral),"Egypt, Arab Rep.",8.592710175146403
2021,China (bilateral),El Salvador,0.10451679105939815
2021,China (bilateral),Equatorial Guinea,98.77423457500007
2021,China (bilateral),Eritrea,27.677299595761003
2021,China (bilateral),Eswatini,11.898550326987785
2021,China (bilateral),Ethiopia,20.6806650906303
2021,China (bilateral),Europe & Central Asia (excluding high income),6.24199338620269
2021,China (bilateral),Fiji,1.4306625120097676
2021,China (bilateral),Gabon,9.462915312177492
2021,China (bilateral),"Gambia, The",1.4197760458033246
2021,China (bilateral),Georgia,0.039443113757452415
2021,China (bilateral),Ghana,9.953362103500506
2021,China (bilateral),Grenada,0.7373954086869717
2021,China (bilateral),Guatemala,0.16313499759614464
2021,China (bilateral),Guinea,33.016399313264344
2021,China (bilateral),Guyana,25.766407834728987
2021,China (bilateral),Honduras,1.0397832133748586
2021,China (bilateral),IDA only,12.633743781025586
2021,China (bilateral),IDA total,13.58005949205946
2021,China (bilateral),Indonesia,0.7075195856556713
2021,China (bilateral),Iraq,5.19267494987672
2021,China (bilateral),Jamaica,9.305085369028138
2021,China (bilateral),Jordan,0.09175904726776064
2021,China (bilateral),Kazakhstan,1.0932550198438877
2021,China (bilateral),Kenya,18.626606273978602
2021,China (bilateral),Kyrgyz Republic,23.22571734525398
2021,China (bilateral),Lao PDR,4.6305492866054
2021,China (bilateral),Latin America & Caribbean (excluding high income),2.1745490060669983
2021,China (bilateral),Least developed countries: UN classification,9.262541474556665
2021,China (bilateral),Lesotho,10.636512344970365
2021,China (bilateral),Liberia,5.454768892020556
2021,China (bilateral),Low & lower middle income,7.66895198616241
2021,China (bilateral),Low & middle income,3.8397728960761612
2021,China (bilateral),Low income,16.374979773066066
2021,China (bilateral),Lower middle income,7.059837807577501
2021,China (bilateral),Madagascar,6.261301168765532
2021,China (bilateral),Malawi,25.911984207512326
2021,China (bilateral),Maldives,3.1326045770499844
2021,China (bilateral),Mali,16.408495607690654
2021,China (bilateral),Mauritania,0.10401522564015128
2021,China (bilateral),Mauritius,25.684389416447928
2021,China (bilateral),"Middle East, North Africa, Afghanistan & Pakistan (excluding high income)",7.872425807110801
2021,China (bilateral),Middle income,3.5888451191030426
2021,China (bilateral),Mongolia,4.504547559706847
2021,China (bilateral),Montenegro,9.739619725276235
2021,China (bilateral),Morocco,1.077137494294001
2021,China (bilateral),Mozambique,41.61306685173686
2021,China (bilateral),Myanmar,18.931859185348397
2021,China (bilateral),Nepal,1.4860407975736942
2021,China (bilateral),Nicaragua,0.0
2021,China (bilateral),Niger,11.435151130296376
2021,China (bilateral),Nigeria,7.831316866456146
2021,China (bilateral),North Macedonia,4.6468158808598545
2021,China (bilateral),Pakistan,15.883747617511085
2021,China (bilateral),Papua New Guinea,5.153355771821155
2021,China (bilateral),Philippines,0.4121925260337252
2021,China (bilateral),Rwanda,3.4448115757231013
2021,China (bilateral),Samoa,1.8027726096659666
2021,China (bilateral),Senegal,5.41649067799603
2021,China (bilateral),Serbia,5.023092523869716
2021,China (bilateral),Sierra Leone,0.3793514822255622
2021,China (bilateral),South Africa,0.6752880699379594
2021,China (bilateral),South Asia,3.585506223479212
2021,China (bilateral),Sri Lanka,15.842593924311318
2021,China (bilateral),Sub-Saharan Africa (excluding high income),7.940034505944674
2021,China (bilateral),Sudan,4.902184287373828
2021,China (bilateral),Suriname,3.156225567043777
2021,China (bilateral),Tajikistan,38.4329464694853
2021,China (bilateral),Tanzania,13.708248785090783
2021,China (bilateral),Togo,23.229787930293437
2021,China (bilateral),Tonga,28.588224700170716
2021,China (bilateral),Tunisia,0.23255722093854625
2021,China (bilateral),Turkiye,1.9917979954226324
2021,China (bilateral),Turkmenistan,31.867177287215732
2021,China (bilateral),Uganda,39.46730135807936
2021,China (bilateral),Ukraine,5.414392380394999
2021,China (bilateral),Upper middle income,2.197729609956916
2021,China (bilateral),Uzbekistan,25.394788900264736
2021,China (bilateral),Vanuatu,69.31968765856222
2021,China (bilateral),Viet Nam,9.200423453032037
2021,China (bilateral),Zambia,8.756354801128817
2021,China (bilateral),Zimbabwe,67.53239458164936
2021,China (private),Africa (excluding high income),2.278316800698563
2021,China (private),Angola,11.25055648416127
2021,China (private),Benin,0.02500921311917537
2021,China (private),Cameroon,3.928316268527433
2021,China (private),"Congo, Rep.",14.39000318708394
2021,China (private),Cote d'Ivoire,1.4306234293925648
2021,China (private),East Asia & Pacific (excluding high income),0.28966038102438935
2021,China (private),Ecuador,1.7324193535614971
2021,China (private),"Egypt, Arab Rep.",0.1736453827227638
2021,China (private),Ethiopia,14.580849426677547
2021,China (private),Europe & Central Asia (excluding high income),0.22269281726161227
2021,China (private),Gabon,0.1819842659931399
2021,China (private),Ghana,1.235767240677639
2021,China (private),Guinea,6.968610271312017
2021,China (private),Honduras,6.534729514295751
2021,China (private),IDA only,3.4821572224579906
2021,China (private),IDA total,4.123411954935116
2021,China (private),Indonesia,0.021489427265497393
2021,China (private),Lao PDR,0.38882627494346456
2021,China (private),Latin America & Caribbean (excluding high income),0.07878684950801837
2021,China (private),Least developed countries: UN classification,6.490691734604121
2021,China (private),Low & lower middle income,2.6412883599942085
2021,China (private),Low & middle income,0.8369822329622603
2021,China (private),Low income,4.0485363581658405
2021,China (private),Lower middle income,2.54283074769931
2021,China (private),Maldives,4.013865373357767
2021,China (private),"Middle East, North Africa, Afghanistan & Pakistan (excluding high income)",2.151841455950356
2021,China (private),Middle income,0.7726938534265811
2021,China (private),Myanmar,35.23523670693807
2021,China (private),Pakistan,8.729387596447573
2021,China (private),South Asia,0.7408734867308775
2021,China (private),Sri Lanka,3.62233210641191
2021,China (private),Sub-Saharan Africa (excluding high income),3.503239189614705
2021,China (private),Tanzania,3.5223652317795073
2021,China (private),Turkiye,0.30122415904141014
2021,China (private),Upper middle income,0.0632527488367491
2021,China (private),Uzbekistan,2.2087926347923963
2021,China (private),Zambia,7.824142679539243
2022,China (bilateral),Africa (excluding high income),9.875895145137635
2022,China (bilateral),Albania,0.0
2022,China (bilateral),Algeria,0.0
2022,China (bilateral),Angola,9.904862741743292
2022,China (bilateral),Argentina,5.721204998428468
2022,China (bilateral),Armenia,0.4676981005422681
2022,China (bilateral),Bangladesh,6.525498896087969
2022,China (bilateral),Belarus,21.929342205491935
2022,China (bilateral),Benin,4.37823428592186
2022,China (bilateral),Bolivia,7.5710954273210245
2022,China (bilateral),Botswana,2.3135793052101734
2022,China (bilateral),Brazil,2.7016544532572944
2022,China (bilateral),Burkina Faso,5.349352924038587
2022,China (bilateral),Burundi,3.6482359895490415
2022,China (bilateral),Cabo Verde,3.415800843797127
2022,China (bilateral),Cambodia,65.32932004740343
2022,China (bilateral),Cameroon,25.07202546917465
2022,China (bilateral),Chad,6.701853731110962
2022,China (bilateral),Comoros,59.59201205019891
2022,China (bilateral),"Congo, Dem. Rep.",68.44257575067193
2022,China (bilateral),"Congo, Rep.",16.327742723203812
2022,China (bilateral),Cote d'Ivoire,7.522264169093272
2022,China (bilateral),Djibouti,13.056401006745508
2022,China (bilateral),Dominica,12.20361990624628
2022,China (bilateral),Dominican Republic,0.007337836183940509
2022,China (bilateral),East Asia & Pacific (excluding high income),0.9292411205838194
2022,China (bilateral),Ecuador,32.5735397759848
2022,China (bilateral),"Egypt, Arab Rep.",5.417238875585364
2022,China (bilateral),El Salvador,0.011716271428954423
2022,China (bilateral),Equatorial Guinea,99.15495309756207
2022,China (bilateral),Eritrea,33.31695358359951
2022,China (bilateral),Eswatini,15.159219440976335
2022,China (bilateral),Ethiopia,24.361182907017447
2022,China (bilateral),Europe & Central Asia (excluding high income),4.766480267544013
2022,China (bilateral),Fiji,25.398130443480586
2022,China (bilateral),Gabon,21.955615800233392
2022,China (bilateral),"Gambia, The",1.5732666120366394
2022,China (bilateral),Georgia,0.09001830937087296
2022,China (bilateral),Ghana,10.970653241431455
2022,China (bilateral),Grenada,1.2129139122847956
2022,China (bilateral),Guatemala,0.20692908873733426
2022,China (bilateral),Guinea,34.300937725399926
2022,China (bilateral),Guyana,25.00005401697152
2022,China (bilateral),Honduras,1.3348164097663913
2022,China (bilateral),IDA only,18.357100279910593
2022,China (bilateral),IDA total,22.832969381649928
2022,China (bilateral),Indonesia,0.7263216965833318
2022,China (bilateral),Iraq,3.6816565127413607
2022,China (bilateral),Jamaica,8.73720843549736
2022,China (bilateral),Jordan,0.06278446184935897
2022,China (bilateral),Kazakhstan,0.9575543248075553
2022,China (bilateral),Kenya,33.638022175419025
2022,China (bilateral),Kyrgyz Republic,45.917108645239864
2022,China (bilateral),Lao PDR,0.0
2022,China (bilateral),Latin America & Caribbean (excluding high income),2.8879726559025625
2022,China (bilateral),Least developed countries: UN classification,16.294096526530886
2022,China (bilateral),Lesotho,10.748318578082522
2022,China (bilateral),Liberia,3.330781688505927
2022,China (bilateral),Low & lower middle income,11.870657680276928
2022,China (bilateral),Low & middle income,4.570755646457602
2022,China (bilateral),Low income,29.035266632413034
2022,China (bilateral),Lower middle income,10.837859159318972
2022,China (bilateral),Madagascar,6.281483839642287
2022,China (bilateral),Malawi,22.29857695012552
2022,China (bilateral),Maldives,18.25424021469919
2022,China (bilateral),Mali,21.98147452048085
2022,China (bilateral),Mauritania,11.373824072663172
2022,China (bilateral),Mauritius,24.592618933022802
2022,China (bilateral),"Middle East, North Africa, Afghanistan & Pakistan (excluding high income)",12.621187554207038
2022,China (bilateral),Middle income,4.175655266995843
2022,China (bilateral),Mongolia,5.049969799315371
2022,China (bilateral),Montenegro,21.90167596383465
2022,China (bilateral),Morocco,1.0190021734889128
2022,China (bilateral),Mozambique,43.95052456963128
2022,China (bilateral),Myanmar,26.115397990589546
2022,China (bilateral),Nepal,4.391879366070811
2022,China (bilateral),Nicaragua,0.0
2022,China (bilateral),Niger,17.74764745888538
2022,China (bilateral),Nigeria,8.807717114257576
2022,China (bilateral),North Macedonia,15.193248112063314
2022,China (bilateral),Pakistan,33.196129905120166
2022,China (bilateral),Papua New Guinea,21.829205959825384
2022,China (bilateral),Philippines,0.5625454071535362
2022,China (bilateral),Rwanda,10.007992921166403
2022,China (bilateral),Samoa,57.02976834463158
2022,China (bilateral),Senegal,12.84563274127669
2022,China (bilateral),Serbia,8.302500142126243
2022,China (bilateral),Sierra Leone,6.342831016033593
2022,China (bilateral),South Africa,0.8470267632417122
2022,China (bilateral),South Asia,2.879447776423656
2022,China (bilateral),Sri Lanka,17.237209254895852
2022,China (bilateral),Sub-Saharan Africa (excluding high income),12.788299764473177
2022,China (bilateral),Sudan,46.22647949291673
2022,China (bilateral),Suriname,0.25602888313899713
2022,China (bilateral),Tajikistan,44.54021584241506
2022,China (bilateral),Tanzania,15.894812237685827
2022,China (bilateral),Togo,30.487634000331866
2022,China (bilateral),Tonga,70.39417789190531
2022,China (bilateral),Tunisia,0.22061533195896876
2022,China (bilateral),Turkiye,0.46824962962030925
2022,China (bilateral),Turkmenistan,2.2837860436226034
2022,China (bilateral),Uganda,27.705129498820245
2022,China (bilateral),Ukraine,4.226881180262386
2022,China (bilateral),Upper middle income,1.7314600160009688
2022,China (bilateral),Uzbekistan,27.824081149178074
2022,China (bilateral),Vanuatu,73.86304987341752
2022,China (bilateral),Viet Nam,6.842021099813494
2022,China (bilateral),Zambia,6.851723468606194
2022,China (bilateral),Zimbabwe,23.826729710935357
2022,China (private),Africa (excluding high income),4.515927573357462
2022,China (private),Angola,27.907546493691576
2022,China (private),Benin,0.6151197407969021
2022,China (private),Cameroon,1.891130825724535
2022,China (private),"Congo, Rep.",10.318281720944366
2022,China (private),Cote d'Ivoire,1.410484196277841
2022,China (private),East Asia & Pacific (excluding high income),0.20619598253965024
2022,China (private),"Egypt, Arab Rep.",0.3307031521918686
2022,China (private),Ethiopia,13.177087591834164
2022,China (private),Europe & Central Asia (excluding high income),1.1014907039111401
2022,China (private),Gabon,4.385654653541531
2022,China (private),Ghana,1.1719342661938075
2022,China (private),Guinea,7.233769396879599
2022,China (private),Honduras,0.8020889109696666
2022,China (private),IDA only,3.6303652712853567
2022,China (private),IDA total,3.2424735833022518
2022,China (private),Indonesia,0.009547093847512312
2022,China (private),Lao PDR,0.5175776073564647
2022,China (private),Latin America & Caribbean (excluding high income),0.006256079609224255
2022,China (private),Least developed countries: UN classification,12.722638807116674
2022,China (private),Low & lower middle income,3.5789440073200667
2022,China (private),Low & middle income,1.1310431629708526
2022,China (private),Low income,4.099492431871985
2022,China (private),Lower middle income,3.547622487298062
2022,China (private),Maldives,8.937720904875597
2022,China (private),"Middle East, North Africa, Afghanistan & Pakistan (excluding high income)",1.355647101455378
2022,China (private),Middle income,1.0831028860027532
2022,China (private),Myanmar,34.17222123901875
2022,China (private),Pakistan,4.003434752014522
2022,China (private),Senegal,0.14672973519815372
2022,China (private),South Asia,0.31023008459098983
2022,China (private),Sri Lanka,1.0267361286686376
2022,China (private),Sub-Saharan Africa (excluding high income),6.585534415150603
2022,China (private),Tanzania,3.1361211674140073
2022,China (private),Turkiye,2.0415335607340204
2022,China (private),Upper middle income,0.17893255395828112
2022,China (private),Uzbekistan,2.868916609175893
2022,China (private),Zambia,17.26404833808463
2023,China (bilateral),Africa (excluding high income),10.078474514037174
2023,China (bilateral),Albania,0.0
2023,China (bilateral),Algeria,0.0
2023,China (bilateral),Angola,10.4528429621213
2023,China (bilateral),Argentina,6.578227572788006
2023,China (bilateral),Armenia,0.2568102199943127
2023,China (bilateral),Bangladesh,8.7298819637134
2023,China (bilateral),Belarus,25.73104450331457
2023,China (bilateral),Benin,5.60403088332035
2023,China (bilateral),Bolivia,12.528516127544252
2023,China (bilateral),Brazil,2.670158435009297
2023,China (bilateral),Burkina Faso,7.580211528677068
2023,China (bilateral),Burundi,6.300289627321483
2023,China (bilateral),Cabo Verde,2.5468805888868955
2023,China (bilateral),Cambodia,62.668888826324704
2023,China (bilateral),Cameroon,38.65876208495434
2023,China (bilateral),Chad,11.747119143868877
2023,China (bilateral),Comoros,23.603037457308996
2023,China (bilateral),"Congo, Dem. Rep.",35.0316301027876
2023,China (bilateral),"Congo, Rep.",22.38668409033548
2023,China (bilateral),Cote d'Ivoire,7.7451342304294775
2023,China (bilateral),Djibouti,13.832710286624831
2023,China (bilateral),Dominica,12.203696045355917
2023,China (bilateral),Dominican Republic,0.005399108249245576
2023,China (bilateral),East Asia & Pacific (excluding high income),0.9820554539795275
2023,China (bilateral),Ecuador,23.241779859915592
2023,China (bilateral),"Egypt, Arab Rep.",6.30069190705792
2023,China (bilateral),El Salvador,0.010755867184384883
2023,China (bilateral),Equatorial Guinea,97.71889639710459
2023,China (bilateral),Eritrea,32.34311285892123
2023,China (bilateral),Eswatini,23.37871098312103
2023,China (bilateral),Ethiopia,8.159398964268002
2023,China (bilateral),Europe & Central Asia (excluding high income),5.941525778814519
2023,China (bilateral),Fiji,19.57514952633749
2023,China (bilateral),Gabon,6.036897299101079
2023,China (bilateral),"Gambia, The",1.3956838967166234
2023,China (bilateral),Ghana,4.450457995497973
2023,China (bilateral),Grenada,1.5132107360494351
2023,China (bilateral),Guatemala,0.5180290442714344
2023,China (bilateral),Guinea,35.21580570551315
2023,China (bilateral),Guyana,21.2938173953963
2023,China (bilateral),Honduras,1.7463904975142381
2023,China (bilateral),IDA only,14.205553766740211
2023,China (bilateral),IDA total,17.761884879926058
2023,China (bilateral),Indonesia,0.9132422095251863
2023,China (bilateral),Iraq,3.4872282366717573
2023,China (bilateral),Jamaica,6.771294872480221
2023,China (bilateral),Jordan,0.11140576353000142
2023,China (bilateral),Kazakhstan,1.881362774663385
2023,China (bilateral),Kenya,31.04601056427617
2023,China (bilateral),Kyrgyz Republic,46.09455079053075
2023,China (bilateral),Lao PDR,6.776726991616375
2023,China (bilateral),Latin America & Caribbean (excluding high income),2.6161992535265712
2023,China (bilateral),Least developed countries: UN classification,13.431289738591792
2023,China (bilateral),Lesotho,10.296159667282186
2023,China (bilateral),Liberia,0.21017500395667388
2023,China (bilateral),Low & lower middle income,9.704044927899037
2023,China (bilateral),Low & middle income,4.0740547474905044
2023,China (bilateral),Low income,19.648465750834898
2023,China (bilateral),Lower middle income,9.180373179140252
2023,China (bilateral),Madagascar,5.425203577254157
2023,China (bilateral),Malawi,19.267328084835427
2023,China (bilateral),Maldives,30.184741985574785
2023,China (bilateral),Mali,23.599715312269883
2023,China (bilateral),Mauritania,11.448224025790346
2023,China (bilateral),Mauritius,3.3719509535623677
2023,China (bilateral),"Middle East, North Africa, Afghanistan & Pakistan (excluding high income)",9.734212519201671
2023,China (bilateral),Middle income,3.8586370997352186
2023,China (bilateral),Mongolia,17.018280952951997
2023,China (bilateral),Montenegro,23.87344546572697
2023,China (bilateral),Morocco,1.3241562345518176
2023,China (bilateral),Mozambique,33.74809968350173
2023,China (bilateral),Myanmar,23.25972497341379
2023,China (bilateral),Nepal,3.3484623523446393
2023,China (bilateral),Nicaragua,0.0
2023,China (bilateral),Niger,17.101447487124233
2023,China (bilateral),Nigeria,7.513673609253207
2023,China (bilateral),North Macedonia,6.323394188283445
2023,China (bilateral),Pakistan,23.305988058622205
2023,China (bilateral),Papua New Guinea,20.854085713036515
2023,China (bilateral),Philippines,0.51603154801567
2023,China (bilateral),Rwanda,5.351222425659429
2023,China (bilateral),Samoa,58.20498277604442
2023,China (bilateral),Senegal,10.625250275220493
2023,China (bilateral),Serbia,8.413788204199397
2023,China (bilateral),Sierra Leone,7.963637167621938
2023,China (bilateral),Solomon Islands,0.7616814861683743
2023,China (bilateral),South Africa,4.069202282078
2023,China (bilateral),South Asia,1.991652786012658
2023,China (bilateral),Sri Lanka,3.513081983533453
2023,China (bilateral),St. Vincent and the Grenadines,0.9176630061919486
2023,China (bilateral),Sub-Saharan Africa (excluding high income),12.515171104947965
2023,China (bilateral),Sudan,43.93231001889654
2023,China (bilateral),Suriname,5.773892605356437
2023,China (bilateral),Tajikistan,34.565465833672675
2023,China (bilateral),Tanzania,10.685159741894372
2023,China (bilateral),Togo,31.817912969684365
2023,China (bilateral),Tonga,80.686192265887
2023,China (bilateral),Tunisia,0.18415294738031576
2023,China (bilateral),Turkiye,2.082799639753031
2023,China (bilateral),Turkmenistan,2.0233540172798694
2023,China (bilateral),Uganda,30.753837097216422
2023,China (bilateral),Ukraine,0.14016167122317322
2023,China (bilateral),Upper middle income,1.962917366515124
2023,China (bilateral),Uzbekistan,19.308430542261913
2023,China (bilateral),Vanuatu,66.05631691966978
2023,China (bilateral),Viet Nam,6.752328333617674
2023,China (bilateral),Zambia,23.96879662869867
2023,China (bilateral),Zimbabwe,25.88747410528754
2023,China (private),Africa (excluding high income),6.767416320236347
2023,China (private),Angola,39.18510459491832
2023,China (private),Benin,1.9272182007624756
2023,China (private),Cameroon,2.2993194371111243
2023,China (private),"Congo, Rep.",0.0
2023,China (private),Cote d'Ivoire,2.0210375165387573
2023,China (private),East Asia & Pacific (excluding high income),0.16313104115384552
2023,China (private),"Egypt, Arab Rep.",0.9267827051947848
2023,China (private),Ethiopia,6.889523962367854
2023,China (private),Europe & Central Asia (excluding high income),1.1381706913052978
2023,China (private),Gabon,1.8849065095652768
2023,China (private),Ghana,1.7437138716648142
2023,China (private),Guinea,7.695774253224057
2023,China (private),Honduras,4.06710711131338
2023,China (private),IDA only,2.7513077948986524
2023,China (private),IDA total,3.063762161315268
2023,China (private),Lao PDR,0.2977239921222189
2023,China (private),Latin America & Caribbean (excluding high income),0.034046243201482855
2023,China (private),Least developed countries: UN classification,16.497353375370995
2023,China (private),Low & lower middle income,4.88857484237606
2023,China (private),Low & middle income,1.4735691339068513
2023,China (private),Low income,1.635199664670137
2023,China (private),Lower middle income,5.059897104276749
2023,China (private),Maldives,15.873775199511153
2023,China (private),"Middle East, North Africa, Afghanistan & Pakistan (excluding high income)",2.356127169091738
2023,China (private),Middle income,1.4713335393322
2023,China (private),Myanmar,35.06300155511605
2023,China (private),Pakistan,6.832705437367373
2023,China (private),Senegal,0.8475247111180588
2023,China (private),South Asia,0.22702705033429837
2023,China (private),Sub-Saharan Africa (excluding high income),9.54243028728368
2023,China (private),Tanzania,2.797489282050203
2023,China (private),Turkiye,2.1497234020145366
2023,China (private),Upper middle income,0.1930080713881765
2023,China (private),Uzbekistan,1.5208937342414668
2023,China (private),Zambia,14.045332899469647
2024,China (bilateral),Africa (excluding high income),8.965328130103345
2024,China (bilateral),Albania,0.0
2024,China (bilateral),Algeria,0.0
2024,China (bilateral),Angola,11.291832345044313
2024,China (bilateral),Argentina,19.041222833896665
2024,China (bilateral),Armenia,0.3108441585465006
2024,China (bilateral),Bangladesh,9.935447693163834
2024,China (bilateral),Belarus,35.866535285273905
2024,China (bilateral),Benin,2.308690283947871
2024,China (bilateral),Bolivia,16.19290169524737
2024,China (bilateral),Brazil,2.847916520741313
2024,China (bilateral),Burkina Faso,3.7504575196512633
2024,China (bilateral),Burundi,22.069491815242202
2024,China (bilateral),Cabo Verde,3.0074813670173537
2024,China (bilateral),Cambodia,60.30978291614748
2024,China (bilateral),Cameroon,36.08274453996112
2024,China (bilateral),Chad,6.414386341187282
2024,China (bilateral),Comoros,47.55100620419946
2024,China (bilateral),"Congo, Dem. Rep.",52.989613453887614
2024,China (bilateral),"Congo, Rep.",21.4991625035881
2024,China (bilateral),Cote d'Ivoire,6.30665898988218
2024,China (bilateral),Djibouti,29.50784074396672
2024,China (bilateral),Dominica,6.932566341224332
2024,China (bilateral),Dominican Republic,0.005122499642794588
2024,China (bilateral),East Asia & Pacific (excluding high income),1.5352395963339154
2024,China (bilateral),Ecuador,19.45330222447902
2024,China (bilateral),"Egypt, Arab Rep.",5.877243926878572
2024,China (bilateral),El Salvador,0.003300253714784427
2024,China (bilateral),Equatorial Guinea,92.04153539475621
2024,China (bilateral),Eritrea,22.71806696739114
2024,China (bilateral),Eswatini,24.446250643728952
2024,China (bilateral),Ethiopia,4.002424476542483
2024,China (bilateral),Europe & Central Asia (excluding high income),5.28057224048551
2024,China (bilateral),Fiji,16.404081553075144
2024,China (bilateral),Gabon,3.5881186825630653
2024,China (bilateral),"Gambia, The",0.9643497816743102
2024,China (bilateral),Ghana,0.0
2024,China (bilateral),Grenada,2.80454517181389
2024,China (bilateral),Guatemala,0.44286926626425493
2024,China (bilateral),Guinea,26.176221739231345
2024,China (bilateral),Guyana,19.591412465708313
2024,China (bilateral),Honduras,1.646161826465074
2024,China (bilateral),IDA only,13.12461820444132
2024,China (bilateral),IDA total,15.405893430816677
2024,China (bilateral),Indonesia,0.6529797144358555
2024,China (bilateral),Iraq,4.430778614356106
2024,China (bilateral),Jamaica,9.268037962875535
2024,China (bilateral),Jordan,0.09880398565982045
2024,China (bilateral),Kazakhstan,2.8614996549634344
2024,China (bilateral),Kenya,18.915653255856324
2024,China (bilateral),Kyrgyz Republic,43.65522840042346
2024,China (bilateral),Lao PDR,20.044332165453827
2024,China (bilateral),Latin America & Caribbean (excluding high income),3.887855057865043
2024,China (bilateral),Least developed countries: UN classification,13.287141705644522
2024,China (bilateral),Lesotho,18.440655381631196
2024,China (bilateral),Liberia,6.7229658442960405
2024,China (bilateral),Low & lower middle income,8.177249020384558
2024,China (bilateral),Low & middle income,4.513466757788813
2024,China (bilateral),Low income,19.1125835364292
2024,China (bilateral),Lower middle income,7.697240235438952
2024,China (bilateral),Madagascar,6.737000773810481
2024,China (bilateral),Malawi,11.884204560854066
2024,China (bilateral),Maldives,28.60634884377178
2024,China (bilateral),Mali,15.369452722496833
2024,China (bilateral),Mauritania,12.416547588925138
2024,China (bilateral),Mauritius,3.6499363260014444
2024,China (bilateral),"Middle East, North Africa, Afghanistan & Pakistan (excluding high income)",7.659293890716971
2024,China (bilateral),Middle income,4.317513545836283
2024,China (bilateral),Mongolia,56.94069909149504
2024,China (bilateral),Montenegro,19.542288589724137
2024,China (bilateral),Morocco,0.7586612470302547
2024,China (bilateral),Mozambique,29.526643297181558
2024,China (bilateral),Myanmar,24.868395707165963
2024,China (bilateral),Nepal,2.5385444476639103
2024,China (bilateral),Nicaragua,2.709273334658871
2024,China (bilateral),Niger,11.439261678677932
2024,China (bilateral),Nigeria,11.80810696426011
2024,China (bilateral),North Macedonia,9.774006988612506
2024,China (bilateral),Pakistan,19.95973498150152
2024,China (bilateral),Papua New Guinea,16.59642963037198
2024,China (bilateral),Philippines,0.3341416958502979
2024,China (bilateral),Rwanda,9.575655323407226
2024,China (bilateral),Samoa,57.460663439811775
2024,China (bilateral),Senegal,8.469209456209779
2024,China (bilateral),Serbia,6.11400877753473
2024,China (bilateral),Sierra Leone,9.142781749885675
2024,China (bilateral),Solomon Islands,4.025109785556632
2024,China (bilateral),South Africa,5.766292385186335
2024,China (bilateral),South Asia,2.252569559893261
2024,China (bilateral),Sri Lanka,5.964152880766907
2024,China (bilateral),St. Vincent and the Grenadines,3.4273509099086588
2024,China (bilateral),Sub-Saharan Africa (excluding high income),12.004662246814888
2024,China (bilateral),Sudan,43.82583116208317
2024,China (bilateral),Suriname,18.05753056921058
2024,China (bilateral),Tajikistan,33.68881057955192
2024,China (bilateral),Tanzania,10.425513640994087
2024,China (bilateral),Togo,26.80394448781789
2024,China (bilateral),Tonga,86.10907607488649
2024,China (bilateral),Tunisia,0.19476317452961586
2024,China (bilateral),Turkiye,0.7815682506255553
2024,China (bilateral),Turkmenistan,2.320206343060494
2024,China (bilateral),Uganda,27.495816201775906
2024,China (bilateral),Ukraine,0.29240429123045747
2024,China (bilateral),Upper middle income,2.828862243946539
2024,China (bilateral),Uzbekistan,18.692486644397473
2024,China (bilateral),Vanuatu,61.77946745919059
2024,China (bilateral),Viet Nam,4.31608826815667
2024,China (bilateral),Zambia,0.28896157066170436
2024,China (bilateral),Zimbabwe,14.974103649633022
2024,China (private),Africa (excluding high income),5.792962292280284
2024,China (private),Angola,42.74453323070163
2024,China (private),Benin,0.7144375290611823
2024,China (private),Brazil,0.0
2024,China (private),Cameroon,2.503343195010034
2024,China (private),"Congo, Rep.",0.0
2024,China (private),Cote d'Ivoire,1.92628308366003
2024,China (private),East Asia & Pacific (excluding high income),0.18490304497642787
2024,China (private),"Egypt, Arab Rep.",1.6286525392713518
2024,China (private),Ethiopia,0.6463653409372992
2024,China (private),Europe & Central Asia (excluding high income),0.296518150460484
2024,China (private),Gabon,0.3107341206387754
2024,China (private),Ghana,0.0
2024,China (private),Guinea,17.31525762285375
2024,China (private),Honduras,6.143006738589291
2024,China (private),IDA only,1.8823335870873315
2024,China (private),IDA total,1.146613651540178
2024,China (private),Lao PDR,0.24624938250880735
2024,China (private),Latin America & Caribbean (excluding high income),0.04234533927527118
2024,China (private),Least developed countries: UN classification,15.218533843468627
2024,China (private),Low & lower middle income,3.545331807927112
2024,China (private),Low & middle income,1.148941059032263
2024,China (private),Low income,0.11245674258082992
2024,China (private),Lower middle income,3.696018573528039
2024,China (private),Maldives,8.2156615427221
2024,China (private),"Middle East, North Africa, Afghanistan & Pakistan (excluding high income)",0.7770094567685715
2024,China (private),Middle income,1.162853026038667
2024,China (private),Myanmar,39.08220209850112
2024,China (private),Nicaragua,0.0
2024,China (private),Senegal,0.5773299389100083
2024,China (private),South Asia,0.09856975942445438
2024,China (private),Sub-Saharan Africa (excluding high income),8.909458160163785
2024,China (private),Tanzania,2.4700043478407028
2024,China (private),Turkiye,0.3858352803858319
2024,China (private),Upper middle income,0.047082273991367676
2024,China (private),Uzbekistan,1.425024882167023
2024,China (private),Zambia,4.425942607229802
2025,China (bilateral),Africa (excluding high income),12.322447281297578
2025,China (bilateral),Angola,18.585118151681904
2025,China (bilateral),Argentina,14.419829204059972
2025,China (bilateral),Armenia,0.18601727010443336
2025,China (bilateral),Bangladesh,10.83195891072747
2025,China (bilateral),Belarus,24.476445122636843
2025,China (bilateral),Benin,5.294108656898929
2025,China (bilateral),Bolivia,7.791300542153652
2025,China (bilateral),Bosnia and Herzegovina,2.223629497148419
2025,China (bilateral),Brazil,3.4649431245039075
2025,China (bilateral),Burkina Faso,3.106544489619742
2025,China (bilateral),Burundi,6.33665761686534
2025,China (bilateral),Cabo Verde,2.909722212275206
2025,China (bilateral),Cambodia,31.25245996397321
2025,China (bilateral),Cameroon,34.24047164154198
2025,China (bilateral),Central African Republic,7.812395843446224
2025,China (bilateral),Chad,12.38095171597677
2025,China (bilateral),Comoros,13.190718215224635
2025,China (bilateral),"Congo, Dem. Rep.",68.69732841554021
2025,China (bilateral),"Congo, Rep.",26.342678477354454
2025,China (bilateral),Cote d'Ivoire,8.495102703949605
2025,China (bilateral),Djibouti,42.72357896287047
2025,China (bilateral),Dominica,13.279896236283761
2025,China (bilateral),Dominican Republic,0.004333912149172936
2025,China (bilateral),East Asia & Pacific (excluding high income),1.9067999783392287
2025,China (bilateral),Ecuador,19.43660608824304
2025,China (bilateral),"Egypt, Arab Rep.",3.075634059903556
2025,China (bilateral),Equatorial Guinea,95.8206179635446
2025,China (bilateral),Eritrea,2.0579384641306513
2025,China (bilateral),Eswatini,19.878450070400362
2025,China (bilateral),Ethiopia,22.571813107296485
2025,China (bilateral),Europe & Central Asia (excluding high income),4.330475158385347
2025,China (bilateral),Fiji,14.25579386177726
2025,China (bilateral),Gabon,20.329922094329735
2025,China (bilateral),"Gambia, The",0.4702418194328179
2025,China (bilateral),Ghana,17.51074942250359
2025,China (bilateral),Grenada,9.54409918986907
2025,China (bilateral),Guatemala,0.2272627266173569
2025,China (bilateral),Guinea,42.691008295144236
2025,China (bilateral),Guyana,26.704319666868873
2025,China (bilateral),Honduras,1.8748198219403405
2025,China (bilateral),IDA only,18.759620710053536
2025,China (bilateral),IDA total,23.096856994599705
2025,China (bilateral),Indonesia,1.0229335691662482
2025,China (bilateral),Iraq,6.010163903356185
2025,China (bilateral),Jamaica,12.25219794521763
2025,China (bilateral),Jordan,0.15769761384516504
2025,China (bilateral),Kazakhstan,3.4783189387581763
2025,China (bilateral),Kenya,24.302566111915635
2025,China (bilateral),Kyrgyz Republic,50.241914648580995
2025,China (bilateral),Lao PDR,56.99485424723878
2025,China (bilateral),Latin America & Caribbean (excluding high income),3.5750990804221674
2025,China (bilateral),Least developed countries: UN classification,19.23732399987594
2025,China (bilateral),Lesotho,19.734923763672267
2025,China (bilateral),Liberia,5.90571672897368
2025,China (bilateral),Low & lower middle income,13.417451537597728
2025,China (bilateral),Low & middle income,6.4043577015527235
2025,China (bilateral),Low income,21.642437426870764
2025,China (bilateral),Lower middle income,12.591940327947588
2025,China (bilateral),Madagascar,8.521960750940174
2025,China (bilateral),Malawi,9.874013247395997
2025,China (bilateral),Maldives,11.439525297359037
2025,China (bilateral),Mali,17.711777103707615
2025,China (bilateral),Mauritania,13.955279600787867
2025,China (bilateral),Mauritius,2.372727091233248
2025,China (bilateral),"Middle East, North Africa, Afghanistan & Pakistan (excluding high income)",15.807298085095377
2025,China (bilateral),Middle income,5.866807503298683
2025,China (bilateral),Mongolia,16.61472730473146
2025,China (bilateral),Montenegro,15.386226082323889
2025,China (bilateral),Morocco,0.788863175190421
2025,China (bilateral),Mozambique,29.171166781535195
2025,China (bilateral),Myanmar,11.677798283389153
2025,China (bilateral),Nepal,8.160152851808073
2025,China (bilateral),Nicaragua,0.7715228859678164
2025,China (bilateral),Niger,5.264746658109059
2025,China (bilateral),Nigeria,10.966909642424215
2025,China (bilateral),North Macedonia,4.330554572125654
2025,China (bilateral),Pakistan,45.843182412218084
2025,China (bilateral),Papua New Guinea,15.078727549979924
2025,China (bilateral),Philippines,3.3428219906203593
2025,China (bilateral),Rwanda,5.17212960356152
2025,China (bilateral),Samoa,54.34746905664339
2025,China (bilateral),Senegal,7.440947435606772
2025,China (bilateral),Serbia,9.128417337154042
2025,China (bilateral),Sierra Leone,9.620144917942499
2025,China (bilateral),Solomon Islands,2.424462718368823
2025,China (bilateral),South Africa,3.1645899531410637
2025,China (bilateral),South Asia,3.911003050615278
2025,China (bilateral),Sri Lanka,20.396468509161434
2025,China (bilateral),St. Vincent and the Grenadines,10.671944635693986
2025,China (bilateral),Sub-Saharan Africa (excluding high income),15.643754946127752
2025,China (bilateral),Sudan,29.26358513183497
2025,China (bilateral),Suriname,15.9147585292941
2025,China (bilateral),Tajikistan,24.106749206279073
2025,China (bilateral),Tanzania,7.029591601454016
2025,China (bilateral),Togo,13.444568386721365
2025,China (bilateral),Tonga,80.35051509012557
2025,China (bilateral),Tunisia,0.18994637182284643
2025,China (bilateral),Turkiye,0.4583825322834618
2025,China (bilateral),Turkmenistan,2.8274704049587247
2025,China (bilateral),Uganda,27.434690070249356
2025,China (bilateral),Ukraine,7.3204050236813
2025,China (bilateral),Upper middle income,2.2219659342411244
2025,China (bilateral),Uzbekistan,13.395803844644776
2025,China (bilateral),Vanuatu,60.607617487594375
2025,China (bilateral),Viet Nam,4.134329738833904
2025,China (bilateral),"Yemen, Rep.",1.1568875187211691
2025,China (bilateral),Zambia,22.814123608318152
2025,China (bilateral),Zimbabwe,45.14373800196955
2025,China (private),Africa (excluding high income),6.14847734332835
2025,China (private),Angola,28.972138759301465
2025,China (private),Benin,2.331992110167927
2025,China (private),Cameroon,1.52227856738924
2025,China (private),"Congo, Rep.",23.683298178921167
2025,China (private),Cote d'Ivoire,3.6112056074483125
2025,China (private),East Asia & Pacific (excluding high income),0.20804870616171778
2025,China (private),"Egypt, Arab Rep.",1.8250280033621742
2025,China (private),El Salvador,0.0
2025,China (private),Ethiopia,9.144077172338156
2025,China (private),Europe & Central Asia (excluding high income),0.13739064487370523
2025,China (private),Gabon,2.931001335741763
2025,China (private),Ghana,1.18616896562243
2025,China (private),Guinea,13.90394833403208
2025,China (private),Honduras,3.857680794703871
2025,China (private),IDA only,3.591937939720882
2025,China (private),IDA total,2.443155755308349
2025,China (private),Lao PDR,0.7704043862811293
2025,China (private),Latin America & Caribbean (excluding high income),0.05859447296821428
2025,China (private),Least developed countries: UN classification,11.090442104470782
2025,China (private),Low & lower middle income,3.6521073624566913
2025,China (private),Low & middle income,1.3927685642086898
2025,China (private),Low income,4.963653533061695
2025,China (private),Lower middle income,3.5204723565875398
2025,China (private),Maldives,5.927548337004754
2025,China (private),"Middle East, North Africa, Afghanistan & Pakistan (excluding high income)",0.5133543924771758
2025,China (private),Middle income,1.2667992847751397
2025,China (private),Myanmar,28.921970222445562
2025,China (private),Senegal,0.7109372795893716
2025,China (private),South Asia,0.13436550775717754
2025,China (private),Sub-Saharan Africa (excluding high income),7.863838826914971
2025,China (private),Suriname,2.665294708853146
2025,China (private),Tanzania,0.6841163817299737
2025,China (private),Turkiye,0.11982211688822217
2025,China (private),Upper middle income,0.0453689414069675
2025,China (private),Uzbekistan,1.0759451623619722
2025,China (private),Zambia,23.0031919814217
2026,China (bilateral),Africa (excluding high income),11.637313885927325
2026,China (bilateral),Angola,15.540293808085726
2026,China (bilateral),Argentina,10.615705472209918
2026,China (bilateral),Armenia,0.24339913641438568
2026,China (bilateral),Bangladesh,10.600704905076167
2026,China (bilateral),Belarus,19.69622236623558
2026,China (bilateral),Benin,5.405973771944539
2026,China (bilateral),Bolivia,7.938282055372356
2026,China (bilateral),Bosnia and Herzegovina,1.3714098480284382
2026,China (bilateral),Brazil,7.031669350922411
2026,China (bilateral),Burkina Faso,4.15073970641635
2026,China (bilateral),Burundi,5.62774067385344
2026,China (bilateral),Cabo Verde,2.5730400320095477
2026,China (bilateral),Cambodia,53.65707943104628
2026,China (bilateral),Cameroon,34.841288480086206
2026,China (bilateral),Central African Republic,7.221402239008063
2026,China (bilateral),Chad,11.410646184895596
2026,China (bilateral),Comoros,12.782670430910176
2026,China (bilateral),"Congo, Dem. Rep.",68.65928499419873
2026,China (bilateral),"Congo, Rep.",27.68235255908689
2026,China (bilateral),Cote d'Ivoire,8.9815175080898
2026,China (bilateral),Djibouti,42.989386638678404
2026,China (bilateral),Dominica,9.916522311617348
2026,China (bilateral),Dominican Republic,0.002778625770732922
2026,China (bilateral),East Asia & Pacific (excluding high income),3.0541224745375453
2026,China (bilateral),Ecuador,5.021822293039076
2026,China (bilateral),"Egypt, Arab Rep.",2.5880164902739673
2026,China (bilateral),Equatorial Guinea,95.99771805119882
2026,China (bilateral),Eritrea,2.133608065185942
2026,China (bilateral),Eswatini,19.805751794513693
2026,China (bilateral),Ethiopia,41.771277510207355
2026,China (bilateral),Europe & Central Asia (excluding high income),4.706103770671825
2026,China (bilateral),Fiji,13.418017278738265
2026,China (bilateral),Gabon,22.07224155207155
2026,China (bilateral),"Gambia, The",0.48508574727406123
2026,China (bilateral),Ghana,13.92498505145544
2026,China (bilateral),Grenada,9.455849385789554
2026,China (bilateral),Guatemala,0.13790131427195956
2026,China (bilateral),Guinea,40.35783895840591
2026,China (bilateral),Guyana,26.984708641616567
2026,China (bilateral),Honduras,2.3510537287428264
2026,China (bilateral),IDA only,19.548394387530386
2026,China (bilateral),IDA total,20.020261998608955
2026,China (bilateral),Indonesia,1.0752629085926613
2026,China (bilateral),Iraq,5.803743416799262
2026,China (bilateral),Jamaica,7.171284437237987
2026,China (bilateral),Jordan,0.10500007405166054
2026,China (bilateral),Kazakhstan,5.130625237593501
2026,China (bilateral),Kenya,29.774344695971575
2026,China (bilateral),Kyrgyz Republic,48.734373205266195
2026,China (bilateral),Lao PDR,69.6869812274018
2026,China (bilateral),Latin America & Caribbean (excluding high income),3.0052558912885874
2026,China (bilateral),Least developed countries: UN classification,19.61320414077691
2026,China (bilateral),Lesotho,21.221814724825315
2026,China (bilateral),Liberia,5.724091707008203
2026,China (bilateral),Low & lower middle income,10.456127579671241
2026,China (bilateral),Low & middle income,5.736017836907236
2026,China (bilateral),Low income,27.191171131393983
2026,China (bilateral),Lower middle income,9.442343119058082
2026,China (bilateral),Madagascar,10.403307224549105
2026,China (bilateral),Malawi,9.086559659119187
2026,China (bilateral),Maldives,10.633784201909666
2026,China (bilateral),Mali,17.844415548475414
2026,China (bilateral),Mauritania,13.419072600246208
2026,China (bilateral),Mauritius,2.466820038080056
2026,China (bilateral),"Middle East, North Africa, Afghanistan & Pakistan (excluding high income)",8.200613237579727
2026,China (bilateral),Middle income,5.242128903346835
2026,China (bilateral),Mongolia,50.53842726935055
2026,China (bilateral),Montenegro,32.7488457025952
2026,China (bilateral),Morocco,1.0593048979062472
2026,China (bilateral),Mozambique,28.867137571701043
2026,China (bilateral),Myanmar,10.01490663224346
2026,China (bilateral),Nepal,7.507297595617996
2026,China (bilateral),Nicaragua,3.382133589315224
2026,China (bilateral),Niger,4.878099832821812
2026,China (bilateral),Nigeria,12.517466903993117
2026,China (bilateral),North Macedonia,7.379243427260661
2026,China (bilateral),Pakistan,24.3397728623469
2026,China (bilateral),Papua New Guinea,14.74823828770204
2026,China (bilateral),Philippines,0.9283044456907835
2026,China (bilateral),Rwanda,11.554346063405944
2026,China (bilateral),Samoa,53.81771801691924
2026,China (bilateral),Senegal,5.561527071784081
2026,China (bilateral),Serbia,7.295174870833214
2026,China (bilateral),Sierra Leone,9.073961223665034
2026,China (bilateral),Solomon Islands,3.4702622041293276
2026,China (bilateral),South Africa,3.9137550948341895
2026,China (bilateral),South Asia,3.470444903932184
2026,China (bilateral),Sri Lanka,21.205245789646586
2026,China (bilateral),St. Vincent and the Grenadines,13.238882315187908
2026,China (bilateral),Sub-Saharan Africa (excluding high income),16.045080792430525
2026,China (bilateral),Sudan,30.942101014830797
2026,China (bilateral),Suriname,14.969973655970813
2026,China (bilateral),Tajikistan,25.98470421733915
2026,China (bilateral),Tanzania,10.647106561282605
2026,China (bilateral),Togo,18.27679772758368
2026,China (bilateral),Tonga,79.84829485740308
2026,China (bilateral),Tunisia,0.2559103450108301
2026,China (bilateral),Turkiye,0.920029687979099
2026,China (bilateral),Turkmenistan,2.8984969484588787
2026,China (bilateral),Uganda,27.49821101887951
2026,China (bilateral),Ukraine,4.661092448595097
2026,China (bilateral),Upper middle income,2.667849057589322
2026,China (bilateral),Uzbekistan,13.247401646003336
2026,China (bilateral),Vanuatu,63.33434934305142
2026,China (bilateral),Viet Nam,4.057428618603081
2026,China (bilateral),"Yemen, Rep.",1.2341063281755102
2026,China (bilateral),Zambia,24.50798079767987
2026,China (bilateral),Zimbabwe,52.84188284754688
2026,China (private),Africa (excluding high income),5.667032643059623
2026,China (private),Angola,38.83328500159
2026,China (private),Benin,2.3384338987227578
2026,China (private),Cameroon,1.5368127061175862
2026,China (private),"Congo, Rep.",26.099320278332236
2026,China (private),Cote d'Ivoire,3.749127042359912
2026,China (private),East Asia & Pacific (excluding high income),0.26503883641440895
2026,China (private),"Egypt, Arab Rep.",1.2914508813352186
2026,China (private),El Salvador,0.15620188386287287
2026,China (private),Ethiopia,7.803939034653574
2026,China (private),Europe & Central Asia (excluding high income),0.14648869874237763
2026,China (private),Gabon,0.6290200108831528
2026,China (private),Ghana,1.1609203442514118
2026,China (private),Guinea,13.021079820603367
2026,China (private),Honduras,4.725072568533591
2026,China (private),IDA only,2.3551426819091765
2026,China (private),IDA total,1.739418393702134
2026,China (private),Lao PDR,0.9557440342749528
2026,China (private),Latin America & Caribbean (excluding high income),0.04963436728299776
2026,China (private),Least developed countries: UN classification,11.469489546708017
2026,China (private),Low & lower middle income,3.13271936418034
2026,China (private),Low & middle income,1.2589528302935118
2026,China (private),Low income,2.1745107895076043
2026,China (private),Lower middle income,3.190766238096572
2026,China (private),Maldives,5.111153269273843
2026,China (private),"Middle East, North Africa, Afghanistan & Pakistan (excluding high income)",0.4954070821853804
2026,China (private),Middle income,1.2378770571269233
2026,China (private),Myanmar,28.30308495267449
2026,China (private),Nicaragua,0.0
2026,China (private),South Asia,0.10787411798628395
2026,China (private),Sub-Saharan Africa (excluding high income),7.935629364765082
2026,China (private),Suriname,2.490838393529438
2026,China (private),Tanzania,0.817282207791167
2026,China (private),Turkiye,0.146307607800371
2026,China (private),Upper middle income,0.04096589941427685
2026,China (private),Uzbekistan,1.0335715825868437
2026,China (private),Zambia,16.52185316568992
2027,China (bilateral),Africa (excluding high income),12.85376909858899
2027,China (bilateral),Angola,15.722472205398475
2027,China (bilateral),Argentina,15.833199738711468
2027,China (bilateral),Armenia,0.2725724566822856
2027,China (bilateral),Bangladesh,10.541128944818844
2027,China (bilateral),Belarus,14.591411082258517
2027,China (bilateral),Benin,5.472823904037507
2027,China (bilateral),Bolivia,8.04545502939099
2027,China (bilateral),Bosnia and Herzegovina,3.1597613709055135
2027,China (bilateral),Brazil,0.7713846643686559
2027,China (bilateral),Burkina Faso,3.9436901326457843
2027,China (bilateral),Burundi,4.312062966494102
2027,China (bilateral),Cabo Verde,2.256687955679395
2027,China (bilateral),Cambodia,47.42073660212127
2027,China (bilateral),Cameroon,31.959947341434056
2027,China (bilateral),Central African Republic,7.244005747869737
2027,China (bilateral),Chad,6.513720203818358
2027,China (bilateral),Comoros,17.06307504862681
2027,China (bilateral),"Congo, Dem. Rep.",65.69568132321712
2027,China (bilateral),"Congo, Rep.",26.442407267637925
2027,China (bilateral),Cote d'Ivoire,9.470222612014727
2027,China (bilateral),Djibouti,45.23805598421506
2027,China (bilateral),Dominica,13.444486020294974
2027,China (bilateral),East Asia & Pacific (excluding high income),1.7496723071321765
2027,China (bilateral),Ecuador,6.814507526361232
2027,China (bilateral),"Egypt, Arab Rep.",6.9792584981621335
2027,China (bilateral),Equatorial Guinea,94.80276840015893
2027,China (bilateral),Eritrea,2.130377838153874
2027,China (bilateral),Eswatini,15.801237132897544
2027,China (bilateral),Ethiopia,45.673862782319866
2027,China (bilateral),Europe & Central Asia (excluding high income),5.299702409237609
2027,China (bilateral),Fiji,11.738459494244081
2027,China (bilateral),Gabon,23.660530434371353
2027,China (bilateral),"Gambia, The",0.4585044282291444
2027,China (bilateral),Ghana,10.877075581701668
2027,China (bilateral),Grenada,10.195645453906694
2027,China (bilateral),Guatemala,0.1595336905050516
2027,China (bilateral),Guinea,40.029446703026764
2027,China (bilateral),Guyana,26.23587898582341
2027,China (bilateral),Honduras,1.2128160500242933
2027,China (bilateral),IDA only,19.27609243214526
2027,China (bilateral),IDA total,18.97474100325997
2027,China (bilateral),Indonesia,1.0552890063857916
2027,China (bilateral),Iraq,6.143976164833443
2027,China (bilateral),Jamaica,7.061290093989423
2027,China (bilateral),Jordan,0.14554439548405507
2027,China (bilateral),Kazakhstan,5.869606586168068
2027,China (bilateral),Kenya,30.1211795696516
2027,China (bilateral),Kyrgyz Republic,49.97692790430262
2027,China (bilateral),Lao PDR,62.070005778072634
2027,China (bilateral),Latin America & Caribbean (excluding high income),1.825490417443464
2027,China (bilateral),Least developed countries: UN classification,19.710962281268017
2027,China (bilateral),Lesotho,20.570703385979424
2027,China (bilateral),Liberia,6.986941413327
2027,China (bilateral),Low & lower middle income,10.289525858126082
2027,China (bilateral),Low & middle income,5.261042729972662
2027,China (bilateral),Low income,27.887319516569253
2027,China (bilateral),Lower middle income,9.155467997529524
2027,China (bilateral),Madagascar,10.559657167727257
2027,China (bilateral),Malawi,12.173584374224886
2027,China (bilateral),Maldives,23.26910785388183
2027,China (bilateral),Mali,17.645409199211237
2027,China (bilateral),Mauritania,12.927181461444782
2027,China (bilateral),Mauritius,3.93480943111386
2027,China (bilateral),"Middle East, North Africa, Afghanistan & Pakistan (excluding high income)",9.777440665111095
2027,China (bilateral),Middle income,4.710376908850285
2027,China (bilateral),Mongolia,6.672653156182576
2027,China (bilateral),Montenegro,11.527450156554051
2027,China (bilateral),Morocco,1.0240924096995092
2027,China (bilateral),Mozambique,28.617504729455753
2027,China (bilateral),Myanmar,9.051890308494531
2027,China (bilateral),Nepal,7.093340521393361
2027,China (bilateral),Nicaragua,5.893976297271901
2027,China (bilateral),Niger,4.2885838186584015
2027,China (bilateral),Nigeria,8.698661511630005
2027,China (bilateral),North Macedonia,6.147218857350545
2027,China (bilateral),Pakistan,28.784925153056186
2027,China (bilateral),Papua New Guinea,15.283808747886892
2027,China (bilateral),Philippines,0.847702090702402
2027,China (bilateral),Rwanda,10.477398473698523
2027,China (bilateral),Samoa,53.54250679651092
2027,China (bilateral),Senegal,8.538002486227317
2027,China (bilateral),Serbia,4.603711377313627
2027,China (bilateral),Sierra Leone,5.10193419577208
2027,China (bilateral),Solomon Islands,3.7942779507484974
2027,China (bilateral),South Africa,3.992210132792356
2027,China (bilateral),South Asia,3.189915751333802
2027,China (bilateral),Sri Lanka,20.42408883563577
2027,China (bilateral),St. Vincent and the Grenadines,19.5211608975325
2027,China (bilateral),Sub-Saharan Africa (excluding high income),15.882005666907567
2027,China (bilateral),Sudan,34.47964192512084
2027,China (bilateral),Suriname,11.344471163636108
2027,China (bilateral),Tajikistan,18.167966173085787
2027,China (bilateral),Tanzania,13.479753187603741
2027,China (bilateral),Togo,16.4978631068073
2027,China (bilateral),Tonga,80.03845390281349
2027,China (bilateral),Tunisia,0.2902798779709718
2027,China (bilateral),Turkiye,2.2914551371594882
2027,China (bilateral),Turkmenistan,2.5104227952599656
2027,China (bilateral),Uganda,27.710113802265152
2027,China (bilateral),Ukraine,4.221229539826817
2027,China (bilateral),Upper middle income,2.012953078222706
2027,China (bilateral),Uzbekistan,10.0539924736269
2027,China (bilateral),Vanuatu,62.096456330088984
2027,China (bilateral),Viet Nam,0.5861553192791318
2027,China (bilateral),"Yemen, Rep.",0.9301402376721003
2027,China (bilateral),Zambia,24.23201271796854
2027,China (bilateral),Zimbabwe,38.17969354656225
2027,China (private),Africa (excluding high income),5.6589008389019755
2027,China (private),Angola,38.14677766356546
2027,China (private),Benin,2.156784424715808
2027,China (private),Cameroon,1.64686284787541
2027,China (private),"Congo, Rep.",26.41721604810583
2027,China (private),Cote d'Ivoire,3.6686408917100843
2027,China (private),East Asia & Pacific (excluding high income),0.2554671689607396
2027,China (private),"Egypt, Arab Rep.",1.580820655455606
2027,China (private),El Salvador,1.2713304142725412
2027,China (private),Ethiopia,6.920150989590678
2027,China (private),Europe & Central Asia (excluding high income),0.1507432953175287
2027,China (private),Ghana,0.7487438688530157
2027,China (private),Guinea,12.640156806924322
2027,China (private),Honduras,2.3191826944258955
2027,China (private),IDA only,2.4135875227199097
2027,China (private),IDA total,1.763269499912447
2027,China (private),Lao PDR,1.2504900259831884
2027,China (private),Latin America & Caribbean (excluding high income),0.06916054951878153
2027,China (private),Least developed countries: UN classification,11.354195489537698
2027,China (private),Low & lower middle income,3.11688572410708
2027,China (private),Low & middle income,1.2500708646344045
2027,China (private),Low income,1.9524582960748829
2027,China (private),Lower middle income,3.1919251354949147
2027,China (private),Maldives,9.019970468067056
2027,China (private),"Middle East, North Africa, Afghanistan & Pakistan (excluding high income)",0.6146969011588683
2027,China (private),Middle income,1.2329765474682088
2027,China (private),Myanmar,36.157377475842175
2027,China (private),Nicaragua,0.6891206413631898
2027,China (private),South Asia,0.09483483455482282
2027,China (private),Sub-Saharan Africa (excluding high income),7.54515707518263
2027,China (private),Suriname,1.8006138672370302
2027,China (private),Tanzania,0.8186193836250726
2027,China (private),Turkiye,0.16779291138667352
2027,China (private),Upper middle income,0.04422371903347318
2027,China (private),Uzbekistan,0.7787234816578205
2027,China (private),Zambia,17.577576046436445
2028,China (bilateral),Africa (excluding high income),14.138689319404238
2028,China (bilateral),Angola,16.115212871653892
2028,China (bilateral),Argentina,14.945210910345601
2028,China (bilateral),Armenia,0.26609328770386365
2028,China (bilateral),Bangladesh,10.347146340273717
2028,China (bilateral),Belarus,23.45349892278363
2028,China (bilateral),Benin,6.016716399905803
2028,China (bilateral),Bolivia,4.290816183214201
2028,China (bilateral),Bosnia and Herzegovina,3.293165996026945
2028,China (bilateral),Brazil,0.5207756807618107
2028,China (bilateral),Burkina Faso,3.860545379705405
2028,China (bilateral),Burundi,4.566689270039434
2028,China (bilateral),Cabo Verde,1.4389718899490145
2028,China (bilateral),Cambodia,45.63612594719067
2028,China (bilateral),Cameroon,32.62171251272833
2028,China (bilateral),Central African Republic,7.057539639243061
2028,China (bilateral),Chad,11.284986963790036
2028,China (bilateral),Comoros,25.442436251258098
2028,China (bilateral),"Congo, Dem. Rep.",63.10687733330162
2028,China (bilateral),"Congo, Rep.",28.702618436827816
2028,China (bilateral),Cote d'Ivoire,8.794546200944868
2028,China (bilateral),Djibouti,54.48913153657628
2028,China (bilateral),Dominica,11.348038029306625
2028,China (bilateral),East Asia & Pacific (excluding high income),1.776085306199382
2028,China (bilateral),Ecuador,3.5648826152690885
2028,China (bilateral),"Egypt, Arab Rep.",5.7318909134808465
2028,China (bilateral),Equatorial Guinea,92.33825773844053
2028,China (bilateral),Eritrea,2.515333231000115
2028,China (bilateral),Eswatini,16.58178172335848
2028,China (bilateral),Ethiopia,63.856234197529716
2028,China (bilateral),Europe & Central Asia (excluding high income),4.023066610701731
2028,China (bilateral),Fiji,10.059314751724015
2028,China (bilateral),Gabon,19.06491026229092
2028,China (bilateral),"Gambia, The",0.40019678442740103
2028,China (bilateral),Ghana,5.58656778585782
2028,China (bilateral),Grenada,10.805568389890295
2028,China (bilateral),Guatemala,0.14404721492790026
2028,China (bilateral),Guinea,39.03445610144999
2028,China (bilateral),Guyana,27.553993931408687
2028,China (bilateral),Honduras,2.1886899184295987
2028,China (bilateral),IDA only,21.023101437372393
2028,China (bilateral),IDA total,12.164899753833739
2028,China (bilateral),Indonesia,1.0203738222391316
2028,China (bilateral),Iraq,0.09766807286725424
2028,China (bilateral),Jamaica,5.226564799357441
2028,China (bilateral),Jordan,0.19116049466934465
2028,China (bilateral),Kazakhstan,5.106153589089945
2028,China (bilateral),Kenya,25.627498337557153
2028,China (bilateral),Kyrgyz Republic,47.78507309203859
2028,China (bilateral),Lao PDR,65.4891402087226
2028,China (bilateral),Latin America & Caribbean (excluding high income),1.92129952946997
2028,China (bilateral),Least developed countries: UN classification,21.801795312058925
2028,China (bilateral),Lesotho,19.567214773359048
2028,China (bilateral),Liberia,6.491955456262162
2028,China (bilateral),Low & lower middle income,8.02323604169058
2028,China (bilateral),Low & middle income,4.574470452695218
2028,China (bilateral),Low income,33.920444443881514
2028,China (bilateral),Lower middle income,6.533292307175236
2028,China (bilateral),Madagascar,8.81217914990725
2028,China (bilateral),Malawi,11.533649910393002
2028,China (bilateral),Maldives,15.3156831765788
2028,China (bilateral),Mali,16.688844688267515
2028,China (bilateral),Mauritania,11.578371453495944
2028,China (bilateral),Mauritius,3.569545722050068
2028,China (bilateral),"Middle East, North Africa, Afghanistan & Pakistan (excluding high income)",7.8424065924586435
2028,China (bilateral),Middle income,3.828765536452546
2028,China (bilateral),Mongolia,7.993492593021029
2028,China (bilateral),Montenegro,35.67113139862963
2028,China (bilateral),Morocco,0.9316214357470107
2028,China (bilateral),Mozambique,20.02107356427856
2028,China (bilateral),Myanmar,7.100702343240557
2028,China (bilateral),Nepal,6.522918091118413
2028,China (bilateral),Nicaragua,7.548468107653299
2028,China (bilateral),Niger,3.673576403692034
2028,China (bilateral),Nigeria,12.84331493228893
2028,China (bilateral),North Macedonia,4.964835477988401
2028,China (bilateral),Pakistan,24.789936077452104
2028,China (bilateral),Papua New Guinea,8.34892159210693
2028,China (bilateral),Philippines,0.90440056508983
2028,China (bilateral),Rwanda,10.133125219537742
2028,China (bilateral),Samoa,49.94220523364355
2028,China (bilateral),Senegal,9.538214364930496
2028,China (bilateral),Serbia,5.408945451199754
2028,China (bilateral),Sierra Leone,3.864967997618504
2028,China (bilateral),Solomon Islands,16.814071135928998
2028,China (bilateral),South Africa,3.370395049828951
2028,China (bilateral),South Asia,3.02662366470084
2028,China (bilateral),Sri Lanka,18.59781557621908
2028,China (bilateral),St. Vincent and the Grenadines,19.811789360119295
2028,China (bilateral),Sub-Saharan Africa (excluding high income),9.83764801365644
2028,China (bilateral),Sudan,37.72827408195566
2028,China (bilateral),Suriname,11.243078664298958
2028,China (bilateral),Tajikistan,29.98644677072367
2028,China (bilateral),Tanzania,14.443140162119537
2028,China (bilateral),Togo,15.484606040163616
2028,China (bilateral),Tonga,79.09716151123037
2028,China (bilateral),Tunisia,0.36021925639458136
2028,China (bilateral),Turkiye,0.08115165349125689
2028,China (bilateral),Turkmenistan,3.137607675840846
2028,China (bilateral),Uganda,25.53088116412151
2028,China (bilateral),Upper middle income,1.6893025485759565
2028,China (bilateral),Uzbekistan,9.327209755122178
2028,China (bilateral),Vanuatu,65.14872902735404
2028,China (bilateral),Viet Nam,0.5927034851192032
2028,China (bilateral),"Yemen, Rep.",0.2626154450560675
2028,China (bilateral),Zambia,26.334561162107843
2028,China (bilateral),Zimbabwe,39.86834225762878
2028,China (private),Africa (excluding high income),3.585025060932589
2028,China (private),Angola,21.046751510921766
2028,China (private),Benin,2.161511209054821
2028,China (private),Cameroon,0.4059035545785507
2028,China (private),"Congo, Rep.",21.05593586715173
2028,China (private),Cote d'Ivoire,3.5386021741375715
2028,China (private),East Asia & Pacific (excluding high income),0.2515966623444496
2028,China (private),"Egypt, Arab Rep.",3.042326593926989
2028,China (private),El Salvador,2.3405304500798483
2028,China (private),Europe & Central Asia (excluding high income),0.14068094843240803
2028,China (private),Ghana,0.8000290241886351
2028,China (private),Guinea,12.212583882257409
2028,China (private),Honduras,3.733590585877766
2028,China (private),IDA only,1.833979544724204
2028,China (private),IDA total,0.9000902264011871
2028,China (private),Lao PDR,1.343915530581785
2028,China (private),Latin America & Caribbean (excluding high income),0.10175065265184512
2028,China (private),Least developed countries: UN classification,6.304012872246769
2028,China (private),Low & lower middle income,1.5740534320557928
2028,China (private),Low & middle income,0.7436159059223774
2028,China (private),Lower middle income,1.6646134264946333
2028,China (private),Maldives,5.198975620834533
2028,China (private),"Middle East, North Africa, Afghanistan & Pakistan (excluding high income)",0.8674449089161584
2028,China (private),Middle income,0.762511787074903
2028,China (private),Myanmar,36.91425883187086
2028,China (private),Nicaragua,1.3431385886200964
2028,China (private),South Asia,0.08419932426187332
2028,China (private),Sub-Saharan Africa (excluding high income),2.40741217390582
2028,China (private),Suriname,1.6950087999029813
2028,China (private),Turkiye,0.12912341254515675
2028,China (private),Upper middle income,0.048888579593921365
2028,China (private),Uzbekistan,0.7426498515627313
2028,China (private),Zambia,19.08851087277505
2029,China (bilateral),Africa (excluding high income),10.280195746293117
2029,China (bilateral),Angola,2.177902250002037
2029,China (bilateral),Argentina,14.704885262305575
2029,China (bilateral),Armenia,0.14128538067619922
2029,China (bilateral),Bangladesh,9.965724697434792
2029,China (bilateral),Belarus,21.41904522108758
2029,China (bilateral),Benin,6.605006040554435
2029,China (bilateral),Bolivia,7.9903794673209685
2029,China (bilateral),Bosnia and Herzegovina,3.477036798476617
2029,China (bilateral),Brazil,0.4935730501819509
2029,China (bilateral),Burkina Faso,3.9767232209003516
2029,China (bilateral),Burundi,4.510245466697917
2029,China (bilateral),Cabo Verde,0.6614626532447097
2029,China (bilateral),Cambodia,42.08344742188558
2029,China (bilateral),Cameroon,33.778441802252914
2029,China (bilateral),Central African Republic,5.782065941745581
2029,China (bilateral),Chad,10.016003598971322
2029,China (bilateral),Comoros,27.194177245376466
2029,China (bilateral),"Congo, Dem. Rep.",21.639800087963113
2029,China (bilateral),"Congo, Rep.",20.328290487604495
2029,China (bilateral),Cote d'Ivoire,8.966928570446155
2029,China (bilateral),Djibouti,51.74797184052446
2029,China (bilateral),Dominica,9.373522525715703
2029,China (bilateral),East Asia & Pacific (excluding high income),2.592440991072875
2029,China (bilateral),Ecuador,1.6478474843756707
2029,China (bilateral),"Egypt, Arab Rep.",2.943886925492067
2029,China (bilateral),Equatorial Guinea,92.35616537469998
2029,China (bilateral),Eritrea,1.482914278071094
2029,China (bilateral),Eswatini,18.018244000293294
2029,China (bilateral),Ethiopia,37.03785860204147
2029,China (bilateral),Europe & Central Asia (excluding high income),4.257286467103431
2029,China (bilateral),Fiji,10.611436032352678
2029,China (bilateral),Gabon,16.525608156465754
2029,China (bilateral),"Gambia, The",0.45172307397593003
2029,China (bilateral),Ghana,5.059993936546328
2029,China (bilateral),Grenada,10.4120669318235
2029,China (bilateral),Guatemala,0.16642085712791252
2029,China (bilateral),Guinea,38.284809002969766
2029,China (bilateral),Guyana,26.419168500053
2029,China (bilateral),Honduras,2.2898002554387937
2029,China (bilateral),IDA only,16.48451138668136
2029,China (bilateral),IDA total,16.391031737368376
2029,China (bilateral),Indonesia,1.2506552336963153
2029,China (bilateral),Jamaica,5.675185695470541
2029,China (bilateral),Jordan,0.020089320490219144
2029,China (bilateral),Kazakhstan,6.87659334160528
2029,China (bilateral),Kenya,24.637198078206893
2029,China (bilateral),Kyrgyz Republic,46.129676274462
2029,China (bilateral),Lao PDR,67.58355705637625
2029,China (bilateral),Latin America & Caribbean (excluding high income),1.4395889778054691
2029,China (bilateral),Least developed countries: UN classification,14.81312181860788
2029,China (bilateral),Lesotho,17.908292316396466
2029,China (bilateral),Liberia,5.889005278654447
2029,China (bilateral),Low & lower middle income,7.834611166893474
2029,China (bilateral),Low & middle income,4.288569205139561
2029,China (bilateral),Low income,18.0031139999292
2029,China (bilateral),Lower middle income,7.190929374862786
2029,China (bilateral),Madagascar,7.427713067792893
2029,China (bilateral),Malawi,11.308930790349617
2029,China (bilateral),Maldives,27.440952148310796
2029,China (bilateral),Mali,14.34261342863886
2029,China (bilateral),Mauritania,11.623572370485029
2029,China (bilateral),Mauritius,1.5610773895862404
2029,China (bilateral),"Middle East, North Africa, Afghanistan & Pakistan (excluding high income)",6.564298504415134
2029,China (bilateral),Middle income,3.9387289923831146
2029,China (bilateral),Mongolia,10.831372584992605
2029,China (bilateral),Montenegro,15.12868948292959
2029,China (bilateral),Morocco,1.0773866046382887
2029,China (bilateral),Mozambique,18.2636755175524
2029,China (bilateral),Myanmar,6.127024374665511
2029,China (bilateral),Nepal,6.0942050720494265
2029,China (bilateral),Nicaragua,8.400913210283193
2029,China (bilateral),Niger,3.3935892009783326
2029,China (bilateral),Nigeria,12.964717827159234
2029,China (bilateral),North Macedonia,11.455130580641836
2029,China (bilateral),Pakistan,20.72670215167939
2029,China (bilateral),Papua New Guinea,12.538427240572808
2029,China (bilateral),Philippines,0.964713065013024
2029,China (bilateral),Rwanda,4.498742781292134
2029,China (bilateral),Samoa,43.9526469622794
2029,China (bilateral),Senegal,10.450656151815352
2029,China (bilateral),Serbia,6.401988876353531
2029,China (bilateral),Sierra Leone,3.7528539527035356
2029,China (bilateral),Solomon Islands,23.453434547195016
2029,China (bilateral),South Africa,4.045577568016269
2029,China (bilateral),South Asia,2.8875386233121407
2029,China (bilateral),Sri Lanka,15.850406675548044
2029,China (bilateral),St. Vincent and the Grenadines,19.020761670770586
2029,China (bilateral),Sub-Saharan Africa (excluding high income),12.294644620885673
2029,China (bilateral),Sudan,17.139840373023933
2029,China (bilateral),Suriname,7.323159819312662
2029,China (bilateral),Tajikistan,29.323731566881822
2029,China (bilateral),Tanzania,13.412141713600489
2029,China (bilateral),Togo,14.989416022418638
2029,China (bilateral),Tonga,50.46510531714638
2029,China (bilateral),Tunisia,0.1932127375492021
2029,China (bilateral),Turkiye,0.09467814007694847
2029,China (bilateral),Turkmenistan,4.884682852592263
2029,China (bilateral),Uganda,23.751823050060295
2029,China (bilateral),Upper middle income,1.7436193800665603
2029,China (bilateral),Uzbekistan,9.043493173850557
2029,China (bilateral),Vanuatu,66.28339535536311
2029,China (bilateral),Viet Nam,0.5946206607781742
2029,China (bilateral),"Yemen, Rep.",0.2681289726361869
2029,China (bilateral),Zambia,28.625076428465245
2029,China (bilateral),Zimbabwe,71.3210121283406
2029,China (private),Africa (excluding high income),2.693357156239814
2029,China (private),Angola,15.171306691482117
2029,China (private),Benin,2.1767723596386186
2029,China (private),Cameroon,0.42967300607070996
2029,China (private),"Congo, Rep.",14.932074350057839
2029,China (private),Cote d'Ivoire,3.09802584543356
2029,China (private),East Asia & Pacific (excluding high income),0.3439021680046124
2029,China (private),"Egypt, Arab Rep.",3.2788272080752545
2029,China (private),El Salvador,1.7405276231047955
2029,China (private),Europe & Central Asia (excluding high income),0.09793687852350293
2029,China (private),Ghana,0.8165498134348527
2029,China (private),Guinea,12.1076014769838
2029,China (private),IDA only,1.7515775555247994
2029,China (private),IDA total,1.3553645376131114
2029,China (private),Lao PDR,0.07564041302303008
2029,China (private),Latin America & Caribbean (excluding high income),0.051755370848825595
2029,China (private),Least developed countries: UN classification,4.4492792328893875
2029,China (private),Low & lower middle income,1.419952414464371
2029,China (private),Low & middle income,0.6157874087535492
2029,China (private),Lower middle income,1.509837575510037
2029,China (private),Maldives,9.10744471127851
2029,China (private),"Middle East, North Africa, Afghanistan & Pakistan (excluding high income)",0.8663964998577246
2029,China (private),Middle income,0.6314953452045591
2029,China (private),Myanmar,34.70620379111076
2029,China (private),Nicaragua,1.6627404403776875
2029,China (private),South Asia,0.07707254199956405
2029,China (private),Sub-Saharan Africa (excluding high income),2.9354636705991974
2029,China (private),Suriname,0.861327883500363
2029,China (private),Upper middle income,0.03864827371597853
2029,China (private),Uzbekistan,0.7535655875045962
2029,China (private),Zambia,21.531422623729732
2030,China (bilateral),Africa (excluding high income),9.578921013007092
2030,China (bilateral),Angola,2.268080025048796
2030,China (bilateral),Argentina,4.797660702105875
2030,China (bilateral),Armenia,0.26307374508610115
2030,China (bilateral),Bangladesh,10.151326734106068
2030,China (bilateral),Belarus,14.172841757783896
2030,China (bilateral),Benin,5.264095536317656
2030,China (bilateral),Bolivia,15.40521210457077
2030,China (bilateral),Bosnia and Herzegovina,3.684742344129837
2030,China (bilateral),Brazil,0.20203850159249154
2030,China (bilateral),Burkina Faso,4.055334165936182
2030,China (bilateral),Burundi,4.935733176866332
2030,China (bilateral),Cabo Verde,0.6350521414702929
2030,China (bilateral),Cambodia,38.36333650428385
2030,China (bilateral),Cameroon,20.80777268391239
2030,China (bilateral),Central African Republic,6.731854794690034
2030,China (bilateral),Chad,10.294247023532144
2030,China (bilateral),Comoros,31.94637652950168
2030,China (bilateral),"Congo, Dem. Rep.",21.726459285692947
2030,China (bilateral),"Congo, Rep.",27.167447485064333
2030,China (bilateral),Cote d'Ivoire,8.043952438219453
2030,China (bilateral),Djibouti,55.03338367618908
2030,China (bilateral),Dominica,8.613109372071415
2030,China (bilateral),East Asia & Pacific (excluding high income),0.7435130250212734
2030,China (bilateral),Ecuador,0.8617330542311732
2030,China (bilateral),"Egypt, Arab Rep.",1.297845123362711
2030,China (bilateral),Equatorial Guinea,90.5534922298587
2030,China (bilateral),Eritrea,0.2597993350855376
2030,China (bilateral),Eswatini,19.077876078537198
2030,China (bilateral),Ethiopia,29.601257714522692
2030,China (bilateral),Europe & Central Asia (excluding high income),3.7423593189551236
2030,China (bilateral),Fiji,10.418414100936642
2030,China (bilateral),Gabon,14.568029860652635
2030,China (bilateral),"Gambia, The",0.48584009771114195
2030,China (bilateral),Ghana,5.632603255547536
2030,China (bilateral),Grenada,11.69883246048314
2030,China (bilateral),Guatemala,0.2727584229919888
2030,China (bilateral),Guinea,37.81212578767326
2030,China (bilateral),Guyana,25.637745711644396
2030,China (bilateral),Honduras,1.2491971472818062
2030,China (bilateral),IDA only,15.490441694812558
2030,China (bilateral),IDA total,15.679104900769081
2030,China (bilateral),Indonesia,0.543722790993418
2030,China (bilateral),Jamaica,3.7510421009360075
2030,China (bilateral),Jordan,0.03822079279887972
2030,China (bilateral),Kazakhstan,6.855846269512428
2030,China (bilateral),Kenya,18.50855873062096
2030,China (bilateral),Kyrgyz Republic,44.215268609981294
2030,China (bilateral),Lao PDR,64.76055326112798
2030,China (bilateral),Latin America & Caribbean (excluding high income),0.9314042402611343
2030,China (bilateral),Least developed countries: UN classification,13.82619811613614
2030,China (bilateral),Lesotho,17.423358874501098
2030,China (bilateral),Liberia,5.411179700040012
2030,China (bilateral),Low & lower middle income,8.102539735357531
2030,China (bilateral),Low & middle income,2.610660875637044
2030,China (bilateral),Low income,15.95188821519563
2030,China (bilateral),Lower middle income,7.559900947824456
2030,China (bilateral),Madagascar,7.7149380079827665
2030,China (bilateral),Malawi,11.22588940060667
2030,China (bilateral),Maldives,22.271531117245125
2030,China (bilateral),Mali,10.570912160332785
2030,China (bilateral),Mauritania,6.93560270897323
2030,China (bilateral),Mauritius,2.9852352398237905
2030,China (bilateral),"Middle East, North Africa, Afghanistan & Pakistan (excluding high income)",6.153695943738285
2030,China (bilateral),Middle income,2.3846148503768476
2030,China (bilateral),Mongolia,16.22704865357241
2030,China (bilateral),Montenegro,22.889946900148534
2030,China (bilateral),Morocco,1.0898267284730612
2030,China (bilateral),Mozambique,20.379652046390596
2030,China (bilateral),Myanmar,3.0211310314550395
2030,China (bilateral),Nepal,5.947976014097504
2030,China (bilateral),Nicaragua,9.503489832597884
2030,China (bilateral),Niger,3.3984597540343042
2030,China (bilateral),Nigeria,15.015217928334877
2030,China (bilateral),North Macedonia,12.19862179205377
2030,China (bilateral),Pakistan,21.795587546655963
2030,China (bilateral),Papua New Guinea,12.470707148397349
2030,China (bilateral),Philippines,1.2512439017735546
2030,China (bilateral),Rwanda,4.127531652641498
2030,China (bilateral),Samoa,41.09546411287356
2030,China (bilateral),Senegal,9.725327960479431
2030,China (bilateral),Serbia,7.2715783014095505
2030,China (bilateral),Sierra Leone,3.8584115647518025
2030,China (bilateral),Solomon Islands,23.457418073842884
2030,China (bilateral),South Africa,5.455984860350658
2030,China (bilateral),South Asia,3.5601321590073542
2030,China (bilateral),Sri Lanka,18.168257229443093
2030,China (bilateral),St. Vincent and the Grenadines,20.137606207476992
2030,China (bilateral),Sub-Saharan Africa (excluding high income),11.852056204120752
2030,China (bilateral),Sudan,18.772293935430955
2030,China (bilateral),Suriname,7.169370752735144
2030,China (bilateral),Tajikistan,28.594418448558404
2030,China (bilateral),Tanzania,12.443605994205589
2030,China (bilateral),Togo,15.707163106667501
2030,China (bilateral),Tonga,35.257436926817434
2030,China (bilateral),Turkiye,0.005384829103789069
2030,China (bilateral),Turkmenistan,1.5624212898068632
2030,China (bilateral),Uganda,24.502778145087436
2030,China (bilateral),Upper middle income,0.7044090029497213
2030,China (bilateral),Uzbekistan,11.48521585675018
2030,China (bilateral),Vanuatu,64.30483399807746
2030,China (bilateral),Viet Nam,0.5925483411804252
2030,China (bilateral),"Yemen, Rep.",0.275318685159668
2030,China (bilateral),Zambia,30.90951148153693
2030,China (bilateral),Zimbabwe,78.29539204846878
2030,China (private),Africa (excluding high income),2.5194990923829197
2030,China (private),Angola,13.44590649114902
2030,China (private),Benin,1.7152708482367387
2030,China (private),Cameroon,0.43632999801514777
2030,China (private),"Congo, Rep.",19.886473618985754
2030,China (private),Cote d'Ivoire,2.709362914634101
2030,China (private),East Asia & Pacific (excluding high income),0.09649312157289269
2030,China (private),"Egypt, Arab Rep.",3.051577205673657
2030,China (private),El Salvador,1.4023951237046166
2030,China (private),Ghana,0.9037841462476375
2030,China (private),Guinea,11.955126169723819
2030,China (private),IDA only,1.591054727929087
2030,China (private),IDA total,1.2537446233733227
2030,China (private),Lao PDR,0.08122327125177471
2030,China (private),Latin America & Caribbean (excluding high income),0.042076217643894964
2030,China (private),Least developed countries: UN classification,3.8998890970347504
2030,China (private),Low & lower middle income,1.394769286097001
2030,China (private),Low & middle income,0.3737351370492802
2030,China (private),Lower middle income,1.491192054972674
2030,China (private),Maldives,9.695069827393473
2030,China (private),"Middle East, North Africa, Afghanistan & Pakistan (excluding high income)",0.9830853368074132
2030,China (private),Middle income,0.3800674886448164
2030,China (private),Myanmar,33.323116189489724
2030,China (private),Nicaragua,1.91415543351832
2030,China (private),South Asia,0.0907885366173112
2030,China (private),Sub-Saharan Africa (excluding high income),2.7487940522472747
2030,China (private),Upper middle income,0.019330331623731354
2030,China (private),Zambia,19.84433277891867
2031,China (bilateral),Africa (excluding high income),7.9571738259560805
2031,China (bilateral),Angola,3.0994269608931178
2031,China (bilateral),Argentina,0.5488684347518957
2031,China (bilateral),Armenia,0.12015940801244876
2031,China (bilateral),Bangladesh,10.052075414708002
2031,China (bilateral),Belarus,2.3067996394744017
2031,China (bilateral),Benin,5.153784120670827
2031,China (bilateral),Bolivia,5.714400653847442
2031,China (bilateral),Bosnia and Herzegovina,3.955085536530568
2031,China (bilateral),Brazil,0.42430365642499424
2031,China (bilateral),Burkina Faso,3.169877623054235
2031,China (bilateral),Burundi,6.164276121888261
2031,China (bilateral),Cabo Verde,0.6689801458044868
2031,China (bilateral),Cambodia,36.47691598096804
2031,China (bilateral),Cameroon,21.051250709462952
2031,China (bilateral),Chad,12.08169700516629
2031,China (bilateral),Comoros,30.763663065264137
2031,China (bilateral),"Congo, Dem. Rep.",21.736916763840682
2031,China (bilateral),"Congo, Rep.",27.774391562195436
2031,China (bilateral),Cote d'Ivoire,7.042052703173334
2031,China (bilateral),Djibouti,58.28873263212297
2031,China (bilateral),Dominica,4.285062125559412
2031,China (bilateral),East Asia & Pacific (excluding high income),2.6924126325779727
2031,China (bilateral),Ecuador,0.8278893319280954
2031,China (bilateral),"Egypt, Arab Rep.",1.0951265510119725
2031,China (bilateral),Equatorial Guinea,87.84092969500219
2031,China (bilateral),Eswatini,21.32985877767652
2031,China (bilateral),Ethiopia,20.51123845516194
2031,China (bilateral),Europe & Central Asia (excluding high income),3.302194845966542
2031,China (bilateral),Fiji,8.232836777104602
2031,China (bilateral),Gabon,3.251197522352815
2031,China (bilateral),"Gambia, The",0.6507835262127268
2031,China (bilateral),Ghana,4.986625066893534
2031,China (bilateral),Grenada,13.761953181905282
2031,China (bilateral),Guatemala,0.166760576856971
2031,China (bilateral),Guinea,39.055213027185175
2031,China (bilateral),Guyana,25.041464870083423
2031,China (bilateral),Honduras,2.2344396276965677
2031,China (bilateral),IDA only,13.444563566651183
2031,China (bilateral),IDA total,12.872615821109985
2031,China (bilateral),Indonesia,1.2895197379779861
2031,China (bilateral),Jamaica,5.8890419080943675
2031,China (bilateral),Jordan,0.0488880506849205
2031,China (bilateral),Kazakhstan,11.01495221638987
2031,China (bilateral),Kenya,17.539968633521298
2031,China (bilateral),Kyrgyz Republic,41.63894405688351
2031,China (bilateral),Lao PDR,63.144167729652565
2031,China (bilateral),Latin America & Caribbean (excluding high income),0.4248566771578636
2031,China (bilateral),Least developed countries: UN classification,12.213031712590224
2031,China (bilateral),Lesotho,17.855287502320355
2031,China (bilateral),Liberia,4.892915477791629
2031,China (bilateral),Low & lower middle income,7.405394037383483
2031,China (bilateral),Low & middle income,3.7503081282864543
2031,China (bilateral),Low income,10.959889681665969
2031,China (bilateral),Lower middle income,7.113423007394249
2031,China (bilateral),Madagascar,7.9523303842725825
2031,China (bilateral),Malawi,7.386369477825312
2031,China (bilateral),Maldives,18.189266145798978
2031,China (bilateral),Mali,10.564915320936723
2031,China (bilateral),Mauritania,5.27388437810091
2031,China (bilateral),Mauritius,2.843877681070907
2031,China (bilateral),"Middle East, North Africa, Afghanistan & Pakistan (excluding high income)",4.819667590601177
2031,China (bilateral),Middle income,3.5105895310476747
2031,China (bilateral),Mongolia,9.872768734300926
2031,China (bilateral),Montenegro,0.3555510131424317
2031,China (bilateral),Morocco,0.5285018164543539
2031,China (bilateral),Mozambique,7.846239174086607
2031,China (bilateral),Myanmar,0.12507628804468068
2031,China (bilateral),Nepal,4.279489553318357
2031,China (bilateral),Nicaragua,9.127570155090757
2031,China (bilateral),Niger,3.474596564276847
2031,China (bilateral),Nigeria,12.482793113936399
2031,China (bilateral),North Macedonia,11.222276384963147
2031,China (bilateral),Pakistan,16.557902556914517
2031,China (bilateral),Papua New Guinea,12.76039997593059
2031,China (bilateral),Philippines,1.2376486680095828
2031,China (bilateral),Rwanda,2.030419783556044
2031,China (bilateral),Samoa,37.35480643541083
2031,China (bilateral),Senegal,8.089866240507439
2031,China (bilateral),Serbia,12.128408805009714
2031,China (bilateral),Sierra Leone,2.986294543104048
2031,China (bilateral),Solomon Islands,22.960245450389156
2031,China (bilateral),South Africa,6.559260670772048
2031,China (bilateral),South Asia,5.037877583344439
2031,China (bilateral),Sri Lanka,18.15904437036681
2031,China (bilateral),St. Vincent and the Grenadines,20.67481660529245
2031,China (bilateral),Sub-Saharan Africa (excluding high income),9.861119821638242
2031,China (bilateral),Suriname,7.476129135187861
2031,China (bilateral),Tajikistan,27.369986144714634
2031,China (bilateral),Tanzania,10.470393268638746
2031,China (bilateral),Togo,13.207362756768894
2031,China (bilateral),Turkmenistan,0.8762760745890861
2031,China (bilateral),Uganda,23.171952163458236
2031,China (bilateral),Upper middle income,1.060375943076649
2031,China (bilateral),Uzbekistan,7.313453229341493
2031,China (bilateral),Vanuatu,62.063117950309916
2031,China (bilateral),Viet Nam,0.6021295583882448
2031,China (bilateral),"Yemen, Rep.",0.2541196108519328
2031,China (bilateral),Zambia,23.67419645310884
2031,China (bilateral),Zimbabwe,86.32071661671912
2031,China (private),Africa (excluding high income),2.118018255670232
2031,China (private),Angola,17.28288501745825
2031,China (private),Benin,1.6610541459339687
2031,China (private),Cameroon,0.45527469953354954
2031,China (private),"Congo, Rep.",20.396171133091887
2031,China (private),Cote d'Ivoire,2.4397117268070714
2031,China (private),East Asia & Pacific (excluding high income),0.12670935827625762
2031,China (private),"Egypt, Arab Rep.",2.564923551585204
2031,China (private),El Salvador,2.364759607238338
2031,China (private),Ghana,0.9172818389657491
2031,China (private),Guinea,12.344677332151909
2031,China (private),IDA only,1.1313146933538913
2031,China (private),IDA total,0.8981276417604285
2031,China (private),Lao PDR,0.10946084921665197
2031,China (private),Latin America & Caribbean (excluding high income),0.050252371164496434
2031,China (private),Least developed countries: UN classification,3.078953511688613
2031,China (private),Low & lower middle income,1.1924559684399256
2031,China (private),Low & middle income,0.5293128003857435
2031,China (private),Lower middle income,1.2904058978152069
2031,China (private),Maldives,9.887517600663815
2031,China (private),"Middle East, North Africa, Afghanistan & Pakistan (excluding high income)",0.7764370201504849
2031,China (private),Middle income,0.5469124517759858
2031,China (private),Myanmar,13.455435961063582
2031,China (private),Nicaragua,1.8740036844855963
2031,China (private),South Asia,0.1253309966506993
2031,China (private),Sub-Saharan Africa (excluding high income),2.2737694195387586
2031,China (private),Upper middle income,0.04127771844381934
2031,China (private),Zambia,20.38560165418708
2032,China (bilateral),Africa (excluding high income),8.007352551135076
2032,China (bilateral),Angola,2.5826742733349244
2032,China (bilateral),Argentina,0.6731901603919513
2032,China (bilateral),Armenia,0.30095629188385437
2032,China (bilateral),Bangladesh,13.254646249319554
2032,China (bilateral),Belarus,3.3772325193668835
2032,China (bilateral),Benin,5.375623308913489
2032,China (bilateral),Bolivia,2.752457783463322
2032,China (bilateral),Bosnia and Herzegovina,4.405235082268154
2032,China (bilateral),Brazil,0.4147691831372304
2032,China (bilateral),Burkina Faso,2.191520771993662
2032,China (bilateral),Burundi,6.530497737030003
2032,China (bilateral),Cabo Verde,0.5917577308202775
2032,China (bilateral),Cambodia,37.75856852802525
2032,China (bilateral),Cameroon,19.719607092253913
2032,China (bilateral),Chad,8.29394159869982
2032,China (bilateral),Comoros,29.978097220950307
2032,China (bilateral),"Congo, Dem. Rep.",19.503587239437977
2032,China (bilateral),"Congo, Rep.",29.107538040874797
2032,China (bilateral),Cote d'Ivoire,6.831519582714735
2032,China (bilateral),Djibouti,55.09904263185591
2032,China (bilateral),East Asia & Pacific (excluding high income),2.5942349652984475
2032,China (bilateral),Ecuador,0.8658466947357164
2032,China (bilateral),"Egypt, Arab Rep.",1.1564032521578778
2032,China (bilateral),Equatorial Guinea,87.93934549402042
2032,China (bilateral),Eswatini,21.60687240848599
2032,China (bilateral),Ethiopia,18.365295102655097
2032,China (bilateral),Europe & Central Asia (excluding high income),3.954468992299103
2032,China (bilateral),Fiji,3.162294142410894
2032,China (bilateral),Gabon,18.688579590651294
2032,China (bilateral),"Gambia, The",0.7286758740132138
2032,China (bilateral),Ghana,4.597448051738359
2032,China (bilateral),Grenada,13.765623133413188
2032,China (bilateral),Guatemala,0.17890518773217007
2032,China (bilateral),Guinea,39.02922959762681
2032,China (bilateral),Guyana,18.985283812893922
2032,China (bilateral),Honduras,1.5964628681427855
2032,China (bilateral),IDA only,13.910191285466826
2032,China (bilateral),IDA total,13.924066915544945
2032,China (bilateral),Indonesia,0.9335102948184284
2032,China (bilateral),Jamaica,6.031049904558345
2032,China (bilateral),Jordan,0.052171112798571166
2032,China (bilateral),Kazakhstan,14.163377288290372
2032,China (bilateral),Kenya,16.01525161725966
2032,China (bilateral),Kyrgyz Republic,38.36514627615639
2032,China (bilateral),Lao PDR,46.44207209072425
2032,China (bilateral),Latin America & Caribbean (excluding high income),0.4447688121827055
2032,China (bilateral),Least developed countries: UN classification,12.553519016391396
2032,China (bilateral),Lesotho,14.576173114135294
2032,China (bilateral),Liberia,3.6850875851870994
2032,China (bilateral),Low & lower middle income,8.064795282536453
2032,China (bilateral),Low & middle income,4.130053480806198
2032,China (bilateral),Low income,12.299422659332562
2032,China (bilateral),Lower middle income,7.739113402086682
2032,China (bilateral),Madagascar,8.200581164146863
2032,China (bilateral),Malawi,7.306624830920986
2032,China (bilateral),Maldives,10.747120316462281
2032,China (bilateral),Mali,9.111275911469674
2032,China (bilateral),Mauritania,5.608844150538912
2032,China (bilateral),Mauritius,2.9321172527239003
2032,China (bilateral),"Middle East, North Africa, Afghanistan & Pakistan (excluding high income)",6.124901225341797
2032,China (bilateral),Middle income,3.8729870676257
2032,China (bilateral),Mongolia,18.28116098040816
2032,China (bilateral),Montenegro,3.366318851309134
2032,China (bilateral),Morocco,0.5374086903653362
2032,China (bilateral),Mozambique,19.196410311134024
2032,China (bilateral),Myanmar,0.1464749793095073
2032,China (bilateral),Nepal,2.8175155013762367
2032,China (bilateral),Nicaragua,8.978214450039193
2032,China (bilateral),Niger,3.5478889787943584
2032,China (bilateral),Nigeria,11.933637546248798
2032,China (bilateral),North Macedonia,15.986897212312442
2032,China (bilateral),Pakistan,22.22666111213113
2032,China (bilateral),Papua New Guinea,12.57641790814342
2032,China (bilateral),Philippines,1.3172554192725208
2032,China (bilateral),Rwanda,3.845568087624614
2032,China (bilateral),Samoa,39.025941580747855
2032,China (bilateral),Senegal,10.108223538488778
2032,China (bilateral),Serbia,13.662799840185409
2032,China (bilateral),Sierra Leone,2.5264986302360937
2032,China (bilateral),Solomon Islands,21.73419516696824
2032,China (bilateral),South Africa,5.832058021506703
2032,China (bilateral),South Asia,6.299312488570205
2032,China (bilateral),Sri Lanka,17.663797568846906
2032,China (bilateral),St. Vincent and the Grenadines,20.500274074853877
2032,China (bilateral),Sub-Saharan Africa (excluding high income),10.12178684477938
2032,China (bilateral),Suriname,7.939136609072556
2032,China (bilateral),Tajikistan,26.62371668100355
2032,China (bilateral),Tanzania,10.220378292230478
2032,China (bilateral),Togo,11.54742256951498
2032,China (bilateral),Turkmenistan,0.4430767111446092
2032,China (bilateral),Uganda,21.686949071513624
2032,China (bilateral),Upper middle income,1.1958268869421047
2032,China (bilateral),Uzbekistan,7.00004511130593
2032,China (bilateral),Vanuatu,61.416212182628726
2032,China (bilateral),Viet Nam,0.580483498666461
2032,China (bilateral),"Yemen, Rep.",9.650690336152763
2032,China (bilateral),Zambia,11.783448865492698
2032,China (bilateral),Zimbabwe,75.69555737499914
2032,China (private),Africa (excluding high income),2.176261923262924
2032,China (private),Angola,11.747704073380659
2032,China (private),Benin,1.6786475855427891
2032,China (private),Cameroon,0.49146198475036756
2032,China (private),"Congo, Rep.",22.511482094679288
2032,China (private),Cote d'Ivoire,2.6036567615268407
2032,China (private),East Asia & Pacific (excluding high income),0.00307670627398965
2032,China (private),"Egypt, Arab Rep.",2.6972560983517253
2032,China (private),El Salvador,1.7964230131501682
2032,China (private),Ghana,0.9553876855228924
2032,China (private),Guinea,12.32093954100117
2032,China (private),IDA only,0.9702598609436578
2032,China (private),IDA total,0.8906929878896545
2032,China (private),Lao PDR,0.10866988191446533
2032,China (private),Latin America & Caribbean (excluding high income),0.05916030564740477
2032,China (private),Least developed countries: UN classification,2.6606211228045953
2032,China (private),Low & lower middle income,1.216746315080043
2032,China (private),Low & middle income,0.5470549078973572
2032,China (private),Lower middle income,1.3103253227861273
2032,China (private),Maldives,10.856580507214643
2032,China (private),"Middle East, North Africa, Afghanistan & Pakistan (excluding high income)",0.9918262075923396
2032,China (private),Middle income,0.5642691431599298
2032,China (private),Myanmar,0.16133471710304104
2032,China (private),Nicaragua,1.8009028989146378
2032,China (private),South Asia,0.13268708614854247
2032,China (private),Sub-Saharan Africa (excluding high income),2.347235697636072
2032,China (private),Upper middle income,0.047650770178941725
2032,China (private),Zambia,17.035612106053826
2000,Other creditors,Africa (excluding high income),99.271930981105
2000,Other creditors,Albania,100.0
2000,Other creditors,Algeria,99.84490816400324
2000,Other creditors,Angola,100.0
2000,Other creditors,Argentina,100.0
2000,Other creditors,Armenia,100.0
2000,Other creditors,Azerbaijan,100.0
2000,Other creditors,Bangladesh,98.05875899934223
2000,Other creditors,Belarus,97.46977477617997
2000,Other creditors,Belize,98.7416198404985
2000,Other creditors,Benin,95.18174579996581
2000,Other creditors,Bhutan,100.0
2000,Other creditors,Bolivia,98.43121634356544
2000,Other creditors,Bosnia and Herzegovina,100.0
2000,Other creditors,Botswana,97.36655820739247
2000,Other creditors,Brazil,100.0
2000,Other creditors,Burkina Faso,98.68614233306432
2000,Other creditors,Burundi,100.0
2000,Other creditors,Cabo Verde,99.99999999999999
2000,Other creditors,Cambodia,100.0
2000,Other creditors,Cameroon,100.00000000000001
2000,Other creditors,Central African Republic,100.0
2000,Other creditors,Chad,100.0
2000,Other creditors,China,99.99999999999999
2000,Other creditors,Colombia,99.99937450377874
2000,Other creditors,Comoros,100.0
2000,Other creditors,"Congo, Dem. Rep.",nan
2000,Other creditors,"Congo, Rep.",100.0
2000,Other creditors,Cote d'Ivoire,100.0
2000,Other creditors,Djibouti,100.0
2000,Other creditors,Dominica,97.30646760406371
2000,Other creditors,Dominican Republic,100.0
2000,Other creditors,East Asia & Pacific (excluding high income),99.85514955460972
2000,Other creditors,Ecuador,99.97774892694505
2000,Other creditors,"Egypt, Arab Rep.",100.0
2000,Other creditors,El Salvador,99.48265308092417
2000,Other creditors,Eritrea,100.0
2000,Other creditors,Eswatini,98.80215685324109
2000,Other creditors,Ethiopia,99.61510848795349
2000,Other creditors,Europe & Central Asia (excluding high income),99.92585412881894
2000,Other creditors,Fiji,90.689724452339
2000,Other creditors,Gabon,99.9923089423634
2000,Other creditors,"Gambia, The",95.94313133799649
2000,Other creditors,Georgia,99.18399697505123
2000,Other creditors,Ghana,98.57392803743096
2000,Other creditors,Grenada,99.57476183777128
2000,Other creditors,Guatemala,96.24188660487044
2000,Other creditors,Guinea,99.02838461412213
2000,Other creditors,Guinea-Bissau,100.0
2000,Other creditors,Guyana,100.0
2000,Other creditors,Haiti,100.0
2000,Other creditors,Honduras,98.90761202809797
2000,Other creditors,IDA only,96.6096243868838
2000,Other creditors,IDA total,98.4107546695994
2000,Other creditors,India,99.968362756247
2000,Other creditors,Indonesia,99.97908663624207
2000,Other creditors,"Iran, Islamic Rep.",97.20480223170344
2000,Other creditors,Jamaica,99.9552588392455
2000,Other creditors,Jordan,100.0
2000,Other creditors,Kazakhstan,100.0
2000,Other creditors,Kenya,99.97976176580079
2000,Other creditors,Kyrgyz Republic,98.11138459788287
2000,Other creditors,Lao PDR,100.0
2000,Other creditors,Latin America & Caribbean (excluding high income),99.9304276336433
2000,Other creditors,Least developed countries: UN classification,96.73382866040116
2000,Other creditors,Lebanon,100.0
2000,Other creditors,Lesotho,100.0
2000,Other creditors,Liberia,nan
2000,Other creditors,Low & lower middle income,99.48290347444087
2000,Other creditors,Low & middle income,99.76221342937009
2000,Other creditors,Low income,91.97861824042346
2000,Other creditors,Lower middle income,99.77321807861233
2000,Other creditors,Madagascar,99.31585998221983
2000,Other creditors,Malawi,100.0
2000,Other creditors,Maldives,99.51442499103389
2000,Other creditors,Mali,100.0
2000,Other creditors,Mauritania,100.0
2000,Other creditors,Mauritius,99.88058102545305
2000,Other creditors,Mexico,100.0
2000,Other creditors,"Middle East, North Africa, Afghanistan & Pakistan (excluding high income)",99.38365924624127
2000,Other creditors,Middle income,99.82988173538223
2000,Other creditors,Moldova,100.0
2000,Other creditors,Mongolia,100.00000000000001
2000,Other creditors,Morocco,99.73682015872564
2000,Other creditors,Mozambique,99.99999999999999
2000,Other creditors,Myanmar,100.0
2000,Other creditors,Nepal,99.51272154558626
2000,Other creditors,Nicaragua,99.8638556815767
2000,Other creditors,Niger,100.0
2000,Other creditors,Nigeria,100.0
2000,Other creditors,North Macedonia,98.6864976762823
2000,Other creditors,Pakistan,99.24032214399656
2000,Other creditors,Papua New Guinea,99.55640501167522
2000,Other creditors,Paraguay,95.33930182850028
2000,Other creditors,Peru,99.28522177082797
2000,Other creditors,Philippines,100.0
2000,Other creditors,Rwanda,98.94598942725335
2000,Other creditors,Samoa,89.49192765524772
2000,Other creditors,Sao Tome and Principe,99.99999999999999
2000,Other creditors,Senegal,97.50956178468542
2000,Other creditors,Sierra Leone,100.0
2000,Other creditors,Solomon Islands,100.0
2000,Other creditors,"Somalia, Fed. Rep.",nan
2000,Other creditors,South Africa,100.0
2000,Other creditors,South Asia,99.83746543734424
2000,Other creditors,Sri Lanka,99.75742527471367
2000,Other creditors,St. Lucia,100.0
2000,Other creditors,St. Vincent and the Grenadines,93.61622867367896
2000,Other creditors,Sub-Saharan Africa (excluding high income),98.6924722401505
2000,Other creditors,Sudan,45.14174992427981
2000,Other creditors,Tajikistan,100.0
2000,Other creditors,Tanzania,97.42746891211777
2000,Other creditors,Thailand,99.15292836744739
2000,Other creditors,Togo,100.0
2000,Other creditors,Tonga,100.0
2000,Other creditors,Tunisia,99.9687411684515
2000,Other creditors,Turkiye,99.96492224591948
2000,Other creditors,Turkmenistan,99.92733786556036
2000,Other creditors,Uganda,98.71083541652158
2000,Other creditors,Ukraine,100.0
2000,Other creditors,Upper middle income,99.84630625319625
2000,Other creditors,Uzbekistan,100.0
2000,Other creditors,Vanuatu,100.0
2000,Other creditors,Viet Nam,99.76617873891861
2000,Other creditors,"Yemen, Rep.",99.83001320407621
2000,Other creditors,Zambia,93.98874589321053
2000,Other creditors,Zimbabwe,100.0
2001,Other creditors,Africa (excluding high income),99.1466175283737
2001,Other creditors,Albania,100.0
2001,Other creditors,Algeria,99.9283900631354
2001,Other creditors,Angola,100.0
2001,Other creditors,Argentina,100.0
2001,Other creditors,Armenia,100.0
2001,Other creditors,Azerbaijan,100.0
2001,Other creditors,Bangladesh,99.15580386247325
2001,Other creditors,Belarus,97.96158596169846
2001,Other creditors,Belize,98.72422136646654
2001,Other creditors,Benin,91.59355435848562
2001,Other creditors,Bhutan,100.0
2001,Other creditors,Bolivia,97.89500469913627
2001,Other creditors,Bosnia and Herzegovina,100.0
2001,Other creditors,Botswana,95.78160685813819
2001,Other creditors,Brazil,100.0
2001,Other creditors,Burkina Faso,98.3421151176047
2001,Other creditors,Burundi,96.39855933730034
2001,Other creditors,Cabo Verde,100.0
2001,Other creditors,Cambodia,100.0
2001,Other creditors,Cameroon,100.0
2001,Other creditors,Central African Republic,100.0
2001,Other creditors,Chad,85.47047036159177
2001,Other creditors,China,100.0
2001,Other creditors,Colombia,99.99950381409597
2001,Other creditors,Comoros,100.0
2001,Other creditors,"Congo, Dem. Rep.",nan
2001,Other creditors,"Congo, Rep.",100.0
2001,Other creditors,Cote d'Ivoire,99.99928239795753
2001,Other creditors,Djibouti,100.0
2001,Other creditors,Dominica,96.64389272677009
2001,Other creditors,Dominican Republic,99.97226004509209
2001,Other creditors,East Asia & Pacific (excluding high income),99.61467256235653
2001,Other creditors,Ecuador,99.96406752352156
2001,Other creditors,"Egypt, Arab Rep.",100.00000000000001
2001,Other creditors,El Salvador,99.55393041435401
2001,Other creditors,Eritrea,100.0
2001,Other creditors,Eswatini,99.87253549774856
2001,Other creditors,Ethiopia,94.973907624139
2001,Other creditors,Europe & Central Asia (excluding high income),99.80668634420245
2001,Other creditors,Fiji,86.48962769663748
2001,Other creditors,Gabon,99.99189292734637
2001,Other creditors,"Gambia, The",94.20892875603916
2001,Other creditors,Georgia,99.91096851138046
2001,Other creditors,Ghana,100.0
2001,Other creditors,Grenada,99.64011237005333
2001,Other creditors,Guatemala,96.41946207142735
2001,Other creditors,Guinea,98.65036089604116
2001,Other creditors,Guinea-Bissau,100.0
2001,Other creditors,Guyana,99.18599996786328
2001,Other creditors,Haiti,100.0
2001,Other creditors,Honduras,98.91099651971447
2001,Other creditors,IDA only,95.68690439575312
2001,Other creditors,IDA total,95.87394244404783
2001,Other creditors,India,99.96565219845179
2001,Other creditors,Indonesia,99.96821326526575
2001,Other creditors,"Iran, Islamic Rep.",88.05905746855356
2001,Other creditors,Jamaica,99.96193682034489
2001,Other creditors,Jordan,100.0
2001,Other creditors,Kazakhstan,100.0
2001,Other creditors,Kenya,99.97473616082031
2001,Other creditors,Kyrgyz Republic,100.0
2001,Other creditors,Lao PDR,99.80448064355308
2001,Other creditors,Latin America & Caribbean (excluding high income),99.89994709805609
2001,Other creditors,Least developed countries: UN classification,96.44031745373319
2001,Other creditors,Lebanon,100.0
2001,Other creditors,Lesotho,100.0
2001,Other creditors,Liberia,nan
2001,Other creditors,Low & lower middle income,98.72821012922354
2001,Other creditors,Low & middle income,99.45441453439749
2001,Other creditors,Low income,89.249614877676
2001,Other creditors,Lower middle income,99.09736422242436
2001,Other creditors,Madagascar,99.48042013718855
2001,Other creditors,Malawi,100.0
2001,Other creditors,Maldives,99.55525051079475
2001,Other creditors,Mali,100.0
2001,Other creditors,Mauritania,94.75977021979321
2001,Other creditors,Mauritius,99.13363826305155
2001,Other creditors,Mexico,99.99999999999999
2001,Other creditors,"Middle East, North Africa, Afghanistan & Pakistan (excluding high income)",97.3549706631686
2001,Other creditors,Middle income,99.54811190576079
2001,Other creditors,Moldova,100.0
2001,Other creditors,Mongolia,100.0
2001,Other creditors,Morocco,99.73888158879183
2001,Other creditors,Mozambique,100.0
2001,Other creditors,Myanmar,100.0
2001,Other creditors,Nepal,100.0
2001,Other creditors,Nicaragua,99.83730542851764
2001,Other creditors,Niger,100.00000000000001
2001,Other creditors,Nigeria,100.0
2001,Other creditors,North Macedonia,90.12157406653053
2001,Other creditors,Pakistan,87.46131075353122
2001,Other creditors,Papua New Guinea,99.29289219541195
2001,Other creditors,Paraguay,92.99446107823326
2001,Other creditors,Peru,98.82870373643267
2001,Other creditors,Philippines,100.0
2001,Other creditors,Rwanda,98.83067788006001
2001,Other creditors,Samoa,100.0
2001,Other creditors,Sao Tome and Principe,100.0
2001,Other creditors,Senegal,97.17521806953796
2001,Other creditors,Serbia,84.18626703026892
2001,Other creditors,Sierra Leone,100.0
2001,Other creditors,Solomon Islands,100.0
2001,Other creditors,"Somalia, Fed. Rep.",nan
2001,Other creditors,South Africa,100.0
2001,Other creditors,South Asia,99.89638354141667
2001,Other creditors,Sri Lanka,99.60975295501152
2001,Other creditors,St. Lucia,100.0
2001,Other creditors,St. Vincent and the Grenadines,94.16517015941473
2001,Other creditors,Sub-Saharan Africa (excluding high income),98.480045373324
2001,Other creditors,Sudan,30.00467606910022
2001,Other creditors,Tajikistan,100.0
2001,Other creditors,Tanzania,97.96917349420248
2001,Other creditors,Thailand,97.76351105924284
2001,Other creditors,Togo,100.0
2001,Other creditors,Tonga,99.56683484994161
2001,Other creditors,Tunisia,99.9055124928823
2001,Other creditors,Turkiye,99.97155229034836
2001,Other creditors,Turkmenistan,99.87378793666522
2001,Other creditors,Uganda,99.99999999999999
2001,Other creditors,Ukraine,100.0
2001,Other creditors,Upper middle income,99.68715825421043
2001,Other creditors,Uzbekistan,100.0
2001,Other creditors,Vanuatu,100.0
2001,Other creditors,Viet Nam,99.76031444533902
2001,Other creditors,"Yemen, Rep.",99.8809764662146
2001,Other creditors,Zambia,96.8990795188267
2001,Other creditors,Zimbabwe,99.99999999999999
2002,Other creditors,Africa (excluding high income),99.41451521973838
2002,Other creditors,Albania,99.84749698772438
2002,Other creditors,Algeria,99.88022579912668
2002,Other creditors,Angola,99.16664846906438
2002,Other creditors,Argentina,100.0
2002,Other creditors,Armenia,100.0
2002,Other creditors,Azerbaijan,100.0
2002,Other creditors,Bangladesh,98.97998939415066
2002,Other creditors,Belarus,98.21125398300185
2002,Other creditors,Belize,99.0993427041305
2002,Other creditors,Benin,91.74265591391693
2002,Other creditors,Bhutan,100.0
2002,Other creditors,Bolivia,97.70230072596537
2002,Other creditors,Bosnia and Herzegovina,100.0
2002,Other creditors,Botswana,93.0478955538327
2002,Other creditors,Brazil,99.99639007281174
2002,Other creditors,Burkina Faso,98.6285929736191
2002,Other creditors,Burundi,100.0
2002,Other creditors,Cabo Verde,100.0
2002,Other creditors,Cambodia,94.83136427963258
2002,Other creditors,Cameroon,100.0
2002,Other creditors,Central African Republic,100.0
2002,Other creditors,Chad,100.0
2002,Other creditors,China,100.00000000000001
2002,Other creditors,Colombia,99.999550763185
2002,Other creditors,Comoros,100.0
2002,Other creditors,"Congo, Dem. Rep.",100.0
2002,Other creditors,"Congo, Rep.",100.0
2002,Other creditors,Cote d'Ivoire,99.99851702803718
2002,Other creditors,Djibouti,100.0
2002,Other creditors,Dominica,96.32588293195232
2002,Other creditors,Dominican Republic,99.87950256683361
2002,Other creditors,East Asia & Pacific (excluding high income),98.76326369075791
2002,Other creditors,Ecuador,99.97022555925037
2002,Other creditors,"Egypt, Arab Rep.",100.0
2002,Other creditors,El Salvador,99.81094814709338
2002,Other creditors,Eritrea,100.0
2002,Other creditors,Eswatini,99.85551671636193
2002,Other creditors,Ethiopia,97.29506510084012
2002,Other creditors,Europe & Central Asia (excluding high income),99.73598578866343
2002,Other creditors,Fiji,86.92804588611963
2002,Other creditors,Gabon,99.98711834218044
2002,Other creditors,"Gambia, The",99.94297998822788
2002,Other creditors,Georgia,99.78872448020107
2002,Other creditors,Ghana,99.99579246564272
2002,Other creditors,Grenada,99.78966344450384
2002,Other creditors,Guatemala,96.67475096300427
2002,Other creditors,Guinea,97.0595722665713
2002,Other creditors,Guinea-Bissau,100.00000000000001
2002,Other creditors,Guyana,98.993170471071
2002,Other creditors,Haiti,100.0
2002,Other creditors,Honduras,96.69087436880487
2002,Other creditors,IDA only,97.60818232481581
2002,Other creditors,IDA total,98.92745948079833
2002,Other creditors,India,99.97691526076827
2002,Other creditors,Indonesia,99.97230605207959
2002,Other creditors,"Iran, Islamic Rep.",78.60615540688752
2002,Other creditors,Jamaica,99.93844643366117
2002,Other creditors,Jordan,100.0
2002,Other creditors,Kazakhstan,100.0
2002,Other creditors,Kenya,99.6066992945333
2002,Other creditors,Kyrgyz Republic,99.9426364279256
2002,Other creditors,Lao PDR,99.81190247346507
2002,Other creditors,Latin America & Caribbean (excluding high income),99.90807796974481
2002,Other creditors,Least developed countries: UN classification,97.50200278367166
2002,Other creditors,Lebanon,99.99999999999999
2002,Other creditors,Lesotho,100.0
2002,Other creditors,Liberia,100.0
2002,Other creditors,Low & lower middle income,99.65253473790057
2002,Other creditors,Low & middle income,99.36930589487922
2002,Other creditors,Low income,95.77572146791785
2002,Other creditors,Lower middle income,99.81518857376555
2002,Other creditors,Madagascar,99.43835540360725
2002,Other creditors,Malawi,100.0
2002,Other creditors,Maldives,99.27861378715615
2002,Other creditors,Mali,100.0
2002,Other creditors,Mauritania,94.19354169140524
2002,Other creditors,Mauritius,98.64617469567912
2002,Other creditors,Mexico,100.0
2002,Other creditors,"Middle East, North Africa, Afghanistan & Pakistan (excluding high income)",98.26847693712153
2002,Other creditors,Middle income,99.40822360204633
2002,Other creditors,Moldova,100.0
2002,Other creditors,Mongolia,100.0
2002,Other creditors,Morocco,100.00000000000001
2002,Other creditors,Mozambique,100.0
2002,Other creditors,Myanmar,96.01579648047998
2002,Other creditors,Nepal,100.00000000000001
2002,Other creditors,Nicaragua,99.64191274717862
2002,Other creditors,Niger,100.0
2002,Other creditors,Nigeria,100.0
2002,Other creditors,North Macedonia,79.1620483203597
2002,Other creditors,Pakistan,99.98005904323388
2002,Other creditors,Papua New Guinea,99.26606537768852
2002,Other creditors,Paraguay,93.49218034576504
2002,Other creditors,Peru,99.66472932591675
2002,Other creditors,Philippines,99.87876419264575
2002,Other creditors,Rwanda,98.73387247303634
2002,Other creditors,Samoa,100.0
2002,Other creditors,Sao Tome and Principe,100.0
2002,Other creditors,Senegal,97.37022837394262
2002,Other creditors,Serbia,100.0
2002,Other creditors,Sierra Leone,100.0
2002,Other creditors,Solomon Islands,100.0
2002,Other creditors,"Somalia, Fed. Rep.",nan
2002,Other creditors,South Africa,100.0
2002,Other creditors,South Asia,99.9029540497548
2002,Other creditors,Sri Lanka,99.28536816966509
2002,Other creditors,St. Lucia,100.0
2002,Other creditors,St. Vincent and the Grenadines,94.21984709185189
2002,Other creditors,Sub-Saharan Africa (excluding high income),98.81064970732112
2002,Other creditors,Sudan,47.77135778858019
2002,Other creditors,Tajikistan,100.0
2002,Other creditors,Tanzania,100.0
2002,Other creditors,Thailand,94.66521102948008
2002,Other creditors,Togo,100.0
2002,Other creditors,Tonga,98.32847909230759
2002,Other creditors,Tunisia,99.78421840196147
2002,Other creditors,Turkiye,99.96920596710756
2002,Other creditors,Turkmenistan,99.94101009663395
2002,Other creditors,Uganda,100.0
2002,Other creditors,Ukraine,100.0
2002,Other creditors,Upper middle income,99.26662589342956
2002,Other creditors,Uzbekistan,100.0
2002,Other creditors,Vanuatu,100.0
2002,Other creditors,Viet Nam,99.77553933848367
2002,Other creditors,"Yemen, Rep.",99.80234487211932
2002,Other creditors,Zambia,98.33185465870686
2002,Other creditors,Zimbabwe,100.0
2003,Other creditors,Africa (excluding high income),99.23499466404772
2003,Other creditors,Albania,96.60347126352075
2003,Other creditors,Algeria,99.89733471227103
2003,Other creditors,Angola,100.0
2003,Other creditors,Argentina,99.99999999999999
2003,Other creditors,Armenia,100.0
2003,Other creditors,Azerbaijan,100.0
2003,Other creditors,Bangladesh,98.97719718939034
2003,Other creditors,Belarus,98.47312811947005
2003,Other creditors,Belize,98.91959648294595
2003,Other creditors,Benin,97.94459249637741
2003,Other creditors,Bhutan,100.0
2003,Other creditors,Bolivia,97.64196902129697
2003,Other creditors,Bosnia and Herzegovina,100.0
2003,Other creditors,Botswana,91.74109463753246
2003,Other creditors,Brazil,99.99618799352231
2003,Other creditors,Burkina Faso,94.42790108041886
2003,Other creditors,Burundi,100.0
2003,Other creditors,Cabo Verde,100.0
2003,Other creditors,Cambodia,98.3621195978499
2003,Other creditors,Cameroon,99.99685701472407
2003,Other creditors,Central African Republic,100.0
2003,Other creditors,Chad,100.0
2003,Other creditors,China,100.0
2003,Other creditors,Colombia,99.99960401704853
2003,Other creditors,Comoros,100.0
2003,Other creditors,"Congo, Dem. Rep.",100.00000000000001
2003,Other creditors,"Congo, Rep.",100.0
2003,Other creditors,Cote d'Ivoire,99.88235600739253
2003,Other creditors,Djibouti,77.53557885872179
2003,Other creditors,Dominica,95.97850798382449
2003,Other creditors,Dominican Republic,99.80199439761495
2003,Other creditors,East Asia & Pacific (excluding high income),99.57131398190678
2003,Other creditors,Ecuador,99.93887784123987
2003,Other creditors,"Egypt, Arab Rep.",100.0
2003,Other creditors,El Salvador,99.98397694081173
2003,Other creditors,Eritrea,100.0
2003,Other creditors,Eswatini,99.24337305066737
2003,Other creditors,Ethiopia,100.0
2003,Other creditors,Europe & Central Asia (excluding high income),99.83254971631345
2003,Other creditors,Fiji,86.1516471355427
2003,Other creditors,Gabon,99.32487424724876
2003,Other creditors,"Gambia, The",100.0
2003,Other creditors,Georgia,99.88163662305185
2003,Other creditors,Ghana,97.87334230483901
2003,Other creditors,Grenada,100.0
2003,Other creditors,Guatemala,96.60693009968726
2003,Other creditors,Guinea,97.05827945981981
2003,Other creditors,Guinea-Bissau,100.0
2003,Other creditors,Guyana,99.3751239272453
2003,Other creditors,Haiti,100.0
2003,Other creditors,Honduras,97.12714160487212
2003,Other creditors,IDA only,96.23877259768433
2003,Other creditors,IDA total,98.20114306606797
2003,Other creditors,India,99.98513428412012
2003,Other creditors,Indonesia,99.97568456749863
2003,Other creditors,"Iran, Islamic Rep.",85.67415565401966
2003,Other creditors,Jamaica,99.90799260671639
2003,Other creditors,Jordan,100.0
2003,Other creditors,Kazakhstan,100.0
2003,Other creditors,Kenya,100.0
2003,Other creditors,Kyrgyz Republic,99.99999999999999
2003,Other creditors,Lao PDR,99.4010660279343
2003,Other creditors,Latin America & Caribbean (excluding high income),99.92656988538316
2003,Other creditors,Least developed countries: UN classification,96.80946670745338
2003,Other creditors,Lebanon,100.00000000000001
2003,Other creditors,Lesotho,100.0
2003,Other creditors,Liberia,nan
2003,Other creditors,Low & lower middle income,99.5891976778544
2003,Other creditors,Low & middle income,99.6189550547071
2003,Other creditors,Low income,92.63180731962083
2003,Other creditors,Lower middle income,99.82372626934576
2003,Other creditors,Madagascar,99.45204664468991
2003,Other creditors,Malawi,100.0
2003,Other creditors,Maldives,99.70911717950231
2003,Other creditors,Mali,99.99999999999999
2003,Other creditors,Mauritania,97.10447766961293
2003,Other creditors,Mauritius,98.27799602861481
2003,Other creditors,Mexico,100.0
2003,Other creditors,"Middle East, North Africa, Afghanistan & Pakistan (excluding high income)",98.81657069391947
2003,Other creditors,Middle income,99.68667227921745
2003,Other creditors,Moldova,99.99999999999999
2003,Other creditors,Mongolia,100.0
2003,Other creditors,Morocco,100.0
2003,Other creditors,Mozambique,100.0
2003,Other creditors,Myanmar,96.36466872349148
2003,Other creditors,Nepal,100.0
2003,Other creditors,Nicaragua,99.68360521253405
2003,Other creditors,Niger,100.0
2003,Other creditors,Nigeria,100.00000000000001
2003,Other creditors,North Macedonia,97.41379525122271
2003,Other creditors,Pakistan,99.73293526073239
2003,Other creditors,Papua New Guinea,99.5078404695907
2003,Other creditors,Paraguay,98.75802905124053
2003,Other creditors,Peru,99.54286056659531
2003,Other creditors,Philippines,100.0
2003,Other creditors,Rwanda,94.75079329198773
2003,Other creditors,Samoa,99.93692317634815
2003,Other creditors,Sao Tome and Principe,100.0
2003,Other creditors,Senegal,97.6757702566435
2003,Other creditors,Serbia,100.0
2003,Other creditors,Sierra Leone,100.0
2003,Other creditors,Solomon Islands,100.0
2003,Other creditors,"Somalia, Fed. Rep.",nan
2003,Other creditors,South Africa,100.0
2003,Other creditors,South Asia,99.93379509558443
2003,Other creditors,Sri Lanka,99.14524770811302
2003,Other creditors,St. Lucia,100.0
2003,Other creditors,St. Vincent and the Grenadines,95.1557155297585
2003,Other creditors,Sub-Saharan Africa (excluding high income),98.40358671353476
2003,Other creditors,Sudan,55.12084253139369
2003,Other creditors,Tajikistan,60.16149220984427
2003,Other creditors,Tanzania,100.0
2003,Other creditors,Thailand,98.02452126932172
2003,Other creditors,Togo,100.0
2003,Other creditors,Tonga,97.99122090041973
2003,Other creditors,Tunisia,99.84788156658058
2003,Other creditors,Turkiye,99.97660111641996
2003,Other creditors,Turkmenistan,99.6905340194165
2003,Other creditors,Uganda,100.0
2003,Other creditors,Ukraine,100.0
2003,Other creditors,Upper middle income,99.63136765615904
2003,Other creditors,Uzbekistan,99.91103050858825
2003,Other creditors,Vanuatu,100.0
2003,Other creditors,Viet Nam,99.68030636614559
2003,Other creditors,"Yemen, Rep.",99.75399433805269
2003,Other creditors,Zambia,99.02296141163109
2003,Other creditors,Zimbabwe,80.70849470568665
2004,Other creditors,Africa (excluding high income),98.98585426125915
2004,Other creditors,Albania,91.82116080619117
2004,Other creditors,Algeria,99.91580032525849
2004,Other creditors,Angola,99.77089444963156
2004,Other creditors,Argentina,100.0
2004,Other creditors,Armenia,100.0
2004,Other creditors,Azerbaijan,100.0
2004,Other creditors,Bangladesh,99.2743292456126
2004,Other creditors,Belarus,98.77357266196184
2004,Other creditors,Belize,99.51456507439475
2004,Other creditors,Benin,98.21641438353512
2004,Other creditors,Bhutan,100.0
2004,Other creditors,Bolivia,98.98887314590895
2004,Other creditors,Bosnia and Herzegovina,100.0
2004,Other creditors,Botswana,90.54503938312922
2004,Other creditors,Brazil,100.0
2004,Other creditors,Burkina Faso,97.48897933178888
2004,Other creditors,Burundi,100.0
2004,Other creditors,Cabo Verde,100.0
2004,Other creditors,Cambodia,98.99465359262896
2004,Other creditors,Cameroon,99.87263551913806
2004,Other creditors,Central African Republic,89.98212069404254
2004,Other creditors,Chad,100.0
2004,Other creditors,China,100.0
2004,Other creditors,Colombia,99.99941102099771
2004,Other creditors,Comoros,100.0
2004,Other creditors,"Congo, Dem. Rep.",96.86177267894527
2004,Other creditors,"Congo, Rep.",98.80566832543134
2004,Other creditors,Cote d'Ivoire,99.26738763818693
2004,Other creditors,Djibouti,95.81528059237438
2004,Other creditors,Dominica,96.85677361757944
2004,Other creditors,Dominican Republic,99.81643922098993
2004,Other creditors,East Asia & Pacific (excluding high income),99.93266919076684
2004,Other creditors,Ecuador,99.91274988709178
2004,Other creditors,"Egypt, Arab Rep.",100.0
2004,Other creditors,El Salvador,99.77632605121411
2004,Other creditors,Eritrea,100.0
2004,Other creditors,Eswatini,98.89550568675314
2004,Other creditors,Ethiopia,100.0
2004,Other creditors,Europe & Central Asia (excluding high income),99.89226826597422
2004,Other creditors,Fiji,84.67532871376959
2004,Other creditors,Gabon,98.98060021711481
2004,Other creditors,"Gambia, The",99.43489384526329
2004,Other creditors,Georgia,99.96199243965253
2004,Other creditors,Ghana,97.32323184637137
2004,Other creditors,Grenada,100.0
2004,Other creditors,Guatemala,97.41289758236037
2004,Other creditors,Guinea,98.86634367489218
2004,Other creditors,Guinea-Bissau,100.0
2004,Other creditors,Guyana,99.2495572293848
2004,Other creditors,Haiti,100.0
2004,Other creditors,Honduras,97.25395449898299
2004,Other creditors,IDA only,95.8164001181345
2004,Other creditors,IDA total,98.09344746395195
2004,Other creditors,India,99.97265831418443
2004,Other creditors,Indonesia,99.86181112971778
2004,Other creditors,"Iran, Islamic Rep.",93.53513230083948
2004,Other creditors,Jamaica,99.90929872168765
2004,Other creditors,Jordan,100.0
2004,Other creditors,Kazakhstan,100.0
2004,Other creditors,Kenya,100.0
2004,Other creditors,Kyrgyz Republic,100.0
2004,Other creditors,Lao PDR,99.10359407694081
2004,Other creditors,Latin America & Caribbean (excluding high income),99.90331222312143
2004,Other creditors,Least developed countries: UN classification,96.29121103813307
2004,Other creditors,Lebanon,100.0
2004,Other creditors,Lesotho,97.69922069173933
2004,Other creditors,Liberia,nan
2004,Other creditors,Low & lower middle income,99.42828797499799
2004,Other creditors,Low & middle income,99.70042468538205
2004,Other creditors,Low income,91.30540449282829
2004,Other creditors,Lower middle income,99.77445579881913
2004,Other creditors,Madagascar,100.0
2004,Other creditors,Malawi,100.0
2004,Other creditors,Maldives,99.51978567923494
2004,Other creditors,Mali,99.99999999999999
2004,Other creditors,Mauritania,97.08532080613327
2004,Other creditors,Mauritius,98.42694101816879
2004,Other creditors,Mexico,100.0
2004,Other creditors,"Middle East, North Africa, Afghanistan & Pakistan (excluding high income)",99.38852589160503
2004,Other creditors,Middle income,99.79627656224395
2004,Other creditors,Moldova,100.0
2004,Other creditors,Mongolia,100.0
2004,Other creditors,Morocco,100.0
2004,Other creditors,Mozambique,100.0
2004,Other creditors,Myanmar,96.69850573931254
2004,Other creditors,Nepal,100.0
2004,Other creditors,Nicaragua,99.54283635706396
2004,Other creditors,Niger,99.99999999999999
2004,Other creditors,Nigeria,100.0
2004,Other creditors,North Macedonia,96.69782030977383
2004,Other creditors,Pakistan,99.66504825486187
2004,Other creditors,Papua New Guinea,99.39636943292815
2004,Other creditors,Paraguay,94.66735089167379
2004,Other creditors,Peru,99.57498419718787
2004,Other creditors,Philippines,99.99934272267429
2004,Other creditors,Rwanda,95.88315150990805
2004,Other creditors,Samoa,99.94431894301688
2004,Other creditors,Sao Tome and Principe,100.0
2004,Other creditors,Senegal,98.3935160330561
2004,Other creditors,Serbia,100.00000000000001
2004,Other creditors,Sierra Leone,100.0
2004,Other creditors,Solomon Islands,100.0
2004,Other creditors,"Somalia, Fed. Rep.",nan
2004,Other creditors,South Africa,100.0
2004,Other creditors,South Asia,99.87071698792982
2004,Other creditors,Sri Lanka,98.80409404376682
2004,Other creditors,St. Lucia,100.00000000000001
2004,Other creditors,St. Vincent and the Grenadines,96.62896424677928
2004,Other creditors,Sub-Saharan Africa (excluding high income),97.79926265090712
2004,Other creditors,Sudan,50.60522711619935
2004,Other creditors,Tajikistan,99.66258971255579
2004,Other creditors,Tanzania,100.0
2004,Other creditors,Thailand,99.99999999999999
2004,Other creditors,Togo,100.0
2004,Other creditors,Tonga,100.0
2004,Other creditors,Tunisia,99.87940423288164
2004,Other creditors,Turkiye,99.97747211694978
2004,Other creditors,Turkmenistan,99.2125520210008
2004,Other creditors,Uganda,100.0
2004,Other creditors,Ukraine,100.0
2004,Other creditors,Upper middle income,99.80426225873504
2004,Other creditors,Uzbekistan,99.85664357076958
2004,Other creditors,Vanuatu,100.0
2004,Other creditors,Viet Nam,99.64556757702208
2004,Other creditors,"Yemen, Rep.",99.79539744925275
2004,Other creditors,Zambia,90.75962034034787
2004,Other creditors,Zimbabwe,82.16746043903356
2005,Other creditors,Africa (excluding high income),99.27421278224851
2005,Other creditors,Albania,92.78699963740753
2005,Other creditors,Algeria,99.89936531217826
2005,Other creditors,Angola,99.37667646254437
2005,Other creditors,Argentina,100.0
2005,Other creditors,Armenia,100.0
2005,Other creditors,Azerbaijan,100.0
2005,Other creditors,Bangladesh,99.38816981805488
2005,Other creditors,Belarus,98.5735516583603
2005,Other creditors,Belize,99.32582158463705
2005,Other creditors,Benin,98.47407305264136
2005,Other creditors,Bhutan,100.0
2005,Other creditors,Bolivia,98.90060319806571
2005,Other creditors,Bosnia and Herzegovina,100.00000000000001
2005,Other creditors,Botswana,91.06473242450807
2005,Other creditors,Brazil,100.0
2005,Other creditors,Burkina Faso,88.31083653583282
2005,Other creditors,Burundi,100.0
2005,Other creditors,Cabo Verde,99.98595719591671
2005,Other creditors,Cambodia,97.98788143004971
2005,Other creditors,Cameroon,99.09512083362796
2005,Other creditors,Central African Republic,99.99999999999999
2005,Other creditors,Chad,100.0
2005,Other creditors,China,100.0
2005,Other creditors,Colombia,99.99967162955888
2005,Other creditors,Comoros,100.0
2005,Other creditors,"Congo, Dem. Rep.",98.11176858644903
2005,Other creditors,"Congo, Rep.",100.0
2005,Other creditors,Cote d'Ivoire,97.08794555212832
2005,Other creditors,Djibouti,94.95269881356178
2005,Other creditors,Dominica,99.70115484810968
2005,Other creditors,Dominican Republic,99.78419381181874
2005,Other creditors,East Asia & Pacific (excluding high income),99.92925213670279
2005,Other creditors,Ecuador,99.92156221172165
2005,Other creditors,"Egypt, Arab Rep.",100.0
2005,Other creditors,El Salvador,99.82534395259782
2005,Other creditors,Eritrea,100.0
2005,Other creditors,Eswatini,98.91405766129597
2005,Other creditors,Ethiopia,99.28615526327167
2005,Other creditors,Europe & Central Asia (excluding high income),99.85656787198873
2005,Other creditors,Fiji,88.92314745699986
2005,Other creditors,Gabon,98.70809569033929
2005,Other creditors,"Gambia, The",100.0
2005,Other creditors,Georgia,99.82293815705886
2005,Other creditors,Ghana,98.2739473513675
2005,Other creditors,Grenada,100.0
2005,Other creditors,Guatemala,96.4915273891695
2005,Other creditors,Guinea,99.01875446871934
2005,Other creditors,Guinea-Bissau,100.0
2005,Other creditors,Guyana,87.11807478848316
2005,Other creditors,Haiti,100.0
2005,Other creditors,Honduras,97.17452416045187
2005,Other creditors,IDA only,95.63443781685648
2005,Other creditors,IDA total,98.60703673240825
2005,Other creditors,India,99.98450748821875
2005,Other creditors,Indonesia,99.88332308833292
2005,Other creditors,"Iran, Islamic Rep.",95.48289759748462
2005,Other creditors,Jamaica,99.69016817274628
2005,Other creditors,Jordan,100.00000000000001
2005,Other creditors,Kazakhstan,100.0
2005,Other creditors,Kenya,100.00000000000001
2005,Other creditors,Kyrgyz Republic,100.0
2005,Other creditors,Lao PDR,98.96547242562147
2005,Other creditors,Latin America & Caribbean (excluding high income),99.91839766179889
2005,Other creditors,Least developed countries: UN classification,96.59104928702966
2005,Other creditors,Lebanon,100.0
2005,Other creditors,Lesotho,100.0
2005,Other creditors,Liberia,100.0
2005,Other creditors,Low & lower middle income,99.48783487545155
2005,Other creditors,Low & middle income,99.71717560473704
2005,Other creditors,Low income,91.7458785313539
2005,Other creditors,Lower middle income,99.78866823155832
2005,Other creditors,Madagascar,100.0
2005,Other creditors,Malawi,100.00000000000001
2005,Other creditors,Maldives,99.53357451991171
2005,Other creditors,Mali,100.0
2005,Other creditors,Mauritania,97.52191542732425
2005,Other creditors,Mauritius,98.61009639647895
2005,Other creditors,Mexico,100.0
2005,Other creditors,"Middle East, North Africa, Afghanistan & Pakistan (excluding high income)",99.3685900684679
2005,Other creditors,Middle income,99.81542914030712
2005,Other creditors,Moldova,100.0
2005,Other creditors,Mongolia,99.99999999999999
2005,Other creditors,Morocco,100.0
2005,Other creditors,Mozambique,99.99999999999999
2005,Other creditors,Myanmar,97.05296518874196
2005,Other creditors,Nepal,100.0
2005,Other creditors,Nicaragua,98.16724757161772
2005,Other creditors,Niger,100.00000000000001
2005,Other creditors,Nigeria,100.0
2005,Other creditors,North Macedonia,95.50697530299227
2005,Other creditors,Pakistan,98.9730446978359
2005,Other creditors,Papua New Guinea,99.51906978514457
2005,Other creditors,Paraguay,98.10262107314148
2005,Other creditors,Peru,99.82620943903999
2005,Other creditors,Philippines,99.9508169591041
2005,Other creditors,Rwanda,95.07271558942685
2005,Other creditors,Samoa,99.81374809705854
2005,Other creditors,Sao Tome and Principe,100.0
2005,Other creditors,Senegal,96.19779805121428
2005,Other creditors,Serbia,100.0
2005,Other creditors,Sierra Leone,100.0
2005,Other creditors,Solomon Islands,100.0
2005,Other creditors,"Somalia, Fed. Rep.",nan
2005,Other creditors,South Africa,100.0
2005,Other creditors,South Asia,99.88530871524871
2005,Other creditors,Sri Lanka,96.17160430392258
2005,Other creditors,St. Lucia,100.0
2005,Other creditors,St. Vincent and the Grenadines,97.31354744811439
2005,Other creditors,Sub-Saharan Africa (excluding high income),98.88622177152652
2005,Other creditors,Sudan,55.12740572850629
2005,Other creditors,Tajikistan,99.58347147639655
2005,Other creditors,Tanzania,100.0
2005,Other creditors,Thailand,100.0
2005,Other creditors,Togo,100.0
2005,Other creditors,Tonga,96.08163946208067
2005,Other creditors,Tunisia,99.88396082517647
2005,Other creditors,Turkiye,99.97970589699605
2005,Other creditors,Turkmenistan,96.71949794226126
2005,Other creditors,Uganda,100.0
2005,Other creditors,Ukraine,100.0
2005,Other creditors,Upper middle income,99.82786157702367
2005,Other creditors,Uzbekistan,99.71296326862793
2005,Other creditors,Vanuatu,100.0
2005,Other creditors,Viet Nam,99.6699816855101
2005,Other creditors,"Yemen, Rep.",99.75158459270361
2005,Other creditors,Zambia,100.0
2005,Other creditors,Zimbabwe,70.72919057536456
2006,Other creditors,Afghanistan,100.0
2006,Other creditors,Africa (excluding high income),99.23559638657298
2006,Other creditors,Albania,94.57410250690072
2006,Other creditors,Algeria,99.96211353147494
2006,Other creditors,Angola,98.85113051874035
2006,Other creditors,Argentina,100.00000000000001
2006,Other creditors,Armenia,100.0
2006,Other creditors,Azerbaijan,100.0
2006,Other creditors,Bangladesh,99.20539898270975
2006,Other creditors,Belarus,97.76964347942811
2006,Other creditors,Belize,98.91151347911351
2006,Other creditors,Benin,98.57566300092412
2006,Other creditors,Bhutan,100.0
2006,Other creditors,Bolivia,99.08061095412651
2006,Other creditors,Bosnia and Herzegovina,100.0
2006,Other creditors,Botswana,91.58158692281775
2006,Other creditors,Brazil,100.0
2006,Other creditors,Burkina Faso,88.93913956677106
2006,Other creditors,Burundi,100.00000000000001
2006,Other creditors,Cabo Verde,99.95816520589702
2006,Other creditors,Cambodia,98.73798795192094
2006,Other creditors,Cameroon,99.73151375285666
2006,Other creditors,Central African Republic,100.0
2006,Other creditors,Chad,100.0
2006,Other creditors,China,100.0
2006,Other creditors,Colombia,99.99957014834254
2006,Other creditors,Comoros,100.0
2006,Other creditors,"Congo, Dem. Rep.",98.07378270813754
2006,Other creditors,"Congo, Rep.",100.0
2006,Other creditors,Cote d'Ivoire,91.74905648826817
2006,Other creditors,Djibouti,96.52935654188074
2006,Other creditors,Dominica,96.33408620276413
2006,Other creditors,Dominican Republic,99.877216039641
2006,Other creditors,East Asia & Pacific (excluding high income),99.90935374602589
2006,Other creditors,Ecuador,99.8580487083586
2006,Other creditors,"Egypt, Arab Rep.",100.00000000000003
2006,Other creditors,El Salvador,99.15186978156461
2006,Other creditors,Eritrea,99.73805799994885
2006,Other creditors,Eswatini,99.2023490131314
2006,Other creditors,Ethiopia,99.99538740198989
2006,Other creditors,Europe & Central Asia (excluding high income),99.73850929311328
2006,Other creditors,Fiji,90.2312900782683
2006,Other creditors,Gabon,96.7247877522166
2006,Other creditors,"Gambia, The",100.0
2006,Other creditors,Georgia,99.81412808050626
2006,Other creditors,Ghana,98.37302854071936
2006,Other creditors,Grenada,100.00000000000001
2006,Other creditors,Guatemala,97.51978114054053
2006,Other creditors,Guinea,99.26615128267525
2006,Other creditors,Guinea-Bissau,100.0
2006,Other creditors,Guyana,97.05423668664208
2006,Other creditors,Haiti,100.0
2006,Other creditors,Honduras,96.79793334305886
2006,Other creditors,IDA only,95.65804377072868
2006,Other creditors,IDA total,98.12539810376896
2006,Other creditors,India,99.95172437609412
2006,Other creditors,Indonesia,99.90954834424969
2006,Other creditors,"Iran, Islamic Rep.",92.8457810374516
2006,Other creditors,Jamaica,99.08660986368498
2006,Other creditors,Jordan,100.0
2006,Other creditors,Kazakhstan,100.0
2006,Other creditors,Kenya,98.05094322378696
2006,Other creditors,Kyrgyz Republic,100.0
2006,Other creditors,Lao PDR,98.3495802033166
2006,Other creditors,Latin America & Caribbean (excluding high income),99.9394540581485
2006,Other creditors,Least developed countries: UN classification,96.5436459304429
2006,Other creditors,Lebanon,100.0
2006,Other creditors,Lesotho,100.0
2006,Other creditors,Liberia,100.0
2006,Other creditors,Low & lower middle income,99.24643726934187
2006,Other creditors,Low & middle income,99.67440695415296
2006,Other creditors,Low income,92.52060892932393
2006,Other creditors,Lower middle income,99.59313229828228
2006,Other creditors,Madagascar,100.0
2006,Other creditors,Malawi,100.0
2006,Other creditors,Maldives,99.52966443349105
2006,Other creditors,Mali,99.03987118199171
2006,Other creditors,Mauritania,100.0
2006,Other creditors,Mauritius,98.82175741810049
2006,Other creditors,Mexico,100.0
2006,Other creditors,"Middle East, North Africa, Afghanistan & Pakistan (excluding high income)",99.34469928561629
2006,Other creditors,Middle income,99.76071801450406
2006,Other creditors,Moldova,100.0
2006,Other creditors,Mongolia,85.87785648565895
2006,Other creditors,Montenegro,99.99999999999999
2006,Other creditors,Morocco,99.99686013990029
2006,Other creditors,Mozambique,99.58928675986799
2006,Other creditors,Myanmar,89.93426251683418
2006,Other creditors,Nepal,100.0
2006,Other creditors,Nicaragua,99.69050622640187
2006,Other creditors,Niger,82.18230681533151
2006,Other creditors,Nigeria,99.85398126548128
2006,Other creditors,North Macedonia,93.68364512513787
2006,Other creditors,Pakistan,98.61924585272075
2006,Other creditors,Papua New Guinea,99.52557887837027
2006,Other creditors,Paraguay,98.92739752230734
2006,Other creditors,Peru,99.70224638396601
2006,Other creditors,Philippines,99.94616505555213
2006,Other creditors,Rwanda,96.18198203736894
2006,Other creditors,Samoa,99.8413337601195
2006,Other creditors,Sao Tome and Principe,100.00000000000001
2006,Other creditors,Senegal,95.42195098737844
2006,Other creditors,Serbia,100.0
2006,Other creditors,Sierra Leone,100.0
2006,Other creditors,Solomon Islands,100.0
2006,Other creditors,"Somalia, Fed. Rep.",nan
2006,Other creditors,South Africa,100.0
2006,Other creditors,South Asia,99.74534710582698
2006,Other creditors,Sri Lanka,98.38655394396238
2006,Other creditors,St. Lucia,100.0
2006,Other creditors,St. Vincent and the Grenadines,98.14777128504667
2006,Other creditors,Sub-Saharan Africa (excluding high income),98.47086580957766
2006,Other creditors,Sudan,44.56209186408763
2006,Other creditors,Tajikistan,99.83214607422349
2006,Other creditors,Tanzania,100.0
2006,Other creditors,Thailand,100.0
2006,Other creditors,Togo,92.74580138982596
2006,Other creditors,Tonga,99.54633975856954
2006,Other creditors,Tunisia,99.91921922114896
2006,Other creditors,Turkiye,100.0
2006,Other creditors,Turkmenistan,98.10080507578465
2006,Other creditors,Uganda,100.0
2006,Other creditors,Ukraine,100.0
2006,Other creditors,Upper middle income,99.81192985895142
2006,Other creditors,Uzbekistan,99.3579277376573
2006,Other creditors,Vanuatu,100.0
2006,Other creditors,Viet Nam,99.91671523388266
2006,Other creditors,"Yemen, Rep.",98.16730052439814
2006,Other creditors,Zambia,80.47611033982439
2006,Other creditors,Zimbabwe,19.339732564320684
2007,Other creditors,Afghanistan,100.0
2007,Other creditors,Africa (excluding high income),98.31870737667583
2007,Other creditors,Albania,94.9980275979554
2007,Other creditors,Algeria,99.82850229259246
2007,Other creditors,Angola,97.57856624523102
2007,Other creditors,Argentina,100.0
2007,Other creditors,Armenia,100.0
2007,Other creditors,Azerbaijan,100.0
2007,Other creditors,Bangladesh,97.92064863099488
2007,Other creditors,Belarus,97.3105361712077
2007,Other creditors,Belize,99.78185338705133
2007,Other creditors,Benin,97.82976528484087
2007,Other creditors,Bhutan,100.0
2007,Other creditors,Bolivia,98.78461199703669
2007,Other creditors,Bosnia and Herzegovina,100.0
2007,Other creditors,Botswana,88.31165900719718
2007,Other creditors,Brazil,100.0
2007,Other creditors,Burkina Faso,87.38983916392472
2007,Other creditors,Burundi,100.0
2007,Other creditors,Cabo Verde,99.98153904455094
2007,Other creditors,Cambodia,99.72603639141683
2007,Other creditors,Cameroon,99.52945287479419
2007,Other creditors,Central African Republic,100.0
2007,Other creditors,Chad,100.00000000000001
2007,Other creditors,China,100.0
2007,Other creditors,Colombia,99.99954229604036
2007,Other creditors,Comoros,100.0
2007,Other creditors,"Congo, Dem. Rep.",99.1667063015607
2007,Other creditors,"Congo, Rep.",100.0
2007,Other creditors,Cote d'Ivoire,98.9106154025256
2007,Other creditors,Djibouti,95.86846871565731
2007,Other creditors,Dominica,100.0
2007,Other creditors,Dominican Republic,99.89931387109759
2007,Other creditors,East Asia & Pacific (excluding high income),99.82796245805497
2007,Other creditors,Ecuador,99.96845571823641
2007,Other creditors,"Egypt, Arab Rep.",99.99741613740673
2007,Other creditors,El Salvador,99.36749754455937
2007,Other creditors,Eritrea,97.79118646899651
2007,Other creditors,Eswatini,99.38518266450565
2007,Other creditors,Ethiopia,100.0
2007,Other creditors,Europe & Central Asia (excluding high income),99.75734468789653
2007,Other creditors,Fiji,95.75937560689033
2007,Other creditors,Gabon,99.57155375092384
2007,Other creditors,"Gambia, The",100.0
2007,Other creditors,Georgia,100.0
2007,Other creditors,Ghana,97.08376575817596
2007,Other creditors,Grenada,99.99999999999999
2007,Other creditors,Guatemala,98.35863171890706
2007,Other creditors,Guinea,98.488830657994
2007,Other creditors,Guinea-Bissau,100.0
2007,Other creditors,Guyana,96.80759549179935
2007,Other creditors,Haiti,100.0
2007,Other creditors,Honduras,96.92376258040778
2007,Other creditors,IDA only,95.7452341377994
2007,Other creditors,IDA total,97.12599278610463
2007,Other creditors,India,99.94176975709196
2007,Other creditors,Indonesia,99.91701202351273
2007,Other creditors,"Iran, Islamic Rep.",93.55599019789851
2007,Other creditors,Jamaica,99.31144766501934
2007,Other creditors,Jordan,99.86176597558497
2007,Other creditors,Kazakhstan,100.0
2007,Other creditors,Kenya,99.61772631066077
2007,Other creditors,Kyrgyz Republic,99.99999999999999
2007,Other creditors,Lao PDR,89.99213290555001
2007,Other creditors,Latin America & Caribbean (excluding high income),99.9358732286864
2007,Other creditors,Least developed countries: UN classification,95.92150598142025
2007,Other creditors,Lebanon,100.0
2007,Other creditors,Lesotho,100.0
2007,Other creditors,Liberia,100.0
2007,Other creditors,Low & lower middle income,98.93225468290537
2007,Other creditors,Low & middle income,99.4804386563237
2007,Other creditors,Low income,93.35887986127705
2007,Other creditors,Lower middle income,99.30961769634462
2007,Other creditors,Madagascar,100.0
2007,Other creditors,Malawi,100.0
2007,Other creditors,Maldives,99.63612121650667
2007,Other creditors,Mali,100.0
2007,Other creditors,Mauritania,99.99999999999999
2007,Other creditors,Mauritius,96.38034455827943
2007,Other creditors,Mexico,100.0
2007,Other creditors,"Middle East, North Africa, Afghanistan & Pakistan (excluding high income)",98.40106286000561
2007,Other creditors,Middle income,99.5921209995848
2007,Other creditors,Moldova,100.0
2007,Other creditors,Mongolia,94.06443253695355
2007,Other creditors,Montenegro,100.0
2007,Other creditors,Morocco,99.9961095376545
2007,Other creditors,Mozambique,100.0
2007,Other creditors,Myanmar,83.55117140929362
2007,Other creditors,Nepal,100.0
2007,Other creditors,Nicaragua,99.87573721302631
2007,Other creditors,Niger,100.0
2007,Other creditors,Nigeria,98.26069110515789
2007,Other creditors,North Macedonia,96.17679711122585
2007,Other creditors,Pakistan,98.04846958900983
2007,Other creditors,Papua New Guinea,99.62641581828149
2007,Other creditors,Paraguay,99.21134007261212
2007,Other creditors,Peru,99.93512047927216
2007,Other creditors,Philippines,99.7905919860292
2007,Other creditors,Rwanda,95.49021196345169
2007,Other creditors,Samoa,100.0
2007,Other creditors,Sao Tome and Principe,100.0
2007,Other creditors,Senegal,90.75031354460526
2007,Other creditors,Serbia,100.0
2007,Other creditors,Sierra Leone,99.99999999999999
2007,Other creditors,Solomon Islands,100.0
2007,Other creditors,"Somalia, Fed. Rep.",nan
2007,Other creditors,South Africa,100.0
2007,Other creditors,South Asia,99.6948061045497
2007,Other creditors,Sri Lanka,98.35211462601029
2007,Other creditors,St. Lucia,100.0
2007,Other creditors,St. Vincent and the Grenadines,97.83889746694624
2007,Other creditors,Sub-Saharan Africa (excluding high income),97.31936355457839
2007,Other creditors,Sudan,43.88486136944777
2007,Other creditors,Tajikistan,94.10638997782935
2007,Other creditors,Tanzania,100.0
2007,Other creditors,Thailand,100.0
2007,Other creditors,Togo,100.0
2007,Other creditors,Tonga,94.58747577986114
2007,Other creditors,Tunisia,99.82907370777473
2007,Other creditors,Turkiye,100.0
2007,Other creditors,Turkmenistan,96.40696714689695
2007,Other creditors,Uganda,100.0
2007,Other creditors,Ukraine,100.0
2007,Other creditors,Upper middle income,99.69631823274375
2007,Other creditors,Uzbekistan,98.93816782700316
2007,Other creditors,Vanuatu,96.41438229460137
2007,Other creditors,Viet Nam,99.48470048968962
2007,Other creditors,"Yemen, Rep.",98.14488129091258
2007,Other creditors,Zambia,97.78594841339472
2007,Other creditors,Zimbabwe,92.59351942895874
2008,Other creditors,Afghanistan,100.0
2008,Other creditors,Africa (excluding high income),97.51234607592858
2008,Other creditors,Albania,95.84983899474526
2008,Other creditors,Algeria,99.35056602856775
2008,Other creditors,Angola,91.60623407375765
2008,Other creditors,Argentina,100.0
2008,Other creditors,Armenia,100.0
2008,Other creditors,Azerbaijan,100.0
2008,Other creditors,Bangladesh,97.13616293017515
2008,Other creditors,Belarus,96.38856754769557
2008,Other creditors,Belize,98.64471538811294
2008,Other creditors,Benin,91.14017281021178
2008,Other creditors,Bhutan,100.0
2008,Other creditors,Bolivia,99.42369188370517
2008,Other creditors,Bosnia and Herzegovina,100.0
2008,Other creditors,Botswana,73.46247687021325
2008,Other creditors,Brazil,99.93421898659801
2008,Other creditors,Burkina Faso,92.14385827213232
2008,Other creditors,Burundi,100.0
2008,Other creditors,Cabo Verde,100.0
2008,Other creditors,Cambodia,93.9655505158262
2008,Other creditors,Cameroon,99.59191946297396
2008,Other creditors,Central African Republic,93.5865257127222
2008,Other creditors,Chad,99.97465151985901
2008,Other creditors,China,100.0
2008,Other creditors,Colombia,99.99948964141994
2008,Other creditors,Comoros,100.0
2008,Other creditors,"Congo, Dem. Rep.",98.71818430469514
2008,Other creditors,"Congo, Rep.",99.60336492826517
2008,Other creditors,Cote d'Ivoire,99.89725187555867
2008,Other creditors,Djibouti,90.9441837704994
2008,Other creditors,Dominica,100.0
2008,Other creditors,Dominican Republic,99.88083341745698
2008,Other creditors,East Asia & Pacific (excluding high income),99.71227471450621
2008,Other creditors,Ecuador,99.96798875780003
2008,Other creditors,"Egypt, Arab Rep.",100.0
2008,Other creditors,El Salvador,99.36592020081837
2008,Other creditors,Eritrea,74.65840374896099
2008,Other creditors,Eswatini,98.91404542659117
2008,Other creditors,Ethiopia,100.0
2008,Other creditors,Europe & Central Asia (excluding high income),99.57327318854709
2008,Other creditors,Fiji,96.17638227109639
2008,Other creditors,Gabon,99.6746298995732
2008,Other creditors,"Gambia, The",100.0
2008,Other creditors,Georgia,100.0
2008,Other creditors,Ghana,95.4293697059479
2008,Other creditors,Grenada,100.0
2008,Other creditors,Guatemala,98.02026493792958
2008,Other creditors,Guinea,98.94843620659091
2008,Other creditors,Guinea-Bissau,99.99999999999997
2008,Other creditors,Guyana,97.7473295133195
2008,Other creditors,Haiti,100.0
2008,Other creditors,Honduras,93.928197366995
2008,Other creditors,IDA only,94.05699631524492
2008,Other creditors,IDA total,95.23079348193161
2008,Other creditors,India,99.9476767122605
2008,Other creditors,Indonesia,99.8906989236684
2008,Other creditors,"Iran, Islamic Rep.",94.25790027916662
2008,Other creditors,Jamaica,98.34766501819149
2008,Other creditors,Jordan,99.99999999999997
2008,Other creditors,Kazakhstan,100.0
2008,Other creditors,Kenya,98.82182159037264
2008,Other creditors,Kyrgyz Republic,100.0
2008,Other creditors,Lao PDR,87.86018867527997
2008,Other creditors,Latin America & Caribbean (excluding high income),99.88529347820747
2008,Other creditors,Least developed countries: UN classification,91.55677985603958
2008,Other creditors,Lebanon,99.99999999999999
2008,Other creditors,Lesotho,99.80842581080874
2008,Other creditors,Liberia,100.0
2008,Other creditors,Low & lower middle income,98.57047136785168
2008,Other creditors,Low & middle income,99.3189900653321
2008,Other creditors,Low income,91.98606434248927
2008,Other creditors,Lower middle income,98.92388097280387
2008,Other creditors,Madagascar,99.52593861181138
2008,Other creditors,Malawi,100.0
2008,Other creditors,Maldives,99.70875445165072
2008,Other creditors,Mali,100.0
2008,Other creditors,Mauritania,100.0
2008,Other creditors,Mauritius,96.50152933770988
2008,Other creditors,Mexico,100.0
2008,Other creditors,"Middle East, North Africa, Afghanistan & Pakistan (excluding high income)",98.42729823006175
2008,Other creditors,Middle income,99.43494560374445
2008,Other creditors,Moldova,100.0
2008,Other creditors,Mongolia,95.7963624421357
2008,Other creditors,Montenegro,100.00000000000001
2008,Other creditors,Morocco,99.93609425868586
2008,Other creditors,Mozambique,100.0
2008,Other creditors,Myanmar,76.10035123876663
2008,Other creditors,Nepal,100.0
2008,Other creditors,Nicaragua,99.668695159461
2008,Other creditors,Niger,100.0
2008,Other creditors,Nigeria,85.82968229599945
2008,Other creditors,North Macedonia,86.63950161329622
2008,Other creditors,Pakistan,96.34660877927497
2008,Other creditors,Papua New Guinea,99.86811020900605
2008,Other creditors,Paraguay,98.25452820225986
2008,Other creditors,Peru,99.93669475197812
2008,Other creditors,Philippines,99.81188336910958
2008,Other creditors,Rwanda,99.7963962261428
2008,Other creditors,Samoa,96.19307067373205
2008,Other creditors,Sao Tome and Principe,100.0
2008,Other creditors,Senegal,91.66276250596752
2008,Other creditors,Serbia,100.0
2008,Other creditors,Sierra Leone,96.25991577850222
2008,Other creditors,Solomon Islands,99.99999999999999
2008,Other creditors,"Somalia, Fed. Rep.",nan
2008,Other creditors,South Africa,100.0
2008,Other creditors,South Asia,99.72296820992206
2008,Other creditors,Sri Lanka,98.45920371006382
2008,Other creditors,St. Lucia,100.0
2008,Other creditors,St. Vincent and the Grenadines,98.05744938310609
2008,Other creditors,Sub-Saharan Africa (excluding high income),95.89438635267337
2008,Other creditors,Sudan,36.30228792574024
2008,Other creditors,Syrian Arab Republic,99.81535424722213
2008,Other creditors,Tajikistan,79.6029174287493
2008,Other creditors,Tanzania,99.99708945187295
2008,Other creditors,Thailand,100.0
2008,Other creditors,Togo,100.0
2008,Other creditors,Tonga,73.35385245620517
2008,Other creditors,Tunisia,99.71364862091862
2008,Other creditors,Turkiye,100.0
2008,Other creditors,Turkmenistan,95.09958926121426
2008,Other creditors,Uganda,99.20595105064352
2008,Other creditors,Ukraine,100.0
2008,Other creditors,Upper middle income,99.64839806531506
2008,Other creditors,Uzbekistan,97.02662533232738
2008,Other creditors,Vanuatu,92.11655167364817
2008,Other creditors,Viet Nam,97.9754306184562
2008,Other creditors,"Yemen, Rep.",98.34749090137906
2008,Other creditors,Zambia,57.071820952915395
2008,Other creditors,Zimbabwe,44.61418540939524
2009,Other creditors,Afghanistan,100.0
2009,Other creditors,Africa (excluding high income),96.10591160000901
2009,Other creditors,Albania,97.29611806201542
2009,Other creditors,Algeria,100.00000000000001
2009,Other creditors,Angola,95.74952278012498
2009,Other creditors,Argentina,100.0
2009,Other creditors,Armenia,100.0
2009,Other creditors,Azerbaijan,100.0
2009,Other creditors,Bangladesh,98.07805119968252
2009,Other creditors,Belarus,94.74393041601631
2009,Other creditors,Belize,100.0
2009,Other creditors,Benin,71.8356599661097
2009,Other creditors,Bhutan,100.0
2009,Other creditors,Bolivia,99.27726834099236
2009,Other creditors,Bosnia and Herzegovina,99.99999999999999
2009,Other creditors,Botswana,78.64620715913152
2009,Other creditors,Brazil,99.85260594386325
2009,Other creditors,Burkina Faso,88.99410849258881
2009,Other creditors,Burundi,100.0
2009,Other creditors,Cabo Verde,99.89059707863768
2009,Other creditors,Cambodia,92.2868356253574
2009,Other creditors,Cameroon,99.08163531936226
2009,Other creditors,Central African Republic,88.72317065202115
2009,Other creditors,Chad,98.85125523169316
2009,Other creditors,China,100.0
2009,Other creditors,Colombia,99.99941869252508
2009,Other creditors,Comoros,100.0
2009,Other creditors,"Congo, Dem. Rep.",98.78404242925347
2009,Other creditors,"Congo, Rep.",92.69770013399325
2009,Other creditors,Cote d'Ivoire,99.65032153721232
2009,Other creditors,Djibouti,84.18634145295496
2009,Other creditors,Dominica,100.0
2009,Other creditors,Dominican Republic,99.89027414145978
2009,Other creditors,East Asia & Pacific (excluding high income),99.61485322303908
2009,Other creditors,Ecuador,99.9919100421837
2009,Other creditors,"Egypt, Arab Rep.",100.0
2009,Other creditors,El Salvador,99.50580095289921
2009,Other creditors,Eritrea,71.00240190780694
2009,Other creditors,Eswatini,99.4627981161927
2009,Other creditors,Ethiopia,94.04062780259908
2009,Other creditors,Europe & Central Asia (excluding high income),99.48143464934614
2009,Other creditors,Fiji,96.15580704391637
2009,Other creditors,Gabon,94.82213285964269
2009,Other creditors,"Gambia, The",100.0
2009,Other creditors,Georgia,100.0
2009,Other creditors,Ghana,92.37292878234308
2009,Other creditors,Grenada,100.0
2009,Other creditors,Guatemala,98.10238433060786
2009,Other creditors,Guinea,97.14736825633354
2009,Other creditors,Guinea-Bissau,100.0
2009,Other creditors,Guyana,96.58318414197788
2009,Other creditors,Haiti,100.0
2009,Other creditors,Honduras,96.23566132633859
2009,Other creditors,IDA only,92.4768540387235
2009,Other creditors,IDA total,93.32613190287954
2009,Other creditors,India,99.91571931184875
2009,Other creditors,Indonesia,99.8502601781876
2009,Other creditors,"Iran, Islamic Rep.",93.65030922820273
2009,Other creditors,Jamaica,97.36185053539849
2009,Other creditors,Jordan,100.0
2009,Other creditors,Kazakhstan,100.0
2009,Other creditors,Kenya,98.67766197029724
2009,Other creditors,Kosovo,100.0
2009,Other creditors,Kyrgyz Republic,99.13954785433464
2009,Other creditors,Lao PDR,78.79648914752833
2009,Other creditors,Latin America & Caribbean (excluding high income),99.84012079135448
2009,Other creditors,Least developed countries: UN classification,92.54350506361155
2009,Other creditors,Lebanon,100.0
2009,Other creditors,Lesotho,98.70760688130832
2009,Other creditors,Liberia,100.0
2009,Other creditors,Low & lower middle income,97.64417333706653
2009,Other creditors,Low & middle income,99.01443776955847
2009,Other creditors,Low income,89.42613244367377
2009,Other creditors,Lower middle income,98.1635923223012
2009,Other creditors,Madagascar,97.80273290750793
2009,Other creditors,Malawi,100.0
2009,Other creditors,Maldives,99.7376058393657
2009,Other creditors,Mali,100.0
2009,Other creditors,Mauritania,99.9562854332431
2009,Other creditors,Mauritius,94.99874657788891
2009,Other creditors,Mexico,100.00000000000003
2009,Other creditors,"Middle East, North Africa, Afghanistan & Pakistan (excluding high income)",98.22279476571545
2009,Other creditors,Middle income,99.18191907632219
2009,Other creditors,Moldova,100.00000000000003
2009,Other creditors,Mongolia,96.89548180833569
2009,Other creditors,Montenegro,100.0
2009,Other creditors,Morocco,99.77737139107526
2009,Other creditors,Mozambique,99.46141703996568
2009,Other creditors,Myanmar,71.01013249916231
2009,Other creditors,Nepal,100.0
2009,Other creditors,Nicaragua,99.69543905480228
2009,Other creditors,Niger,100.0
2009,Other creditors,Nigeria,63.3298816579096
2009,Other creditors,North Macedonia,88.13474954841374
2009,Other creditors,Pakistan,96.78982632001802
2009,Other creditors,Papua New Guinea,99.68533995562828
2009,Other creditors,Paraguay,98.80437241175542
2009,Other creditors,Peru,99.92007955931959
2009,Other creditors,Philippines,99.82049809101356
2009,Other creditors,Rwanda,97.09053285881123
2009,Other creditors,Samoa,90.79530081195603
2009,Other creditors,Sao Tome and Principe,85.74492844033463
2009,Other creditors,Senegal,91.74182147878454
2009,Other creditors,Serbia,99.59408108294593
2009,Other creditors,Sierra Leone,95.20052590374752
2009,Other creditors,Solomon Islands,99.99999999999999
2009,Other creditors,"Somalia, Fed. Rep.",nan
2009,Other creditors,South Africa,100.0
2009,Other creditors,South Asia,99.1372812975694
2009,Other creditors,Sri Lanka,95.0967040728257
2009,Other creditors,St. Lucia,100.00000000000003
2009,Other creditors,St. Vincent and the Grenadines,98.42512756843125
2009,Other creditors,Sub-Saharan Africa (excluding high income),93.90700977568606
2009,Other creditors,Sudan,53.17842283976779
2009,Other creditors,Syrian Arab Republic,99.7903872642863
2009,Other creditors,Tajikistan,80.99439458885566
2009,Other creditors,Tanzania,100.0
2009,Other creditors,Thailand,100.0
2009,Other creditors,Togo,99.25901217465226
2009,Other creditors,Tonga,62.36982623542815
2009,Other creditors,Tunisia,99.67490052037593
2009,Other creditors,Turkiye,99.98370624014355
2009,Other creditors,Turkmenistan,93.23941655888393
2009,Other creditors,Uganda,97.60584227825254
2009,Other creditors,Ukraine,100.0
2009,Other creditors,Upper middle income,99.5708204429966
2009,Other creditors,Uzbekistan,96.96268937161045
2009,Other creditors,Vanuatu,90.0369355045318
2009,Other creditors,Viet Nam,98.55145792558392
2009,Other creditors,"Yemen, Rep.",97.71386695137656
2009,Other creditors,Zambia,54.6334915154929
2009,Other creditors,Zimbabwe,1.897136384838435
2010,Other creditors,Afghanistan,100.0
2010,Other creditors,Africa (excluding high income),95.41191804369636
2010,Other creditors,Albania,98.34789587732082
2010,Other creditors,Algeria,99.6541375141112
2010,Other creditors,Angola,93.95619907744484
2010,Other creditors,Argentina,100.0
2010,Other creditors,Armenia,99.99999999999999
2010,Other creditors,Azerbaijan,100.0
2010,Other creditors,Bangladesh,99.59424181238533
2010,Other creditors,Belarus,87.27414481098072
2010,Other creditors,Belize,100.0
2010,Other creditors,Benin,92.22430134872164
2010,Other creditors,Bhutan,100.0
2010,Other creditors,Bolivia,99.21701400534737
2010,Other creditors,Bosnia and Herzegovina,100.0
2010,Other creditors,Botswana,87.22800391411222
2010,Other creditors,Brazil,98.27135173801102
2010,Other creditors,Burkina Faso,89.48145809348918
2010,Other creditors,Burundi,100.0
2010,Other creditors,Cabo Verde,99.81765388292865
2010,Other creditors,Cambodia,87.44624542149005
2010,Other creditors,Cameroon,98.61394805627893
2010,Other creditors,Central African Republic,100.0
2010,Other creditors,Chad,97.49310631282592
2010,Other creditors,China,100.0
2010,Other creditors,Colombia,99.99885125902816
2010,Other creditors,Comoros,99.99999999999999
2010,Other creditors,"Congo, Dem. Rep.",97.36045150084873
2010,Other creditors,"Congo, Rep.",77.40712002702077
2010,Other creditors,Cote d'Ivoire,99.58799565820343
2010,Other creditors,Djibouti,85.68894712228251
2010,Other creditors,Dominica,100.0
2010,Other creditors,Dominican Republic,99.88603570545824
2010,Other creditors,East Asia & Pacific (excluding high income),99.32562556684654
2010,Other creditors,Ecuador,97.98147062382245
2010,Other creditors,"Egypt, Arab Rep.",99.99563624290623
2010,Other creditors,El Salvador,99.44645971107839
2010,Other creditors,Eritrea,81.57634449008735
2010,Other creditors,Eswatini,99.4403040028397
2010,Other creditors,Ethiopia,74.57414404292764
2010,Other creditors,Europe & Central Asia (excluding high income),98.73015244555356
2010,Other creditors,Fiji,94.34763859498418
2010,Other creditors,Gabon,96.8366039853813
2010,Other creditors,"Gambia, The",100.0
2010,Other creditors,Georgia,100.0
2010,Other creditors,Ghana,82.64925408919575
2010,Other creditors,Grenada,100.0
2010,Other creditors,Guatemala,98.28965745395504
2010,Other creditors,Guinea,96.40454178924685
2010,Other creditors,Guinea-Bissau,100.0
2010,Other creditors,Guyana,86.63704342522418
2010,Other creditors,Haiti,100.0
2010,Other creditors,Honduras,94.55716550017347
2010,Other creditors,IDA only,90.19371091052788
2010,Other creditors,IDA total,90.72100032266948
2010,Other creditors,India,99.94073874185231
2010,Other creditors,Indonesia,99.67372725799073
2010,Other creditors,"Iran, Islamic Rep.",92.45082863436919
2010,Other creditors,Jamaica,98.09796921129193
2010,Other creditors,Jordan,99.97917086498192
2010,Other creditors,Kazakhstan,100.0
2010,Other creditors,Kenya,96.63290438247307
2010,Other creditors,Kosovo,100.0
2010,Other creditors,Kyrgyz Republic,96.57146588774197
2010,Other creditors,Lao PDR,98.24638218286591
2010,Other creditors,Latin America & Caribbean (excluding high income),99.43092601090282
2010,Other creditors,Least developed countries: UN classification,89.91372320281212
2010,Other creditors,Lebanon,100.00000000000001
2010,Other creditors,Lesotho,97.90852660532872
2010,Other creditors,Liberia,100.0
2010,Other creditors,Low & lower middle income,96.78789351440476
2010,Other creditors,Low & middle income,98.5510135269719
2010,Other creditors,Low income,84.15017572691832
2010,Other creditors,Lower middle income,97.49428990281132
2010,Other creditors,Madagascar,97.96249824131417
2010,Other creditors,Malawi,97.71751606341181
2010,Other creditors,Maldives,99.75227088860257
2010,Other creditors,Mali,88.59103643279336
2010,Other creditors,Mauritania,97.0233707702627
2010,Other creditors,Mauritius,95.82514950256798
2010,Other creditors,Mexico,100.0
2010,Other creditors,"Middle East, North Africa, Afghanistan & Pakistan (excluding high income)",97.16421611433944
2010,Other creditors,Middle income,98.774359999968
2010,Other creditors,Moldova,91.73423388752391
2010,Other creditors,Mongolia,98.29805272631661
2010,Other creditors,Montenegro,100.0
2010,Other creditors,Morocco,99.4479287804216
2010,Other creditors,Mozambique,99.70774201167612
2010,Other creditors,Myanmar,76.63619122459008
2010,Other creditors,Nepal,100.0
2010,Other creditors,Nicaragua,99.66087220150901
2010,Other creditors,Niger,100.0
2010,Other creditors,Nigeria,68.8518717844933
2010,Other creditors,North Macedonia,86.5137771574723
2010,Other creditors,Pakistan,90.76239546210421
2010,Other creditors,Papua New Guinea,100.0
2010,Other creditors,Paraguay,98.68080085984684
2010,Other creditors,Peru,99.94949388570645
2010,Other creditors,Philippines,99.84473270915242
2010,Other creditors,Rwanda,99.06909134329143
2010,Other creditors,Samoa,86.06802348510115
2010,Other creditors,Sao Tome and Principe,100.0
2010,Other creditors,Senegal,92.27028710830436
2010,Other creditors,Serbia,97.95282324860662
2010,Other creditors,Sierra Leone,96.10886780870821
2010,Other creditors,Solomon Islands,100.0
2010,Other creditors,"Somalia, Fed. Rep.",nan
2010,Other creditors,South Africa,100.0
2010,Other creditors,South Asia,99.05535785803404
2010,Other creditors,Sri Lanka,93.70416385412375
2010,Other creditors,St. Lucia,100.0
2010,Other creditors,St. Vincent and the Grenadines,98.45972163582475
2010,Other creditors,Sub-Saharan Africa (excluding high income),92.24860019203379
2010,Other creditors,Sudan,42.493480760706525
2010,Other creditors,Syrian Arab Republic,99.64180722124175
2010,Other creditors,Tajikistan,78.1164029068154
2010,Other creditors,Tanzania,98.41561797581038
2010,Other creditors,Thailand,100.00000000000001
2010,Other creditors,Togo,98.67470920886176
2010,Other creditors,Tonga,55.786804999755425
2010,Other creditors,Tunisia,99.60939604693031
2010,Other creditors,Turkiye,99.9462102609616
2010,Other creditors,Turkmenistan,71.99084468434042
2010,Other creditors,Uganda,97.89891903796457
2010,Other creditors,Ukraine,100.0
2010,Other creditors,Upper middle income,99.26593258960494
2010,Other creditors,Uzbekistan,96.06399390510265
2010,Other creditors,Vanuatu,87.88436500366299
2010,Other creditors,Viet Nam,91.83598610711498
2010,Other creditors,"Yemen, Rep.",97.07278936994572
2010,Other creditors,Zambia,55.71324041747697
2010,Other creditors,Zimbabwe,6.468211817750405
2011,Other creditors,Afghanistan,100.0
2011,Other creditors,Africa (excluding high income),92.84513729915822
2011,Other creditors,Albania,98.69630026394813
2011,Other creditors,Algeria,100.0
2011,Other creditors,Angola,79.16396932515539
2011,Other creditors,Argentina,99.98741743648179
2011,Other creditors,Armenia,100.0
2011,Other creditors,Azerbaijan,100.0
2011,Other creditors,Bangladesh,98.75364805315773
2011,Other creditors,Belarus,94.20260601556481
2011,Other creditors,Belize,100.0
2011,Other creditors,Benin,92.86757520312888
2011,Other creditors,Bhutan,99.99999999999999
2011,Other creditors,Bolivia,97.79112866459245
2011,Other creditors,Bosnia and Herzegovina,100.0
2011,Other creditors,Botswana,64.59642894456226
2011,Other creditors,Brazil,98.41899393082103
2011,Other creditors,Burkina Faso,91.46782957821083
2011,Other creditors,Burundi,100.0
2011,Other creditors,Cabo Verde,98.33030992224955
2011,Other creditors,Cambodia,88.81546989347741
2011,Other creditors,Cameroon,97.61939134348452
2011,Other creditors,Central African Republic,45.39220553936039
2011,Other creditors,Chad,97.27032480771712
2011,Other creditors,China,100.0
2011,Other creditors,Colombia,99.9988493331526
2011,Other creditors,Comoros,99.99999999999999
2011,Other creditors,"Congo, Dem. Rep.",99.24895622371666
2011,Other creditors,"Congo, Rep.",61.10353634223422
2011,Other creditors,Cote d'Ivoire,97.14213445021521
2011,Other creditors,Djibouti,87.79722573773395
2011,Other creditors,Dominica,98.84396004057604
2011,Other creditors,Dominican Republic,99.90105563917739
2011,Other creditors,East Asia & Pacific (excluding high income),98.98510671290187
2011,Other creditors,Ecuador,78.9439043369738
2011,Other creditors,"Egypt, Arab Rep.",99.95079362694722
2011,Other creditors,El Salvador,99.55279723488856
2011,Other creditors,Eritrea,77.6296290856283
2011,Other creditors,Eswatini,99.4263063646387
2011,Other creditors,Ethiopia,71.47790374061765
2011,Other creditors,Europe & Central Asia (excluding high income),98.31956488024174
2011,Other creditors,Fiji,98.64952275362059
2011,Other creditors,Gabon,95.62311207664146
2011,Other creditors,"Gambia, The",99.99999999999999
2011,Other creditors,Georgia,99.99999999999997
2011,Other creditors,Ghana,82.60994088658302
2011,Other creditors,Grenada,100.0
2011,Other creditors,Guatemala,98.6204795133407
2011,Other creditors,Guinea,98.64358289327939
2011,Other creditors,Guinea-Bissau,100.0
2011,Other creditors,Guyana,87.74829908574489
2011,Other creditors,Haiti,100.0
2011,Other creditors,Honduras,95.17798098982242
2011,Other creditors,IDA only,88.37215376932122
2011,Other creditors,IDA total,88.67835264229863
2011,Other creditors,India,97.39028119820117
2011,Other creditors,Indonesia,99.32217593464637
2011,Other creditors,"Iran, Islamic Rep.",88.96497263938399
2011,Other creditors,Jamaica,99.09042932184568
2011,Other creditors,Jordan,99.94880485759246
2011,Other creditors,Kazakhstan,100.0
2011,Other creditors,Kenya,95.99449214164227
2011,Other creditors,Kosovo,100.0
2011,Other creditors,Kyrgyz Republic,95.23660271966875
2011,Other creditors,Lao PDR,82.00588558658126
2011,Other creditors,Latin America & Caribbean (excluding high income),98.8839907936488
2011,Other creditors,Least developed countries: UN classification,83.36575846343858
2011,Other creditors,Lebanon,100.0
2011,Other creditors,Lesotho,98.10234286422497
2011,Other creditors,Liberia,100.0
2011,Other creditors,Low & lower middle income,94.99088108284819
2011,Other creditors,Low & middle income,97.71510228351788
2011,Other creditors,Low income,83.11399879986789
2011,Other creditors,Lower middle income,95.68657202716479
2011,Other creditors,Madagascar,97.07481988307967
2011,Other creditors,Malawi,95.47710275279793
2011,Other creditors,Maldives,99.12554415987425
2011,Other creditors,Mali,97.32068927385622
2011,Other creditors,Mauritania,96.93819561524546
2011,Other creditors,Mauritius,91.52842350507525
2011,Other creditors,Mexico,100.0
2011,Other creditors,"Middle East, North Africa, Afghanistan & Pakistan (excluding high income)",97.32035423904532
2011,Other creditors,Middle income,97.9523254067826
2011,Other creditors,Moldova,91.95967979251476
2011,Other creditors,Mongolia,99.58320963325714
2011,Other creditors,Montenegro,99.9454586481542
2011,Other creditors,Morocco,98.7714598939393
2011,Other creditors,Mozambique,94.98635464598418
2011,Other creditors,Myanmar,53.554923941805946
2011,Other creditors,Nepal,99.89964987966727
2011,Other creditors,Nicaragua,99.70509951725317
2011,Other creditors,Niger,100.0
2011,Other creditors,Nigeria,65.86116141446664
2011,Other creditors,North Macedonia,95.51526030030983
2011,Other creditors,Pakistan,89.13630784269074
2011,Other creditors,Papua New Guinea,96.80435685557136
2011,Other creditors,Paraguay,98.7840494000669
2011,Other creditors,Peru,99.9646587600104
2011,Other creditors,Philippines,99.72387141354787
2011,Other creditors,Rwanda,97.49220202330216
2011,Other creditors,Samoa,84.9406923314697
2011,Other creditors,Sao Tome and Principe,100.0
2011,Other creditors,Senegal,94.84004715692934
2011,Other creditors,Serbia,97.11642524963665
2011,Other creditors,Sierra Leone,95.6659474414583
2011,Other creditors,Solomon Islands,100.0
2011,Other creditors,South Africa,100.0
2011,Other creditors,South Asia,96.94287565888885
2011,Other creditors,Sri Lanka,90.62231974023624
2011,Other creditors,St. Lucia,100.0
2011,Other creditors,St. Vincent and the Grenadines,99.2176764427089
2011,Other creditors,Sub-Saharan Africa (excluding high income),87.85838560114843
2011,Other creditors,Sudan,43.58900690257504
2011,Other creditors,Syrian Arab Republic,99.54154015063042
2011,Other creditors,Tajikistan,74.71747586969198
2011,Other creditors,Tanzania,97.0607488197658
2011,Other creditors,Thailand,99.99999999999999
2011,Other creditors,Togo,91.30605510606838
2011,Other creditors,Tonga,58.52029535776608
2011,Other creditors,Tunisia,99.63311824980808
2011,Other creditors,Turkiye,99.939430127636
2011,Other creditors,Turkmenistan,50.59757512050645
2011,Other creditors,Uganda,95.04357885718358
2011,Other creditors,Ukraine,100.0
2011,Other creditors,Upper middle income,98.82199303933105
2011,Other creditors,Uzbekistan,92.52452526293226
2011,Other creditors,Vanuatu,85.4909444534081
2011,Other creditors,Viet Nam,93.2594437065213
2011,Other creditors,"Yemen, Rep.",97.10107894296047
2011,Other creditors,Zambia,49.13627832400588
2011,Other creditors,Zimbabwe,3.349470252617832
2012,Other creditors,Afghanistan,100.0
2012,Other creditors,Africa (excluding high income),91.63894712481243
2012,Other creditors,Albania,98.719300711157
2012,Other creditors,Algeria,100.0
2012,Other creditors,Angola,75.92259417168762
2012,Other creditors,Argentina,99.87662428733675
2012,Other creditors,Armenia,100.0
2012,Other creditors,Azerbaijan,100.0
2012,Other creditors,Bangladesh,98.48806991328524
2012,Other creditors,Belarus,92.61911626062017
2012,Other creditors,Belize,100.0
2012,Other creditors,Benin,69.64356447683974
2012,Other creditors,Bhutan,100.0
2012,Other creditors,Bolivia,98.15432988377026
2012,Other creditors,Bosnia and Herzegovina,99.99999999999999
2012,Other creditors,Botswana,88.41031089185948
2012,Other creditors,Brazil,96.9589801467001
2012,Other creditors,Burkina Faso,91.84585617196208
2012,Other creditors,Burundi,100.0
2012,Other creditors,Cabo Verde,98.1076539960908
2012,Other creditors,Cambodia,76.96410559965733
2012,Other creditors,Cameroon,90.2276447713555
2012,Other creditors,Central African Republic,100.0
2012,Other creditors,Chad,96.085724462
2012,Other creditors,China,100.0
2012,Other creditors,Colombia,99.99782224602816
2012,Other creditors,Comoros,100.0
2012,Other creditors,"Congo, Dem. Rep.",99.78299664230501
2012,Other creditors,"Congo, Rep.",56.35516980963774
2012,Other creditors,Cote d'Ivoire,95.86387144269857
2012,Other creditors,Djibouti,88.98606099205846
2012,Other creditors,Dominica,97.84615292710845
2012,Other creditors,Dominican Republic,99.8881139700026
2012,Other creditors,East Asia & Pacific (excluding high income),98.05635144388538
2012,Other creditors,Ecuador,71.22156874087713
2012,Other creditors,"Egypt, Arab Rep.",99.92223403441189
2012,Other creditors,El Salvador,99.488922328661
2012,Other creditors,Eritrea,44.62327764855288
2012,Other creditors,Eswatini,99.4080694705805
2012,Other creditors,Ethiopia,65.73616166954423
2012,Other creditors,Europe & Central Asia (excluding high income),97.1452389695714
2012,Other creditors,Fiji,90.13727714732772
2012,Other creditors,Gabon,95.97403881948952
2012,Other creditors,"Gambia, The",100.0
2012,Other creditors,Georgia,100.0
2012,Other creditors,Ghana,81.02584002904081
2012,Other creditors,Grenada,100.0
2012,Other creditors,Guatemala,98.63208131264699
2012,Other creditors,Guinea,97.33549957886405
2012,Other creditors,Guinea-Bissau,100.0
2012,Other creditors,Guyana,96.11296953919255
2012,Other creditors,Haiti,100.0
2012,Other creditors,Honduras,96.87300990318144
2012,Other creditors,IDA only,88.66268939857238
2012,Other creditors,IDA total,89.20769010758211
2012,Other creditors,India,99.36184088432512
2012,Other creditors,Indonesia,99.19926622894508
2012,Other creditors,"Iran, Islamic Rep.",90.3554757076718
2012,Other creditors,Jamaica,98.5733316304973
2012,Other creditors,Jordan,99.91633187631498
2012,Other creditors,Kazakhstan,100.0
2012,Other creditors,Kenya,96.22648686938143
2012,Other creditors,Kosovo,100.0
2012,Other creditors,Kyrgyz Republic,89.55033505265585
2012,Other creditors,Lao PDR,73.60780268869424
2012,Other creditors,Latin America & Caribbean (excluding high income),98.6773706157171
2012,Other creditors,Least developed countries: UN classification,82.55020876487943
2012,Other creditors,Lebanon,100.0
2012,Other creditors,Lesotho,97.28823556138329
2012,Other creditors,Liberia,98.1599633823473
2012,Other creditors,Low & lower middle income,93.55693884180158
2012,Other creditors,Low & middle income,97.22002234405204
2012,Other creditors,Low income,81.08353243730387
2012,Other creditors,Lower middle income,94.13021598088667
2012,Other creditors,Madagascar,97.91303651818006
2012,Other creditors,Malawi,92.03294890287354
2012,Other creditors,Maldives,97.9245815743302
2012,Other creditors,Mali,93.05800930735798
2012,Other creditors,Mauritania,96.91065551980404
2012,Other creditors,Mauritius,87.68430674724561
2012,Other creditors,Mexico,100.00000000000003
2012,Other creditors,"Middle East, North Africa, Afghanistan & Pakistan (excluding high income)",97.67763982285112
2012,Other creditors,Middle income,97.41494158694032
2012,Other creditors,Moldova,87.91560306082565
2012,Other creditors,Mongolia,95.36644639549021
2012,Other creditors,Montenegro,99.67868517648847
2012,Other creditors,Morocco,96.2621116265781
2012,Other creditors,Mozambique,94.83402451330441
2012,Other creditors,Myanmar,87.80523523348249
2012,Other creditors,Nepal,99.56607765048368
2012,Other creditors,Nicaragua,99.67033889338016
2012,Other creditors,Niger,91.42325057739036
2012,Other creditors,Nigeria,64.284432688684
2012,Other creditors,North Macedonia,94.0818889873349
2012,Other creditors,Pakistan,93.17162991607087
2012,Other creditors,Papua New Guinea,97.43519854014433
2012,Other creditors,Paraguay,98.8271094095439
2012,Other creditors,Peru,99.97188000126975
2012,Other creditors,Philippines,99.34379970496899
2012,Other creditors,Rwanda,97.02791221779721
2012,Other creditors,Samoa,75.78228314839313
2012,Other creditors,Sao Tome and Principe,100.0
2012,Other creditors,Senegal,90.95979926622934
2012,Other creditors,Serbia,97.6934250420854
2012,Other creditors,Sierra Leone,92.8179886724796
2012,Other creditors,Solomon Islands,100.0
2012,Other creditors,South Africa,100.0
2012,Other creditors,South Asia,98.1756556613703
2012,Other creditors,Sri Lanka,92.46165730411285
2012,Other creditors,St. Lucia,100.0
2012,Other creditors,St. Vincent and the Grenadines,100.0
2012,Other creditors,Sub-Saharan Africa (excluding high income),87.84126217880197
2012,Other creditors,Sudan,62.05806623548842
2012,Other creditors,Tajikistan,63.60807400259221
2012,Other creditors,Tanzania,94.23691340386628
2012,Other creditors,Thailand,100.0
2012,Other creditors,Togo,90.1368897481179
2012,Other creditors,Tonga,54.32831047529457
2012,Other creditors,Tunisia,99.65433692692329
2012,Other creditors,Turkiye,99.92701686750782
2012,Other creditors,Turkmenistan,26.980711851342654
2012,Other creditors,Uganda,94.8397690287742
2012,Other creditors,Ukraine,100.0
2012,Other creditors,Upper middle income,98.58604267770586
2012,Other creditors,Uzbekistan,91.12775560620072
2012,Other creditors,Vanuatu,80.06054010660483
2012,Other creditors,Viet Nam,88.26757658478486
2012,Other creditors,"Yemen, Rep.",97.7599729834492
2012,Other creditors,Zambia,60.474506820943326
2012,Other creditors,Zimbabwe,25.57106219150809
2013,Other creditors,Afghanistan,100.0
2013,Other creditors,Africa (excluding high income),90.36417294612825
2013,Other creditors,Albania,98.14777962174958
2013,Other creditors,Algeria,99.99999999999999
2013,Other creditors,Angola,71.95975861102514
2013,Other creditors,Argentina,99.84857405728069
2013,Other creditors,Armenia,100.0
2013,Other creditors,Azerbaijan,100.0
2013,Other creditors,Bangladesh,99.09119681899203
2013,Other creditors,Belarus,89.80215856714072
2013,Other creditors,Belize,100.0
2013,Other creditors,Benin,57.73461392953641
2013,Other creditors,Bhutan,100.0
2013,Other creditors,Bolivia,95.93402232797217
2013,Other creditors,Bosnia and Herzegovina,100.0
2013,Other creditors,Botswana,94.22870416136902
2013,Other creditors,Brazil,98.1994117925098
2013,Other creditors,Burkina Faso,90.35691534617254
2013,Other creditors,Burundi,99.99999999999997
2013,Other creditors,Cabo Verde,98.27319985129446
2013,Other creditors,Cambodia,75.61455514532571
2013,Other creditors,Cameroon,86.28643407001424
2013,Other creditors,Central African Republic,100.0
2013,Other creditors,Chad,96.4267622207605
2013,Other creditors,China,100.0
2013,Other creditors,Colombia,100.0
2013,Other creditors,Comoros,100.0
2013,Other creditors,"Congo, Dem. Rep.",93.36579542557858
2013,Other creditors,"Congo, Rep.",55.57027010492983
2013,Other creditors,Cote d'Ivoire,99.37705103007193
2013,Other creditors,Djibouti,89.3481642980315
2013,Other creditors,Dominica,95.62070567986699
2013,Other creditors,Dominican Republic,99.9181733397604
2013,Other creditors,East Asia & Pacific (excluding high income),98.15935682310804
2013,Other creditors,Ecuador,53.60867170329155
2013,Other creditors,"Egypt, Arab Rep.",99.65354698600399
2013,Other creditors,El Salvador,99.49003220412091
2013,Other creditors,Eritrea,42.13342548686785
2013,Other creditors,Eswatini,99.2981472518044
2013,Other creditors,Ethiopia,60.846068008330946
2013,Other creditors,Europe & Central Asia (excluding high income),97.1490947690951
2013,Other creditors,Fiji,88.68724179609652
2013,Other creditors,Gabon,97.64534485252805
2013,Other creditors,"Gambia, The",100.0
2013,Other creditors,Georgia,99.8646159233233
2013,Other creditors,Ghana,79.62567528841389
2013,Other creditors,Grenada,99.99999999999999
2013,Other creditors,Guatemala,99.3753250046141
2013,Other creditors,Guinea,94.72520326930339
2013,Other creditors,Guinea-Bissau,100.0
2013,Other creditors,Guyana,85.0975191495878
2013,Other creditors,Haiti,100.0
2013,Other creditors,Honduras,97.90166893349212
2013,Other creditors,IDA only,86.3753678858304
2013,Other creditors,IDA total,86.77283279323798
2013,Other creditors,India,100.0
2013,Other creditors,Indonesia,99.3196289720571
2013,Other creditors,"Iran, Islamic Rep.",79.00312938367955
2013,Other creditors,Jamaica,97.16509024216188
2013,Other creditors,Jordan,99.94802228130897
2013,Other creditors,Kazakhstan,100.0
2013,Other creditors,Kenya,94.49547622035327
2013,Other creditors,Kosovo,100.0
2013,Other creditors,Kyrgyz Republic,84.6331385743579
2013,Other creditors,Lao PDR,72.62623164394283
2013,Other creditors,Latin America & Caribbean (excluding high income),98.0149586590364
2013,Other creditors,Least developed countries: UN classification,81.40101699154266
2013,Other creditors,Lebanon,100.0
2013,Other creditors,Lesotho,91.45875151743124
2013,Other creditors,Liberia,98.56259126324036
2013,Other creditors,Low & lower middle income,92.45822794478673
2013,Other creditors,Low & middle income,96.56285974743325
2013,Other creditors,Low income,77.86814488726775
2013,Other creditors,Lower middle income,93.22668217474515
2013,Other creditors,Madagascar,97.78486639820498
2013,Other creditors,Malawi,89.13965843422986
2013,Other creditors,Maldives,96.66354200384536
2013,Other creditors,Mali,90.70684848810076
2013,Other creditors,Mauritania,96.75678008357868
2013,Other creditors,Mauritius,87.09424317846086
2013,Other creditors,Mexico,100.0
2013,Other creditors,"Middle East, North Africa, Afghanistan & Pakistan (excluding high income)",96.77968143376873
2013,Other creditors,Middle income,96.83738656547197
2013,Other creditors,Moldova,93.62908875472434
2013,Other creditors,Mongolia,93.4477385065045
2013,Other creditors,Montenegro,99.55128330165935
2013,Other creditors,Morocco,97.05932018223172
2013,Other creditors,Mozambique,94.86512799271168
2013,Other creditors,Myanmar,92.58635042169008
2013,Other creditors,Nepal,99.42058639846842
2013,Other creditors,Nicaragua,99.69011765187544
2013,Other creditors,Niger,60.44677065258601
2013,Other creditors,Nigeria,73.56826647457727
2013,Other creditors,North Macedonia,97.43343523192023
2013,Other creditors,Pakistan,92.07381150240268
2013,Other creditors,Papua New Guinea,96.09695759717984
2013,Other creditors,Paraguay,99.1163551142425
2013,Other creditors,Peru,99.98665483818044
2013,Other creditors,Philippines,99.48211245983279
2013,Other creditors,Rwanda,94.29299412218033
2013,Other creditors,Samoa,70.23520097918976
2013,Other creditors,Sao Tome and Principe,100.0
2013,Other creditors,Senegal,87.57907810083634
2013,Other creditors,Serbia,98.430926500985
2013,Other creditors,Sierra Leone,88.14889378131369
2013,Other creditors,Solomon Islands,100.0
2013,Other creditors,"Somalia, Fed. Rep.",nan
2013,Other creditors,South Africa,100.0
2013,Other creditors,South Asia,98.38748290880308
2013,Other creditors,Sri Lanka,84.26340298780596
2013,Other creditors,St. Lucia,100.0
2013,Other creditors,St. Vincent and the Grenadines,100.0
2013,Other creditors,Sub-Saharan Africa (excluding high income),86.99029076118357
2013,Other creditors,Sudan,44.82098632471217
2013,Other creditors,Tajikistan,54.61004411064172
2013,Other creditors,Tanzania,89.37803114833503
2013,Other creditors,Thailand,100.0
2013,Other creditors,Timor-Leste,100.0
2013,Other creditors,Togo,93.91766142190872
2013,Other creditors,Tonga,53.14623866900714
2013,Other creditors,Tunisia,99.61575925034948
2013,Other creditors,Turkiye,99.70861902205792
2013,Other creditors,Turkmenistan,22.767402057752136
2013,Other creditors,Uganda,87.18714020880735
2013,Other creditors,Ukraine,99.85331782985328
2013,Other creditors,Upper middle income,98.23326275840513
2013,Other creditors,Uzbekistan,83.81695556126527
2013,Other creditors,Vanuatu,57.454596261996485
2013,Other creditors,Viet Nam,89.23520517199748
2013,Other creditors,"Yemen, Rep.",96.66806549874651
2013,Other creditors,Zambia,60.24615977327953
2013,Other creditors,Zimbabwe,55.6071482011752
2014,Other creditors,Afghanistan,99.99999999999999
2014,Other creditors,Africa (excluding high income),88.99172876605947
2014,Other creditors,Albania,98.62644577505948
2014,Other creditors,Algeria,100.00000000000001
2014,Other creditors,Angola,76.34588043524978
2014,Other creditors,Argentina,95.4987249613389
2014,Other creditors,Armenia,100.0
2014,Other creditors,Azerbaijan,100.0
2014,Other creditors,Bangladesh,98.87734263122806
2014,Other creditors,Belarus,89.44366834203527
2014,Other creditors,Belize,100.0
2014,Other creditors,Benin,84.76035925724942
2014,Other creditors,Bhutan,100.0
2014,Other creditors,Bolivia,95.58095462429851
2014,Other creditors,Bosnia and Herzegovina,100.0
2014,Other creditors,Botswana,79.00762585908758
2014,Other creditors,Brazil,97.86064737746567
2014,Other creditors,Burkina Faso,89.56458988235279
2014,Other creditors,Burundi,100.0
2014,Other creditors,Cabo Verde,95.86043483252563
2014,Other creditors,Cambodia,68.70277571676766
2014,Other creditors,Cameroon,81.00334160883524
2014,Other creditors,Central African Republic,94.18055878899443
2014,Other creditors,Chad,99.05179749579037
2014,Other creditors,China,100.0
2014,Other creditors,Colombia,100.0
2014,Other creditors,Comoros,100.0
2014,Other creditors,"Congo, Dem. Rep.",94.84322696079832
2014,Other creditors,"Congo, Rep.",54.761620490621226
2014,Other creditors,Cote d'Ivoire,98.66163676263601
2014,Other creditors,Djibouti,88.38047537271305
2014,Other creditors,Dominica,95.59163876685244
2014,Other creditors,Dominican Republic,99.98388758279935
2014,Other creditors,East Asia & Pacific (excluding high income),98.32105876951155
2014,Other creditors,Ecuador,54.648381987965486
2014,Other creditors,"Egypt, Arab Rep.",99.80158914234549
2014,Other creditors,El Salvador,99.52713104781662
2014,Other creditors,Eritrea,78.56835244916553
2014,Other creditors,Eswatini,99.26171378747657
2014,Other creditors,Ethiopia,59.16337658757548
2014,Other creditors,Europe & Central Asia (excluding high income),91.83393882184937
2014,Other creditors,Fiji,85.91826403522995
2014,Other creditors,Gabon,93.96230100766512
2014,Other creditors,"Gambia, The",68.43214654756427
2014,Other creditors,Georgia,99.86299966989017
2014,Other creditors,Ghana,83.87693263692006
2014,Other creditors,Grenada,100.0
2014,Other creditors,Guatemala,99.6407242248801
2014,Other creditors,Guinea,95.51254210046646
2014,Other creditors,Guinea-Bissau,100.0
2014,Other creditors,Guyana,85.36332053629741
2014,Other creditors,Haiti,100.0
2014,Other creditors,Honduras,98.64959385605869
2014,Other creditors,IDA only,85.73247171190854
2014,Other creditors,IDA total,85.53536234059592
2014,Other creditors,India,100.00000000000001
2014,Other creditors,Indonesia,99.61379584391297
2014,Other creditors,"Iran, Islamic Rep.",80.19673749586441
2014,Other creditors,Jamaica,96.89570032354818
2014,Other creditors,Jordan,99.94144320304054
2014,Other creditors,Kazakhstan,100.00000000000001
2014,Other creditors,Kenya,92.98174292397907
2014,Other creditors,Kosovo,100.0
2014,Other creditors,Kyrgyz Republic,74.93646757617317
2014,Other creditors,Lao PDR,69.50206317599803
2014,Other creditors,Latin America & Caribbean (excluding high income),97.02035803129041
2014,Other creditors,Least developed countries: UN classification,79.66540366019495
2014,Other creditors,Lebanon,100.0
2014,Other creditors,Lesotho,95.28977020177327
2014,Other creditors,Liberia,99.3826935822601
2014,Other creditors,Low & lower middle income,92.28740902554564
2014,Other creditors,Low & middle income,95.45634866934427
2014,Other creditors,Low income,81.41707043380056
2014,Other creditors,Lower middle income,92.89646641091765
2014,Other creditors,Madagascar,92.38797029888555
2014,Other creditors,Malawi,88.34462097357894
2014,Other creditors,Maldives,98.41785179259819
2014,Other creditors,Mali,87.0605447425994
2014,Other creditors,Mauritania,92.71086140196721
2014,Other creditors,Mauritius,85.96202913210281
2014,Other creditors,Mexico,100.0
2014,Other creditors,"Middle East, North Africa, Afghanistan & Pakistan (excluding high income)",96.64998597415983
2014,Other creditors,Middle income,95.69732182102413
2014,Other creditors,Moldova,92.87256036717679
2014,Other creditors,Mongolia,93.42456319724855
2014,Other creditors,Montenegro,99.05488223832134
2014,Other creditors,Morocco,96.94137137607117
2014,Other creditors,Mozambique,92.34642260923258
2014,Other creditors,Myanmar,56.36692774362308
2014,Other creditors,Nepal,99.36786534191728
2014,Other creditors,Nicaragua,99.74519295000225
2014,Other creditors,Niger,47.46149013499826
2014,Other creditors,Nigeria,74.08090140225922
2014,Other creditors,North Macedonia,99.08657441070355
2014,Other creditors,Pakistan,89.52499335643259
2014,Other creditors,Papua New Guinea,95.20527098602278
2014,Other creditors,Paraguay,100.0
2014,Other creditors,Peru,99.98081801747502
2014,Other creditors,Philippines,98.6143498835936
2014,Other creditors,Rwanda,97.54762164617671
2014,Other creditors,Samoa,58.119120151228195
2014,Other creditors,Sao Tome and Principe,99.99999999999999
2014,Other creditors,Senegal,86.65419838428737
2014,Other creditors,Serbia,97.74333956993728
2014,Other creditors,Sierra Leone,91.2779576019145
2014,Other creditors,Solomon Islands,100.0
2014,Other creditors,"Somalia, Fed. Rep.",nan
2014,Other creditors,South Africa,100.0
2014,Other creditors,South Asia,98.36065794818148
2014,Other creditors,Sri Lanka,91.41748683214081
2014,Other creditors,St. Lucia,100.00000000000003
2014,Other creditors,St. Vincent and the Grenadines,100.00000000000001
2014,Other creditors,Sub-Saharan Africa (excluding high income),83.77480276490591
2014,Other creditors,Sudan,48.62892254917947
2014,Other creditors,Tajikistan,54.34644866201388
2014,Other creditors,Tanzania,84.12959993807205
2014,Other creditors,Thailand,100.0
2014,Other creditors,Timor-Leste,100.0
2014,Other creditors,Togo,90.05377771050931
2014,Other creditors,Tonga,60.98448200326859
2014,Other creditors,Tunisia,99.2065738399421
2014,Other creditors,Turkiye,99.68898725675837
2014,Other creditors,Turkmenistan,5.709085404795017
2014,Other creditors,Uganda,83.04132629436998
2014,Other creditors,Ukraine,97.78442438678742
2014,Other creditors,Upper middle income,96.93427993201702
2014,Other creditors,Uzbekistan,79.34107755216225
2014,Other creditors,Vanuatu,49.729779665305706
2014,Other creditors,Viet Nam,90.88709575080964
2014,Other creditors,"Yemen, Rep.",97.16420476750446
2014,Other creditors,Zambia,42.391135713148316
2014,Other creditors,Zimbabwe,5.795268094965083
2015,Other creditors,Afghanistan,99.99999999999999
2015,Other creditors,Africa (excluding high income),90.3268247317853
2015,Other creditors,Albania,99.42504453138291
2015,Other creditors,Algeria,100.0
2015,Other creditors,Angola,70.74326752018764
2015,Other creditors,Argentina,97.37195794575446
2015,Other creditors,Armenia,99.96857267798312
2015,Other creditors,Azerbaijan,100.0
2015,Other creditors,Bangladesh,98.12616038082744
2015,Other creditors,Belarus,91.30894978354647
2015,Other creditors,Belize,100.0
2015,Other creditors,Benin,79.50351402980635
2015,Other creditors,Bhutan,100.00000000000001
2015,Other creditors,Bolivia,92.42076388092038
2015,Other creditors,Bosnia and Herzegovina,100.0
2015,Other creditors,Botswana,92.83258534179342
2015,Other creditors,Brazil,94.02409557718447
2015,Other creditors,Burkina Faso,94.03852959156303
2015,Other creditors,Burundi,100.0
2015,Other creditors,Cabo Verde,93.36591508821118
2015,Other creditors,Cambodia,64.81521242450285
2015,Other creditors,Cameroon,72.05492121612255
2015,Other creditors,Central African Republic,100.0
2015,Other creditors,Chad,95.4639486301182
2015,Other creditors,China,100.0
2015,Other creditors,Colombia,100.0
2015,Other creditors,Comoros,100.0
2015,Other creditors,"Congo, Dem. Rep.",91.9422362651207
2015,Other creditors,"Congo, Rep.",47.52531489682769
2015,Other creditors,Cote d'Ivoire,94.30919604238224
2015,Other creditors,Djibouti,77.95943734877174
2015,Other creditors,Dominica,97.93385205031643
2015,Other creditors,Dominican Republic,99.99201458943436
2015,Other creditors,East Asia & Pacific (excluding high income),98.18649014581186
2015,Other creditors,Ecuador,70.93760892083424
2015,Other creditors,"Egypt, Arab Rep.",99.45179791623409
2015,Other creditors,El Salvador,99.55458122729155
2015,Other creditors,Eritrea,68.8701182735185
2015,Other creditors,Eswatini,99.28260233187659
2015,Other creditors,Ethiopia,68.01107645466912
2015,Other creditors,Europe & Central Asia (excluding high income),94.75428091226634
2015,Other creditors,Fiji,93.35717497103683
2015,Other creditors,Gabon,93.04987947612756
2015,Other creditors,"Gambia, The",100.0
2015,Other creditors,Georgia,99.91980512166555
2015,Other creditors,Ghana,84.40948745254241
2015,Other creditors,Grenada,100.00000000000001
2015,Other creditors,Guatemala,99.67803192441035
2015,Other creditors,Guinea,88.93169595545706
2015,Other creditors,Guinea-Bissau,100.0
2015,Other creditors,Guyana,84.27821924544169
2015,Other creditors,Haiti,100.0
2015,Other creditors,Honduras,98.59526869250509
2015,Other creditors,IDA only,82.25569618922458
2015,Other creditors,IDA total,83.27495896581874
2015,Other creditors,India,100.0
2015,Other creditors,Indonesia,99.10678930812183
2015,Other creditors,"Iran, Islamic Rep.",73.53341767587
2015,Other creditors,Iraq,84.467845261225
2015,Other creditors,Jamaica,97.26583997019895
2015,Other creditors,Jordan,99.84657668893443
2015,Other creditors,Kazakhstan,100.0
2015,Other creditors,Kenya,88.63110542245077
2015,Other creditors,Kosovo,100.0
2015,Other creditors,Kyrgyz Republic,58.06506084258448
2015,Other creditors,Lao PDR,61.9862890754752
2015,Other creditors,Latin America & Caribbean (excluding high income),96.36676344825817
2015,Other creditors,Least developed countries: UN classification,76.1397217099202
2015,Other creditors,Lebanon,100.0
2015,Other creditors,Lesotho,93.57661101545663
2015,Other creditors,Liberia,100.0
2015,Other creditors,Low & lower middle income,90.63341889835725
2015,Other creditors,Low & middle income,95.5820258342368
2015,Other creditors,Low income,79.38331351676668
2015,Other creditors,Lower middle income,91.30957606807189
2015,Other creditors,Madagascar,95.37062221550755
2015,Other creditors,Malawi,74.70906520392121
2015,Other creditors,Maldives,97.23719174184593
2015,Other creditors,Mali,84.84171791909449
2015,Other creditors,Mauritania,95.57841863547588
2015,Other creditors,Mauritius,75.27408241081524
2015,Other creditors,Mexico,99.99999999999999
2015,Other creditors,"Middle East, North Africa, Afghanistan & Pakistan (excluding high income)",95.69850024486433
2015,Other creditors,Middle income,95.8053998137999
2015,Other creditors,Moldova,91.21874841380883
2015,Other creditors,Mongolia,95.09494396836932
2015,Other creditors,Montenegro,98.30912545397779
2015,Other creditors,Morocco,96.7946617704779
2015,Other creditors,Mozambique,85.79447042051488
2015,Other creditors,Myanmar,55.90138322662238
2015,Other creditors,Nepal,99.12287404795624
2015,Other creditors,Nicaragua,99.77172884875034
2015,Other creditors,Niger,68.84309837920551
2015,Other creditors,Nigeria,86.41881791368553
2015,Other creditors,North Macedonia,98.87343782860549
2015,Other creditors,Pakistan,90.13528454672763
2015,Other creditors,Papua New Guinea,93.74339712713224
2015,Other creditors,Paraguay,100.0
2015,Other creditors,Peru,99.97991674544103
2015,Other creditors,Philippines,97.02635209998245
2015,Other creditors,Rwanda,97.33253631036425
2015,Other creditors,Samoa,52.36127645344976
2015,Other creditors,Sao Tome and Principe,100.0
2015,Other creditors,Senegal,87.74779252223044
2015,Other creditors,Serbia,97.24916236728298
2015,Other creditors,Sierra Leone,87.6692319499379
2015,Other creditors,Solomon Islands,100.0
2015,Other creditors,"Somalia, Fed. Rep.",nan
2015,Other creditors,South Africa,100.00000000000001
2015,Other creditors,South Asia,97.55326061147004
2015,Other creditors,Sri Lanka,83.34030426135003
2015,Other creditors,St. Lucia,100.0
2015,Other creditors,St. Vincent and the Grenadines,100.0
2015,Other creditors,Sub-Saharan Africa (excluding high income),88.12325887851456
2015,Other creditors,Sudan,63.81834473863325
2015,Other creditors,Suriname,52.1804514394207
2015,Other creditors,Syrian Arab Republic,nan
2015,Other creditors,Tajikistan,48.33705830722472
2015,Other creditors,Tanzania,77.98957694321764
2015,Other creditors,Thailand,100.0
2015,Other creditors,Timor-Leste,100.0
2015,Other creditors,Togo,85.04599506162961
2015,Other creditors,Tonga,53.68513377319962
2015,Other creditors,Tunisia,99.69395560592213
2015,Other creditors,Turkiye,99.58124182317593
2015,Other creditors,Turkmenistan,10.675961034891
2015,Other creditors,Uganda,80.74812514782458
2015,Other creditors,Ukraine,99.47187028802614
2015,Other creditors,Upper middle income,97.14403249182226
2015,Other creditors,Uzbekistan,76.40710374056292
2015,Other creditors,Vanuatu,44.82230240688247
2015,Other creditors,Viet Nam,85.68496586448437
2015,Other creditors,"Yemen, Rep.",98.31346283829505
2015,Other creditors,Zambia,60.39329029631884
2015,Other creditors,Zimbabwe,47.82599385818537
2016,Other creditors,Afghanistan,99.99999999999999
2016,Other creditors,Africa (excluding high income),83.57845645028388
2016,Other creditors,Albania,100.0
2016,Other creditors,Algeria,100.0
2016,Other creditors,Angola,63.66272452695101
2016,Other creditors,Argentina,98.44878638300383
2016,Other creditors,Armenia,99.79951961473138
2016,Other creditors,Azerbaijan,100.0
2016,Other creditors,Bangladesh,96.83860218589763
2016,Other creditors,Belarus,88.22578180143555
2016,Other creditors,Belize,100.0
2016,Other creditors,Benin,81.9370854967281
2016,Other creditors,Bhutan,100.0
2016,Other creditors,Bolivia,90.8084209367073
2016,Other creditors,Bosnia and Herzegovina,100.0
2016,Other creditors,Botswana,93.74692559016063
2016,Other creditors,Brazil,93.06541495959475
2016,Other creditors,Burkina Faso,94.34955176387301
2016,Other creditors,Burundi,99.40472458682838
2016,Other creditors,Cabo Verde,94.18359935693792
2016,Other creditors,Cambodia,52.97977471957976
2016,Other creditors,Cameroon,72.47923518887629
2016,Other creditors,Central African Republic,100.0
2016,Other creditors,Chad,97.80061288202468
2016,Other creditors,China,100.0
2016,Other creditors,Colombia,100.0
2016,Other creditors,Comoros,70.17484189765094
2016,Other creditors,"Congo, Dem. Rep.",91.98898684922212
2016,Other creditors,"Congo, Rep.",47.73130135180235
2016,Other creditors,Cote d'Ivoire,97.49261492597574
2016,Other creditors,Djibouti,65.14908104249915
2016,Other creditors,Dominica,85.7583787235652
2016,Other creditors,Dominican Republic,99.98457889890877
2016,Other creditors,East Asia & Pacific (excluding high income),97.34306159308638
2016,Other creditors,Ecuador,62.95907052080874
2016,Other creditors,"Egypt, Arab Rep.",99.16228481062245
2016,Other creditors,El Salvador,99.75464906076235
2016,Other creditors,Eritrea,64.78007242920359
2016,Other creditors,Eswatini,97.82837546365224
2016,Other creditors,Ethiopia,50.938316309856184
2016,Other creditors,Europe & Central Asia (excluding high income),92.13364317871198
2016,Other creditors,Fiji,58.85840189026162
2016,Other creditors,Gabon,83.93926354904158
2016,Other creditors,"Gambia, The",100.0
2016,Other creditors,Georgia,99.88948747048553
2016,Other creditors,Ghana,74.82168087655504
2016,Other creditors,Grenada,100.0
2016,Other creditors,Guatemala,99.71882589803838
2016,Other creditors,Guinea,77.55395562771251
2016,Other creditors,Guinea-Bissau,100.0
2016,Other creditors,Guyana,84.06103905756216
2016,Other creditors,Haiti,100.0
2016,Other creditors,Honduras,98.53564113638475
2016,Other creditors,IDA only,76.1811224287635
2016,Other creditors,IDA total,79.64917504231785
2016,Other creditors,India,100.0
2016,Other creditors,Indonesia,99.11951985704435
2016,Other creditors,"Iran, Islamic Rep.",96.75276402559173
2016,Other creditors,Iraq,84.79486939323478
2016,Other creditors,Jamaica,96.1771045618294
2016,Other creditors,Jordan,99.86180663938828
2016,Other creditors,Kazakhstan,99.54877622636081
2016,Other creditors,Kenya,82.08907855050293
2016,Other creditors,Kosovo,100.0
2016,Other creditors,Kyrgyz Republic,57.08858758560127
2016,Other creditors,Lao PDR,68.06452347683691
2016,Other creditors,Latin America & Caribbean (excluding high income),96.77617153914942
2016,Other creditors,Least developed countries: UN classification,68.71282200498509
2016,Other creditors,Lebanon,100.0
2016,Other creditors,Lesotho,94.2210571028988
2016,Other creditors,Liberia,100.0
2016,Other creditors,Low & lower middle income,89.76268845827808
2016,Other creditors,Low & middle income,94.4718967795654
2016,Other creditors,Low income,69.8830791411476
2016,Other creditors,Lower middle income,90.60220209997847
2016,Other creditors,Madagascar,94.66656085276792
2016,Other creditors,Malawi,72.34972347244138
2016,Other creditors,Maldives,91.05258533114596
2016,Other creditors,Mali,88.48941323538615
2016,Other creditors,Mauritania,89.57614656687316
2016,Other creditors,Mauritius,68.9099407385812
2016,Other creditors,Mexico,100.0
2016,Other creditors,"Middle East, North Africa, Afghanistan & Pakistan (excluding high income)",96.44440024755335
2016,Other creditors,Middle income,94.78993856780316
2016,Other creditors,Moldova,95.59508378346864
2016,Other creditors,Mongolia,91.43350869456648
2016,Other creditors,Montenegro,97.24242399798804
2016,Other creditors,Morocco,97.35549224020765
2016,Other creditors,Mozambique,76.61647947341878
2016,Other creditors,Myanmar,46.82598902817655
2016,Other creditors,Nepal,98.2958808658096
2016,Other creditors,Nicaragua,99.8144450234338
2016,Other creditors,Niger,59.098978110291874
2016,Other creditors,Nigeria,83.60602722614914
2016,Other creditors,North Macedonia,98.56133480304608
2016,Other creditors,Pakistan,88.10634153553312
2016,Other creditors,Papua New Guinea,87.79287412412006
2016,Other creditors,Paraguay,100.0
2016,Other creditors,Peru,100.0
2016,Other creditors,Philippines,99.47522076662855
2016,Other creditors,Rwanda,93.72244424952086
2016,Other creditors,Samoa,54.036246629137715
2016,Other creditors,Sao Tome and Principe,100.0
2016,Other creditors,Senegal,87.98115815255956
2016,Other creditors,Serbia,96.35747156831535
2016,Other creditors,Sierra Leone,94.75656170179286
2016,Other creditors,Solomon Islands,100.0
2016,Other creditors,"Somalia, Fed. Rep.",nan
2016,Other creditors,South Africa,100.0
2016,Other creditors,South Asia,98.07703983661874
2016,Other creditors,Sri Lanka,78.45651909838271
2016,Other creditors,St. Lucia,100.0
2016,Other creditors,St. Vincent and the Grenadines,100.0
2016,Other creditors,Sub-Saharan Africa (excluding high income),76.91665538877885
2016,Other creditors,Sudan,39.351161444937304
2016,Other creditors,Suriname,85.63383810791598
2016,Other creditors,Syrian Arab Republic,99.99999999999999
2016,Other creditors,Tajikistan,46.445285338606
2016,Other creditors,Tanzania,84.9929358148401
2016,Other creditors,Thailand,100.0
2016,Other creditors,Timor-Leste,100.0
2016,Other creditors,Togo,86.0233551061335
2016,Other creditors,Tonga,54.80821035877242
2016,Other creditors,Tunisia,99.41795147869112
2016,Other creditors,Turkiye,99.58493698018222
2016,Other creditors,Turkmenistan,7.234379580451941
2016,Other creditors,Uganda,72.29455799420774
2016,Other creditors,Ukraine,97.5303660107345
2016,Other creditors,Upper middle income,96.63888906735426
2016,Other creditors,Uzbekistan,77.68451808104585
2016,Other creditors,Vanuatu,36.75121541023739
2016,Other creditors,Viet Nam,88.79517250864089
2016,Other creditors,"Yemen, Rep.",99.76638700130212
2016,Other creditors,Zambia,60.12829484184273
2016,Other creditors,Zimbabwe,77.79268994219619
2017,Other creditors,Afghanistan,100.0
2017,Other creditors,Africa (excluding high income),84.30212936796165
2017,Other creditors,Albania,99.99999999999999
2017,Other creditors,Algeria,100.0
2017,Other creditors,Angola,62.41164665213247
2017,Other creditors,Argentina,98.13874870796334
2017,Other creditors,Armenia,99.8035329146648
2017,Other creditors,Azerbaijan,100.0
2017,Other creditors,Bangladesh,95.77199195298667
2017,Other creditors,Belarus,80.18751768018203
2017,Other creditors,Belize,100.0
2017,Other creditors,Benin,91.69088312464929
2017,Other creditors,Bhutan,100.0
2017,Other creditors,Bolivia,89.64667411444812
2017,Other creditors,Bosnia and Herzegovina,100.00000000000001
2017,Other creditors,Botswana,94.7737398402703
2017,Other creditors,Brazil,94.4148357318955
2017,Other creditors,Burkina Faso,94.95775221585289
2017,Other creditors,Burundi,99.9874892150835
2017,Other creditors,Cabo Verde,95.15258859047734
2017,Other creditors,Cambodia,50.72314319311325
2017,Other creditors,Cameroon,71.35775627047347
2017,Other creditors,Central African Republic,94.28714026859575
2017,Other creditors,Chad,95.80672865284888
2017,Other creditors,China,100.00000000000001
2017,Other creditors,Colombia,100.0
2017,Other creditors,Comoros,22.240043729230937
2017,Other creditors,"Congo, Dem. Rep.",90.87987720804949
2017,Other creditors,"Congo, Rep.",45.876783019298784
2017,Other creditors,Cote d'Ivoire,98.51894796809214
2017,Other creditors,Djibouti,58.614350091984605
2017,Other creditors,Dominica,85.56363480091653
2017,Other creditors,Dominican Republic,99.98240952542052
2017,Other creditors,East Asia & Pacific (excluding high income),97.01365089483951
2017,Other creditors,Ecuador,59.74864833847073
2017,Other creditors,"Egypt, Arab Rep.",97.9503981913809
2017,Other creditors,El Salvador,99.91536467857141
2017,Other creditors,Eritrea,66.00761158460996
2017,Other creditors,Eswatini,92.4421730122446
2017,Other creditors,Ethiopia,53.29630158716926
2017,Other creditors,Europe & Central Asia (excluding high income),93.00255318530013
2017,Other creditors,Fiji,49.90398370551496
2017,Other creditors,Gabon,97.93415303819731
2017,Other creditors,"Gambia, The",100.0
2017,Other creditors,Georgia,99.92711547015828
2017,Other creditors,Ghana,75.33200251256156
2017,Other creditors,Grenada,100.0
2017,Other creditors,Guatemala,99.7282826840937
2017,Other creditors,Guinea,82.93741179960372
2017,Other creditors,Guinea-Bissau,100.0
2017,Other creditors,Guyana,81.93911456573859
2017,Other creditors,Haiti,100.0
2017,Other creditors,Honduras,95.7287340609703
2017,Other creditors,IDA only,77.44955712354925
2017,Other creditors,IDA total,79.92970755268219
2017,Other creditors,India,100.0
2017,Other creditors,Indonesia,99.23871059107415
2017,Other creditors,"Iran, Islamic Rep.",77.48828328627116
2017,Other creditors,Iraq,86.7055278569937
2017,Other creditors,Jamaica,94.27801296494009
2017,Other creditors,Jordan,99.73926422713387
2017,Other creditors,Kazakhstan,99.6536209775607
2017,Other creditors,Kenya,79.61452613051395
2017,Other creditors,Kosovo,100.0
2017,Other creditors,Kyrgyz Republic,61.405598362508925
2017,Other creditors,Lao PDR,64.30826667516226
2017,Other creditors,Latin America & Caribbean (excluding high income),96.50129816741835
2017,Other creditors,Least developed countries: UN classification,68.2686865065657
2017,Other creditors,Lebanon,100.0
2017,Other creditors,Lesotho,92.42540966601628
2017,Other creditors,Liberia,99.30331581961785
2017,Other creditors,Low & lower middle income,87.9014238495205
2017,Other creditors,Low & middle income,94.2006392755026
2017,Other creditors,Low income,69.69646162425026
2017,Other creditors,Lower middle income,88.78162075626528
2017,Other creditors,Madagascar,95.67067608314564
2017,Other creditors,Malawi,67.88745653145784
2017,Other creditors,Maldives,90.47391322789933
2017,Other creditors,Mali,80.3471016481645
2017,Other creditors,Mauritania,91.61000390385271
2017,Other creditors,Mauritius,83.04338437994438
2017,Other creditors,Mexico,100.0
2017,Other creditors,"Middle East, North Africa, Afghanistan & Pakistan (excluding high income)",94.13221814002824
2017,Other creditors,Middle income,94.50853739740229
2017,Other creditors,Moldova,99.31218803959379
2017,Other creditors,Mongolia,97.27182950250558
2017,Other creditors,Montenegro,95.62167180779204
2017,Other creditors,Morocco,97.19307236960722
2017,Other creditors,Mozambique,80.77027579373528
2017,Other creditors,Myanmar,25.40592431472997
2017,Other creditors,Nepal,98.24074306235771
2017,Other creditors,Nicaragua,97.0798916704095
2017,Other creditors,Niger,58.456038611915794
2017,Other creditors,Nigeria,81.10070780709884
2017,Other creditors,North Macedonia,97.8767028584975
2017,Other creditors,Pakistan,83.82211184424919
2017,Other creditors,Papua New Guinea,85.33551165887226
2017,Other creditors,Paraguay,100.00000000000001
2017,Other creditors,Peru,100.0
2017,Other creditors,Philippines,99.3686228966756
2017,Other creditors,Rwanda,94.03996929173718
2017,Other creditors,Samoa,52.6406852381972
2017,Other creditors,Sao Tome and Principe,100.0
2017,Other creditors,Senegal,91.39185308941639
2017,Other creditors,Serbia,97.27608983875571
2017,Other creditors,Sierra Leone,89.83034653179362
2017,Other creditors,Solomon Islands,100.0
2017,Other creditors,"Somalia, Fed. Rep.",nan
2017,Other creditors,South Africa,100.0
2017,Other creditors,South Asia,97.06629529626704
2017,Other creditors,Sri Lanka,85.71076949108512
2017,Other creditors,St. Lucia,100.0
2017,Other creditors,St. Vincent and the Grenadines,100.00000000000003
2017,Other creditors,Sub-Saharan Africa (excluding high income),77.94016345707956
2017,Other creditors,Sudan,51.60081274652213
2017,Other creditors,Suriname,81.4452313438094
2017,Other creditors,Syrian Arab Republic,100.0
2017,Other creditors,Tajikistan,45.621857623356526
2017,Other creditors,Tanzania,82.92955399222578
2017,Other creditors,Thailand,100.00000000000001
2017,Other creditors,Timor-Leste,100.0
2017,Other creditors,Togo,73.46594254981109
2017,Other creditors,Tonga,61.03381607893642
2017,Other creditors,Tunisia,99.57832752984062
2017,Other creditors,Turkiye,99.65938647764773
2017,Other creditors,Turkmenistan,11.824441615148217
2017,Other creditors,Uganda,72.1329454686989
2017,Other creditors,Ukraine,98.24577210641016
2017,Other creditors,Upper middle income,96.51946750034418
2017,Other creditors,Uzbekistan,73.78319471218268
2017,Other creditors,Vanuatu,38.39015197452995
2017,Other creditors,Viet Nam,87.29909206525875
2017,Other creditors,"Yemen, Rep.",99.66916797647417
2017,Other creditors,Zambia,61.36485934443615
2017,Other creditors,Zimbabwe,60.547235471644115
2018,Other creditors,Afghanistan,99.99999999999999
2018,Other creditors,Africa (excluding high income),86.11732289866264
2018,Other creditors,Albania,100.0
2018,Other creditors,Algeria,100.0
2018,Other creditors,Angola,57.32706627807662
2018,Other creditors,Argentina,98.81032871693479
2018,Other creditors,Armenia,99.84094602450921
2018,Other creditors,Azerbaijan,100.0
2018,Other creditors,Bangladesh,94.3072249812917
2018,Other creditors,Belarus,85.87881393774512
2018,Other creditors,Belize,100.0
2018,Other creditors,Benin,96.18827737929611
2018,Other creditors,Bhutan,100.0
2018,Other creditors,Bolivia,89.81618674842075
2018,Other creditors,Bosnia and Herzegovina,100.0
2018,Other creditors,Botswana,94.85367875776322
2018,Other creditors,Brazil,91.44195198279803
2018,Other creditors,Burkina Faso,95.55746187671036
2018,Other creditors,Burundi,99.99999999999999
2018,Other creditors,Cabo Verde,95.19109652681614
2018,Other creditors,Cambodia,44.9904960844392
2018,Other creditors,Cameroon,54.97528681610315
2018,Other creditors,Central African Republic,37.82071203235286
2018,Other creditors,Chad,94.4881086860523
2018,Other creditors,China,100.0
2018,Other creditors,Colombia,100.0
2018,Other creditors,Comoros,57.67005514229066
2018,Other creditors,"Congo, Dem. Rep.",84.26169734456346
2018,Other creditors,"Congo, Rep.",55.3173692249632
2018,Other creditors,Cote d'Ivoire,96.26310808728111
2018,Other creditors,Djibouti,58.952898483014756
2018,Other creditors,Dominica,86.77714578771145
2018,Other creditors,Dominican Republic,99.98482731259811
2018,Other creditors,East Asia & Pacific (excluding high income),96.65881273941952
2018,Other creditors,Ecuador,59.020530082624674
2018,Other creditors,"Egypt, Arab Rep.",97.45821895819715
2018,Other creditors,El Salvador,99.92118222798297
2018,Other creditors,Eritrea,73.3164427056819
2018,Other creditors,Eswatini,89.58867234295111
2018,Other creditors,Ethiopia,59.6778514675591
2018,Other creditors,Europe & Central Asia (excluding high income),93.88468805015397
2018,Other creditors,Fiji,45.112801333622556
2018,Other creditors,Gabon,83.39198746035385
2018,Other creditors,"Gambia, The",100.0
2018,Other creditors,Georgia,99.90271653584949
2018,Other creditors,Ghana,86.76452602074659
2018,Other creditors,Grenada,100.0
2018,Other creditors,Guatemala,99.53720597790087
2018,Other creditors,Guinea,86.92665464484863
2018,Other creditors,Guinea-Bissau,100.0
2018,Other creditors,Guyana,76.6756913951062
2018,Other creditors,Haiti,100.0
2018,Other creditors,Honduras,96.24835897655015
2018,Other creditors,IDA only,79.90133548131098
2018,Other creditors,IDA total,81.32044434980615
2018,Other creditors,India,100.0
2018,Other creditors,Indonesia,99.0209952234086
2018,Other creditors,"Iran, Islamic Rep.",83.64594686925228
2018,Other creditors,Iraq,89.7702958500452
2018,Other creditors,Jamaica,93.58698940016572
2018,Other creditors,Jordan,99.77412382300491
2018,Other creditors,Kazakhstan,98.67345316860627
2018,Other creditors,Kenya,85.90420212778717
2018,Other creditors,Kosovo,100.0
2018,Other creditors,Kyrgyz Republic,60.90963721827843
2018,Other creditors,Lao PDR,63.09765301311494
2018,Other creditors,Latin America & Caribbean (excluding high income),95.14301605575305
2018,Other creditors,Least developed countries: UN classification,65.99894811342664
2018,Other creditors,Lebanon,100.0
2018,Other creditors,Lesotho,91.18228541084189
2018,Other creditors,Liberia,92.89334296451743
2018,Other creditors,Low & lower middle income,88.40346274556876
2018,Other creditors,Low & middle income,93.7580865368493
2018,Other creditors,Low income,71.873371046164
2018,Other creditors,Lower middle income,89.13306981477176
2018,Other creditors,Madagascar,94.66434326908934
2018,Other creditors,Malawi,75.74857798202588
2018,Other creditors,Maldives,92.50463050665847
2018,Other creditors,Mali,88.2245371312549
2018,Other creditors,Mauritania,91.00154500019762
2018,Other creditors,Mauritius,71.36897945518253
2018,Other creditors,Mexico,100.0
2018,Other creditors,"Middle East, North Africa, Afghanistan & Pakistan (excluding high income)",95.08533020026537
2018,Other creditors,Middle income,94.0383094924836
2018,Other creditors,Moldova,100.0
2018,Other creditors,Mongolia,100.0
2018,Other creditors,Montenegro,97.51165669482494
2018,Other creditors,Morocco,97.0386483538269
2018,Other creditors,Mozambique,68.90011566630199
2018,Other creditors,Myanmar,34.73051469981131
2018,Other creditors,Nepal,99.998873142664
2018,Other creditors,Nicaragua,100.0
2018,Other creditors,Niger,67.23878311438773
2018,Other creditors,Nigeria,90.68647718835705
2018,Other creditors,North Macedonia,98.11063729317583
2018,Other creditors,Pakistan,84.60374581120304
2018,Other creditors,Papua New Guinea,87.30180738757541
2018,Other creditors,Paraguay,100.00000000000001
2018,Other creditors,Peru,100.0
2018,Other creditors,Philippines,99.29750308878543
2018,Other creditors,Rwanda,93.83599662243859
2018,Other creditors,Samoa,52.6067023008505
2018,Other creditors,Sao Tome and Principe,100.0
2018,Other creditors,Senegal,92.17705714781022
2018,Other creditors,Serbia,96.95442088416179
2018,Other creditors,Sierra Leone,89.61460962784379
2018,Other creditors,Solomon Islands,100.0
2018,Other creditors,"Somalia, Fed. Rep.",nan
2018,Other creditors,South Africa,100.0
2018,Other creditors,South Asia,97.92864900902009
2018,Other creditors,Sri Lanka,88.62274665403812
2018,Other creditors,St. Lucia,100.0
2018,Other creditors,St. Vincent and the Grenadines,100.0
2018,Other creditors,Sub-Saharan Africa (excluding high income),82.18758099835992
2018,Other creditors,Sudan,47.36227566941677
2018,Other creditors,Suriname,81.40622543175665
2018,Other creditors,Syrian Arab Republic,100.0
2018,Other creditors,Tajikistan,60.07301664425027
2018,Other creditors,Tanzania,71.03082584981121
2018,Other creditors,Thailand,100.0
2018,Other creditors,Timor-Leste,100.0
2018,Other creditors,Togo,71.80245042719245
2018,Other creditors,Tonga,38.803811723707895
2018,Other creditors,Tunisia,99.40672201325968
2018,Other creditors,Turkiye,99.5085697158701
2018,Other creditors,Turkmenistan,36.53539617917426
2018,Other creditors,Uganda,81.71849262726036
2018,Other creditors,Ukraine,98.24697292450644
2018,Other creditors,Upper middle income,96.04283978518534
2018,Other creditors,Uzbekistan,75.7623227491221
2018,Other creditors,Vanuatu,31.743660784678937
2018,Other creditors,Viet Nam,87.0736139960025
2018,Other creditors,"Yemen, Rep.",99.73299958281184
2018,Other creditors,Zambia,62.9436485999511
2018,Other creditors,Zimbabwe,58.46821889205835
2019,Other creditors,Afghanistan,100.0
2019,Other creditors,Africa (excluding high income),82.2589922747951
2019,Other creditors,Albania,100.0
2019,Other creditors,Algeria,100.0
2019,Other creditors,Angola,59.53929896815103
2019,Other creditors,Argentina,98.40219800616619
2019,Other creditors,Armenia,99.93964403143055
2019,Other creditors,Azerbaijan,100.0
2019,Other creditors,Bangladesh,92.15299567737664
2019,Other creditors,Belarus,73.37627946052206
2019,Other creditors,Belize,100.0
2019,Other creditors,Benin,91.09093909756729
2019,Other creditors,Bhutan,100.0
2019,Other creditors,Bolivia,90.8613923246232
2019,Other creditors,Bosnia and Herzegovina,99.99999999999999
2019,Other creditors,Botswana,96.91327228988345
2019,Other creditors,Brazil,87.06510498333918
2019,Other creditors,Burkina Faso,96.17620261864126
2019,Other creditors,Burundi,98.07420814359993
2019,Other creditors,Cabo Verde,95.7516742233956
2019,Other creditors,Cambodia,41.39417203302804
2019,Other creditors,Cameroon,55.34629988217006
2019,Other creditors,Central African Republic,75.90594963236991
2019,Other creditors,Chad,97.02776055769476
2019,Other creditors,China,100.0
2019,Other creditors,Colombia,100.0
2019,Other creditors,Comoros,66.50373495872499
2019,Other creditors,"Congo, Dem. Rep.",86.8219289541868
2019,Other creditors,"Congo, Rep.",55.930872864077045
2019,Other creditors,Cote d'Ivoire,97.89038616526686
2019,Other creditors,Djibouti,69.38156017813583
2019,Other creditors,Dominica,86.57172343016654
2019,Other creditors,Dominican Republic,99.98780565536286
2019,Other creditors,East Asia & Pacific (excluding high income),97.36870520043333
2019,Other creditors,Ecuador,73.42995301073393
2019,Other creditors,"Egypt, Arab Rep.",92.91667071820943
2019,Other creditors,El Salvador,99.95779892892203
2019,Other creditors,Equatorial Guinea,3.5876214006956983
2019,Other creditors,Eritrea,73.75449477573355
2019,Other creditors,Eswatini,86.28016393282797
2019,Other creditors,Ethiopia,54.504868862108125
2019,Other creditors,Europe & Central Asia (excluding high income),92.30185782618597
2019,Other creditors,Fiji,81.38860669903772
2019,Other creditors,Gabon,82.27646741263463
2019,Other creditors,"Gambia, The",99.35935262866595
2019,Other creditors,Georgia,99.91458512024336
2019,Other creditors,Ghana,82.52786869587092
2019,Other creditors,Grenada,100.0
2019,Other creditors,Guatemala,99.60859972429138
2019,Other creditors,Guinea,85.75086770229828
2019,Other creditors,Guinea-Bissau,99.99999999999999
2019,Other creditors,Guyana,75.49943783581496
2019,Other creditors,Haiti,100.0
2019,Other creditors,Honduras,89.60820353512665
2019,Other creditors,IDA only,77.8173122441611
2019,Other creditors,IDA total,79.45855315563594
2019,Other creditors,India,100.0
2019,Other creditors,Indonesia,99.07967989582254
2019,Other creditors,"Iran, Islamic Rep.",100.0
2019,Other creditors,Iraq,90.95191219493977
2019,Other creditors,Jamaica,95.84427227881096
2019,Other creditors,Jordan,99.89121043050524
2019,Other creditors,Kazakhstan,88.2004625274828
2019,Other creditors,Kenya,87.17657363392779
2019,Other creditors,Kosovo,100.0
2019,Other creditors,Kyrgyz Republic,61.2016129693475
2019,Other creditors,Lao PDR,70.50200654120997
2019,Other creditors,Latin America & Caribbean (excluding high income),94.38058072985328
2019,Other creditors,Least developed countries: UN classification,66.17393532235559
2019,Other creditors,Lebanon,100.0
2019,Other creditors,Lesotho,91.64728998216665
2019,Other creditors,Liberia,91.55946705624675
2019,Other creditors,Low & lower middle income,86.23089732093771
2019,Other creditors,Low & middle income,92.65415269464299
2019,Other creditors,Low income,66.33730998919363
2019,Other creditors,Lower middle income,87.18207866923397
2019,Other creditors,Madagascar,93.48647512958107
2019,Other creditors,Malawi,80.83846131892375
2019,Other creditors,Maldives,88.3577786927048
2019,Other creditors,Mali,82.97359916537981
2019,Other creditors,Mauritania,91.23770899632423
2019,Other creditors,Mauritius,74.21377163825197
2019,Other creditors,Mexico,100.0
2019,Other creditors,"Middle East, North Africa, Afghanistan & Pakistan (excluding high income)",90.66663739145673
2019,Other creditors,Middle income,93.00665523022023
2019,Other creditors,Moldova,100.0
2019,Other creditors,Mongolia,96.11861758382075
2019,Other creditors,Montenegro,96.05672525373795
2019,Other creditors,Morocco,97.13813633253393
2019,Other creditors,Mozambique,59.09021476785343
2019,Other creditors,Myanmar,24.311202030437276
2019,Other creditors,Nepal,98.80589064908905
2019,Other creditors,Nicaragua,100.0
2019,Other creditors,Niger,69.00353471854675
2019,Other creditors,Nigeria,85.04818279516346
2019,Other creditors,North Macedonia,91.51404948490627
2019,Other creditors,Pakistan,76.33745852977984
2019,Other creditors,Papua New Guinea,92.18024006075382
2019,Other creditors,Paraguay,100.0
2019,Other creditors,Peru,100.0
2019,Other creditors,Philippines,99.5154871612049
2019,Other creditors,Rwanda,93.56615209740644
2019,Other creditors,Samoa,53.170596676476116
2019,Other creditors,Sao Tome and Principe,100.0
2019,Other creditors,Senegal,88.74227362811406
2019,Other creditors,Serbia,96.38535916333572
2019,Other creditors,Sierra Leone,92.79598955725362
2019,Other creditors,Solomon Islands,100.0
2019,Other creditors,"Somalia, Fed. Rep.",nan
2019,Other creditors,South Africa,98.93315755383732
2019,Other creditors,South Asia,96.77770565112169
2019,Other creditors,Sri Lanka,88.40278259256516
2019,Other creditors,St. Lucia,99.99999999999999
2019,Other creditors,St. Vincent and the Grenadines,100.0
2019,Other creditors,Sub-Saharan Africa (excluding high income),77.6421702230611
2019,Other creditors,Sudan,42.49918873267021
2019,Other creditors,Suriname,80.90834330948393
2019,Other creditors,Syrian Arab Republic,100.0
2019,Other creditors,Tajikistan,59.190919128814954
2019,Other creditors,Tanzania,76.0218531870297
2019,Other creditors,Thailand,100.0
2019,Other creditors,Timor-Leste,100.0
2019,Other creditors,Togo,66.6842512808583
2019,Other creditors,Tonga,61.89680379487379
2019,Other creditors,Tunisia,99.58047450944449
2019,Other creditors,Turkiye,99.28195753131443
2019,Other creditors,Turkmenistan,49.09863847562325
2019,Other creditors,Uganda,68.61937590276187
2019,Other creditors,Ukraine,98.09859923261497
2019,Other creditors,Upper middle income,95.27336422620202
2019,Other creditors,Uzbekistan,75.35335451744828
2019,Other creditors,Vanuatu,15.659184048149958
2019,Other creditors,Viet Nam,88.57963166821892
2019,Other creditors,"Yemen, Rep.",99.84769338775122
2019,Other creditors,Zambia,61.19674633335115
2019,Other creditors,Zimbabwe,41.89583823985155
2020,Other creditors,Afghanistan,100.0
2020,Other creditors,Africa (excluding high income),86.84018768665574
2020,Other creditors,Albania,100.0
2020,Other creditors,Algeria,100.0
2020,Other creditors,Angola,68.73432064191712
2020,Other creditors,Argentina,95.72867588609213
2020,Other creditors,Armenia,99.74817628955572
2020,Other creditors,Azerbaijan,100.0
2020,Other creditors,Bangladesh,91.87165444014464
2020,Other creditors,Belarus,73.11027080851446
2020,Other creditors,Belize,100.0
2020,Other creditors,Benin,96.68308688250579
2020,Other creditors,Bhutan,100.0
2020,Other creditors,Bolivia,90.95268445411031
2020,Other creditors,Bosnia and Herzegovina,100.0
2020,Other creditors,Botswana,96.7831466536659
2020,Other creditors,Brazil,99.84132172021339
2020,Other creditors,Burkina Faso,95.82954853892763
2020,Other creditors,Burundi,94.89300471816183
2020,Other creditors,Cabo Verde,97.84917862734194
2020,Other creditors,Cambodia,37.96971918652549
2020,Other creditors,Cameroon,74.45752606193388
2020,Other creditors,Central African Republic,100.0
2020,Other creditors,Chad,91.09637600923543
2020,Other creditors,China,100.0
2020,Other creditors,Colombia,100.0
2020,Other creditors,Comoros,63.540728218674126
2020,Other creditors,"Congo, Dem. Rep.",91.44240181870907
2020,Other creditors,"Congo, Rep.",52.11113377878774
2020,Other creditors,Cote d'Ivoire,95.64612757603041
2020,Other creditors,Djibouti,70.51293439461298
2020,Other creditors,Dominica,87.67684097937622
2020,Other creditors,Dominican Republic,99.99381592154111
2020,Other creditors,East Asia & Pacific (excluding high income),98.24334373047795
2020,Other creditors,Ecuador,72.87880161397851
2020,Other creditors,"Egypt, Arab Rep.",92.42170673443535
2020,Other creditors,El Salvador,99.92700854618094
2020,Other creditors,Equatorial Guinea,1.2965473228805955
2020,Other creditors,Eritrea,73.00183057767211
2020,Other creditors,Eswatini,85.95763862169537
2020,Other creditors,Ethiopia,56.545805678978056
2020,Other creditors,Europe & Central Asia (excluding high income),92.825336076739
2020,Other creditors,Fiji,90.98550772520808
2020,Other creditors,Gabon,93.3978797476075
2020,Other creditors,"Gambia, The",98.47273509348945
2020,Other creditors,Georgia,99.95341321963507
2020,Other creditors,Ghana,86.40393370146288
2020,Other creditors,Grenada,99.99999999999999
2020,Other creditors,Guatemala,99.7979252503229
2020,Other creditors,Guinea,68.79215347730408
2020,Other creditors,Guinea-Bissau,100.0
2020,Other creditors,Guyana,74.84090551572035
2020,Other creditors,Haiti,100.0
2020,Other creditors,Honduras,95.21852232110099
2020,Other creditors,IDA only,81.1213091175316
2020,Other creditors,IDA total,77.77478691841638
2020,Other creditors,India,100.00000000000001
2020,Other creditors,Indonesia,99.18612825291798
2020,Other creditors,"Iran, Islamic Rep.",100.0
2020,Other creditors,Iraq,93.94924150624516
2020,Other creditors,Jamaica,91.02741894616467
2020,Other creditors,Jordan,99.90050749618696
2020,Other creditors,Kazakhstan,99.35937461101992
2020,Other creditors,Kenya,68.52779109570857
2020,Other creditors,Kosovo,100.0
2020,Other creditors,Kyrgyz Republic,61.23914021080123
2020,Other creditors,Lao PDR,88.5013380879333
2020,Other creditors,Latin America & Caribbean (excluding high income),98.04641202315682
2020,Other creditors,Least developed countries: UN classification,74.3488308675498
2020,Other creditors,Lebanon,100.0
2020,Other creditors,Lesotho,90.50550243514111
2020,Other creditors,Liberia,95.78176984773162
2020,Other creditors,Low & lower middle income,88.11267953418913
2020,Other creditors,Low & middle income,94.63825003137454
2020,Other creditors,Low income,72.558083322595
2020,Other creditors,Lower middle income,88.9101234011519
2020,Other creditors,Madagascar,93.09622542013292
2020,Other creditors,Malawi,75.9513068145957
2020,Other creditors,Maldives,65.20808765790059
2020,Other creditors,Mali,81.83328389113109
2020,Other creditors,Mauritania,94.35411532454603
2020,Other creditors,Mauritius,87.14659775570713
2020,Other creditors,Mexico,100.0
2020,Other creditors,"Middle East, North Africa, Afghanistan & Pakistan (excluding high income)",87.69748838403184
2020,Other creditors,Middle income,94.97400511225196
2020,Other creditors,Moldova,100.0
2020,Other creditors,Mongolia,97.02086294398075
2020,Other creditors,Montenegro,96.57768611704685
2020,Other creditors,Morocco,98.84502813526991
2020,Other creditors,Mozambique,69.74727926835781
2020,Other creditors,Myanmar,37.231642806925144
2020,Other creditors,Nepal,99.58403142193123
2020,Other creditors,Nicaragua,100.0
2020,Other creditors,Niger,75.55037449530938
2020,Other creditors,Nigeria,87.5152350872682
2020,Other creditors,North Macedonia,93.9401826986857
2020,Other creditors,Pakistan,65.54743659913697
2020,Other creditors,Papua New Guinea,94.65710854382552
2020,Other creditors,Paraguay,100.00000000000003
2020,Other creditors,Peru,100.0
2020,Other creditors,Philippines,99.44719555933271
2020,Other creditors,Rwanda,87.5847257632188
2020,Other creditors,Samoa,64.16488294241009
2020,Other creditors,Sao Tome and Principe,100.0
2020,Other creditors,Senegal,90.8148788445594
2020,Other creditors,Serbia,95.52816427714787
2020,Other creditors,Sierra Leone,96.86610379562245
2020,Other creditors,Solomon Islands,100.0
2020,Other creditors,"Somalia, Fed. Rep.",100.0
2020,Other creditors,South Africa,99.18947898139596
2020,Other creditors,South Asia,97.28067030958466
2020,Other creditors,Sri Lanka,85.31805094110321
2020,Other creditors,St. Lucia,100.0
2020,Other creditors,St. Vincent and the Grenadines,99.99999999999999
2020,Other creditors,Sub-Saharan Africa (excluding high income),83.05122505201705
2020,Other creditors,Sudan,40.59516179445043
2020,Other creditors,Suriname,84.46966789554669
2020,Other creditors,Syrian Arab Republic,100.0
2020,Other creditors,Tajikistan,75.9577752617375
2020,Other creditors,Tanzania,73.72683507488536
2020,Other creditors,Thailand,100.0
2020,Other creditors,Timor-Leste,100.0
2020,Other creditors,Togo,77.44792949626319
2020,Other creditors,Tonga,55.52627957922557
2020,Other creditors,Tunisia,99.64599777730601
2020,Other creditors,Turkiye,97.09847583952018
2020,Other creditors,Turkmenistan,49.73650462443852
2020,Other creditors,Uganda,69.70390533729805
2020,Other creditors,Ukraine,98.68049098011672
2020,Other creditors,Upper middle income,97.5310036281634
2020,Other creditors,Uzbekistan,74.46940865795371
2020,Other creditors,Vanuatu,36.43491454029433
2020,Other creditors,Viet Nam,91.02046442121825
2020,Other creditors,"Yemen, Rep.",100.0
2020,Other creditors,Zambia,82.27540731483826
2020,Other creditors,Zimbabwe,36.244796922549654
2021,Other creditors,Afghanistan,100.0
2021,Other creditors,Africa (excluding high income),90.46857758241639
2021,Other creditors,Albania,100.0
2021,Other creditors,Algeria,100.0
2021,Other creditors,Angola,86.41799036421997
2021,Other creditors,Argentina,91.78953830420421
2021,Other creditors,Armenia,99.46978853031854
2021,Other creditors,Azerbaijan,100.0
2021,Other creditors,Bangladesh,93.28562383891484
2021,Other creditors,Belarus,68.59969500282382
2021,Other creditors,Belize,100.0
2021,Other creditors,Benin,98.18849122898689
2021,Other creditors,Bhutan,100.00000000000001
2021,Other creditors,Bolivia,91.3700343827141
2021,Other creditors,Bosnia and Herzegovina,99.99999999999999
2021,Other creditors,Botswana,96.2126839522313
2021,Other creditors,Brazil,96.38507808877523
2021,Other creditors,Burkina Faso,96.01872260922185
2021,Other creditors,Burundi,95.79941203986047
2021,Other creditors,Cabo Verde,99.89980349156195
2021,Other creditors,Cambodia,39.53587527308869
2021,Other creditors,Cameroon,69.78879242191333
2021,Other creditors,Central African Republic,100.0
2021,Other creditors,Chad,88.83687960186603
2021,Other creditors,China,100.0
2021,Other creditors,Colombia,100.0
2021,Other creditors,Comoros,33.950371480202826
2021,Other creditors,"Congo, Dem. Rep.",89.51473634931523
2021,Other creditors,"Congo, Rep.",71.2670294162939
2021,Other creditors,Cote d'Ivoire,91.9214493514901
2021,Other creditors,Djibouti,70.67881579190642
2021,Other creditors,Dominica,99.77701647177821
2021,Other creditors,Dominican Republic,99.9892179720638
2021,Other creditors,East Asia & Pacific (excluding high income),98.50623119663747
2021,Other creditors,Ecuador,73.37441970386202
2021,Other creditors,"Egypt, Arab Rep.",91.23364444213084
2021,Other creditors,El Salvador,99.8954832089406
2021,Other creditors,Equatorial Guinea,1.2257654249999352
2021,Other creditors,Eritrea,72.322700404239
2021,Other creditors,Eswatini,88.10144967301221
2021,Other creditors,Ethiopia,64.73848548269216
2021,Other creditors,Europe & Central Asia (excluding high income),93.53479647943823
2021,Other creditors,Fiji,98.56933748799024
2021,Other creditors,Gabon,90.35510042182936
2021,Other creditors,"Gambia, The",98.58022395419667
2021,Other creditors,Georgia,99.96055688624256
2021,Other creditors,Ghana,88.81087065582186
2021,Other creditors,Grenada,99.26260459131302
2021,Other creditors,Guatemala,99.83686500240385
2021,Other creditors,Guinea,60.01499041542364
2021,Other creditors,Guinea-Bissau,100.0
2021,Other creditors,Guyana,74.233592165271
2021,Other creditors,Haiti,100.0
2021,Other creditors,Honduras,92.42548727232939
2021,Other creditors,IDA only,83.88409899651641
2021,Other creditors,IDA total,82.29647903236757
2021,Other creditors,India,100.0
2021,Other creditors,Indonesia,99.27099098707883
2021,Other creditors,"Iran, Islamic Rep.",100.00000000000001
2021,Other creditors,Iraq,94.80732505012328
2021,Other creditors,Jamaica,90.69491463097185
2021,Other creditors,Jordan,99.90824095273224
2021,Other creditors,Kazakhstan,98.9067449801561
2021,Other creditors,Kenya,81.3733937260214
2021,Other creditors,Kosovo,100.0
2021,Other creditors,Kyrgyz Republic,76.77428265474603
2021,Other creditors,Lao PDR,94.98062443845113
2021,Other creditors,Latin America & Caribbean (excluding high income),97.74606396426778
2021,Other creditors,Least developed countries: UN classification,84.24676679083922
2021,Other creditors,Lebanon,100.0
2021,Other creditors,Lesotho,89.36348765502963
2021,Other creditors,Liberia,94.54523110797946
2021,Other creditors,Low & lower middle income,89.68916332501526
2021,Other creditors,Low & middle income,95.32299465755257
2021,Other creditors,Low income,79.5764838687681
2021,Other creditors,Lower middle income,90.3966933939579
2021,Other creditors,Madagascar,93.73869883123447
2021,Other creditors,Malawi,74.08801579248768
2021,Other creditors,Maldives,92.85353004959224
2021,Other creditors,Mali,83.59150439230933
2021,Other creditors,Mauritania,99.89598477435985
2021,Other creditors,Mauritius,74.31561058355209
2021,Other creditors,Mexico,100.0
2021,Other creditors,"Middle East, North Africa, Afghanistan & Pakistan (excluding high income)",89.97573273693884
2021,Other creditors,Middle income,95.63820580532916
2021,Other creditors,Moldova,100.0
2021,Other creditors,Mongolia,95.49545244029315
2021,Other creditors,Montenegro,90.26038027472377
2021,Other creditors,Morocco,98.922862505706
2021,Other creditors,Mozambique,58.38693314826315
2021,Other creditors,Myanmar,45.83290410771354
2021,Other creditors,Nepal,98.51395920242629
2021,Other creditors,Nicaragua,100.00000000000001
2021,Other creditors,Niger,88.56484886970362
2021,Other creditors,Nigeria,92.16868313354385
2021,Other creditors,North Macedonia,95.35318411914015
2021,Other creditors,Pakistan,75.38686478604134
2021,Other creditors,Papua New Guinea,94.84664422817885
2021,Other creditors,Paraguay,100.0
2021,Other creditors,Peru,100.0
2021,Other creditors,Philippines,99.58780747396628
2021,Other creditors,Rwanda,96.55518842427689
2021,Other creditors,Samoa,98.19722739033404
2021,Other creditors,Sao Tome and Principe,100.00000000000003
2021,Other creditors,Senegal,94.58350932200398
2021,Other creditors,Serbia,94.9769074761303
2021,Other creditors,Sierra Leone,99.62064851777444
2021,Other creditors,Solomon Islands,100.0
2021,Other creditors,"Somalia, Fed. Rep.",100.0
2021,Other creditors,South Africa,99.32471193006204
2021,Other creditors,South Asia,95.67362028978991
2021,Other creditors,Sri Lanka,80.53507396927678
2021,Other creditors,St. Lucia,100.0
2021,Other creditors,St. Vincent and the Grenadines,100.0
2021,Other creditors,Sub-Saharan Africa (excluding high income),88.55672630444063
2021,Other creditors,Sudan,95.09781571262617
2021,Other creditors,Suriname,96.84377443295622
2021,Other creditors,Syrian Arab Republic,nan
2021,Other creditors,Tajikistan,61.56705353051471
2021,Other creditors,Tanzania,82.76938598312972
2021,Other creditors,Thailand,100.0
2021,Other creditors,Timor-Leste,100.0
2021,Other creditors,Togo,76.77021206970656
2021,Other creditors,Tonga,71.41177529982929
2021,Other creditors,Tunisia,99.76744277906145
2021,Other creditors,Turkiye,97.7059555318424
2021,Other creditors,Turkmenistan,68.13282271278428
2021,Other creditors,Uganda,60.53269864192064
2021,Other creditors,Ukraine,94.585607619605
2021,Other creditors,Upper middle income,97.73891585034087
2021,Other creditors,Uzbekistan,72.39641846494287
2021,Other creditors,Vanuatu,30.68031234143778
2021,Other creditors,Viet Nam,90.79957654696797
2021,Other creditors,"Yemen, Rep.",100.0
2021,Other creditors,Zambia,83.41950251933196
2021,Other creditors,Zimbabwe,32.46760541835064
2022,Other creditors,Afghanistan,100.0
2022,Other creditors,Africa (excluding high income),85.60817728150491
2022,Other creditors,Albania,100.0
2022,Other creditors,Algeria,100.0
2022,Other creditors,Angola,62.18759076456513
2022,Other creditors,Argentina,94.27879500157152
2022,Other creditors,Armenia,99.53230189945774
2022,Other creditors,Azerbaijan,100.00000000000001
2022,Other creditors,Bangladesh,93.47450110391203
2022,Other creditors,Belarus,78.07065779450807
2022,Other creditors,Belize,100.0
2022,Other creditors,Benin,95.00664597328124
2022,Other creditors,Bhutan,100.0
2022,Other creditors,Bolivia,92.39547338580297
2022,Other creditors,Bosnia and Herzegovina,100.00000000000001
2022,Other creditors,Botswana,97.68642069478982
2022,Other creditors,Brazil,97.29834554674271
2022,Other creditors,Burkina Faso,94.65064707596142
2022,Other creditors,Burundi,96.35176401045095
2022,Other creditors,Cabo Verde,96.58419915620286
2022,Other creditors,Cambodia,34.67067995259657
2022,Other creditors,Cameroon,73.03684370510081
2022,Other creditors,Central African Republic,100.00000000000001
2022,Other creditors,Chad,93.29814626888904
2022,Other creditors,China,100.0
2022,Other creditors,Colombia,100.0
2022,Other creditors,Comoros,40.4079879498011
2022,Other creditors,"Congo, Dem. Rep.",31.557424249328065
2022,Other creditors,"Congo, Rep.",73.35397555585182
2022,Other creditors,Cote d'Ivoire,91.06725163462887
2022,Other creditors,Djibouti,86.94359899325448
2022,Other creditors,Dominica,87.71913106507101
2022,Other creditors,Dominican Republic,99.99266216381605
2022,Other creditors,East Asia & Pacific (excluding high income),98.86456289687654
2022,Other creditors,Ecuador,67.4264602240152
2022,Other creditors,"Egypt, Arab Rep.",94.25205797222277
2022,Other creditors,El Salvador,99.98828372857105
2022,Other creditors,Equatorial Guinea,0.8450469024379345
2022,Other creditors,Eritrea,66.6830464164005
2022,Other creditors,Eswatini,84.84078055902366
2022,Other creditors,Ethiopia,62.46172950114838
2022,Other creditors,Europe & Central Asia (excluding high income),94.13058908016322
2022,Other creditors,Fiji,74.6018695565194
2022,Other creditors,Gabon,73.65872954622509
2022,Other creditors,"Gambia, The",98.42673338796334
2022,Other creditors,Georgia,99.90998169062912
2022,Other creditors,Ghana,87.85741249237475
2022,Other creditors,Grenada,98.78708608771521
2022,Other creditors,Guatemala,99.79307091126266
2022,Other creditors,Guinea,58.46529287772048
2022,Other creditors,Guinea-Bissau,100.0
2022,Other creditors,Guyana,74.9999459830285
2022,Other creditors,Haiti,100.0
2022,Other creditors,Honduras,97.86309467926394
2022,Other creditors,IDA only,78.01253444880406
2022,Other creditors,IDA total,73.9245123156541
2022,Other creditors,India,100.0
2022,Other creditors,Indonesia,99.26413120956916
2022,Other creditors,"Iran, Islamic Rep.",100.0
2022,Other creditors,Iraq,96.31834348725864
2022,Other creditors,Jamaica,91.26279156450263
2022,Other creditors,Jordan,99.93721553815065
2022,Other creditors,Kazakhstan,99.04244567519244
2022,Other creditors,Kenya,66.36197782458098
2022,Other creditors,Kosovo,100.0
2022,Other creditors,Kyrgyz Republic,54.082891354760136
2022,Other creditors,Lao PDR,99.48242239264353
2022,Other creditors,Latin America & Caribbean (excluding high income),97.10507305004165
2022,Other creditors,Least developed countries: UN classification,70.98326466635244
2022,Other creditors,Lebanon,100.0
2022,Other creditors,Lesotho,89.25168142191748
2022,Other creditors,Liberia,96.66921831149408
2022,Other creditors,Low & lower middle income,84.54985963967886
2022,Other creditors,Low & middle income,94.29788560331521
2022,Other creditors,Low income,66.86524093571498
2022,Other creditors,Lower middle income,85.61394726859547
2022,Other creditors,Madagascar,93.71851616035772
2022,Other creditors,Malawi,77.70142304987446
2022,Other creditors,Maldives,72.80803888042522
2022,Other creditors,Mali,78.01852547951914
2022,Other creditors,Mauritania,88.62617592733682
2022,Other creditors,Mauritius,75.40738106697721
2022,Other creditors,Mexico,100.0
2022,Other creditors,"Middle East, North Africa, Afghanistan & Pakistan (excluding high income)",86.02316534433758
2022,Other creditors,Middle income,94.74092116302988
2022,Other creditors,Moldova,100.0
2022,Other creditors,Mongolia,94.95003020068462
2022,Other creditors,Montenegro,78.09832403616535
2022,Other creditors,Morocco,98.98099782651107
2022,Other creditors,Mozambique,56.04947543036873
2022,Other creditors,Myanmar,39.712380770391704
2022,Other creditors,Nepal,95.6081206339292
2022,Other creditors,Nicaragua,100.0
2022,Other creditors,Niger,82.25235254111462
2022,Other creditors,Nigeria,91.19228288574243
2022,Other creditors,North Macedonia,84.80675188793668
2022,Other creditors,Pakistan,62.80043534286531
2022,Other creditors,Papua New Guinea,78.17079404017463
2022,Other creditors,Paraguay,100.0
2022,Other creditors,Peru,99.99999999999997
2022,Other creditors,Philippines,99.43745459284646
2022,Other creditors,Rwanda,89.99200707883358
2022,Other creditors,Samoa,42.97023165536841
2022,Other creditors,Sao Tome and Principe,100.0
2022,Other creditors,Senegal,87.00763752352515
2022,Other creditors,Serbia,91.69749985787375
2022,Other creditors,Sierra Leone,93.6571689839664
2022,Other creditors,Solomon Islands,100.0
2022,Other creditors,"Somalia, Fed. Rep.",100.0
2022,Other creditors,South Africa,99.15297323675829
2022,Other creditors,South Asia,96.81032213898536
2022,Other creditors,Sri Lanka,81.73605461643551
2022,Other creditors,St. Lucia,100.0
2022,Other creditors,St. Vincent and the Grenadines,100.0
2022,Other creditors,Sub-Saharan Africa (excluding high income),80.62616582037622
2022,Other creditors,Sudan,53.77352050708326
2022,Other creditors,Suriname,99.743971116861
2022,Other creditors,Syrian Arab Republic,nan
2022,Other creditors,Tajikistan,55.45978415758495
2022,Other creditors,Tanzania,80.96906659490017
2022,Other creditors,Thailand,100.0
2022,Other creditors,Timor-Leste,100.0
2022,Other creditors,Togo,69.51236599966813
2022,Other creditors,Tonga,29.60582210809469
2022,Other creditors,Tunisia,99.77938466804103
2022,Other creditors,Turkiye,97.48723120135062
2022,Other creditors,Turkmenistan,97.7162139563774
2022,Other creditors,Uganda,72.29487050117976
2022,Other creditors,Ukraine,95.7731188197376
2022,Other creditors,Upper middle income,98.08937861183846
2022,Other creditors,Uzbekistan,69.30700224164603
2022,Other creditors,Vanuatu,26.13695012658246
2022,Other creditors,Viet Nam,93.1579789001865
2022,Other creditors,"Yemen, Rep.",100.0
2022,Other creditors,Zambia,75.88422819330917
2022,Other creditors,Zimbabwe,76.17327028906463
2023,Other creditors,Afghanistan,100.0
2023,Other creditors,Africa (excluding high income),83.15410338011506
2023,Other creditors,Albania,100.00000000000001
2023,Other creditors,Algeria,100.0
2023,Other creditors,Angola,50.362052442960376
2023,Other creditors,Argentina,93.421772427212
2023,Other creditors,Armenia,99.7431897800057
2023,Other creditors,Azerbaijan,100.0
2023,Other creditors,Bangladesh,91.2701180362866
2023,Other creditors,Belarus,74.26895549668542
2023,Other creditors,Belize,100.0
2023,Other creditors,Benin,92.46875091591718
2023,Other creditors,Bhutan,100.0
2023,Other creditors,Bolivia,87.43093463634943
2023,Other creditors,Bosnia and Herzegovina,100.0
2023,Other creditors,Botswana,100.0
2023,Other creditors,Brazil,97.3298415649907
2023,Other creditors,Burkina Faso,92.41978847132293
2023,Other creditors,Burundi,93.69971037267852
2023,Other creditors,Cabo Verde,97.45311941111311
2023,Other creditors,Cambodia,37.33111117367528
2023,Other creditors,Cameroon,59.04191847793453
2023,Other creditors,Central African Republic,100.0
2023,Other creditors,Chad,88.25288085613113
2023,Other creditors,China,100.00000000000001
2023,Other creditors,Colombia,100.0
2023,Other creditors,Comoros,76.396962542691
2023,Other creditors,"Congo, Dem. Rep.",64.96836989721238
2023,Other creditors,"Congo, Rep.",77.61331590966452
2023,Other creditors,Cote d'Ivoire,90.23382825303177
2023,Other creditors,Djibouti,86.16728971337518
2023,Other creditors,Dominica,87.72636960034895
2023,Other creditors,Dominican Republic,99.99460089175075
2023,Other creditors,East Asia & Pacific (excluding high income),98.85481350486661
2023,Other creditors,Ecuador,76.75822014008442
2023,Other creditors,"Egypt, Arab Rep.",92.7725253877473
2023,Other creditors,El Salvador,99.98924413281561
2023,Other creditors,Equatorial Guinea,2.2811036028954232
2023,Other creditors,Eritrea,67.65688714107877
2023,Other creditors,Eswatini,76.62128901687896
2023,Other creditors,Ethiopia,84.95107707336415
2023,Other creditors,Europe & Central Asia (excluding high income),92.84365685415396
2023,Other creditors,Fiji,80.4248504736625
2023,Other creditors,Gabon,92.07819619133366
2023,Other creditors,"Gambia, The",98.60431610328338
2023,Other creditors,Georgia,100.0
2023,Other creditors,Ghana,93.8058281328372
2023,Other creditors,Grenada,98.48678926395057
2023,Other creditors,Guatemala,99.48197095572857
2023,Other creditors,Guinea,57.08842004126279
2023,Other creditors,Guinea-Bissau,100.0
2023,Other creditors,Guyana,78.7061826046037
2023,Other creditors,Haiti,100.0
2023,Other creditors,Honduras,94.18650239117237
2023,Other creditors,IDA only,83.04312070064594
2023,Other creditors,IDA total,79.1743033529861
2023,Other creditors,India,100.0
2023,Other creditors,Indonesia,99.0867577904748
2023,Other creditors,"Iran, Islamic Rep.",100.0
2023,Other creditors,Iraq,96.51277176332823
2023,Other creditors,Jamaica,93.22870512751979
2023,Other creditors,Jordan,99.88859423647
2023,Other creditors,Kazakhstan,98.11863722533661
2023,Other creditors,Kenya,68.95398943572383
2023,Other creditors,Kosovo,100.0
2023,Other creditors,Kyrgyz Republic,53.90544920946926
2023,Other creditors,Lao PDR,92.92554901626141
2023,Other creditors,Latin America & Caribbean (excluding high income),97.34915123703564
2023,Other creditors,Least developed countries: UN classification,70.07134279853867
2023,Other creditors,Lebanon,100.0
2023,Other creditors,Lesotho,89.7038403327178
2023,Other creditors,Liberia,99.77815403717243
2023,Other creditors,Low & lower middle income,85.40687061975854
2023,Other creditors,Low & middle income,94.44343438451696
2023,Other creditors,Low income,78.7162674532493
2023,Other creditors,Lower middle income,85.7591968057518
2023,Other creditors,Madagascar,94.57479642274583
2023,Other creditors,Malawi,80.73267191516457
2023,Other creditors,Maldives,53.94148281491406
2023,Other creditors,Mali,76.4002846877301
2023,Other creditors,Mauritania,88.55177597420965
2023,Other creditors,Mauritius,96.62804904643765
2023,Other creditors,Mexico,100.0
2023,Other creditors,"Middle East, North Africa, Afghanistan & Pakistan (excluding high income)",87.9096603117066
2023,Other creditors,Middle income,94.66096487767403
2023,Other creditors,Moldova,99.99999999999999
2023,Other creditors,Mongolia,82.981719047048
2023,Other creditors,Montenegro,76.12655453427303
2023,Other creditors,Morocco,98.67584376544819
2023,Other creditors,Mozambique,66.25190031649828
2023,Other creditors,Myanmar,41.677273471470144
2023,Other creditors,Nepal,96.65153764765535
2023,Other creditors,Nicaragua,100.0
2023,Other creditors,Niger,82.89855251287578
2023,Other creditors,Nigeria,92.4863263907468
2023,Other creditors,North Macedonia,93.67660581171656
2023,Other creditors,Pakistan,69.86130650401041
2023,Other creditors,Papua New Guinea,79.14591428696349
2023,Other creditors,Paraguay,100.0
2023,Other creditors,Peru,100.0
2023,Other creditors,Philippines,99.48396845198432
2023,Other creditors,Rwanda,94.64877757434056
2023,Other creditors,Samoa,41.79501722395559
2023,Other creditors,Sao Tome and Principe,100.0
2023,Other creditors,Senegal,88.52722501366145
2023,Other creditors,Serbia,90.32085794079315
2023,Other creditors,Sierra Leone,92.03636283237806
2023,Other creditors,Solomon Islands,99.23831851383164
2023,Other creditors,"Somalia, Fed. Rep.",100.0
2023,Other creditors,South Africa,95.93079771792199
2023,Other creditors,South Asia,97.78132016365305
2023,Other creditors,Sri Lanka,96.48691801646655
2023,Other creditors,St. Lucia,100.00000000000001
2023,Other creditors,St. Vincent and the Grenadines,99.08233699380806
2023,Other creditors,Sub-Saharan Africa (excluding high income),77.94239019649784
2023,Other creditors,Sudan,56.06768998110346
2023,Other creditors,Suriname,94.22610739464358
2023,Other creditors,Syrian Arab Republic,nan
2023,Other creditors,Tajikistan,65.43453416632732
2023,Other creditors,Tanzania,86.51735097605543
2023,Other creditors,Thailand,100.0
2023,Other creditors,Timor-Leste,100.0
2023,Other creditors,Togo,68.18208703031564
2023,Other creditors,Tonga,19.313807734112995
2023,Other creditors,Tunisia,99.81584705261967
2023,Other creditors,Turkiye,95.73414100723474
2023,Other creditors,Turkmenistan,97.97664598272013
2023,Other creditors,Uganda,69.24616290278358
2023,Other creditors,Ukraine,99.85983832877683
2023,Other creditors,Upper middle income,97.83197094462244
2023,Other creditors,Uzbekistan,79.17067572349661
2023,Other creditors,Vanuatu,33.943683080330224
2023,Other creditors,Viet Nam,93.24767166638232
2023,Other creditors,"Yemen, Rep.",100.0
2023,Other creditors,Zambia,61.98587047183168
2023,Other creditors,Zimbabwe,74.11252589471246
2024,Other creditors,Afghanistan,100.0
2024,Other creditors,Africa (excluding high income),85.24170483702245
2024,Other creditors,Albania,100.0
2024,Other creditors,Algeria,100.0
2024,Other creditors,Angola,45.96363442425405
2024,Other creditors,Argentina,80.95877716610333
2024,Other creditors,Armenia,99.68915584145348
2024,Other creditors,Azerbaijan,100.0
2024,Other creditors,Bangladesh,90.06455230683619
2024,Other creditors,Belarus,64.13346471472607
2024,Other creditors,Belize,100.0
2024,Other creditors,Benin,96.97687218699095
2024,Other creditors,Bhutan,100.0
2024,Other creditors,Bolivia,83.7683963395692
2024,Other creditors,Bosnia and Herzegovina,100.0
2024,Other creditors,Botswana,100.0
2024,Other creditors,Brazil,97.15208347925866
2024,Other creditors,Burkina Faso,96.24954248034875
2024,Other creditors,Burundi,77.93050818475778
2024,Other creditors,Cabo Verde,96.99251863298265
2024,Other creditors,Cambodia,39.69021708385252
2024,Other creditors,Cameroon,61.41391226502885
2024,Other creditors,Central African Republic,100.0
2024,Other creditors,Chad,93.58561365881272
2024,Other creditors,China,100.0
2024,Other creditors,Colombia,100.0
2024,Other creditors,Comoros,52.44899379580054
2024,Other creditors,"Congo, Dem. Rep.",47.01038654611239
2024,Other creditors,"Congo, Rep.",78.5008374964119
2024,Other creditors,Cote d'Ivoire,91.7670579264578
2024,Other creditors,Djibouti,70.49215925603329
2024,Other creditors,Dominica,93.0277462396047
2024,Other creditors,Dominican Republic,99.9948775003572
2024,Other creditors,East Asia & Pacific (excluding high income),98.27985735868967
2024,Other creditors,Ecuador,80.54669777552097
2024,Other creditors,"Egypt, Arab Rep.",92.49410353385008
2024,Other creditors,El Salvador,99.99669974628522
2024,Other creditors,Equatorial Guinea,7.958464605243764
2024,Other creditors,Eritrea,77.28193303260886
2024,Other creditors,Eswatini,75.55374935627104
2024,Other creditors,Ethiopia,95.35121018252022
2024,Other creditors,Europe & Central Asia (excluding high income),94.31903635910739
2024,Other creditors,Fiji,83.59591844692487
2024,Other creditors,Gabon,96.10114719679817
2024,Other creditors,"Gambia, The",99.0356502183257
2024,Other creditors,Georgia,99.99999999999999
2024,Other creditors,Ghana,100.0
2024,Other creditors,Grenada,97.19545482818612
2024,Other creditors,Guatemala,99.55713073373575
2024,Other creditors,Guinea,56.50852063791492
2024,Other creditors,Guinea-Bissau,100.0
2024,Other creditors,Guyana,80.40858753429168
2024,Other creditors,Haiti,100.0
2024,Other creditors,Honduras,92.21083143494565
2024,Other creditors,IDA only,84.99303344546853
2024,Other creditors,IDA total,83.44745190657173
2024,Other creditors,India,100.0
2024,Other creditors,Indonesia,99.34702028556413
2024,Other creditors,"Iran, Islamic Rep.",100.0
2024,Other creditors,Iraq,95.5692213856439
2024,Other creditors,Jamaica,90.73196203712446
2024,Other creditors,Jordan,99.90119601434019
2024,Other creditors,Kazakhstan,97.13850034503655
2024,Other creditors,Kenya,81.08434674414367
2024,Other creditors,Kosovo,100.0
2024,Other creditors,Kyrgyz Republic,56.34477159957654
2024,Other creditors,Lao PDR,79.70941845203737
2024,Other creditors,Latin America & Caribbean (excluding high income),96.06934038054425
2024,Other creditors,Least developed countries: UN classification,71.494311308132
2024,Other creditors,Lebanon,100.0
2024,Other creditors,Lesotho,81.55934461836881
2024,Other creditors,Liberia,93.26554677429807
2024,Other creditors,Low & lower middle income,88.2770160199897
2024,Other creditors,Low & middle income,94.3242837490861
2024,Other creditors,Low income,80.77489567044599
2024,Other creditors,Lower middle income,88.60632315441862
2024,Other creditors,Madagascar,93.2629992261895
2024,Other creditors,Malawi,88.11579543914593
2024,Other creditors,Maldives,63.17798961350612
2024,Other creditors,Mali,84.63054727750317
2024,Other creditors,Mauritania,87.58345241107484
2024,Other creditors,Mauritius,96.35006367399855
2024,Other creditors,Mexico,100.0
2024,Other creditors,"Middle East, North Africa, Afghanistan & Pakistan (excluding high income)",91.56369665251447
2024,Other creditors,Middle income,94.5061472244085
2024,Other creditors,Moldova,100.0
2024,Other creditors,Mongolia,43.059300908504966
2024,Other creditors,Montenegro,80.45771141027586
2024,Other creditors,Morocco,99.24133875296974
2024,Other creditors,Mozambique,70.47335670281845
2024,Other creditors,Myanmar,36.04940219433293
2024,Other creditors,Nepal,97.46145555233608
2024,Other creditors,Nicaragua,97.29072666534113
2024,Other creditors,Niger,88.56073832132208
2024,Other creditors,Nigeria,88.1918930357399
2024,Other creditors,North Macedonia,90.22599301138747
2024,Other creditors,Pakistan,80.0402650184985
2024,Other creditors,Papua New Guinea,83.40357036962803
2024,Other creditors,Paraguay,100.0
2024,Other creditors,Peru,100.0
2024,Other creditors,Philippines,99.6658583041497
2024,Other creditors,Rwanda,90.42434467659278
2024,Other creditors,Samoa,42.53933656018823
2024,Other creditors,Sao Tome and Principe,100.0
2024,Other creditors,Senegal,90.9534606048802
2024,Other creditors,Serbia,93.05119186994493
2024,Other creditors,Sierra Leone,90.85721825011431
2024,Other creditors,Solomon Islands,95.97489021444338
2024,Other creditors,"Somalia, Fed. Rep.",100.0
2024,Other creditors,South Africa,94.23370761481367
2024,Other creditors,South Asia,97.64886068068229
2024,Other creditors,Sri Lanka,94.03584711923308
2024,Other creditors,St. Lucia,100.0
2024,Other creditors,St. Vincent and the Grenadines,96.57264909009135
2024,Other creditors,Sub-Saharan Africa (excluding high income),79.0858716607361
2024,Other creditors,Sudan,56.17416883791684
2024,Other creditors,Suriname,81.94246943078942
2024,Other creditors,Syrian Arab Republic,nan
2024,Other creditors,Tajikistan,66.31118942044807
2024,Other creditors,Tanzania,87.10448201116522
2024,Other creditors,Thailand,100.0
2024,Other creditors,Timor-Leste,100.0
2024,Other creditors,Togo,73.1960555121821
2024,Other creditors,Tonga,13.890923925113528
2024,Other creditors,Tunisia,99.80523682547039
2024,Other creditors,Turkiye,98.74307690305159
2024,Other creditors,Turkmenistan,97.67979365693951
2024,Other creditors,Uganda,72.50418379822409
2024,Other creditors,Ukraine,99.70759570876955
2024,Other creditors,Upper middle income,97.10481320817874
2024,Other creditors,Uzbekistan,79.8824884734355
2024,Other creditors,Vanuatu,38.220532540809415
2024,Other creditors,Viet Nam,95.68391173184334
2024,Other creditors,"Yemen, Rep.",100.0
2024,Other creditors,Zambia,95.28509582210849
2024,Other creditors,Zimbabwe,85.02589635036698
2025,Other creditors,Afghanistan,100.0
2025,Other creditors,Africa (excluding high income),81.52855708585433
2025,Other creditors,Albania,100.0
2025,Other creditors,Algeria,100.0
2025,Other creditors,Angola,52.44274308901662
2025,Other creditors,Argentina,85.58017079594002
2025,Other creditors,Armenia,99.81398272989557
2025,Other creditors,Azerbaijan,100.00000000000001
2025,Other creditors,Bangladesh,89.16804108927252
2025,Other creditors,Belarus,75.52355487736315
2025,Other creditors,Belize,100.0
2025,Other creditors,Benin,92.37389923293314
2025,Other creditors,Bhutan,100.0
2025,Other creditors,Bolivia,92.16046463526024
2025,Other creditors,Bosnia and Herzegovina,97.77637050285158
2025,Other creditors,Botswana,100.0
2025,Other creditors,Brazil,96.53505687549608
2025,Other creditors,Burkina Faso,96.89345551038026
2025,Other creditors,Burundi,93.66334238313465
2025,Other creditors,Cabo Verde,97.09027778772477
2025,Other creditors,Cambodia,68.7475400360268
2025,Other creditors,Cameroon,64.23724979106879
2025,Other creditors,Central African Republic,92.18760415655377
2025,Other creditors,Chad,87.61904828402322
2025,Other creditors,China,100.0
2025,Other creditors,Colombia,100.0
2025,Other creditors,Comoros,86.80928178477537
2025,Other creditors,"Congo, Dem. Rep.",31.302671584459784
2025,Other creditors,"Congo, Rep.",49.97402334372439
2025,Other creditors,Cote d'Ivoire,87.89369168860208
2025,Other creditors,Djibouti,57.276421037129545
2025,Other creditors,Dominica,86.72010376371624
2025,Other creditors,Dominican Republic,99.99566608785082
2025,Other creditors,East Asia & Pacific (excluding high income),97.88515131549906
2025,Other creditors,Ecuador,80.56339391175695
2025,Other creditors,"Egypt, Arab Rep.",95.09933793673427
2025,Other creditors,El Salvador,100.0
2025,Other creditors,Equatorial Guinea,4.1793820364553955
2025,Other creditors,Eritrea,97.94206153586936
2025,Other creditors,Eswatini,80.12154992959964
2025,Other creditors,Ethiopia,68.28410972036535
2025,Other creditors,Europe & Central Asia (excluding high income),95.50722316665377
2025,Other creditors,Fiji,85.74420613822274
2025,Other creditors,Gabon,76.7390765699285
2025,Other creditors,"Gambia, The",99.52975818056717
2025,Other creditors,Georgia,99.99999999999999
2025,Other creditors,Ghana,81.30308161187398
2025,Other creditors,Grenada,90.45590081013093
2025,Other creditors,Guatemala,99.77273727338265
2025,Other creditors,Guinea,43.40504337082368
2025,Other creditors,Guinea-Bissau,100.0
2025,Other creditors,Guyana,73.29568033313113
2025,Other creditors,Haiti,99.99999999999999
2025,Other creditors,Honduras,94.2674993833558
2025,Other creditors,IDA only,77.64671037895944
2025,Other creditors,IDA total,74.45900736543969
2025,Other creditors,India,100.0
2025,Other creditors,Indonesia,98.97706643083374
2025,Other creditors,"Iran, Islamic Rep.",100.0
2025,Other creditors,Iraq,93.98983609664381
2025,Other creditors,Jamaica,87.74780205478237
2025,Other creditors,Jordan,99.84230238615483
2025,Other creditors,Kazakhstan,96.52168106124182
2025,Other creditors,Kenya,75.69743388808438
2025,Other creditors,Kosovo,100.0
2025,Other creditors,Kyrgyz Republic,49.758085351419
2025,Other creditors,Lao PDR,42.234741366480115
2025,Other creditors,Latin America & Caribbean (excluding high income),96.36565884515005
2025,Other creditors,Least developed countries: UN classification,69.6712464434384
2025,Other creditors,Lebanon,100.0
2025,Other creditors,Lesotho,80.26507623632774
2025,Other creditors,Liberia,93.32410789177216
2025,Other creditors,Low & lower middle income,82.92981247237061
2025,Other creditors,Low & middle income,92.19910934658611
2025,Other creditors,Low income,73.3907282306114
2025,Other creditors,Lower middle income,83.88721484088279
2025,Other creditors,Madagascar,91.47803924905985
2025,Other creditors,Malawi,90.12598675260399
2025,Other creditors,Maldives,82.59947498384271
2025,Other creditors,Mali,82.2882228962924
2025,Other creditors,Mauritania,86.04472039921214
2025,Other creditors,Mauritius,97.62727290876676
2025,Other creditors,Mexico,100.0
2025,Other creditors,"Middle East, North Africa, Afghanistan & Pakistan (excluding high income)",83.67934752242743
2025,Other creditors,Middle income,92.86260823752126
2025,Other creditors,Moldova,100.0
2025,Other creditors,Mongolia,83.38527269526854
2025,Other creditors,Montenegro,84.6137739176761
2025,Other creditors,Morocco,99.21113682480959
2025,Other creditors,Mozambique,70.8288332184648
2025,Other creditors,Myanmar,59.40023149416526
2025,Other creditors,Nepal,91.83984714819194
2025,Other creditors,Nicaragua,99.22847711403217
2025,Other creditors,Niger,94.73525334189094
2025,Other creditors,Nigeria,89.0330903575758
2025,Other creditors,North Macedonia,95.66944542787435
2025,Other creditors,Pakistan,54.156817587781916
2025,Other creditors,Papua New Guinea,84.9212724500201
2025,Other creditors,Paraguay,100.0
2025,Other creditors,Peru,100.0
2025,Other creditors,Philippines,96.65717800937965
2025,Other creditors,Rwanda,94.82787039643848
2025,Other creditors,Samoa,45.652530943356595
2025,Other creditors,Sao Tome and Principe,100.0
2025,Other creditors,Senegal,91.84811528480387
2025,Other creditors,Serbia,90.87158266284595
2025,Other creditors,Sierra Leone,90.3798550820575
2025,Other creditors,Solomon Islands,97.57553728163117
2025,Other creditors,"Somalia, Fed. Rep.",100.0
2025,Other creditors,South Africa,96.83541004685894
2025,Other creditors,South Asia,95.95387316659641
2025,Other creditors,Sri Lanka,79.60353149083856
2025,Other creditors,St. Lucia,100.0
2025,Other creditors,St. Vincent and the Grenadines,89.32805536430602
2025,Other creditors,Sub-Saharan Africa (excluding high income),76.49171371780163
2025,Other creditors,Sudan,70.73641486816503
2025,Other creditors,Suriname,81.41994676185276
2025,Other creditors,Syrian Arab Republic,100.00000000000001
2025,Other creditors,Tajikistan,75.89325079372092
2025,Other creditors,Tanzania,92.28629201681602
2025,Other creditors,Thailand,100.0
2025,Other creditors,Timor-Leste,100.0
2025,Other creditors,Togo,86.55543161327864
2025,Other creditors,Tonga,19.649484909874424
2025,Other creditors,Tunisia,99.81005362817717
2025,Other creditors,Turkiye,99.37594019370817
2025,Other creditors,Turkmenistan,97.17252959504128
2025,Other creditors,Uganda,72.56530992975064
2025,Other creditors,Ukraine,92.6795949763187
2025,Other creditors,Upper middle income,97.72703066659358
2025,Other creditors,Uzbekistan,85.52825099299325
2025,Other creditors,Vanuatu,39.392382512405625
2025,Other creditors,Viet Nam,95.86567026116609
2025,Other creditors,"Yemen, Rep.",98.84311248127884
2025,Other creditors,Zambia,54.182684410260144
2025,Other creditors,Zimbabwe,54.856261998030455
2026,Other creditors,Afghanistan,100.0
2026,Other creditors,Africa (excluding high income),82.69507842728862
2026,Other creditors,Albania,100.0
2026,Other creditors,Algeria,100.0
2026,Other creditors,Angola,45.62642119032428
2026,Other creditors,Argentina,89.38429452779009
2026,Other creditors,Armenia,99.75660086358562
2026,Other creditors,Azerbaijan,100.00000000000001
2026,Other creditors,Bangladesh,89.39929509492383
2026,Other creditors,Belarus,80.30377763376443
2026,Other creditors,Belize,99.99999999999999
2026,Other creditors,Benin,92.2555923293327
2026,Other creditors,Bhutan,100.0
2026,Other creditors,Bolivia,92.01534021673656
2026,Other creditors,Bosnia and Herzegovina,98.62859015197155
2026,Other creditors,Botswana,100.0
2026,Other creditors,Brazil,92.96833064907759
2026,Other creditors,Burkina Faso,95.84926029358365
2026,Other creditors,Burundi,94.37225932614656
2026,Other creditors,Cabo Verde,97.42695996799046
2026,Other creditors,Cambodia,46.34292056895372
2026,Other creditors,Cameroon,63.62189881379619
2026,Other creditors,Central African Republic,92.77859776099194
2026,Other creditors,Chad,88.5893538151044
2026,Other creditors,China,100.0
2026,Other creditors,Colombia,100.0
2026,Other creditors,Comoros,87.21732956908981
2026,Other creditors,"Congo, Dem. Rep.",31.34071500580127
2026,Other creditors,"Congo, Rep.",46.21832716258088
2026,Other creditors,Cote d'Ivoire,87.26935544955028
2026,Other creditors,Djibouti,57.01061336132159
2026,Other creditors,Dominica,90.08347768838264
2026,Other creditors,Dominican Republic,99.99722137422927
2026,Other creditors,East Asia & Pacific (excluding high income),96.68083868904804
2026,Other creditors,Ecuador,94.97817770696092
2026,Other creditors,"Egypt, Arab Rep.",96.12053262839082
2026,Other creditors,El Salvador,99.84379811613712
2026,Other creditors,Equatorial Guinea,4.002281948801176
2026,Other creditors,Eritrea,97.86639193481405
2026,Other creditors,Eswatini,80.19424820548632
2026,Other creditors,Ethiopia,50.424783455139064
2026,Other creditors,Europe & Central Asia (excluding high income),95.1174380297829
2026,Other creditors,Fiji,86.58198272126172
2026,Other creditors,Gabon,77.2987384370453
2026,Other creditors,"Gambia, The",99.51491425272593
2026,Other creditors,Georgia,100.0
2026,Other creditors,Ghana,84.91409460429315
2026,Other creditors,Grenada,90.54415061421044
2026,Other creditors,Guatemala,99.86209868572804
2026,Other creditors,Guinea,46.621081220990725
2026,Other creditors,Guinea-Bissau,100.0
2026,Other creditors,Guyana,73.01529135838344
2026,Other creditors,Haiti,100.0
2026,Other creditors,Honduras,92.92387370272358
2026,Other creditors,IDA only,78.09306102353752
2026,Other creditors,IDA total,78.23845796670744
2026,Other creditors,India,100.0
2026,Other creditors,Indonesia,98.92473709140732
2026,Other creditors,"Iran, Islamic Rep.",100.0
2026,Other creditors,Iraq,94.19625658320074
2026,Other creditors,Jamaica,92.82871556276201
2026,Other creditors,Jordan,99.89499992594834
2026,Other creditors,Kazakhstan,94.86937476240651
2026,Other creditors,Kenya,70.22565530402841
2026,Other creditors,Kosovo,100.00000000000001
2026,Other creditors,Kyrgyz Republic,51.265626794733805
2026,Other creditors,Lao PDR,29.35727473832325
2026,Other creditors,Latin America & Caribbean (excluding high income),96.94456023876167
2026,Other creditors,Least developed countries: UN classification,68.9160596116016
2026,Other creditors,Lebanon,100.0
2026,Other creditors,Lesotho,78.77818527517468
2026,Other creditors,Liberia,93.50920361426124
2026,Other creditors,Low & lower middle income,86.41052108691936
2026,Other creditors,Low & middle income,93.00056887385148
2026,Other creditors,Low income,70.62913468503884
2026,Other creditors,Lower middle income,87.3665343922753
2026,Other creditors,Madagascar,89.59669277545089
2026,Other creditors,Malawi,90.91344034088083
2026,Other creditors,Maldives,84.16541135797581
2026,Other creditors,Mali,82.15558445152459
2026,Other creditors,Mauritania,86.58092739975379
2026,Other creditors,Mauritius,97.53317996191994
2026,Other creditors,Mexico,100.0
2026,Other creditors,"Middle East, North Africa, Afghanistan & Pakistan (excluding high income)",91.3039796802349
2026,Other creditors,Middle income,93.51555022225175
2026,Other creditors,Moldova,100.0
2026,Other creditors,Mongolia,49.46157273064944
2026,Other creditors,Montenegro,67.25115429740478
2026,Other creditors,Morocco,98.94069510209373
2026,Other creditors,Mozambique,71.13286242829894
2026,Other creditors,Myanmar,61.682008415082045
2026,Other creditors,Nepal,92.492702404382
2026,Other creditors,Nicaragua,96.61786641068477
2026,Other creditors,Niger,95.1219001671782
2026,Other creditors,Nigeria,87.48253309600689
2026,Other creditors,North Macedonia,92.62075657273934
2026,Other creditors,Pakistan,75.6602271376531
2026,Other creditors,Papua New Guinea,85.25176171229796
2026,Other creditors,Paraguay,100.0
2026,Other creditors,Peru,100.0
2026,Other creditors,Philippines,99.07169555430922
2026,Other creditors,Rwanda,88.44565393659406
2026,Other creditors,Samoa,46.182281983080756
2026,Other creditors,Sao Tome and Principe,100.0
2026,Other creditors,Senegal,94.43847292821592
2026,Other creditors,Serbia,92.70482512916679
2026,Other creditors,Sierra Leone,90.92603877633498
2026,Other creditors,Solomon Islands,96.52973779587067
2026,Other creditors,"Somalia, Fed. Rep.",100.00000000000003
2026,Other creditors,South Africa,96.08624490516581
2026,Other creditors,South Asia,96.41978883349667
2026,Other creditors,Sri Lanka,78.79475421035343
2026,Other creditors,St. Lucia,100.0
2026,Other creditors,St. Vincent and the Grenadines,86.76111768481208
2026,Other creditors,Sub-Saharan Africa (excluding high income),76.01843860919718
2026,Other creditors,Sudan,69.0578989851692
2026,Other creditors,Suriname,82.53918795049974
2026,Other creditors,Syrian Arab Republic,100.0
2026,Other creditors,Tajikistan,74.01529578266086
2026,Other creditors,Tanzania,88.53561123092622
2026,Other creditors,Thailand,100.0
2026,Other creditors,Timor-Leste,100.0
2026,Other creditors,Togo,81.72320227241633
2026,Other creditors,Tonga,20.151705142596914
2026,Other creditors,Tunisia,99.74408965498917
2026,Other creditors,Turkiye,98.86942453412188
2026,Other creditors,Turkmenistan,97.10150305154114
2026,Other creditors,Uganda,72.50178898112048
2026,Other creditors,Ukraine,95.33890755140492
2026,Other creditors,Upper middle income,97.28423598669242
2026,Other creditors,Uzbekistan,85.71902677140982
2026,Other creditors,Vanuatu,36.66565065694858
2026,Other creditors,Viet Nam,95.94257138139692
2026,Other creditors,"Yemen, Rep.",98.76589367182449
2026,Other creditors,Zambia,58.97016603663022
2026,Other creditors,Zimbabwe,47.15811715245312
2027,Other creditors,Afghanistan,100.0
2027,Other creditors,Africa (excluding high income),81.48671689636585
2027,Other creditors,Albania,100.0
2027,Other creditors,Algeria,100.0
2027,Other creditors,Angola,46.13075013103605
2027,Other creditors,Argentina,84.16680026128853
2027,Other creditors,Armenia,99.7274275433177
2027,Other creditors,Azerbaijan,100.0
2027,Other creditors,Bangladesh,89.45887105518115
2027,Other creditors,Belarus,85.40858891774148
2027,Other creditors,Belize,100.0
2027,Other creditors,Benin,92.3703916712467
2027,Other creditors,Bhutan,100.00000000000001
2027,Other creditors,Bolivia,91.90857671170748
2027,Other creditors,Bosnia and Herzegovina,96.8402386290945
2027,Other creditors,Botswana,100.0
2027,Other creditors,Brazil,99.22861533563132
2027,Other creditors,Burkina Faso,96.05630986735422
2027,Other creditors,Burundi,95.6879370335059
2027,Other creditors,Cabo Verde,97.74331204432062
2027,Other creditors,Cambodia,52.57926339787873
2027,Other creditors,Cameroon,66.39318981069053
2027,Other creditors,Central African Republic,92.75599425213026
2027,Other creditors,Chad,93.48627979618163
2027,Other creditors,China,100.0
2027,Other creditors,Colombia,100.0
2027,Other creditors,Comoros,82.93692495137319
2027,Other creditors,"Congo, Dem. Rep.",34.304318676782884
2027,Other creditors,"Congo, Rep.",47.140376684256246
2027,Other creditors,Cote d'Ivoire,86.86113649627518
2027,Other creditors,Djibouti,54.761944015784934
2027,Other creditors,Dominica,86.55551397970503
2027,Other creditors,Dominican Republic,100.0
2027,Other creditors,East Asia & Pacific (excluding high income),97.99486052390708
2027,Other creditors,Ecuador,93.18549247363879
2027,Other creditors,"Egypt, Arab Rep.",91.43992084638226
2027,Other creditors,El Salvador,98.72866958572746
2027,Other creditors,Equatorial Guinea,5.197231599841079
2027,Other creditors,Eritrea,97.86962216184611
2027,Other creditors,Eswatini,84.19876286710245
2027,Other creditors,Ethiopia,47.40598622808945
2027,Other creditors,Europe & Central Asia (excluding high income),94.51860605723199
2027,Other creditors,Fiji,88.26154050575592
2027,Other creditors,Gabon,76.33946956562865
2027,Other creditors,"Gambia, The",99.54149557177085
2027,Other creditors,Georgia,100.0
2027,Other creditors,Ghana,88.3741805494453
2027,Other creditors,Grenada,89.80435454609331
2027,Other creditors,Guatemala,99.84046630949496
2027,Other creditors,Guinea,47.33039649004892
2027,Other creditors,Guinea-Bissau,99.99999999999997
2027,Other creditors,Guyana,73.76412101417658
2027,Other creditors,Haiti,100.0
2027,Other creditors,Honduras,96.46800125554981
2027,Other creditors,IDA only,78.30565995286895
2027,Other creditors,IDA total,79.25949465098188
2027,Other creditors,India,100.0
2027,Other creditors,Indonesia,98.94471099361421
2027,Other creditors,"Iran, Islamic Rep.",100.0
2027,Other creditors,Iraq,93.85602383516655
2027,Other creditors,Jamaica,92.93870990601059
2027,Other creditors,Jordan,99.85445560451593
2027,Other creditors,Kazakhstan,94.13039341383192
2027,Other creditors,Kenya,69.87882043034841
2027,Other creditors,Kosovo,100.0
2027,Other creditors,Kyrgyz Republic,50.02307209569738
2027,Other creditors,Lao PDR,36.67950419594419
2027,Other creditors,Latin America & Caribbean (excluding high income),98.1047895427293
2027,Other creditors,Least developed countries: UN classification,68.93352257087292
2027,Other creditors,Lebanon,100.0
2027,Other creditors,Lesotho,79.42929661402057
2027,Other creditors,Liberia,92.05677432854945
2027,Other creditors,Low & lower middle income,86.59292584492408
2027,Other creditors,Low & middle income,93.4842610314767
2027,Other creditors,Low income,70.15504005910304
2027,Other creditors,Lower middle income,87.65223554867521
2027,Other creditors,Madagascar,89.44034283227273
2027,Other creditors,Malawi,87.82641562577511
2027,Other creditors,Maldives,67.44997605778651
2027,Other creditors,Mali,82.35459080078877
2027,Other creditors,Mauritania,87.07281853855521
2027,Other creditors,Mauritius,96.06519056888615
2027,Other creditors,Mexico,100.0
2027,Other creditors,"Middle East, North Africa, Afghanistan & Pakistan (excluding high income)",89.60786243373003
2027,Other creditors,Middle income,94.05203471974464
2027,Other creditors,Moldova,100.0
2027,Other creditors,Mongolia,93.32734684381742
2027,Other creditors,Montenegro,88.47254984344595
2027,Other creditors,Morocco,98.9759075903005
2027,Other creditors,Mozambique,71.38249527054424
2027,Other creditors,Myanmar,54.79073221566329
2027,Other creditors,Nepal,92.90665947860664
2027,Other creditors,Nicaragua,93.4169030613649
2027,Other creditors,Niger,95.71141618134159
2027,Other creditors,Nigeria,91.30133848836999
2027,Other creditors,North Macedonia,93.85278114264946
2027,Other creditors,Pakistan,71.2150748469438
2027,Other creditors,Papua New Guinea,84.7161912521131
2027,Other creditors,Paraguay,100.0
2027,Other creditors,Peru,100.0
2027,Other creditors,Philippines,99.15229790929759
2027,Other creditors,Rwanda,89.52260152630147
2027,Other creditors,Samoa,46.45749320348907
2027,Other creditors,Sao Tome and Principe,100.0
2027,Other creditors,Senegal,91.46199751377269
2027,Other creditors,Serbia,95.39628862268638
2027,Other creditors,Sierra Leone,94.89806580422793
2027,Other creditors,Solomon Islands,96.2057220492515
2027,Other creditors,"Somalia, Fed. Rep.",100.0
2027,Other creditors,South Africa,96.00778986720765
2027,Other creditors,South Asia,96.71250586469365
2027,Other creditors,Sri Lanka,79.57591116436423
2027,Other creditors,St. Lucia,100.0
2027,Other creditors,St. Vincent and the Grenadines,80.4788391024675
2027,Other creditors,Sub-Saharan Africa (excluding high income),76.57196987668159
2027,Other creditors,Sudan,65.52035807487917
2027,Other creditors,Suriname,86.85491496912687
2027,Other creditors,Syrian Arab Republic,100.0
2027,Other creditors,Tajikistan,81.83203382691421
2027,Other creditors,Tanzania,85.70162742877119
2027,Other creditors,Thailand,100.0
2027,Other creditors,Timor-Leste,100.0
2027,Other creditors,Togo,83.5021368931927
2027,Other creditors,Tonga,19.961546097186528
2027,Other creditors,Tunisia,99.70972012202904
2027,Other creditors,Turkiye,97.46546320296424
2027,Other creditors,Turkmenistan,97.48957720474002
2027,Other creditors,Uganda,72.28988619773486
2027,Other creditors,Ukraine,95.77877046017319
2027,Other creditors,Upper middle income,97.93563810398996
2027,Other creditors,Uzbekistan,89.16728404471527
2027,Other creditors,Vanuatu,37.90354366991102
2027,Other creditors,Viet Nam,99.41384468072087
2027,Other creditors,"Yemen, Rep.",99.06985976232791
2027,Other creditors,Zambia,58.19041123559502
2027,Other creditors,Zimbabwe,61.820306453437745
2028,Other creditors,Afghanistan,100.0
2028,Other creditors,Africa (excluding high income),82.27558753081388
2028,Other creditors,Albania,100.0
2028,Other creditors,Algeria,100.0
2028,Other creditors,Angola,62.83803561742434
2028,Other creditors,Argentina,85.05478908965439
2028,Other creditors,Armenia,99.73390671229615
2028,Other creditors,Azerbaijan,100.0
2028,Other creditors,Bangladesh,89.65285365972628
2028,Other creditors,Belarus,76.54650107721638
2028,Other creditors,Belize,100.0
2028,Other creditors,Benin,91.82177239103937
2028,Other creditors,Bhutan,100.0
2028,Other creditors,Bolivia,95.68362343007774
2028,Other creditors,Bosnia and Herzegovina,96.70683400397306
2028,Other creditors,Botswana,100.0
2028,Other creditors,Brazil,99.4792243192382
2028,Other creditors,Burkina Faso,96.1394546202946
2028,Other creditors,Burundi,95.43331072996057
2028,Other creditors,Cabo Verde,98.56102811005098
2028,Other creditors,Cambodia,54.36387405280933
2028,Other creditors,Cameroon,66.97238393269313
2028,Other creditors,Central African Republic,92.94246036075694
2028,Other creditors,Chad,88.71501303620997
2028,Other creditors,China,100.0
2028,Other creditors,Colombia,100.0
2028,Other creditors,Comoros,74.5575637487419
2028,Other creditors,"Congo, Dem. Rep.",36.893122666698375
2028,Other creditors,"Congo, Rep.",50.241445696020456
2028,Other creditors,Cote d'Ivoire,87.66685162491756
2028,Other creditors,Djibouti,45.51086846342372
2028,Other creditors,Dominica,88.65196197069336
2028,Other creditors,Dominican Republic,100.0
2028,Other creditors,East Asia & Pacific (excluding high income),97.97231803145617
2028,Other creditors,Ecuador,96.4351173847309
2028,Other creditors,"Egypt, Arab Rep.",91.22578249259216
2028,Other creditors,El Salvador,97.65946954992015
2028,Other creditors,Equatorial Guinea,7.661742261559463
2028,Other creditors,Eritrea,97.48466676899987
2028,Other creditors,Eswatini,83.41821827664151
2028,Other creditors,Ethiopia,36.14376580247027
2028,Other creditors,Europe & Central Asia (excluding high income),95.80369720898882
2028,Other creditors,Fiji,89.940685248276
2028,Other creditors,Gabon,80.93508973770908
2028,Other creditors,"Gambia, The",99.5998032155726
2028,Other creditors,Georgia,100.0
2028,Other creditors,Ghana,93.61340318995356
2028,Other creditors,Grenada,89.1944316101097
2028,Other creditors,Guatemala,99.85595278507209
2028,Other creditors,Guinea,48.752960016292604
2028,Other creditors,Guinea-Bissau,100.0
2028,Other creditors,Guyana,72.44600606859132
2028,Other creditors,Haiti,100.0
2028,Other creditors,Honduras,94.07771949569263
2028,Other creditors,IDA only,77.12963901289234
2028,Other creditors,IDA total,86.93029958355021
2028,Other creditors,India,100.0
2028,Other creditors,Indonesia,98.97962617776086
2028,Other creditors,"Iran, Islamic Rep.",100.0
2028,Other creditors,Iraq,99.90233192713275
2028,Other creditors,Jamaica,94.77343520064255
2028,Other creditors,Jordan,99.80883950533065
2028,Other creditors,Kazakhstan,94.89384641091006
2028,Other creditors,Kenya,74.37250166244284
2028,Other creditors,Kosovo,100.00000000000003
2028,Other creditors,Kyrgyz Republic,52.21492690796142
2028,Other creditors,Lao PDR,33.16694426069561
2028,Other creditors,Latin America & Caribbean (excluding high income),97.9762772034205
2028,Other creditors,Least developed countries: UN classification,71.89283700109411
2028,Other creditors,Lebanon,100.0
2028,Other creditors,Lesotho,80.43278522664095
2028,Other creditors,Liberia,92.60339531383711
2028,Other creditors,Low & lower middle income,90.40214371246157
2028,Other creditors,Low & middle income,94.67664096641609
2028,Other creditors,Low income,66.0745792349615
2028,Other creditors,Lower middle income,91.80178114466459
2028,Other creditors,Madagascar,91.18782085009275
2028,Other creditors,Malawi,88.466350089607
2028,Other creditors,Maldives,78.90673094315511
2028,Other creditors,Mali,83.31115531173249
2028,Other creditors,Mauritania,88.42162854650404
2028,Other creditors,Mauritius,96.43045427794993
2028,Other creditors,Mexico,100.0
2028,Other creditors,"Middle East, North Africa, Afghanistan & Pakistan (excluding high income)",91.2901484986252
2028,Other creditors,Middle income,95.40344247091643
2028,Other creditors,Moldova,100.0
2028,Other creditors,Mongolia,92.00650740697898
2028,Other creditors,Montenegro,64.32886860137036
2028,Other creditors,Morocco,99.068378564253
2028,Other creditors,Mozambique,79.97892643572143
2028,Other creditors,Myanmar,55.98503882488859
2028,Other creditors,Nepal,93.47708190888159
2028,Other creditors,Nicaragua,91.10839330372661
2028,Other creditors,Niger,96.32642359630796
2028,Other creditors,Nigeria,87.15668506771108
2028,Other creditors,North Macedonia,95.0351645220116
2028,Other creditors,Pakistan,75.21006392254789
2028,Other creditors,Papua New Guinea,91.65107840789308
2028,Other creditors,Paraguay,100.0
2028,Other creditors,Peru,100.0
2028,Other creditors,Philippines,99.09559943491017
2028,Other creditors,Rwanda,89.86687478046225
2028,Other creditors,Samoa,50.05779476635645
2028,Other creditors,Sao Tome and Principe,100.0
2028,Other creditors,Senegal,90.4617856350695
2028,Other creditors,Serbia,94.59105454880024
2028,Other creditors,Sierra Leone,96.1350320023815
2028,Other creditors,Solomon Islands,83.185928864071
2028,Other creditors,"Somalia, Fed. Rep.",100.0
2028,Other creditors,South Africa,96.62960495017104
2028,Other creditors,South Asia,96.87980620486157
2028,Other creditors,Sri Lanka,81.40218442378092
2028,Other creditors,St. Lucia,100.0
2028,Other creditors,St. Vincent and the Grenadines,80.18821063988071
2028,Other creditors,Sub-Saharan Africa (excluding high income),87.75441914757508
2028,Other creditors,Sudan,62.27172591804434
2028,Other creditors,Suriname,87.06191253579804
2028,Other creditors,Syrian Arab Republic,100.0
2028,Other creditors,Tajikistan,70.01355322927633
2028,Other creditors,Tanzania,85.55685983788047
2028,Other creditors,Thailand,100.0
2028,Other creditors,Timor-Leste,99.99999999999999
2028,Other creditors,Togo,84.51539395983639
2028,Other creditors,Tonga,20.902838488769646
2028,Other creditors,Tunisia,99.63978074360543
2028,Other creditors,Turkiye,99.71121397542981
2028,Other creditors,Turkmenistan,96.86239232415915
2028,Other creditors,Uganda,74.46911883587849
2028,Other creditors,Ukraine,100.0
2028,Other creditors,Upper middle income,98.25259936808527
2028,Other creditors,Uzbekistan,89.9301403933151
2028,Other creditors,Vanuatu,34.851270972645956
2028,Other creditors,Viet Nam,99.4072965148808
2028,Other creditors,"Yemen, Rep.",99.73738455494394
2028,Other creditors,Zambia,54.57692796511711
2028,Other creditors,Zimbabwe,60.13165774237122
2029,Other creditors,Afghanistan,100.00000000000001
2029,Other creditors,Africa (excluding high income),87.0256506455759
2029,Other creditors,Albania,100.0
2029,Other creditors,Algeria,100.0
2029,Other creditors,Angola,82.65079105851584
2029,Other creditors,Argentina,85.29511473769442
2029,Other creditors,Armenia,99.8587146193238
2029,Other creditors,Azerbaijan,100.0
2029,Other creditors,Bangladesh,90.03427530256522
2029,Other creditors,Belarus,78.58095477891243
2029,Other creditors,Belize,100.0
2029,Other creditors,Benin,91.21822159980694
2029,Other creditors,Bhutan,100.0
2029,Other creditors,Bolivia,91.9616834995476
2029,Other creditors,Bosnia and Herzegovina,96.52296320152338
2029,Other creditors,Botswana,100.0
2029,Other creditors,Brazil,99.50642694981804
2029,Other creditors,Burkina Faso,96.02327677909963
2029,Other creditors,Burundi,95.48975453330208
2029,Other creditors,Cabo Verde,99.33853734675529
2029,Other creditors,Cambodia,57.91655257811441
2029,Other creditors,Cameroon,65.79188519167639
2029,Other creditors,Central African Republic,94.21793405825441
2029,Other creditors,Chad,89.98399640102868
2029,Other creditors,China,100.0
2029,Other creditors,Colombia,100.0
2029,Other creditors,Comoros,72.80582275462355
2029,Other creditors,"Congo, Dem. Rep.",78.36019991203686
2029,Other creditors,"Congo, Rep.",64.73963516233766
2029,Other creditors,Cote d'Ivoire,87.93504558412029
2029,Other creditors,Djibouti,48.25202815947555
2029,Other creditors,Dominica,90.62647747428429
2029,Other creditors,Dominican Republic,100.0
2029,Other creditors,East Asia & Pacific (excluding high income),97.06365684092252
2029,Other creditors,Ecuador,98.35215251562434
2029,Other creditors,"Egypt, Arab Rep.",93.77728586643268
2029,Other creditors,El Salvador,98.2594723768952
2029,Other creditors,Equatorial Guinea,7.643834625300007
2029,Other creditors,Eritrea,98.51708572192891
2029,Other creditors,Eswatini,81.9817559997067
2029,Other creditors,Ethiopia,62.962141397958526
2029,Other creditors,Europe & Central Asia (excluding high income),95.60868688376021
2029,Other creditors,Fiji,89.38856396764731
2029,Other creditors,Gabon,83.47439184353425
2029,Other creditors,"Gambia, The",99.54827692602406
2029,Other creditors,Georgia,100.0
2029,Other creditors,Ghana,94.12345625001882
2029,Other creditors,Grenada,89.5879330681765
2029,Other creditors,Guatemala,99.83357914287207
2029,Other creditors,Guinea,49.607589520046446
2029,Other creditors,Guinea-Bissau,100.0
2029,Other creditors,Guyana,73.58083149994701
2029,Other creditors,Haiti,100.0
2029,Other creditors,Honduras,97.7101997445612
2029,Other creditors,IDA only,81.75002856122596
2029,Other creditors,IDA total,82.2458522815526
2029,Other creditors,India,100.0
2029,Other creditors,Indonesia,98.7493447663037
2029,Other creditors,"Iran, Islamic Rep.",100.0
2029,Other creditors,Iraq,100.0
2029,Other creditors,Jamaica,94.32481430452945
2029,Other creditors,Jordan,99.97991067950979
2029,Other creditors,Kazakhstan,93.12340665839471
2029,Other creditors,Kenya,75.36280192179312
2029,Other creditors,Kosovo,100.0
2029,Other creditors,Kyrgyz Republic,53.87032372553801
2029,Other creditors,Lao PDR,32.34080253060072
2029,Other creditors,Latin America & Caribbean (excluding high income),98.50809016135342
2029,Other creditors,Least developed countries: UN classification,80.73607025887901
2029,Other creditors,Lebanon,100.0
2029,Other creditors,Lesotho,82.09170768360353
2029,Other creditors,Liberia,93.27995793259522
2029,Other creditors,Low & lower middle income,90.74468912350812
2029,Other creditors,Low & middle income,95.08941183237025
2029,Other creditors,Low income,81.9908557941838
2029,Other creditors,Lower middle income,91.2988201708292
2029,Other creditors,Madagascar,92.5722869322071
2029,Other creditors,Malawi,88.69106920965038
2029,Other creditors,Maldives,62.39069024628337
2029,Other creditors,Mali,85.65738657136114
2029,Other creditors,Mauritania,88.37642762951498
2029,Other creditors,Mauritius,98.43892261041375
2029,Other creditors,Mexico,100.0
2029,Other creditors,"Middle East, North Africa, Afghanistan & Pakistan (excluding high income)",92.56930499572715
2029,Other creditors,Middle income,95.42353897255376
2029,Other creditors,Moldova,100.0
2029,Other creditors,Mongolia,89.16862741500739
2029,Other creditors,Montenegro,84.87131051707041
2029,Other creditors,Morocco,98.9226133953617
2029,Other creditors,Mozambique,81.73632448244757
2029,Other creditors,Myanmar,59.16677183422374
2029,Other creditors,Nepal,93.90579492795057
2029,Other creditors,Nicaragua,89.93634634933913
2029,Other creditors,Niger,96.60641079902166
2029,Other creditors,Nigeria,87.03528217284078
2029,Other creditors,North Macedonia,88.54486941935816
2029,Other creditors,Pakistan,79.27329784832061
2029,Other creditors,Papua New Guinea,87.4615727594272
2029,Other creditors,Paraguay,99.99999999999999
2029,Other creditors,Peru,100.00000000000001
2029,Other creditors,Philippines,99.035286934987
2029,Other creditors,Rwanda,95.50125721870786
2029,Other creditors,Samoa,56.047353037720605
2029,Other creditors,Sao Tome and Principe,100.0
2029,Other creditors,Senegal,89.54934384818465
2029,Other creditors,Serbia,93.59801112364647
2029,Other creditors,Sierra Leone,96.24714604729645
2029,Other creditors,Solomon Islands,76.54656545280498
2029,Other creditors,"Somalia, Fed. Rep.",100.0
2029,Other creditors,South Africa,95.95442243198374
2029,Other creditors,South Asia,97.02641076716414
2029,Other creditors,Sri Lanka,84.14959332445196
2029,Other creditors,St. Lucia,100.0
2029,Other creditors,St. Vincent and the Grenadines,80.97923832922942
2029,Other creditors,Sub-Saharan Africa (excluding high income),84.76887437227417
2029,Other creditors,Sudan,82.86015962697607
2029,Other creditors,Suriname,91.815512297187
2029,Other creditors,Syrian Arab Republic,100.0
2029,Other creditors,Tajikistan,70.67626843311818
2029,Other creditors,Tanzania,86.58785828639951
2029,Other creditors,Thailand,99.99999999999999
2029,Other creditors,Timor-Leste,100.00000000000001
2029,Other creditors,Togo,85.01058397758136
2029,Other creditors,Tonga,49.53489468285362
2029,Other creditors,Tunisia,99.8067872624508
2029,Other creditors,Turkiye,99.81521032903045
2029,Other creditors,Turkmenistan,95.11531714740774
2029,Other creditors,Uganda,76.2481769499397
2029,Other creditors,Ukraine,100.0
2029,Other creditors,Upper middle income,98.20756480889071
2029,Other creditors,Uzbekistan,90.20294123864484
2029,Other creditors,Vanuatu,33.71660464463688
2029,Other creditors,Viet Nam,99.40537933922182
2029,Other creditors,"Yemen, Rep.",99.73187102736384
2029,Other creditors,Zambia,49.84350094780504
2029,Other creditors,Zimbabwe,28.678987871659388
2030,Other creditors,Afghanistan,100.0
2030,Other creditors,Africa (excluding high income),87.90073042022387
2030,Other creditors,Albania,100.0
2030,Other creditors,Algeria,100.0
2030,Other creditors,Angola,84.28601348380218
2030,Other creditors,Argentina,95.20233929789413
2030,Other creditors,Armenia,99.73692625491388
2030,Other creditors,Azerbaijan,100.0
2030,Other creditors,Bangladesh,89.84867326589394
2030,Other creditors,Belarus,85.8271582422161
2030,Other creditors,Belize,100.0
2030,Other creditors,Benin,93.0206336154456
2030,Other creditors,Bhutan,100.0
2030,Other creditors,Bolivia,84.56967934381437
2030,Other creditors,Bosnia and Herzegovina,96.31525765587017
2030,Other creditors,Botswana,100.0
2030,Other creditors,Brazil,99.7979614984075
2030,Other creditors,Burkina Faso,95.94466583406381
2030,Other creditors,Burundi,95.06426682313366
2030,Other creditors,Cabo Verde,99.36494785852969
2030,Other creditors,Cambodia,61.63666349571615
2030,Other creditors,Cameroon,78.75589731807247
2030,Other creditors,Central African Republic,93.26814520530998
2030,Other creditors,Chad,89.70575297646785
2030,Other creditors,China,100.0
2030,Other creditors,Colombia,99.99999999999999
2030,Other creditors,Comoros,68.05362347049834
2030,Other creditors,"Congo, Dem. Rep.",78.27354071430705
2030,Other creditors,"Congo, Rep.",52.94607889594992
2030,Other creditors,Cote d'Ivoire,89.24668464714645
2030,Other creditors,Djibouti,44.966616323810904
2030,Other creditors,Dominica,91.3868906279286
2030,Other creditors,Dominican Republic,100.0
2030,Other creditors,East Asia & Pacific (excluding high income),99.15999385340584
2030,Other creditors,Ecuador,99.13826694576883
2030,Other creditors,"Egypt, Arab Rep.",95.65057767096363
2030,Other creditors,El Salvador,98.59760487629538
2030,Other creditors,Equatorial Guinea,9.446507770141286
2030,Other creditors,Eritrea,99.74020066491445
2030,Other creditors,Eswatini,80.9221239214628
2030,Other creditors,Ethiopia,70.39874228547731
2030,Other creditors,Europe & Central Asia (excluding high income),96.22917516418553
2030,Other creditors,Fiji,89.58158589906336
2030,Other creditors,Gabon,85.43197013934737
2030,Other creditors,"Gambia, The",99.51415990228885
2030,Other creditors,Georgia,100.00000000000001
2030,Other creditors,Ghana,93.46361259820482
2030,Other creditors,Grenada,88.30116753951685
2030,Other creditors,Guatemala,99.72724157700802
2030,Other creditors,Guinea,50.232748042602935
2030,Other creditors,Guinea-Bissau,100.0
2030,Other creditors,Guyana,74.36225428835562
2030,Other creditors,Haiti,100.0
2030,Other creditors,Honduras,98.7508028527182
2030,Other creditors,IDA only,82.90449674802886
2030,Other creditors,IDA total,83.0589611018047
2030,Other creditors,India,100.0
2030,Other creditors,Indonesia,99.45627720900657
2030,Other creditors,"Iran, Islamic Rep.",100.0
2030,Other creditors,Iraq,100.0
2030,Other creditors,Jamaica,96.248957899064
2030,Other creditors,Jordan,99.96177920720112
2030,Other creditors,Kazakhstan,93.14415373048757
2030,Other creditors,Kenya,81.49144126937904
2030,Other creditors,Kosovo,99.99999999999999
2030,Other creditors,Kyrgyz Republic,55.7847313900187
2030,Other creditors,Lao PDR,35.158223467620246
2030,Other creditors,Latin America & Caribbean (excluding high income),99.0260203389244
2030,Other creditors,Least developed countries: UN classification,82.27233851888415
2030,Other creditors,Lebanon,100.0
2030,Other creditors,Lesotho,82.57664112549888
2030,Other creditors,Liberia,93.81686041376429
2030,Other creditors,Low & lower middle income,90.50184563197757
2030,Other creditors,Low & middle income,97.01207275714872
2030,Other creditors,Low income,84.04179350253824
2030,Other creditors,Lower middle income,90.94844000397208
2030,Other creditors,Madagascar,92.28506199201723
2030,Other creditors,Malawi,88.77411059939334
2030,Other creditors,Maldives,66.85613556983691
2030,Other creditors,Mali,89.42908783966722
2030,Other creditors,Mauritania,93.06439729102678
2030,Other creditors,Mauritius,97.01476476017619
2030,Other creditors,Mexico,100.0
2030,Other creditors,"Middle East, North Africa, Afghanistan & Pakistan (excluding high income)",92.86321871945431
2030,Other creditors,Middle income,97.23183365300919
2030,Other creditors,Moldova,100.0
2030,Other creditors,Mongolia,83.77295134642759
2030,Other creditors,Montenegro,77.11005309985146
2030,Other creditors,Morocco,98.91017327152694
2030,Other creditors,Mozambique,79.6203479536094
2030,Other creditors,Myanmar,63.65575277905522
2030,Other creditors,Nepal,94.0520239859025
2030,Other creditors,Nicaragua,88.5823547338838
2030,Other creditors,Niger,96.6015402459657
2030,Other creditors,Nigeria,84.98478207166512
2030,Other creditors,North Macedonia,87.80137820794623
2030,Other creditors,Pakistan,78.20441245334406
2030,Other creditors,Papua New Guinea,87.52929285160266
2030,Other creditors,Paraguay,100.0
2030,Other creditors,Peru,100.0
2030,Other creditors,Philippines,98.74875609822644
2030,Other creditors,Rwanda,95.87246834735852
2030,Other creditors,Samoa,58.90453588712643
2030,Other creditors,Sao Tome and Principe,100.0
2030,Other creditors,Senegal,90.27467203952057
2030,Other creditors,Serbia,92.72842169859047
2030,Other creditors,Sierra Leone,96.1415884352482
2030,Other creditors,Solomon Islands,76.54258192615711
2030,Other creditors,"Somalia, Fed. Rep.",100.0
2030,Other creditors,South Africa,94.54401513964935
2030,Other creditors,South Asia,96.33805493518908
2030,Other creditors,Sri Lanka,81.83174277055691
2030,Other creditors,St. Lucia,100.0
2030,Other creditors,St. Vincent and the Grenadines,79.86239379252301
2030,Other creditors,Sub-Saharan Africa (excluding high income),85.39804328084851
2030,Other creditors,Sudan,81.22770606456905
2030,Other creditors,Suriname,92.83062924726485
2030,Other creditors,Syrian Arab Republic,100.0
2030,Other creditors,Tajikistan,71.4055815514416
2030,Other creditors,Tanzania,87.5563940057944
2030,Other creditors,Thailand,100.0
2030,Other creditors,Timor-Leste,100.0
2030,Other creditors,Togo,84.29283689333249
2030,Other creditors,Tonga,64.74256307318257
2030,Other creditors,Tunisia,100.0
2030,Other creditors,Turkiye,99.93378562311104
2030,Other creditors,Turkmenistan,98.43757871019314
2030,Other creditors,Uganda,75.49722185491257
2030,Other creditors,Ukraine,100.0
2030,Other creditors,Upper middle income,99.27179715493139
2030,Other creditors,Uzbekistan,88.51478414324983
2030,Other creditors,Vanuatu,35.695166001922544
2030,Other creditors,Viet Nam,99.40745165881957
2030,Other creditors,"Yemen, Rep.",99.72468131484032
2030,Other creditors,Zambia,49.24615573954439
2030,Other creditors,Zimbabwe,21.70460795153122
2031,Other creditors,Afghanistan,100.0
2031,Other creditors,Africa (excluding high income),89.92399065540174
2031,Other creditors,Albania,100.0
2031,Other creditors,Algeria,100.0
2031,Other creditors,Angola,79.61768802164863
2031,Other creditors,Argentina,99.4511315652481
2031,Other creditors,Armenia,99.87984059198754
2031,Other creditors,Azerbaijan,100.00000000000003
2031,Other creditors,Bangladesh,89.94792458529197
2031,Other creditors,Belarus,97.6932003605256
2031,Other creditors,Belize,100.0
2031,Other creditors,Benin,93.1851617333952
2031,Other creditors,Bhutan,100.0
2031,Other creditors,Bolivia,94.2435759419736
2031,Other creditors,Bosnia and Herzegovina,96.04491446346944
2031,Other creditors,Botswana,100.0
2031,Other creditors,Brazil,99.57569634357502
2031,Other creditors,Burkina Faso,96.83012237694577
2031,Other creditors,Burundi,93.83572387811175
2031,Other creditors,Cabo Verde,99.33101985419552
2031,Other creditors,Cambodia,63.52308401903197
2031,Other creditors,Cameroon,78.4934745910035
2031,Other creditors,Central African Republic,100.0
2031,Other creditors,Chad,87.91830299483371
2031,Other creditors,China,100.0
2031,Other creditors,Colombia,100.0
2031,Other creditors,Comoros,69.23633693473587
2031,Other creditors,"Congo, Dem. Rep.",78.26308323615932
2031,Other creditors,"Congo, Rep.",51.829437304712684
2031,Other creditors,Cote d'Ivoire,90.5182355700196
2031,Other creditors,Djibouti,41.711267367877014
2031,Other creditors,Dominica,95.7149378744406
2031,Other creditors,Dominican Republic,100.0
2031,Other creditors,East Asia & Pacific (excluding high income),97.18087800914577
2031,Other creditors,Ecuador,99.17211066807192
2031,Other creditors,"Egypt, Arab Rep.",96.33994989740282
2031,Other creditors,El Salvador,97.63524039276165
2031,Other creditors,Equatorial Guinea,12.159070304997819
2031,Other creditors,Eritrea,100.0
2031,Other creditors,Eswatini,78.67014122232348
2031,Other creditors,Ethiopia,79.48876154483807
2031,Other creditors,Europe & Central Asia (excluding high income),96.68180997485888
2031,Other creditors,Fiji,91.7671632228954
2031,Other creditors,Gabon,96.74880247764717
2031,Other creditors,"Gambia, The",99.34921647378728
2031,Other creditors,Georgia,100.0
2031,Other creditors,Ghana,94.09609309414071
2031,Other creditors,Grenada,86.23804681809472
2031,Other creditors,Guatemala,99.83323942314303
2031,Other creditors,Guinea,48.60010964066292
2031,Other creditors,Guinea-Bissau,100.0
2031,Other creditors,Guyana,74.95853512991658
2031,Other creditors,Haiti,100.0
2031,Other creditors,Honduras,97.76556037230344
2031,Other creditors,IDA only,85.41011239782564
2031,Other creditors,IDA total,86.22178284794336
2031,Other creditors,India,100.0
2031,Other creditors,Indonesia,98.71048026202202
2031,Other creditors,"Iran, Islamic Rep.",100.0
2031,Other creditors,Iraq,100.0
2031,Other creditors,Jamaica,94.11095809190563
2031,Other creditors,Jordan,99.95111194931508
2031,Other creditors,Kazakhstan,88.98504778361013
2031,Other creditors,Kenya,82.4600313664787
2031,Other creditors,Kosovo,100.0
2031,Other creditors,Kyrgyz Republic,58.3610559431165
2031,Other creditors,Lao PDR,36.74637142113078
2031,Other creditors,Latin America & Caribbean (excluding high income),99.52438834882236
2031,Other creditors,Least developed countries: UN classification,84.70633290133497
2031,Other creditors,Lebanon,100.0
2031,Other creditors,Lesotho,82.14471249767963
2031,Other creditors,Liberia,94.40262110884287
2031,Other creditors,Low & lower middle income,91.40133862396527
2031,Other creditors,Low & middle income,95.71657340149955
2031,Other creditors,Low income,89.0343819676857
2031,Other creditors,Lower middle income,91.5957636119338
2031,Other creditors,Madagascar,92.04766961572741
2031,Other creditors,Malawi,92.6136305221747
2031,Other creditors,Maldives,70.67669260901994
2031,Other creditors,Mali,89.43508467906328
2031,Other creditors,Mauritania,94.7261156218991
2031,Other creditors,Mauritius,97.1561223189291
2031,Other creditors,Mexico,100.0
2031,Other creditors,"Middle East, North Africa, Afghanistan & Pakistan (excluding high income)",94.40389538924835
2031,Other creditors,Middle income,95.93875627648819
2031,Other creditors,Moldova,100.0
2031,Other creditors,Mongolia,90.12723126569907
2031,Other creditors,Montenegro,99.64444898685757
2031,Other creditors,Morocco,99.47149818354565
2031,Other creditors,Mozambique,92.1537608259134
2031,Other creditors,Myanmar,86.41948775089173
2031,Other creditors,Nepal,95.72051044668164
2031,Other creditors,Nicaragua,88.99842616042366
2031,Other creditors,Niger,96.52540343572313
2031,Other creditors,Nigeria,87.5172068860636
2031,Other creditors,North Macedonia,88.77772361503686
2031,Other creditors,Pakistan,83.44209744308547
2031,Other creditors,Papua New Guinea,87.23960002406942
2031,Other creditors,Paraguay,100.0
2031,Other creditors,Peru,100.0
2031,Other creditors,Philippines,98.76235133199042
2031,Other creditors,Rwanda,97.96958021644394
2031,Other creditors,Samoa,62.645193564589164
2031,Other creditors,Sao Tome and Principe,100.0
2031,Other creditors,Senegal,91.91013375949257
2031,Other creditors,Serbia,87.87159119499029
2031,Other creditors,Sierra Leone,97.01370545689596
2031,Other creditors,Solomon Islands,77.03975454961085
2031,Other creditors,"Somalia, Fed. Rep.",100.0
2031,Other creditors,South Africa,93.44073932922795
2031,Other creditors,South Asia,94.82099088674407
2031,Other creditors,Sri Lanka,81.84095562963319
2031,Other creditors,St. Lucia,100.0
2031,Other creditors,St. Vincent and the Grenadines,79.32518339470757
2031,Other creditors,Sub-Saharan Africa (excluding high income),87.8640401265034
2031,Other creditors,Sudan,99.99999999999999
2031,Other creditors,Suriname,92.52387086481215
2031,Other creditors,Syrian Arab Republic,100.0
2031,Other creditors,Tajikistan,72.63001385528538
2031,Other creditors,Tanzania,89.52960673136124
2031,Other creditors,Thailand,100.0
2031,Other creditors,Timor-Leste,100.00000000000001
2031,Other creditors,Togo,86.7926372432311
2031,Other creditors,Tonga,100.0
2031,Other creditors,Tunisia,99.99999999999999
2031,Other creditors,Turkiye,99.95499777227768
2031,Other creditors,Turkmenistan,99.12372392541091
2031,Other creditors,Uganda,76.82804783654177
2031,Other creditors,Ukraine,100.00000000000003
2031,Other creditors,Upper middle income,98.89233703702345
2031,Other creditors,Uzbekistan,92.68654677065851
2031,Other creditors,Vanuatu,37.93688204969007
2031,Other creditors,Viet Nam,99.39787044161174
2031,Other creditors,"Yemen, Rep.",99.74588038914806
2031,Other creditors,Zambia,55.940201892704074
2031,Other creditors,Zimbabwe,13.67928338328089
2032,Other creditors,Afghanistan,100.0
2032,Other creditors,Africa (excluding high income),89.81545551008698
2032,Other creditors,Albania,100.0
2032,Other creditors,Algeria,100.0
2032,Other creditors,Angola,85.66962165328442
2032,Other creditors,Argentina,99.32680983960805
2032,Other creditors,Armenia,99.69904370811615
2032,Other creditors,Azerbaijan,99.99999999999997
2032,Other creditors,Bangladesh,86.74535375068044
2032,Other creditors,Belarus,96.6227674806331
2032,Other creditors,Belize,99.99999999999997
2032,Other creditors,Benin,92.94572910554372
2032,Other creditors,Bhutan,100.0
2032,Other creditors,Bolivia,97.21546148001595
2032,Other creditors,Bosnia and Herzegovina,95.59476491773184
2032,Other creditors,Botswana,100.00000000000001
2032,Other creditors,Brazil,99.58523081686276
2032,Other creditors,Burkina Faso,97.80847922800635
2032,Other creditors,Burundi,93.46950226297
2032,Other creditors,Cabo Verde,99.40824226917971
2032,Other creditors,Cambodia,62.241431471974735
2032,Other creditors,Cameroon,79.78893092299572
2032,Other creditors,Central African Republic,100.0
2032,Other creditors,Chad,91.70605840130018
2032,Other creditors,China,100.0
2032,Other creditors,Colombia,100.0
2032,Other creditors,Comoros,70.0219027790497
2032,Other creditors,"Congo, Dem. Rep.",80.49641276056201
2032,Other creditors,"Congo, Rep.",48.38097986444591
2032,Other creditors,Cote d'Ivoire,90.56482365575843
2032,Other creditors,Djibouti,44.90095736814411
2032,Other creditors,Dominica,100.0
2032,Other creditors,Dominican Republic,100.0
2032,Other creditors,East Asia & Pacific (excluding high income),97.40268832842756
2032,Other creditors,Ecuador,99.13415330526428
2032,Other creditors,"Egypt, Arab Rep.",96.14634064949038
2032,Other creditors,El Salvador,98.20357698684984
2032,Other creditors,Equatorial Guinea,12.060654505979569
2032,Other creditors,Eritrea,99.99999999999999
2032,Other creditors,Eswatini,78.393127591514
2032,Other creditors,Ethiopia,81.6347048973449
2032,Other creditors,Europe & Central Asia (excluding high income),96.02513631499902
2032,Other creditors,Fiji,96.83770585758911
2032,Other creditors,Gabon,81.31142040934871
2032,Other creditors,"Gambia, The",99.27132412598678
2032,Other creditors,Georgia,100.0
2032,Other creditors,Ghana,94.44716426273874
2032,Other creditors,Grenada,86.23437686658681
2032,Other creditors,Guatemala,99.82109481226784
2032,Other creditors,Guinea,48.64983086137203
2032,Other creditors,Guinea-Bissau,100.0
2032,Other creditors,Guyana,81.01471618710607
2032,Other creditors,Haiti,100.00000000000001
2032,Other creditors,Honduras,98.4035371318572
2032,Other creditors,IDA only,85.1044863010207
2032,Other creditors,IDA total,85.17666559176457
2032,Other creditors,India,100.0
2032,Other creditors,Indonesia,99.06648970518157
2032,Other creditors,"Iran, Islamic Rep.",100.0
2032,Other creditors,Iraq,99.99999999999999
2032,Other creditors,Jamaica,93.96895009544164
2032,Other creditors,Jordan,99.94782888720142
2032,Other creditors,Kazakhstan,85.83662271170964
2032,Other creditors,Kenya,83.98474838274035
2032,Other creditors,Kosovo,100.00000000000003
2032,Other creditors,Kyrgyz Republic,61.634853723843605
2032,Other creditors,Lao PDR,53.449258027361275
2032,Other creditors,Latin America & Caribbean (excluding high income),99.49561369614874
2032,Other creditors,Least developed countries: UN classification,84.7840661144022
2032,Other creditors,Lebanon,100.00000000000001
2032,Other creditors,Lesotho,85.42382688586471
2032,Other creditors,Liberia,95.65439712981109
2032,Other creditors,Low & lower middle income,90.71760647490545
2032,Other creditors,Low & middle income,95.31859202976152
2032,Other creditors,Low income,87.69338117805071
2032,Other creditors,Lower middle income,90.95019727781303
2032,Other creditors,Madagascar,91.79941883585313
2032,Other creditors,Malawi,92.69337516907903
2032,Other creditors,Maldives,76.97566568761232
2032,Other creditors,Mali,90.88872408853032
2032,Other creditors,Mauritania,94.3911558494611
2032,Other creditors,Mauritius,97.06788274727609
2032,Other creditors,Mexico,100.0
2032,Other creditors,"Middle East, North Africa, Afghanistan & Pakistan (excluding high income)",92.88327256706586
2032,Other creditors,Middle income,95.55853535470598
2032,Other creditors,Moldova,100.0
2032,Other creditors,Mongolia,81.71883901959184
2032,Other creditors,Montenegro,96.63368114869087
2032,Other creditors,Morocco,99.46259130963466
2032,Other creditors,Mozambique,80.80358968886597
2032,Other creditors,Myanmar,99.69219030358745
2032,Other creditors,Nepal,97.18248449862377
2032,Other creditors,Nicaragua,89.22088265104617
2032,Other creditors,Niger,96.45211102120564
2032,Other creditors,Nigeria,88.06636245375121
2032,Other creditors,North Macedonia,84.01310278768756
2032,Other creditors,Pakistan,77.77333888786886
2032,Other creditors,Papua New Guinea,87.42358209185659
2032,Other creditors,Paraguay,100.0
2032,Other creditors,Peru,100.0
2032,Other creditors,Philippines,98.68274458072747
2032,Other creditors,Rwanda,96.15443191237537
2032,Other creditors,Samoa,60.97405841925213
2032,Other creditors,Sao Tome and Principe,100.0
2032,Other creditors,Senegal,89.89177646151121
2032,Other creditors,Serbia,86.3372001598146
2032,Other creditors,Sierra Leone,97.47350136976391
2032,Other creditors,Solomon Islands,78.26580483303177
2032,Other creditors,"Somalia, Fed. Rep.",100.0
2032,Other creditors,South Africa,94.16794197849329
2032,Other creditors,South Asia,93.55063770983169
2032,Other creditors,Sri Lanka,82.3362024311531
2032,Other creditors,St. Lucia,100.0
2032,Other creditors,St. Vincent and the Grenadines,79.49972592514614
2032,Other creditors,Sub-Saharan Africa (excluding high income),87.52973351891535
2032,Other creditors,Sudan,100.0
2032,Other creditors,Suriname,92.06086339092745
2032,Other creditors,Syrian Arab Republic,100.0
2032,Other creditors,Tajikistan,73.37628331899646
2032,Other creditors,Tanzania,89.77962170776952
2032,Other creditors,Thailand,99.99999999999997
2032,Other creditors,Timor-Leste,100.0
2032,Other creditors,Togo,88.45257743048501
2032,Other creditors,Tonga,100.0
2032,Other creditors,Tunisia,100.0
2032,Other creditors,Turkiye,99.94237501711574
2032,Other creditors,Turkmenistan,99.55692328885539
2032,Other creditors,Uganda,78.31305092848638
2032,Other creditors,Ukraine,99.99999999999997
2032,Other creditors,Upper middle income,98.74965176717724
2032,Other creditors,Uzbekistan,92.99995488869406
2032,Other creditors,Vanuatu,38.583787817371274
2032,Other creditors,Viet Nam,99.41951650133355
2032,Other creditors,"Yemen, Rep.",90.34930966384724
2032,Other creditors,Zambia,71.18093902845348
2032,Other creditors,Zimbabwe,24.304442625000856
