year,creditor_name,debtor_name,value
2000,China (bilateral),Africa (excluding high income),0.7895562582315779
2000,China (bilateral),Algeria,0.0
2000,China (bilateral),Angola,0.0
2000,China (bilateral),Argentina,0.0
2000,China (bilateral),Armenia,0.0
2000,China (bilateral),Bangladesh,1.7044259055177602
2000,China (bilateral),Belarus,0.0
2000,China (bilateral),Benin,1.3351764058778388
2000,China (bilateral),Bolivia,0.2990134119687394
2000,China (bilateral),Bosnia and Herzegovina,0.0
2000,China (bilateral),Botswana,52.45763424506404
2000,China (bilateral),Brazil,0.0
2000,China (bilateral),Burkina Faso,2.5289400416017154
2000,China (bilateral),Burundi,0.0
2000,China (bilateral),Cabo Verde,0.0
2000,China (bilateral),Cambodia,0.0
2000,China (bilateral),Cameroon,2.2141654485245947
2000,China (bilateral),Central African Republic,0.0
2000,China (bilateral),Chad,0.0
2000,China (bilateral),Comoros,0.0
2000,China (bilateral),"Congo, Dem. Rep.",nan
2000,China (bilateral),"Congo, Rep.",100.0
2000,China (bilateral),Cote d'Ivoire,0.0
2000,China (bilateral),Djibouti,0.0
2000,China (bilateral),Dominica,0.0
2000,China (bilateral),Dominican Republic,0.0
2000,China (bilateral),East Asia & Pacific (excluding high income),0.027195651706464662
2000,China (bilateral),Ecuador,0.03305842532612167
2000,China (bilateral),"Egypt, Arab Rep.",0.0
2000,China (bilateral),El Salvador,0.5911836321327614
2000,China (bilateral),Eritrea,0.0
2000,China (bilateral),Eswatini,0.0
2000,China (bilateral),Ethiopia,0.0
2000,China (bilateral),Europe & Central Asia (excluding high income),0.8932109812551351
2000,China (bilateral),Fiji,0.0
2000,China (bilateral),Gabon,7.081108176854659
2000,China (bilateral),"Gambia, The",0.0
2000,China (bilateral),Georgia,0.0
2000,China (bilateral),Ghana,2.114351672333703
2000,China (bilateral),Grenada,0.0
2000,China (bilateral),Guatemala,15.989445617494761
2000,China (bilateral),Guinea,0.0
2000,China (bilateral),Guyana,0.1278690744616819
2000,China (bilateral),Honduras,0.0
2000,China (bilateral),IDA only,1.2948210682357908
2000,China (bilateral),IDA total,1.2056677529524085
2000,China (bilateral),Indonesia,0.0
2000,China (bilateral),"Iran, Islamic Rep.",13.21958513463944
2000,China (bilateral),Jamaica,0.5932463245148755
2000,China (bilateral),Jordan,4.19741117047024
2000,China (bilateral),Kazakhstan,0.0
2000,China (bilateral),Kenya,0.0
2000,China (bilateral),Kyrgyz Republic,0.0
2000,China (bilateral),Lao PDR,0.0
2000,China (bilateral),Latin America & Caribbean (excluding high income),0.10973533495156389
2000,China (bilateral),Least developed countries: UN classification,1.236191020175405
2000,China (bilateral),Lebanon,0.07779364131794109
2000,China (bilateral),Lesotho,0.16543969011178872
2000,China (bilateral),Liberia,nan
2000,China (bilateral),Low & lower middle income,0.4082404880039896
2000,China (bilateral),Low & middle income,0.45217825520176996
2000,China (bilateral),Low income,1.4970771088451749
2000,China (bilateral),Lower middle income,0.3222921106784965
2000,China (bilateral),Madagascar,1.771517026246567
2000,China (bilateral),Malawi,0.0
2000,China (bilateral),Maldives,0.0
2000,China (bilateral),Mali,11.18277237840863
2000,China (bilateral),Mauritania,0.0
2000,China (bilateral),Mauritius,5.686396601144927
2000,China (bilateral),"Middle East, North Africa, Afghanistan & Pakistan (excluding high income)",2.5477842011091276
2000,China (bilateral),Middle income,0.43176853079744953
2000,China (bilateral),Mongolia,0.0
2000,China (bilateral),Morocco,0.0
2000,China (bilateral),Mozambique,1.6134051748549378
2000,China (bilateral),Myanmar,6.558163964704642
2000,China (bilateral),Nepal,0.0
2000,China (bilateral),Nicaragua,0.0
2000,China (bilateral),Niger,0.0
2000,China (bilateral),Nigeria,0.0
2000,China (bilateral),North Macedonia,10.66015742972568
2000,China (bilateral),Pakistan,2.2576774119689653
2000,China (bilateral),Papua New Guinea,0.11146375609328511
2000,China (bilateral),Peru,1.0470997534489759
2000,China (bilateral),Philippines,0.0
2000,China (bilateral),Rwanda,0.0
2000,China (bilateral),Samoa,0.0
2000,China (bilateral),Sao Tome and Principe,0.0
2000,China (bilateral),Senegal,0.0
2000,China (bilateral),Serbia,64.41441441441441
2000,China (bilateral),Sierra Leone,0.6097901462216562
2000,China (bilateral),Solomon Islands,0.0
2000,China (bilateral),South Africa,0.0
2000,China (bilateral),South Asia,0.13277923004861572
2000,China (bilateral),Sri Lanka,0.18685245119790211
2000,China (bilateral),St. Vincent and the Grenadines,0.0
2000,China (bilateral),Sub-Saharan Africa (excluding high income),1.160704329716816
2000,China (bilateral),Sudan,1.6123576944657192
2000,China (bilateral),Tajikistan,0.0
2000,China (bilateral),Tanzania,6.000649797535823
2000,China (bilateral),Togo,9.040506858454048
2000,China (bilateral),Tonga,40.505568043052556
2000,China (bilateral),Tunisia,0.08443041586068167
2000,China (bilateral),Turkiye,0.0
2000,China (bilateral),Turkmenistan,0.38331663258233145
2000,China (bilateral),Uganda,0.06325557743351223
2000,China (bilateral),Ukraine,0.0
2000,China (bilateral),Upper middle income,0.4677661108299805
2000,China (bilateral),Uzbekistan,0.0
2000,China (bilateral),Vanuatu,0.0
2000,China (bilateral),Viet Nam,0.04713917288803211
2000,China (bilateral),"Yemen, Rep.",0.9064763528629662
2000,China (bilateral),Zambia,0.5975618538111519
2000,China (bilateral),Zimbabwe,0.0
2000,China (private),Africa (excluding high income),0.0006958009440099912
2000,China (private),Algeria,0.0
2000,China (private),Angola,0.0
2000,China (private),Bangladesh,1.7143042361846725
2000,China (private),Benin,0.0
2000,China (private),Brazil,0.0
2000,China (private),Cameroon,0.0
2000,China (private),"Congo, Rep.",0.0
2000,China (private),Cote d'Ivoire,0.0
2000,China (private),East Asia & Pacific (excluding high income),0.005039474648735613
2000,China (private),Ecuador,0.0
2000,China (private),"Egypt, Arab Rep.",0.0
2000,China (private),El Salvador,0.0
2000,China (private),Ethiopia,0.0
2000,China (private),Europe & Central Asia (excluding high income),0.0
2000,China (private),Gabon,0.0
2000,China (private),Ghana,0.0
2000,China (private),Guinea,0.0
2000,China (private),Honduras,0.0
2000,China (private),IDA only,0.2528570700166039
2000,China (private),IDA total,0.15545153761698108
2000,China (private),India,0.0
2000,China (private),Indonesia,0.0
2000,China (private),"Iran, Islamic Rep.",0.4744744167834355
2000,China (private),Lao PDR,0.0
2000,China (private),Latin America & Caribbean (excluding high income),0.0
2000,China (private),Least developed countries: UN classification,0.28651475461265535
2000,China (private),Low & lower middle income,0.048961554604913915
2000,China (private),Low & middle income,0.018390879412676225
2000,China (private),Low income,0.003350911380707711
2000,China (private),Lower middle income,0.05256187507435586
2000,China (private),Maldives,0.0
2000,China (private),"Middle East, North Africa, Afghanistan & Pakistan (excluding high income)",0.07374904959757472
2000,China (private),Middle income,0.01868465100742144
2000,China (private),Moldova,0.0
2000,China (private),Mongolia,0.0
2000,China (private),Myanmar,2.1514846460908523
2000,China (private),Nicaragua,0.0
2000,China (private),Nigeria,0.0
2000,China (private),Pakistan,0.0
2000,China (private),Senegal,0.0
2000,China (private),South Asia,0.1242800020199363
2000,China (private),Sri Lanka,0.0
2000,China (private),Sub-Saharan Africa (excluding high income),0.0010346802543044103
2000,China (private),Sudan,0.009409292021017526
2000,China (private),Tanzania,0.0
2000,China (private),Turkiye,0.0
2000,China (private),Upper middle income,0.007545283431240236
2000,China (private),Uzbekistan,0.0
2000,China (private),Viet Nam,0.0
2000,China (private),Zambia,0.0
2001,China (bilateral),Africa (excluding high income),1.6570479852087783
2001,China (bilateral),Algeria,0.0
2001,China (bilateral),Angola,0.0
2001,China (bilateral),Argentina,0.0
2001,China (bilateral),Armenia,0.0
2001,China (bilateral),Bangladesh,1.309103399096454
2001,China (bilateral),Belarus,0.0
2001,China (bilateral),Benin,5.476907815307792
2001,China (bilateral),Bolivia,0.0
2001,China (bilateral),Bosnia and Herzegovina,0.0
2001,China (bilateral),Botswana,2.1507435765259473
2001,China (bilateral),Brazil,0.0
2001,China (bilateral),Burkina Faso,0.3851351115190326
2001,China (bilateral),Burundi,0.0
2001,China (bilateral),Cabo Verde,0.0
2001,China (bilateral),Cambodia,6.561903055829495
2001,China (bilateral),Cameroon,0.0
2001,China (bilateral),Central African Republic,0.0
2001,China (bilateral),Chad,0.0
2001,China (bilateral),Comoros,0.0
2001,China (bilateral),"Congo, Dem. Rep.",nan
2001,China (bilateral),"Congo, Rep.",3.902694122378328
2001,China (bilateral),Cote d'Ivoire,8.40291562980032
2001,China (bilateral),Djibouti,0.0
2001,China (bilateral),Dominica,8.413700626380448
2001,China (bilateral),Dominican Republic,1.1023101968092857
2001,China (bilateral),East Asia & Pacific (excluding high income),0.14333995474750563
2001,China (bilateral),Ecuador,0.010201142387852526
2001,China (bilateral),"Egypt, Arab Rep.",0.0
2001,China (bilateral),El Salvador,0.2879889494262673
2001,China (bilateral),Eritrea,0.0
2001,China (bilateral),Eswatini,0.0
2001,China (bilateral),Ethiopia,0.12617109918072839
2001,China (bilateral),Europe & Central Asia (excluding high income),1.5061714939338722
2001,China (bilateral),Fiji,0.0
2001,China (bilateral),Gabon,6.41275029648711
2001,China (bilateral),"Gambia, The",0.0
2001,China (bilateral),Georgia,0.0
2001,China (bilateral),Ghana,0.604262111736422
2001,China (bilateral),Grenada,0.0
2001,China (bilateral),Guatemala,0.32639009866059604
2001,China (bilateral),Guinea,0.0
2001,China (bilateral),Guyana,0.6767666091959299
2001,China (bilateral),Honduras,0.0
2001,China (bilateral),IDA only,3.7718376573706163
2001,China (bilateral),IDA total,2.7946500689360696
2001,China (bilateral),Indonesia,0.1589447312413389
2001,China (bilateral),"Iran, Islamic Rep.",4.515630496828381
2001,China (bilateral),Jamaica,0.0
2001,China (bilateral),Jordan,0.0
2001,China (bilateral),Kazakhstan,0.0
2001,China (bilateral),Kenya,0.0
2001,China (bilateral),Kyrgyz Republic,5.261075638445735
2001,China (bilateral),Lao PDR,8.845863041245275
2001,China (bilateral),Latin America & Caribbean (excluding high income),0.03441760586921181
2001,China (bilateral),Least developed countries: UN classification,3.95105792632052
2001,China (bilateral),Lebanon,0.07686051878016419
2001,China (bilateral),Lesotho,0.0
2001,China (bilateral),Liberia,nan
2001,China (bilateral),Low & lower middle income,1.0295031549777487
2001,China (bilateral),Low & middle income,0.5088572032482266
2001,China (bilateral),Low income,7.22367117409519
2001,China (bilateral),Lower middle income,0.3969591451159791
2001,China (bilateral),Madagascar,0.0
2001,China (bilateral),Malawi,0.0
2001,China (bilateral),Maldives,0.0
2001,China (bilateral),Mali,5.307843304640348
2001,China (bilateral),Mauritania,0.0
2001,China (bilateral),Mauritius,7.597697755756108
2001,China (bilateral),"Middle East, North Africa, Afghanistan & Pakistan (excluding high income)",0.9567958446688989
2001,China (bilateral),Middle income,0.3395703947994529
2001,China (bilateral),Mongolia,0.0
2001,China (bilateral),Morocco,0.0
2001,China (bilateral),Mozambique,2.222648965862099
2001,China (bilateral),Myanmar,13.274276855336048
2001,China (bilateral),Nepal,0.0
2001,China (bilateral),Nicaragua,0.6372135417771463
2001,China (bilateral),Niger,0.0
2001,China (bilateral),Nigeria,0.0
2001,China (bilateral),North Macedonia,2.610531979468209
2001,China (bilateral),Pakistan,1.7447974540848847
2001,China (bilateral),Papua New Guinea,0.0
2001,China (bilateral),Peru,0.0
2001,China (bilateral),Philippines,0.0
2001,China (bilateral),Rwanda,0.0
2001,China (bilateral),Samoa,0.0
2001,China (bilateral),Sao Tome and Principe,0.0
2001,China (bilateral),Senegal,0.0
2001,China (bilateral),Serbia,70.33144160326353
2001,China (bilateral),Sierra Leone,0.0
2001,China (bilateral),Solomon Islands,0.0
2001,China (bilateral),South Africa,0.0
2001,China (bilateral),South Asia,0.3690879035481025
2001,China (bilateral),Sri Lanka,2.0659568049850687
2001,China (bilateral),St. Vincent and the Grenadines,0.0
2001,China (bilateral),Sub-Saharan Africa (excluding high income),2.7682052910800827
2001,China (bilateral),Sudan,39.2362855045994
2001,China (bilateral),Tajikistan,0.0
2001,China (bilateral),Tanzania,1.580742350022946
2001,China (bilateral),Togo,7.679970863303311
2001,China (bilateral),Tonga,87.35888287749323
2001,China (bilateral),Tunisia,0.0
2001,China (bilateral),Turkiye,0.0
2001,China (bilateral),Turkmenistan,2.49050964902126
2001,China (bilateral),Uganda,0.023863209409826426
2001,China (bilateral),Ukraine,0.0
2001,China (bilateral),Upper middle income,0.320758070190267
2001,China (bilateral),Uzbekistan,0.0
2001,China (bilateral),Vanuatu,0.0
2001,China (bilateral),Viet Nam,0.0
2001,China (bilateral),"Yemen, Rep.",0.15784864335887716
2001,China (bilateral),Zambia,0.0
2001,China (bilateral),Zimbabwe,0.0
2001,China (private),Africa (excluding high income),0.004000142137688734
2001,China (private),Algeria,0.04910224714611358
2001,China (private),Angola,0.0
2001,China (private),Bangladesh,4.105008600359118
2001,China (private),Benin,0.0
2001,China (private),Brazil,0.00994474112066153
2001,China (private),Cameroon,0.0
2001,China (private),"Congo, Rep.",0.0
2001,China (private),Cote d'Ivoire,0.0
2001,China (private),East Asia & Pacific (excluding high income),0.0
2001,China (private),Ecuador,0.0
2001,China (private),"Egypt, Arab Rep.",0.0
2001,China (private),El Salvador,0.0
2001,China (private),Ethiopia,0.0
2001,China (private),Europe & Central Asia (excluding high income),0.0
2001,China (private),Gabon,0.0
2001,China (private),Ghana,0.0
2001,China (private),Guinea,0.0
2001,China (private),Honduras,0.0
2001,China (private),IDA only,0.5066447318796117
2001,China (private),IDA total,0.32324645912681416
2001,China (private),India,0.0
2001,China (private),Indonesia,0.0
2001,China (private),"Iran, Islamic Rep.",7.6558287754284775
2001,China (private),Lao PDR,0.0
2001,China (private),Latin America & Caribbean (excluding high income),0.002978267026872496
2001,China (private),Least developed countries: UN classification,0.5856073070138579
2001,China (private),Low & lower middle income,0.12042513726895226
2001,China (private),Low & middle income,0.17209282597288195
2001,China (private),Low income,0.0
2001,China (private),Lower middle income,0.1327228661941535
2001,China (private),Maldives,0.0
2001,China (private),"Middle East, North Africa, Afghanistan & Pakistan (excluding high income)",1.140273434279381
2001,China (private),Middle income,0.17643144881371764
2001,China (private),Moldova,0.0
2001,China (private),Mongolia,0.0
2001,China (private),Myanmar,0.0
2001,China (private),Nicaragua,0.0
2001,China (private),Nigeria,0.0
2001,China (private),Pakistan,0.0
2001,China (private),Senegal,0.0
2001,China (private),South Asia,0.6213586265534589
2001,China (private),Sri Lanka,0.0
2001,China (private),Sub-Saharan Africa (excluding high income),0.0
2001,China (private),Sudan,0.0
2001,China (private),Tanzania,0.0
2001,China (private),Turkiye,0.0
2001,China (private),Upper middle income,0.19075934478481843
2001,China (private),Uzbekistan,0.0
2001,China (private),Viet Nam,0.0
2001,China (private),Zambia,0.0
2002,China (bilateral),Africa (excluding high income),0.726977753760875
2002,China (bilateral),Algeria,0.05544719462993032
2002,China (bilateral),Angola,0.0
2002,China (bilateral),Argentina,0.0
2002,China (bilateral),Armenia,0.0
2002,China (bilateral),Bangladesh,4.001189387244168
2002,China (bilateral),Belarus,0.0
2002,China (bilateral),Benin,7.247744918310216
2002,China (bilateral),Bolivia,0.0
2002,China (bilateral),Bosnia and Herzegovina,0.0
2002,China (bilateral),Botswana,88.59712546875967
2002,China (bilateral),Brazil,0.0
2002,China (bilateral),Burkina Faso,0.0
2002,China (bilateral),Burundi,0.0
2002,China (bilateral),Cabo Verde,0.0
2002,China (bilateral),Cambodia,2.1530029101812245
2002,China (bilateral),Cameroon,0.22350214679601652
2002,China (bilateral),Central African Republic,0.0
2002,China (bilateral),Chad,0.0
2002,China (bilateral),Comoros,0.0
2002,China (bilateral),"Congo, Dem. Rep.",0.0
2002,China (bilateral),"Congo, Rep.",55.287149784188124
2002,China (bilateral),Cote d'Ivoire,0.8733773557122815
2002,China (bilateral),Djibouti,5.821743398489866
2002,China (bilateral),Dominica,2.454113823784829
2002,China (bilateral),Dominican Republic,0.0
2002,China (bilateral),East Asia & Pacific (excluding high income),0.19845958925724153
2002,China (bilateral),Ecuador,0.004873821012101909
2002,China (bilateral),"Egypt, Arab Rep.",0.0
2002,China (bilateral),El Salvador,0.0
2002,China (bilateral),Eritrea,3.1953032768107352
2002,China (bilateral),Eswatini,0.0
2002,China (bilateral),Ethiopia,0.07476729018871002
2002,China (bilateral),Europe & Central Asia (excluding high income),0.7452491326920648
2002,China (bilateral),Fiji,0.0
2002,China (bilateral),Gabon,25.370324744080158
2002,China (bilateral),"Gambia, The",0.0
2002,China (bilateral),Georgia,0.0
2002,China (bilateral),Ghana,8.23897133624789
2002,China (bilateral),Grenada,0.0
2002,China (bilateral),Guatemala,0.3031977793991898
2002,China (bilateral),Guinea,0.0
2002,China (bilateral),Guyana,4.442045869701761
2002,China (bilateral),Honduras,0.0
2002,China (bilateral),IDA only,2.116662728945681
2002,China (bilateral),IDA total,1.8885176402770159
2002,China (bilateral),Indonesia,0.0
2002,China (bilateral),"Iran, Islamic Rep.",1.2685212733424016
2002,China (bilateral),Jamaica,1.087636998162453
2002,China (bilateral),Jordan,0.0
2002,China (bilateral),Kazakhstan,0.0
2002,China (bilateral),Kenya,0.248337795323312
2002,China (bilateral),Kyrgyz Republic,5.316792040599053
2002,China (bilateral),Lao PDR,0.0
2002,China (bilateral),Latin America & Caribbean (excluding high income),0.023893806502635142
2002,China (bilateral),Least developed countries: UN classification,1.2002843879359073
2002,China (bilateral),Lebanon,0.0
2002,China (bilateral),Lesotho,2.414779707933254
2002,China (bilateral),Liberia,nan
2002,China (bilateral),Low & lower middle income,0.6961475130988661
2002,China (bilateral),Low & middle income,0.3444248897574844
2002,China (bilateral),Low income,1.088899230090281
2002,China (bilateral),Lower middle income,0.6529041606206475
2002,China (bilateral),Madagascar,0.0
2002,China (bilateral),Malawi,0.0
2002,China (bilateral),Maldives,0.0
2002,China (bilateral),Mali,0.0
2002,China (bilateral),Mauritania,0.19609335312376128
2002,China (bilateral),Mauritius,1.6031605219278788
2002,China (bilateral),"Middle East, North Africa, Afghanistan & Pakistan (excluding high income)",0.40814090446868856
2002,China (bilateral),Middle income,0.3190948849802826
2002,China (bilateral),Mongolia,0.05889831946511952
2002,China (bilateral),Morocco,0.0
2002,China (bilateral),Mozambique,0.0
2002,China (bilateral),Myanmar,15.226316422667491
2002,China (bilateral),Nepal,0.0
2002,China (bilateral),Nicaragua,0.43666817572968686
2002,China (bilateral),Niger,0.0
2002,China (bilateral),Nigeria,0.0
2002,China (bilateral),North Macedonia,28.00794191591974
2002,China (bilateral),Pakistan,1.4964057161880504
2002,China (bilateral),Papua New Guinea,0.0
2002,China (bilateral),Peru,0.0
2002,China (bilateral),Philippines,0.0
2002,China (bilateral),Rwanda,0.0
2002,China (bilateral),Samoa,0.0
2002,China (bilateral),Sao Tome and Principe,0.5970437857048458
2002,China (bilateral),Senegal,0.0
2002,China (bilateral),Serbia,0.0
2002,China (bilateral),Sierra Leone,0.0423948979878739
2002,China (bilateral),Solomon Islands,0.0
2002,China (bilateral),South Africa,0.0
2002,China (bilateral),South Asia,0.8649610538680711
2002,China (bilateral),Sri Lanka,5.645042892743631
2002,China (bilateral),St. Vincent and the Grenadines,0.0
2002,China (bilateral),Sub-Saharan Africa (excluding high income),1.0567253312527496
2002,China (bilateral),Sudan,27.348316064180953
2002,China (bilateral),Tajikistan,0.0
2002,China (bilateral),Tanzania,0.04995960958296942
2002,China (bilateral),Togo,0.0
2002,China (bilateral),Tonga,7.723228240945704
2002,China (bilateral),Tunisia,0.05893196981962231
2002,China (bilateral),Turkiye,0.0
2002,China (bilateral),Turkmenistan,55.714382837130835
2002,China (bilateral),Uganda,0.0
2002,China (bilateral),Ukraine,0.0
2002,China (bilateral),Upper middle income,0.16980988810294223
2002,China (bilateral),Uzbekistan,4.009400322138388
2002,China (bilateral),Vanuatu,0.0
2002,China (bilateral),Viet Nam,2.4359279476451285
2002,China (bilateral),"Yemen, Rep.",0.11514754571725776
2002,China (bilateral),Zambia,0.0
2002,China (bilateral),Zimbabwe,18.031941993456183
2002,China (private),Africa (excluding high income),0.0
2002,China (private),Algeria,0.0
2002,China (private),Angola,0.0
2002,China (private),Bangladesh,0.15245388062583223
2002,China (private),Benin,0.0
2002,China (private),Brazil,0.0
2002,China (private),Cameroon,0.0
2002,China (private),"Congo, Rep.",0.0
2002,China (private),Cote d'Ivoire,0.0
2002,China (private),East Asia & Pacific (excluding high income),0.0
2002,China (private),Ecuador,0.0
2002,China (private),"Egypt, Arab Rep.",0.0
2002,China (private),El Salvador,0.0
2002,China (private),Ethiopia,0.0
2002,China (private),Europe & Central Asia (excluding high income),0.0
2002,China (private),Gabon,0.0
2002,China (private),Ghana,0.0
2002,China (private),Guinea,0.0
2002,China (private),Honduras,0.0
2002,China (private),IDA only,0.015092750474024818
2002,China (private),IDA total,0.0255526266901512
2002,China (private),India,0.0
2002,China (private),Indonesia,0.0
2002,China (private),"Iran, Islamic Rep.",4.838494408234889
2002,China (private),Lao PDR,0.0
2002,China (private),Latin America & Caribbean (excluding high income),0.0
2002,China (private),Least developed countries: UN classification,0.01654344241590409
2002,China (private),Low & lower middle income,0.008581054546064905
2002,China (private),Low & middle income,0.09232674264254863
2002,China (private),Low income,0.0
2002,China (private),Lower middle income,0.009525858986928534
2002,China (private),Maldives,0.0
2002,China (private),"Middle East, North Africa, Afghanistan & Pakistan (excluding high income)",0.5879383758900354
2002,China (private),Middle income,0.09546806895226913
2002,China (private),Moldova,0.0
2002,China (private),Mongolia,0.0
2002,China (private),Myanmar,0.0
2002,China (private),Nicaragua,0.0
2002,China (private),Nigeria,0.0
2002,China (private),Pakistan,0.08047611000281776
2002,China (private),Senegal,0.0
2002,China (private),South Asia,0.014495441810645108
2002,China (private),Sri Lanka,0.0
2002,China (private),Sub-Saharan Africa (excluding high income),0.0
2002,China (private),Sudan,0.0
2002,China (private),Tanzania,0.0
2002,China (private),Turkiye,0.0
2002,China (private),Upper middle income,0.13390283839267883
2002,China (private),Uzbekistan,0.0
2002,China (private),Viet Nam,0.0
2002,China (private),Zambia,0.0
2003,China (bilateral),Africa (excluding high income),1.6108715364746888
2003,China (bilateral),Algeria,0.05706849811620928
2003,China (bilateral),Angola,0.0
2003,China (bilateral),Argentina,0.0
2003,China (bilateral),Armenia,0.0
2003,China (bilateral),Bangladesh,0.0
2003,China (bilateral),Belarus,0.0
2003,China (bilateral),Benin,2.87281044459059
2003,China (bilateral),Bolivia,0.0
2003,China (bilateral),Bosnia and Herzegovina,0.0
2003,China (bilateral),Botswana,56.78152556869281
2003,China (bilateral),Brazil,0.0
2003,China (bilateral),Burkina Faso,0.0
2003,China (bilateral),Burundi,0.0
2003,China (bilateral),Cabo Verde,0.0
2003,China (bilateral),Cambodia,0.0
2003,China (bilateral),Cameroon,0.805111843381121
2003,China (bilateral),Central African Republic,nan
2003,China (bilateral),Chad,0.0
2003,China (bilateral),Comoros,0.0
2003,China (bilateral),"Congo, Dem. Rep.",0.0
2003,China (bilateral),"Congo, Rep.",6.717480120321416
2003,China (bilateral),Cote d'Ivoire,4.7160110652805045
2003,China (bilateral),Djibouti,0.0
2003,China (bilateral),Dominica,4.34944311542183
2003,China (bilateral),Dominican Republic,0.0
2003,China (bilateral),East Asia & Pacific (excluding high income),0.2628246076690489
2003,China (bilateral),Ecuador,0.0013038883534360027
2003,China (bilateral),"Egypt, Arab Rep.",0.0
2003,China (bilateral),El Salvador,4.783254641332605
2003,China (bilateral),Eritrea,0.0
2003,China (bilateral),Eswatini,0.0
2003,China (bilateral),Ethiopia,0.0
2003,China (bilateral),Europe & Central Asia (excluding high income),0.2743065688690612
2003,China (bilateral),Fiji,0.0
2003,China (bilateral),Gabon,25.046850922216187
2003,China (bilateral),"Gambia, The",0.0
2003,China (bilateral),Georgia,0.0
2003,China (bilateral),Ghana,0.8834721734363599
2003,China (bilateral),Grenada,0.0
2003,China (bilateral),Guatemala,0.103881483667831
2003,China (bilateral),Guinea,0.0
2003,China (bilateral),Guyana,0.13923557840384845
2003,China (bilateral),Honduras,0.0
2003,China (bilateral),IDA only,2.8534863193805085
2003,China (bilateral),IDA total,2.92985147446782
2003,China (bilateral),Indonesia,0.0
2003,China (bilateral),"Iran, Islamic Rep.",2.6520138030320477
2003,China (bilateral),Jamaica,0.0
2003,China (bilateral),Jordan,0.28967946388686333
2003,China (bilateral),Kazakhstan,0.0
2003,China (bilateral),Kenya,0.024417950485761928
2003,China (bilateral),Kyrgyz Republic,3.770345936288536
2003,China (bilateral),Lao PDR,13.479075256185576
2003,China (bilateral),Latin America & Caribbean (excluding high income),0.06237022546270934
2003,China (bilateral),Least developed countries: UN classification,2.531135247255909
2003,China (bilateral),Lebanon,0.0
2003,China (bilateral),Lesotho,0.0
2003,China (bilateral),Liberia,nan
2003,China (bilateral),Low & lower middle income,0.9982226961222246
2003,China (bilateral),Low & middle income,0.42812860158275345
2003,China (bilateral),Low income,5.091434228189003
2003,China (bilateral),Lower middle income,0.5813580643247293
2003,China (bilateral),Madagascar,0.0
2003,China (bilateral),Malawi,0.0
2003,China (bilateral),Maldives,0.0
2003,China (bilateral),Mali,9.171135802429538
2003,China (bilateral),Mauritania,0.0
2003,China (bilateral),Mauritius,4.386952579156945
2003,China (bilateral),"Middle East, North Africa, Afghanistan & Pakistan (excluding high income)",0.8805204958564993
2003,China (bilateral),Middle income,0.29824575462962033
2003,China (bilateral),Mongolia,0.0
2003,China (bilateral),Morocco,0.0
2003,China (bilateral),Mozambique,0.0
2003,China (bilateral),Myanmar,16.032453199140328
2003,China (bilateral),Nepal,0.0
2003,China (bilateral),Nicaragua,0.24807856134879036
2003,China (bilateral),Niger,0.0
2003,China (bilateral),Nigeria,21.465593143157196
2003,China (bilateral),North Macedonia,10.72500133317725
2003,China (bilateral),Pakistan,3.552995871648467
2003,China (bilateral),Papua New Guinea,0.0
2003,China (bilateral),Peru,0.0
2003,China (bilateral),Philippines,0.015157822264961106
2003,China (bilateral),Rwanda,0.0
2003,China (bilateral),Samoa,0.0
2003,China (bilateral),Sao Tome and Principe,0.0
2003,China (bilateral),Senegal,0.0
2003,China (bilateral),Serbia,0.0
2003,China (bilateral),Sierra Leone,0.0
2003,China (bilateral),Solomon Islands,0.0
2003,China (bilateral),South Africa,0.0
2003,China (bilateral),South Asia,0.3104315874442597
2003,China (bilateral),Sri Lanka,2.771002422475363
2003,China (bilateral),St. Vincent and the Grenadines,0.0
2003,China (bilateral),Sub-Saharan Africa (excluding high income),2.659036916275719
2003,China (bilateral),Sudan,70.43682616593814
2003,China (bilateral),Tajikistan,0.0
2003,China (bilateral),Tanzania,0.8464143425674828
2003,China (bilateral),Togo,0.0
2003,China (bilateral),Tonga,22.279093919224206
2003,China (bilateral),Tunisia,0.019386801978966983
2003,China (bilateral),Turkiye,0.0
2003,China (bilateral),Turkmenistan,9.234364139462826
2003,China (bilateral),Uganda,0.0
2003,China (bilateral),Ukraine,0.0
2003,China (bilateral),Upper middle income,0.19167481419924215
2003,China (bilateral),Uzbekistan,1.6795414744152062
2003,China (bilateral),Vanuatu,0.0
2003,China (bilateral),Viet Nam,0.9739270172068113
2003,China (bilateral),"Yemen, Rep.",2.330628475178369
2003,China (bilateral),Zambia,0.0
2003,China (bilateral),Zimbabwe,30.426413271537395
2003,China (private),Africa (excluding high income),0.0
2003,China (private),Algeria,0.0
2003,China (private),Angola,0.0
2003,China (private),Bangladesh,0.0
2003,China (private),Benin,0.0
2003,China (private),Brazil,0.0
2003,China (private),Cameroon,0.0
2003,China (private),"Congo, Rep.",0.0
2003,China (private),Cote d'Ivoire,0.0
2003,China (private),East Asia & Pacific (excluding high income),0.0
2003,China (private),Ecuador,0.0
2003,China (private),"Egypt, Arab Rep.",0.0
2003,China (private),El Salvador,0.0
2003,China (private),Ethiopia,0.0
2003,China (private),Europe & Central Asia (excluding high income),0.06109737875042716
2003,China (private),Gabon,0.0
2003,China (private),Ghana,0.0
2003,China (private),Guinea,0.0
2003,China (private),Honduras,0.0
2003,China (private),IDA only,0.0
2003,China (private),IDA total,0.44626613966010514
2003,China (private),India,0.0
2003,China (private),Indonesia,0.0
2003,China (private),"Iran, Islamic Rep.",1.1258473541163436
2003,China (private),Lao PDR,0.0
2003,China (private),Latin America & Caribbean (excluding high income),0.0
2003,China (private),Least developed countries: UN classification,0.0
2003,China (private),Low & lower middle income,0.14552358259679476
2003,China (private),Low & middle income,0.06844813210699274
2003,China (private),Low income,0.0
2003,China (private),Lower middle income,0.16034412978860688
2003,China (private),Maldives,0.0
2003,China (private),"Middle East, North Africa, Afghanistan & Pakistan (excluding high income)",0.5565541252202122
2003,China (private),Middle income,0.07035455621438078
2003,China (private),Moldova,0.0
2003,China (private),Mongolia,0.0
2003,China (private),Myanmar,0.0
2003,China (private),Nicaragua,0.0
2003,China (private),Nigeria,0.0
2003,China (private),Pakistan,4.060339446963864
2003,China (private),Senegal,0.0
2003,China (private),South Asia,0.0
2003,China (private),Sri Lanka,0.0
2003,China (private),Sub-Saharan Africa (excluding high income),0.0
2003,China (private),Sudan,0.0
2003,China (private),Tanzania,0.0
2003,China (private),Turkiye,0.0
2003,China (private),Upper middle income,0.03648010725431259
2003,China (private),Uzbekistan,1.6153373317982695
2003,China (private),Viet Nam,0.0
2003,China (private),Zambia,0.0
2004,China (bilateral),Africa (excluding high income),2.412633656029781
2004,China (bilateral),Algeria,0.09831405597200561
2004,China (bilateral),Angola,0.15956077890698236
2004,China (bilateral),Argentina,0.0
2004,China (bilateral),Armenia,0.0
2004,China (bilateral),Bangladesh,0.005345831863592714
2004,China (bilateral),Belarus,0.0
2004,China (bilateral),Benin,4.376841297892567
2004,China (bilateral),Bolivia,0.0
2004,China (bilateral),Bosnia and Herzegovina,0.0
2004,China (bilateral),Botswana,79.54945732441251
2004,China (bilateral),Brazil,0.0
2004,China (bilateral),Burkina Faso,10.343092062735568
2004,China (bilateral),Burundi,0.0
2004,China (bilateral),Cabo Verde,0.0
2004,China (bilateral),Cambodia,13.496151138309623
2004,China (bilateral),Cameroon,0.0
2004,China (bilateral),Central African Republic,nan
2004,China (bilateral),Chad,0.0
2004,China (bilateral),Comoros,0.0
2004,China (bilateral),"Congo, Dem. Rep.",0.0
2004,China (bilateral),"Congo, Rep.",23.96986500068102
2004,China (bilateral),Cote d'Ivoire,18.217955070250788
2004,China (bilateral),Djibouti,0.0
2004,China (bilateral),Dominica,0.0
2004,China (bilateral),Dominican Republic,0.2331226675194854
2004,China (bilateral),East Asia & Pacific (excluding high income),1.1286984275550136
2004,China (bilateral),Ecuador,0.0
2004,China (bilateral),"Egypt, Arab Rep.",0.0
2004,China (bilateral),El Salvador,1.0126184914339929
2004,China (bilateral),Eritrea,0.0
2004,China (bilateral),Eswatini,0.0
2004,China (bilateral),Ethiopia,3.5348704742193555
2004,China (bilateral),Europe & Central Asia (excluding high income),0.4931891491569232
2004,China (bilateral),Fiji,0.0
2004,China (bilateral),Gabon,6.113877417689525
2004,China (bilateral),"Gambia, The",0.0
2004,China (bilateral),Georgia,0.0
2004,China (bilateral),Ghana,0.4745058084569248
2004,China (bilateral),Grenada,0.0
2004,China (bilateral),Guatemala,0.4803745035754037
2004,China (bilateral),Guinea,2.8301765807179806
2004,China (bilateral),Guyana,0.0
2004,China (bilateral),Honduras,0.0
2004,China (bilateral),IDA only,3.5520214678768993
2004,China (bilateral),IDA total,4.851995205538558
2004,China (bilateral),Indonesia,0.06715064662640308
2004,China (bilateral),"Iran, Islamic Rep.",2.631918706055122
2004,China (bilateral),Jamaica,0.0
2004,China (bilateral),Jordan,0.0
2004,China (bilateral),Kazakhstan,0.0
2004,China (bilateral),Kenya,1.3193076420151864
2004,China (bilateral),Kyrgyz Republic,0.0
2004,China (bilateral),Lao PDR,28.412545612657585
2004,China (bilateral),Latin America & Caribbean (excluding high income),0.019252340646863247
2004,China (bilateral),Least developed countries: UN classification,3.3588408878049587
2004,China (bilateral),Lebanon,0.0
2004,China (bilateral),Lesotho,0.0
2004,China (bilateral),Liberia,nan
2004,China (bilateral),Low & lower middle income,1.9048125801613334
2004,China (bilateral),Low & middle income,0.7896254768064817
2004,China (bilateral),Low income,5.842315199212987
2004,China (bilateral),Lower middle income,1.5169794138733776
2004,China (bilateral),Madagascar,0.0
2004,China (bilateral),Malawi,0.0
2004,China (bilateral),Maldives,0.0
2004,China (bilateral),Mali,3.7635793189857143
2004,China (bilateral),Mauritania,0.0
2004,China (bilateral),Mauritius,8.933903717033983
2004,China (bilateral),"Middle East, North Africa, Afghanistan & Pakistan (excluding high income)",1.4236694548123272
2004,China (bilateral),Middle income,0.6317333269731901
2004,China (bilateral),Mongolia,0.0
2004,China (bilateral),Morocco,0.0
2004,China (bilateral),Mozambique,0.0
2004,China (bilateral),Myanmar,19.239406725554
2004,China (bilateral),Nepal,0.0
2004,China (bilateral),Nicaragua,0.0
2004,China (bilateral),Niger,0.0
2004,China (bilateral),Nigeria,17.900669364911852
2004,China (bilateral),North Macedonia,5.488519322318035
2004,China (bilateral),Pakistan,7.626886081250718
2004,China (bilateral),Papua New Guinea,0.0
2004,China (bilateral),Peru,0.0
2004,China (bilateral),Philippines,1.684074001675031
2004,China (bilateral),Rwanda,0.0
2004,China (bilateral),Samoa,0.0
2004,China (bilateral),Sao Tome and Principe,0.0
2004,China (bilateral),Senegal,0.0
2004,China (bilateral),Serbia,11.674377143046145
2004,China (bilateral),Sierra Leone,0.0
2004,China (bilateral),Solomon Islands,0.0
2004,China (bilateral),South Africa,0.0
2004,China (bilateral),South Asia,0.15110608542646023
2004,China (bilateral),Sri Lanka,2.243661749774532
2004,China (bilateral),St. Vincent and the Grenadines,0.0
2004,China (bilateral),Sub-Saharan Africa (excluding high income),3.6892988989948967
2004,China (bilateral),Sudan,46.135818053757085
2004,China (bilateral),Tajikistan,0.0
2004,China (bilateral),Tanzania,0.0
2004,China (bilateral),Togo,0.0
2004,China (bilateral),Tonga,0.0
2004,China (bilateral),Tunisia,0.04530388975332294
2004,China (bilateral),Turkiye,0.0
2004,China (bilateral),Turkmenistan,9.729742525798278
2004,China (bilateral),Uganda,0.0
2004,China (bilateral),Ukraine,0.0
2004,China (bilateral),Upper middle income,0.22037358374316032
2004,China (bilateral),Uzbekistan,0.0
2004,China (bilateral),Vanuatu,nan
2004,China (bilateral),Viet Nam,3.265494298110605
2004,China (bilateral),"Yemen, Rep.",5.430939831303893
2004,China (bilateral),Zambia,0.0
2004,China (bilateral),Zimbabwe,79.80852412520561
2004,China (private),Africa (excluding high income),0.0048127492017100235
2004,China (private),Algeria,0.043306338867553876
2004,China (private),Angola,0.0
2004,China (private),Bangladesh,0.0
2004,China (private),Benin,0.0
2004,China (private),Brazil,0.0
2004,China (private),Cameroon,0.0
2004,China (private),"Congo, Rep.",0.0
2004,China (private),Cote d'Ivoire,0.0
2004,China (private),East Asia & Pacific (excluding high income),0.0
2004,China (private),Ecuador,0.0
2004,China (private),"Egypt, Arab Rep.",0.0
2004,China (private),El Salvador,0.0
2004,China (private),Ethiopia,0.0
2004,China (private),Europe & Central Asia (excluding high income),0.08417355150406479
2004,China (private),Gabon,0.0
2004,China (private),Ghana,0.0
2004,China (private),Guinea,0.0
2004,China (private),Honduras,0.0
2004,China (private),IDA only,0.0
2004,China (private),IDA total,0.24574593961631802
2004,China (private),India,0.0
2004,China (private),Indonesia,0.0
2004,China (private),"Iran, Islamic Rep.",0.6432581854389915
2004,China (private),Lao PDR,0.0
2004,China (private),Latin America & Caribbean (excluding high income),0.0
2004,China (private),Least developed countries: UN classification,0.0
2004,China (private),Low & lower middle income,0.07596237332518221
2004,China (private),Low & middle income,0.03789018755696701
2004,China (private),Low income,0.0
2004,China (private),Lower middle income,0.08344445793965512
2004,China (private),Maldives,0.0
2004,China (private),"Middle East, North Africa, Afghanistan & Pakistan (excluding high income)",0.20333958330517357
2004,China (private),Middle income,0.0390742228925282
2004,China (private),Moldova,0.0
2004,China (private),Mongolia,0.0
2004,China (private),Myanmar,0.0
2004,China (private),Nicaragua,0.0
2004,China (private),Nigeria,0.0
2004,China (private),Pakistan,0.8623282781771618
2004,China (private),Senegal,0.0
2004,China (private),South Asia,0.0
2004,China (private),Sri Lanka,0.0
2004,China (private),Sub-Saharan Africa (excluding high income),0.0
2004,China (private),Sudan,0.0
2004,China (private),Tanzania,0.0
2004,China (private),Turkiye,0.0
2004,China (private),Upper middle income,0.018456082054476533
2004,China (private),Uzbekistan,2.8637257202941293
2004,China (private),Viet Nam,0.0
2004,China (private),Zambia,0.0
2005,China (bilateral),Africa (excluding high income),2.0072231720071168
2005,China (bilateral),Algeria,0.11000792736812345
2005,China (bilateral),Angola,3.4669236444922618
2005,China (bilateral),Argentina,0.0
2005,China (bilateral),Armenia,0.0
2005,China (bilateral),Bangladesh,0.0
2005,China (bilateral),Belarus,13.691652789002163
2005,China (bilateral),Benin,4.362925682227408
2005,China (bilateral),Bolivia,5.032354343541633
2005,China (bilateral),Bosnia and Herzegovina,0.0
2005,China (bilateral),Botswana,53.09644747169011
2005,China (bilateral),Brazil,0.0
2005,China (bilateral),Burkina Faso,0.24254936896444593
2005,China (bilateral),Burundi,0.0
2005,China (bilateral),Cabo Verde,0.0
2005,China (bilateral),Cambodia,1.2696436608796795
2005,China (bilateral),Cameroon,7.8438669697509456
2005,China (bilateral),Central African Republic,nan
2005,China (bilateral),Chad,0.0
2005,China (bilateral),Comoros,0.0
2005,China (bilateral),"Congo, Dem. Rep.",0.0
2005,China (bilateral),"Congo, Rep.",7.410436950076211
2005,China (bilateral),Cote d'Ivoire,2.9208166195153242
2005,China (bilateral),Djibouti,0.0
2005,China (bilateral),Dominica,0.0
2005,China (bilateral),Dominican Republic,0.12704189425795032
2005,China (bilateral),East Asia & Pacific (excluding high income),0.42728215034392186
2005,China (bilateral),Ecuador,0.0
2005,China (bilateral),"Egypt, Arab Rep.",0.0
2005,China (bilateral),El Salvador,0.15193506419704916
2005,China (bilateral),Eritrea,0.0
2005,China (bilateral),Eswatini,0.0
2005,China (bilateral),Ethiopia,0.0
2005,China (bilateral),Europe & Central Asia (excluding high income),0.43173296935307787
2005,China (bilateral),Fiji,0.0
2005,China (bilateral),Gabon,10.464981792418117
2005,China (bilateral),"Gambia, The",0.0
2005,China (bilateral),Georgia,0.0
2005,China (bilateral),Ghana,0.6009581975251355
2005,China (bilateral),Grenada,0.0
2005,China (bilateral),Guatemala,0.0
2005,China (bilateral),Guinea,5.802663081496
2005,China (bilateral),Guyana,19.818803108839173
2005,China (bilateral),Honduras,0.0
2005,China (bilateral),IDA only,3.343755817111128
2005,China (bilateral),IDA total,3.9386327042244362
2005,China (bilateral),Indonesia,0.037722077906152215
2005,China (bilateral),"Iran, Islamic Rep.",15.228217848149118
2005,China (bilateral),Jamaica,1.4540179195509169
2005,China (bilateral),Jordan,1.8558358918269713
2005,China (bilateral),Kazakhstan,0.0
2005,China (bilateral),Kenya,5.990645439252329
2005,China (bilateral),Kyrgyz Republic,0.0
2005,China (bilateral),Lao PDR,18.737614645642093
2005,China (bilateral),Latin America & Caribbean (excluding high income),0.13948781466410043
2005,China (bilateral),Least developed countries: UN classification,3.8871409432934567
2005,China (bilateral),Lebanon,0.0
2005,China (bilateral),Lesotho,0.0
2005,China (bilateral),Liberia,nan
2005,China (bilateral),Low & lower middle income,1.6708866210551099
2005,China (bilateral),Low & middle income,0.9486884846067195
2005,China (bilateral),Low income,4.139843938593734
2005,China (bilateral),Lower middle income,1.4047678624672209
2005,China (bilateral),Madagascar,0.0
2005,China (bilateral),Malawi,0.0
2005,China (bilateral),Maldives,0.0
2005,China (bilateral),Mali,0.0
2005,China (bilateral),Mauritania,0.0
2005,China (bilateral),Mauritius,2.4293717364559315
2005,China (bilateral),"Middle East, North Africa, Afghanistan & Pakistan (excluding high income)",3.460194218135832
2005,China (bilateral),Middle income,0.8492512619357631
2005,China (bilateral),Mongolia,0.0
2005,China (bilateral),Morocco,0.0
2005,China (bilateral),Mozambique,0.0
2005,China (bilateral),Myanmar,52.832027317843085
2005,China (bilateral),Nepal,0.0
2005,China (bilateral),Nicaragua,0.0
2005,China (bilateral),Niger,0.0
2005,China (bilateral),Nigeria,15.523320972122823
2005,China (bilateral),North Macedonia,0.0
2005,China (bilateral),Pakistan,3.3892423602986175
2005,China (bilateral),Papua New Guinea,0.0
2005,China (bilateral),Peru,0.0
2005,China (bilateral),Philippines,0.21642433531519847
2005,China (bilateral),Rwanda,0.0
2005,China (bilateral),Samoa,0.0
2005,China (bilateral),Sao Tome and Principe,0.0
2005,China (bilateral),Senegal,0.0
2005,China (bilateral),Serbia,0.0
2005,China (bilateral),Sierra Leone,0.0
2005,China (bilateral),Solomon Islands,0.0
2005,China (bilateral),South Africa,0.0
2005,China (bilateral),South Asia,0.11386775391241703
2005,China (bilateral),Sri Lanka,1.203951841075903
2005,China (bilateral),St. Vincent and the Grenadines,0.0
2005,China (bilateral),Sub-Saharan Africa (excluding high income),3.053813630087278
2005,China (bilateral),Sudan,33.21363412836148
2005,China (bilateral),Tajikistan,0.0
2005,China (bilateral),Tanzania,0.40328027803482785
2005,China (bilateral),Togo,0.0
2005,China (bilateral),Tonga,0.0
2005,China (bilateral),Tunisia,0.031997704117058566
2005,China (bilateral),Turkiye,0.0
2005,China (bilateral),Turkmenistan,20.00777797441284
2005,China (bilateral),Uganda,0.0
2005,China (bilateral),Ukraine,0.0
2005,China (bilateral),Upper middle income,0.6233472228162602
2005,China (bilateral),Uzbekistan,3.790607660652514
2005,China (bilateral),Vanuatu,nan
2005,China (bilateral),Viet Nam,0.20546178419536557
2005,China (bilateral),"Yemen, Rep.",9.11168452782592
2005,China (bilateral),Zambia,0.0
2005,China (bilateral),Zimbabwe,9.223989704048565
2005,China (private),Africa (excluding high income),0.8701556310128372
2005,China (private),Algeria,0.0
2005,China (private),Angola,0.6505701710966655
2005,China (private),Bangladesh,0.0
2005,China (private),Benin,0.0
2005,China (private),Brazil,0.0
2005,China (private),Cameroon,0.0
2005,China (private),"Congo, Rep.",64.56305890293706
2005,China (private),Cote d'Ivoire,0.0
2005,China (private),East Asia & Pacific (excluding high income),0.0
2005,China (private),Ecuador,0.0
2005,China (private),"Egypt, Arab Rep.",0.0
2005,China (private),El Salvador,0.0
2005,China (private),Ethiopia,0.0
2005,China (private),Europe & Central Asia (excluding high income),0.03994049790400481
2005,China (private),Gabon,0.0
2005,China (private),Ghana,0.0
2005,China (private),Guinea,0.0
2005,China (private),Honduras,0.0
2005,China (private),IDA only,0.0
2005,China (private),IDA total,1.2414851016878756
2005,China (private),India,0.0
2005,China (private),Indonesia,0.0
2005,China (private),"Iran, Islamic Rep.",2.6191974296308302
2005,China (private),Lao PDR,0.0
2005,China (private),Latin America & Caribbean (excluding high income),0.0
2005,China (private),Least developed countries: UN classification,0.2350034506517054
2005,China (private),Low & lower middle income,0.48720065700169946
2005,China (private),Low & middle income,0.21059670629539534
2005,China (private),Low income,0.0
2005,China (private),Lower middle income,0.5397140127828968
2005,China (private),Maldives,0.0
2005,China (private),"Middle East, North Africa, Afghanistan & Pakistan (excluding high income)",0.5500821719009004
2005,China (private),Middle income,0.21715895369437477
2005,China (private),Moldova,0.0
2005,China (private),Mongolia,0.0
2005,China (private),Myanmar,0.0
2005,China (private),Nicaragua,0.0
2005,China (private),Nigeria,6.898362997667668
2005,China (private),Pakistan,0.5317247159335968
2005,China (private),Senegal,0.0
2005,China (private),South Asia,0.0
2005,China (private),Sri Lanka,0.0
2005,China (private),Sub-Saharan Africa (excluding high income),1.3280216495947137
2005,China (private),Sudan,0.0
2005,China (private),Tanzania,0.0
2005,China (private),Turkiye,0.0
2005,China (private),Upper middle income,0.08599007302219266
2005,China (private),Uzbekistan,1.7528971563044826
2005,China (private),Viet Nam,0.0
2005,China (private),Zambia,0.0
2006,China (bilateral),Africa (excluding high income),7.844891473921288
2006,China (bilateral),Algeria,0.17200763496610558
2006,China (bilateral),Angola,27.75256134683061
2006,China (bilateral),Argentina,0.0
2006,China (bilateral),Armenia,0.0
2006,China (bilateral),Bangladesh,0.0
2006,China (bilateral),Belarus,33.32594900118535
2006,China (bilateral),Benin,36.74935443536255
2006,China (bilateral),Bolivia,3.7714340338219356
2006,China (bilateral),Bosnia and Herzegovina,0.0
2006,China (bilateral),Botswana,62.91670318994856
2006,China (bilateral),Brazil,0.0
2006,China (bilateral),Burkina Faso,0.0
2006,China (bilateral),Burundi,0.0
2006,China (bilateral),Cabo Verde,0.0
2006,China (bilateral),Cambodia,28.471768158935664
2006,China (bilateral),Cameroon,0.3685898187921774
2006,China (bilateral),Central African Republic,nan
2006,China (bilateral),Chad,0.0
2006,China (bilateral),Comoros,0.0
2006,China (bilateral),"Congo, Dem. Rep.",0.17158537004628968
2006,China (bilateral),"Congo, Rep.",8.026961147040605
2006,China (bilateral),Cote d'Ivoire,0.9231961509021008
2006,China (bilateral),Djibouti,0.0
2006,China (bilateral),Dominica,0.0
2006,China (bilateral),Dominican Republic,0.06348239626274375
2006,China (bilateral),East Asia & Pacific (excluding high income),1.1524983998654845
2006,China (bilateral),Ecuador,0.0
2006,China (bilateral),"Egypt, Arab Rep.",0.3872389023200353
2006,China (bilateral),El Salvador,0.08390009745352169
2006,China (bilateral),Eritrea,0.0
2006,China (bilateral),Eswatini,0.0
2006,China (bilateral),Ethiopia,0.0
2006,China (bilateral),Europe & Central Asia (excluding high income),0.8427968516622354
2006,China (bilateral),Fiji,1.8223652121449285
2006,China (bilateral),Gabon,4.9187906232556475
2006,China (bilateral),"Gambia, The",0.0
2006,China (bilateral),Georgia,0.0
2006,China (bilateral),Ghana,0.5848901634249695
2006,China (bilateral),Grenada,0.0
2006,China (bilateral),Guatemala,0.0
2006,China (bilateral),Guinea,19.278813721176775
2006,China (bilateral),Guyana,18.970316767705317
2006,China (bilateral),Honduras,0.0
2006,China (bilateral),IDA only,6.962654183287091
2006,China (bilateral),IDA total,9.448023717233568
2006,China (bilateral),Indonesia,0.7159515507642967
2006,China (bilateral),"Iran, Islamic Rep.",9.858413218132101
2006,China (bilateral),Jamaica,2.7359114003883636
2006,China (bilateral),Jordan,0.3943408524242628
2006,China (bilateral),Kazakhstan,0.0
2006,China (bilateral),Kenya,11.960994967994315
2006,China (bilateral),Kyrgyz Republic,0.0
2006,China (bilateral),Lao PDR,20.355836724331105
2006,China (bilateral),Latin America & Caribbean (excluding high income),0.09717372438334472
2006,China (bilateral),Least developed countries: UN classification,11.552930652489996
2006,China (bilateral),Lebanon,0.0
2006,China (bilateral),Lesotho,0.0
2006,China (bilateral),Liberia,nan
2006,China (bilateral),Low & lower middle income,4.368634387627556
2006,China (bilateral),Low & middle income,1.769200305375302
2006,China (bilateral),Low income,7.689792604258747
2006,China (bilateral),Lower middle income,4.042254538885655
2006,China (bilateral),Madagascar,0.4530237204970812
2006,China (bilateral),Malawi,0.0
2006,China (bilateral),Maldives,0.0
2006,China (bilateral),Mali,0.0
2006,China (bilateral),Mauritania,0.0
2006,China (bilateral),Mauritius,4.749317062676429
2006,China (bilateral),"Middle East, North Africa, Afghanistan & Pakistan (excluding high income)",3.831661936260477
2006,China (bilateral),Middle income,1.5850633752540508
2006,China (bilateral),Mongolia,0.0
2006,China (bilateral),Montenegro,0.0
2006,China (bilateral),Morocco,0.12757331591203663
2006,China (bilateral),Mozambique,0.6067016465706464
2006,China (bilateral),Myanmar,56.61012633663324
2006,China (bilateral),Nepal,0.0
2006,China (bilateral),Nicaragua,0.0
2006,China (bilateral),Niger,0.0
2006,China (bilateral),Nigeria,38.693088433732115
2006,China (bilateral),North Macedonia,0.0
2006,China (bilateral),Pakistan,10.34484242258841
2006,China (bilateral),Papua New Guinea,0.0
2006,China (bilateral),Peru,0.0
2006,China (bilateral),Philippines,0.9087814914475788
2006,China (bilateral),Rwanda,0.0
2006,China (bilateral),Samoa,0.0
2006,China (bilateral),Sao Tome and Principe,0.0
2006,China (bilateral),Senegal,0.24264735848557284
2006,China (bilateral),Serbia,0.0
2006,China (bilateral),Sierra Leone,0.0
2006,China (bilateral),Solomon Islands,0.0
2006,China (bilateral),South Africa,0.0
2006,China (bilateral),South Asia,0.08877294235181717
2006,China (bilateral),Sri Lanka,1.0276376050927973
2006,China (bilateral),St. Vincent and the Grenadines,0.0
2006,China (bilateral),Sub-Saharan Africa (excluding high income),11.149181289615095
2006,China (bilateral),Sudan,48.46478629091403
2006,China (bilateral),Tajikistan,22.37126317345721
2006,China (bilateral),Tanzania,0.4652066569400395
2006,China (bilateral),Togo,5.4809910815338
2006,China (bilateral),Tonga,0.0
2006,China (bilateral),Tunisia,0.9092507480308893
2006,China (bilateral),Turkiye,0.0
2006,China (bilateral),Turkmenistan,55.34395325690458
2006,China (bilateral),Uganda,0.0
2006,China (bilateral),Ukraine,0.0
2006,China (bilateral),Upper middle income,0.4473635301435158
2006,China (bilateral),Uzbekistan,10.512000983989015
2006,China (bilateral),Vanuatu,nan
2006,China (bilateral),Viet Nam,0.37779257925347653
2006,China (bilateral),"Yemen, Rep.",3.3744680286490594
2006,China (bilateral),Zambia,30.206235877851668
2006,China (bilateral),Zimbabwe,88.08712400360207
2006,China (private),Africa (excluding high income),1.0989399309959196
2006,China (private),Algeria,0.0
2006,China (private),Angola,0.5224263669518885
2006,China (private),Bangladesh,0.0
2006,China (private),Benin,0.0
2006,China (private),Brazil,0.0
2006,China (private),Cameroon,0.0
2006,China (private),"Congo, Rep.",76.15617518099766
2006,China (private),Cote d'Ivoire,0.0
2006,China (private),East Asia & Pacific (excluding high income),0.06428261520619784
2006,China (private),Ecuador,0.0
2006,China (private),"Egypt, Arab Rep.",0.0
2006,China (private),El Salvador,0.0
2006,China (private),Ethiopia,0.0
2006,China (private),Europe & Central Asia (excluding high income),0.0
2006,China (private),Gabon,0.0
2006,China (private),Ghana,0.0
2006,China (private),Guinea,0.0
2006,China (private),Honduras,0.0
2006,China (private),IDA only,0.0
2006,China (private),IDA total,1.1654073123539235
2006,China (private),India,1.8794439773101026
2006,China (private),Indonesia,0.0
2006,China (private),"Iran, Islamic Rep.",1.3717980460427295
2006,China (private),Lao PDR,0.0
2006,China (private),Latin America & Caribbean (excluding high income),0.0
2006,China (private),Least developed countries: UN classification,0.07964992782699311
2006,China (private),Low & lower middle income,0.8132162324345023
2006,China (private),Low & middle income,0.30791807180607145
2006,China (private),Low income,0.0
2006,China (private),Lower middle income,0.8931333497845022
2006,China (private),Maldives,0.0
2006,China (private),"Middle East, North Africa, Afghanistan & Pakistan (excluding high income)",0.2981047036843465
2006,China (private),Middle income,0.3174946623917663
2006,China (private),Moldova,0.0
2006,China (private),Mongolia,20.23454514144966
2006,China (private),Myanmar,0.0
2006,China (private),Nicaragua,0.0
2006,China (private),Nigeria,4.27967630080352
2006,China (private),Pakistan,0.5750277142786979
2006,China (private),Senegal,0.0
2006,China (private),South Asia,1.4812891120208096
2006,China (private),Sri Lanka,0.0
2006,China (private),Sub-Saharan Africa (excluding high income),1.5873905067689988
2006,China (private),Sudan,0.0
2006,China (private),Tanzania,0.0
2006,China (private),Turkiye,0.0
2006,China (private),Upper middle income,0.050969185994385796
2006,China (private),Uzbekistan,0.0
2006,China (private),Viet Nam,0.0
2006,China (private),Zambia,0.0
2007,China (bilateral),Africa (excluding high income),5.854609260220409
2007,China (bilateral),Algeria,0.20068335987125974
2007,China (bilateral),Angola,9.766005916200152
2007,China (bilateral),Argentina,0.0
2007,China (bilateral),Armenia,0.0
2007,China (bilateral),Bangladesh,0.0
2007,China (bilateral),Belarus,3.135211886165476
2007,China (bilateral),Benin,11.479973619044005
2007,China (bilateral),Bolivia,0.1772387419309604
2007,China (bilateral),Bosnia and Herzegovina,0.0
2007,China (bilateral),Botswana,52.11553463434981
2007,China (bilateral),Brazil,0.0011774485259332056
2007,China (bilateral),Burkina Faso,0.0
2007,China (bilateral),Burundi,0.0
2007,China (bilateral),Cabo Verde,0.0
2007,China (bilateral),Cambodia,7.128896511201239
2007,China (bilateral),Cameroon,18.97994873699079
2007,China (bilateral),Central African Republic,0.0
2007,China (bilateral),Chad,0.0
2007,China (bilateral),Comoros,0.0
2007,China (bilateral),"Congo, Dem. Rep.",0.2834099434104014
2007,China (bilateral),"Congo, Rep.",49.80450610241765
2007,China (bilateral),Cote d'Ivoire,22.70697207940752
2007,China (bilateral),Djibouti,9.566869026784278
2007,China (bilateral),Dominica,0.0
2007,China (bilateral),Dominican Republic,0.0
2007,China (bilateral),East Asia & Pacific (excluding high income),2.627104980021348
2007,China (bilateral),Ecuador,0.0
2007,China (bilateral),"Egypt, Arab Rep.",0.20918799595025586
2007,China (bilateral),El Salvador,0.6724158628812134
2007,China (bilateral),Eritrea,29.657393945869384
2007,China (bilateral),Eswatini,0.0
2007,China (bilateral),Ethiopia,4.131369397076962
2007,China (bilateral),Europe & Central Asia (excluding high income),1.5636576589925664
2007,China (bilateral),Fiji,0.0
2007,China (bilateral),Gabon,0.5762763885359534
2007,China (bilateral),"Gambia, The",0.0
2007,China (bilateral),Georgia,0.0
2007,China (bilateral),Ghana,7.400858472531686
2007,China (bilateral),Grenada,0.0
2007,China (bilateral),Guatemala,0.7986694692433141
2007,China (bilateral),Guinea,16.959884217733133
2007,China (bilateral),Guyana,3.8310116379859505
2007,China (bilateral),Honduras,0.0
2007,China (bilateral),IDA only,9.41713682076938
2007,China (bilateral),IDA total,9.307837818062406
2007,China (bilateral),Indonesia,1.9086679254078918
2007,China (bilateral),"Iran, Islamic Rep.",6.901215935035475
2007,China (bilateral),Jamaica,2.9572173264320942
2007,China (bilateral),Jordan,0.48260092143470557
2007,China (bilateral),Kazakhstan,0.0
2007,China (bilateral),Kenya,1.6600716825901218
2007,China (bilateral),Kyrgyz Republic,0.0
2007,China (bilateral),Lao PDR,35.523622115802844
2007,China (bilateral),Latin America & Caribbean (excluding high income),0.08597585472335166
2007,China (bilateral),Least developed countries: UN classification,8.896557735200698
2007,China (bilateral),Lebanon,0.0
2007,China (bilateral),Lesotho,0.0
2007,China (bilateral),Liberia,nan
2007,China (bilateral),Low & lower middle income,4.288416879906652
2007,China (bilateral),Low & middle income,1.910170459097732
2007,China (bilateral),Low income,7.100687809493463
2007,China (bilateral),Lower middle income,4.051910742901878
2007,China (bilateral),Madagascar,0.6243748074937715
2007,China (bilateral),Malawi,0.0
2007,China (bilateral),Maldives,0.0
2007,China (bilateral),Mali,1.8414900403946084
2007,China (bilateral),Mauritania,0.0
2007,China (bilateral),Mauritius,0.0
2007,China (bilateral),"Middle East, North Africa, Afghanistan & Pakistan (excluding high income)",1.3987025941553843
2007,China (bilateral),Middle income,1.7561714140976386
2007,China (bilateral),Mongolia,0.027247492544200495
2007,China (bilateral),Montenegro,0.0
2007,China (bilateral),Morocco,0.15188432639903612
2007,China (bilateral),Mozambique,1.2283555531167756
2007,China (bilateral),Myanmar,56.094326152582276
2007,China (bilateral),Nepal,0.0
2007,China (bilateral),Nicaragua,0.0
2007,China (bilateral),Niger,0.0
2007,China (bilateral),Nigeria,24.011638328592625
2007,China (bilateral),North Macedonia,0.0
2007,China (bilateral),Pakistan,3.4776663804715113
2007,China (bilateral),Papua New Guinea,0.0
2007,China (bilateral),Peru,0.0
2007,China (bilateral),Philippines,4.386952175665184
2007,China (bilateral),Rwanda,0.0
2007,China (bilateral),Samoa,47.9929409787389
2007,China (bilateral),Sao Tome and Principe,0.0
2007,China (bilateral),Senegal,3.083450530752314
2007,China (bilateral),Serbia,0.0
2007,China (bilateral),Sierra Leone,10.35432284081154
2007,China (bilateral),Solomon Islands,0.0
2007,China (bilateral),South Africa,0.0
2007,China (bilateral),South Asia,0.9255374028846145
2007,China (bilateral),Sri Lanka,11.472355362334328
2007,China (bilateral),St. Vincent and the Grenadines,0.0
2007,China (bilateral),Sub-Saharan Africa (excluding high income),8.537977555299726
2007,China (bilateral),Sudan,29.571894671094828
2007,China (bilateral),Tajikistan,74.78166876648784
2007,China (bilateral),Tanzania,2.0026737350337647
2007,China (bilateral),Togo,0.0
2007,China (bilateral),Tonga,0.0
2007,China (bilateral),Tunisia,0.6638650442359764
2007,China (bilateral),Turkiye,0.0
2007,China (bilateral),Turkmenistan,81.74280769548213
2007,China (bilateral),Uganda,5.045327535846735
2007,China (bilateral),Ukraine,0.0
2007,China (bilateral),Upper middle income,0.5047526238372037
2007,China (bilateral),Uzbekistan,14.245878169427012
2007,China (bilateral),Vanuatu,100.0
2007,China (bilateral),Viet Nam,3.1515878348004756
2007,China (bilateral),"Yemen, Rep.",1.0845545006463944
2007,China (bilateral),Zambia,26.85712293171028
2007,China (bilateral),Zimbabwe,99.64554600641455
2007,China (private),Africa (excluding high income),0.1952259359488936
2007,China (private),Algeria,0.0
2007,China (private),Angola,0.1500362058906068
2007,China (private),Bangladesh,0.0
2007,China (private),Benin,0.0
2007,China (private),Brazil,0.0
2007,China (private),Cameroon,0.0
2007,China (private),"Congo, Rep.",0.0
2007,China (private),Cote d'Ivoire,0.0
2007,China (private),East Asia & Pacific (excluding high income),0.015404223537150815
2007,China (private),Ecuador,0.0
2007,China (private),"Egypt, Arab Rep.",0.0
2007,China (private),El Salvador,0.0
2007,China (private),Ethiopia,0.0
2007,China (private),Europe & Central Asia (excluding high income),0.0
2007,China (private),Gabon,0.0
2007,China (private),Ghana,0.0
2007,China (private),Guinea,0.0
2007,China (private),Honduras,21.695284359419542
2007,China (private),IDA only,0.6243593009604602
2007,China (private),IDA total,0.5819884730579827
2007,China (private),India,0.21725689029951595
2007,China (private),Indonesia,0.0
2007,China (private),"Iran, Islamic Rep.",0.0
2007,China (private),Lao PDR,0.0
2007,China (private),Latin America & Caribbean (excluding high income),0.10488622217175277
2007,China (private),Least developed countries: UN classification,0.21407858529772342
2007,China (private),Low & lower middle income,0.2609001997371493
2007,China (private),Low & middle income,0.09932097172878021
2007,China (private),Low income,0.0
2007,China (private),Lower middle income,0.2828413639878757
2007,China (private),Maldives,0.0
2007,China (private),"Middle East, North Africa, Afghanistan & Pakistan (excluding high income)",0.05731256084382451
2007,China (private),Middle income,0.10226775598209695
2007,China (private),Moldova,0.0
2007,China (private),Mongolia,2.119249420104483
2007,China (private),Myanmar,0.0
2007,China (private),Nicaragua,0.0
2007,China (private),Nigeria,3.420656407688325
2007,China (private),Pakistan,0.2965354065991878
2007,China (private),Senegal,0.0
2007,China (private),South Asia,0.1845180580185534
2007,China (private),Sri Lanka,0.0
2007,China (private),Sub-Saharan Africa (excluding high income),0.28991545082622056
2007,China (private),Sudan,0.0
2007,China (private),Tanzania,0.0
2007,China (private),Turkiye,0.0
2007,China (private),Upper middle income,0.0038361948513068486
2007,China (private),Uzbekistan,0.0
2007,China (private),Viet Nam,0.0
2007,China (private),Zambia,14.276671184787087
2008,China (bilateral),Africa (excluding high income),5.541615354472511
2008,China (bilateral),Algeria,0.2769973553983964
2008,China (bilateral),Angola,9.356922049222206
2008,China (bilateral),Argentina,0.0
2008,China (bilateral),Armenia,0.0
2008,China (bilateral),Bangladesh,1.636851045786107
2008,China (bilateral),Belarus,2.1457480493128527
2008,China (bilateral),Benin,1.6551770868712201
2008,China (bilateral),Bolivia,6.538310892029362
2008,China (bilateral),Bosnia and Herzegovina,0.0
2008,China (bilateral),Botswana,22.287372591831616
2008,China (bilateral),Brazil,5.313691106254253
2008,China (bilateral),Burkina Faso,4.056631249703277
2008,China (bilateral),Burundi,0.0
2008,China (bilateral),Cabo Verde,0.0
2008,China (bilateral),Cambodia,35.60695977749064
2008,China (bilateral),Cameroon,27.37959007625539
2008,China (bilateral),Central African Republic,0.0
2008,China (bilateral),Chad,45.99403679404703
2008,China (bilateral),Comoros,0.0
2008,China (bilateral),"Congo, Dem. Rep.",0.3278538901495971
2008,China (bilateral),"Congo, Rep.",22.200490552916357
2008,China (bilateral),Cote d'Ivoire,10.112519723780323
2008,China (bilateral),Djibouti,6.527640016520847
2008,China (bilateral),Dominica,0.0
2008,China (bilateral),Dominican Republic,0.0
2008,China (bilateral),East Asia & Pacific (excluding high income),2.795503525260521
2008,China (bilateral),Ecuador,0.0
2008,China (bilateral),"Egypt, Arab Rep.",0.35141856194942045
2008,China (bilateral),El Salvador,0.35570985197220084
2008,China (bilateral),Eritrea,68.18943657726622
2008,China (bilateral),Eswatini,0.0
2008,China (bilateral),Ethiopia,0.1275751353845295
2008,China (bilateral),Europe & Central Asia (excluding high income),3.406193184244245
2008,China (bilateral),Fiji,14.919141698683559
2008,China (bilateral),Gabon,24.0197650092927
2008,China (bilateral),"Gambia, The",0.0
2008,China (bilateral),Georgia,0.5958625713736497
2008,China (bilateral),Ghana,11.983532788471589
2008,China (bilateral),Grenada,0.0
2008,China (bilateral),Guatemala,0.0
2008,China (bilateral),Guinea,11.341526148985317
2008,China (bilateral),Guyana,0.9427968448402949
2008,China (bilateral),Honduras,0.0
2008,China (bilateral),IDA only,11.276041301688652
2008,China (bilateral),IDA total,9.95860530510556
2008,China (bilateral),Indonesia,1.6866048216405878
2008,China (bilateral),"Iran, Islamic Rep.",6.227271251308375
2008,China (bilateral),Jamaica,5.229661460841059
2008,China (bilateral),Jordan,1.7031439278563898
2008,China (bilateral),Kazakhstan,0.0
2008,China (bilateral),Kenya,4.474292273044718
2008,China (bilateral),Kyrgyz Republic,0.0
2008,China (bilateral),Lao PDR,39.161436480203534
2008,China (bilateral),Latin America & Caribbean (excluding high income),1.7346558414915383
2008,China (bilateral),Least developed countries: UN classification,10.037282984617761
2008,China (bilateral),Lebanon,0.0
2008,China (bilateral),Lesotho,32.736450629770175
2008,China (bilateral),Liberia,nan
2008,China (bilateral),Low & lower middle income,4.267975347100241
2008,China (bilateral),Low & middle income,2.4928594863589524
2008,China (bilateral),Low income,11.191812608362698
2008,China (bilateral),Lower middle income,3.7010639585916807
2008,China (bilateral),Madagascar,8.809862110177589
2008,China (bilateral),Malawi,0.0
2008,China (bilateral),Maldives,0.0
2008,China (bilateral),Mali,2.9335696650218455
2008,China (bilateral),Mauritania,0.0
2008,China (bilateral),Mauritius,0.0
2008,China (bilateral),"Middle East, North Africa, Afghanistan & Pakistan (excluding high income)",1.5264162354964426
2008,China (bilateral),Middle income,2.252326559940223
2008,China (bilateral),Mongolia,0.08783063665177446
2008,China (bilateral),Montenegro,0.0
2008,China (bilateral),Morocco,1.7889277080984136
2008,China (bilateral),Mozambique,2.0582197686917385
2008,China (bilateral),Myanmar,54.31336347656961
2008,China (bilateral),Nepal,0.0
2008,China (bilateral),Nicaragua,0.0
2008,China (bilateral),Niger,0.0
2008,China (bilateral),Nigeria,0.5343195345313541
2008,China (bilateral),North Macedonia,0.0
2008,China (bilateral),Pakistan,2.3153001488552274
2008,China (bilateral),Papua New Guinea,0.0
2008,China (bilateral),Peru,0.0
2008,China (bilateral),Philippines,0.433604149703395
2008,China (bilateral),Rwanda,0.0
2008,China (bilateral),Samoa,76.71885594907624
2008,China (bilateral),Sao Tome and Principe,0.0
2008,China (bilateral),Senegal,8.523481496642244
2008,China (bilateral),Serbia,0.0
2008,China (bilateral),Sierra Leone,18.712742974158168
2008,China (bilateral),Solomon Islands,0.0
2008,China (bilateral),South Africa,0.0
2008,China (bilateral),South Asia,0.34223855946337656
2008,China (bilateral),Sri Lanka,4.2985065778330025
2008,China (bilateral),St. Vincent and the Grenadines,0.0
2008,China (bilateral),Sub-Saharan Africa (excluding high income),6.844583045933205
2008,China (bilateral),Sudan,36.20358770717256
2008,China (bilateral),Syrian Arab Republic,4.126144977084109
2008,China (bilateral),Tajikistan,77.91731523696853
2008,China (bilateral),Tanzania,2.1132308443825565
2008,China (bilateral),Togo,0.0
2008,China (bilateral),Tonga,91.74998923987958
2008,China (bilateral),Tunisia,0.19747085538471182
2008,China (bilateral),Turkiye,1.187653299175528
2008,China (bilateral),Turkmenistan,83.70583548931195
2008,China (bilateral),Uganda,2.1534335025939977
2008,China (bilateral),Ukraine,0.0
2008,China (bilateral),Upper middle income,1.5136092275566306
2008,China (bilateral),Uzbekistan,29.763166204564914
2008,China (bilateral),Vanuatu,100.0
2008,China (bilateral),Viet Nam,3.9503730536385206
2008,China (bilateral),"Yemen, Rep.",0.0
2008,China (bilateral),Zambia,5.442593983226796
2008,China (bilateral),Zimbabwe,97.22525243375276
2008,China (private),Africa (excluding high income),0.19407583365228817
2008,China (private),Algeria,0.0
2008,China (private),Angola,0.0
2008,China (private),Bangladesh,0.0
2008,China (private),Benin,0.0
2008,China (private),Brazil,0.0
2008,China (private),Cameroon,0.0
2008,China (private),"Congo, Rep.",0.0
2008,China (private),Cote d'Ivoire,0.0
2008,China (private),East Asia & Pacific (excluding high income),0.0
2008,China (private),Ecuador,0.0
2008,China (private),"Egypt, Arab Rep.",0.0
2008,China (private),El Salvador,0.0
2008,China (private),Ethiopia,0.0
2008,China (private),Europe & Central Asia (excluding high income),0.0
2008,China (private),Gabon,0.0
2008,China (private),Ghana,0.0
2008,China (private),Guinea,0.0
2008,China (private),Honduras,0.0
2008,China (private),IDA only,0.18294452759757143
2008,China (private),IDA total,0.2904416601884011
2008,China (private),India,0.0
2008,China (private),Indonesia,0.0
2008,China (private),"Iran, Islamic Rep.",0.0
2008,China (private),Lao PDR,0.0
2008,China (private),Latin America & Caribbean (excluding high income),0.0
2008,China (private),Least developed countries: UN classification,0.1659979785886849
2008,China (private),Low & lower middle income,0.08969382153758193
2008,China (private),Low & middle income,0.03188853410969198
2008,China (private),Low income,0.0
2008,China (private),Lower middle income,0.09703779092764787
2008,China (private),Maldives,0.0
2008,China (private),"Middle East, North Africa, Afghanistan & Pakistan (excluding high income)",0.01620909066026868
2008,China (private),Middle income,0.0327702772713152
2008,China (private),Moldova,0.0
2008,China (private),Mongolia,0.0
2008,China (private),Myanmar,0.0
2008,China (private),Nicaragua,0.0
2008,China (private),Nigeria,5.764975051143236
2008,China (private),Pakistan,0.07554393798366325
2008,China (private),Senegal,0.0
2008,China (private),South Asia,0.0
2008,China (private),Sri Lanka,0.0
2008,China (private),Sub-Saharan Africa (excluding high income),0.25222877928453047
2008,China (private),Sudan,0.0
2008,China (private),Tanzania,0.0
2008,China (private),Turkiye,0.0
2008,China (private),Upper middle income,0.0
2008,China (private),Uzbekistan,0.0
2008,China (private),Viet Nam,0.0
2008,China (private),Zambia,15.592894878852148
2009,China (bilateral),Africa (excluding high income),9.528173750210224
2009,China (bilateral),Algeria,0.5297162592828223
2009,China (bilateral),Angola,6.448265029775655
2009,China (bilateral),Argentina,0.0
2009,China (bilateral),Armenia,0.0
2009,China (bilateral),Bangladesh,0.0
2009,China (bilateral),Belarus,42.51461486532535
2009,China (bilateral),Benin,1.3673652696368022
2009,China (bilateral),Bolivia,0.11761824210134189
2009,China (bilateral),Bosnia and Herzegovina,0.0
2009,China (bilateral),Botswana,0.9974953469870231
2009,China (bilateral),Brazil,22.860760173197527
2009,China (bilateral),Burkina Faso,0.0
2009,China (bilateral),Burundi,0.0
2009,China (bilateral),Cabo Verde,16.029111779914565
2009,China (bilateral),Cambodia,30.802327518377428
2009,China (bilateral),Cameroon,8.09696890749943
2009,China (bilateral),Central African Republic,12.955147542496555
2009,China (bilateral),Chad,0.0
2009,China (bilateral),Comoros,0.0
2009,China (bilateral),"Congo, Dem. Rep.",0.2784239964644166
2009,China (bilateral),"Congo, Rep.",65.68757446756771
2009,China (bilateral),Cote d'Ivoire,11.642051928563417
2009,China (bilateral),Djibouti,9.592296761024228
2009,China (bilateral),Dominica,0.0
2009,China (bilateral),Dominican Republic,0.0
2009,China (bilateral),East Asia & Pacific (excluding high income),1.4269419698634462
2009,China (bilateral),Ecuador,0.0
2009,China (bilateral),"Egypt, Arab Rep.",0.2692717283529186
2009,China (bilateral),El Salvador,0.08251631236851151
2009,China (bilateral),Eritrea,79.28262371367632
2009,China (bilateral),Eswatini,0.0
2009,China (bilateral),Ethiopia,11.571160639458293
2009,China (bilateral),Europe & Central Asia (excluding high income),4.2729228035012135
2009,China (bilateral),Fiji,48.486694174585374
2009,China (bilateral),Gabon,21.89186691956731
2009,China (bilateral),"Gambia, The",0.0
2009,China (bilateral),Georgia,0.0
2009,China (bilateral),Ghana,16.338962883531114
2009,China (bilateral),Grenada,0.0
2009,China (bilateral),Guatemala,0.0
2009,China (bilateral),Guinea,3.804871565748581
2009,China (bilateral),Guyana,2.2102412562984486
2009,China (bilateral),Honduras,0.0
2009,China (bilateral),IDA only,16.500174184888454
2009,China (bilateral),IDA total,18.16595075850353
2009,China (bilateral),Indonesia,0.20035092518560713
2009,China (bilateral),"Iran, Islamic Rep.",7.979827655061595
2009,China (bilateral),Jamaica,2.8576051584022415
2009,China (bilateral),Jordan,0.0
2009,China (bilateral),Kazakhstan,0.0
2009,China (bilateral),Kenya,20.8373274551596
2009,China (bilateral),Kyrgyz Republic,9.955317430287147
2009,China (bilateral),Lao PDR,39.33282305386674
2009,China (bilateral),Latin America & Caribbean (excluding high income),5.145978006663242
2009,China (bilateral),Least developed countries: UN classification,14.782177416664638
2009,China (bilateral),Lebanon,0.0
2009,China (bilateral),Lesotho,26.784236801085544
2009,China (bilateral),Liberia,nan
2009,China (bilateral),Low & lower middle income,7.37981501631023
2009,China (bilateral),Low & middle income,4.923954739673963
2009,China (bilateral),Low income,22.011108083810207
2009,China (bilateral),Lower middle income,5.587862947248483
2009,China (bilateral),Madagascar,16.20386705542129
2009,China (bilateral),Malawi,24.58115669897894
2009,China (bilateral),Maldives,0.0
2009,China (bilateral),Mali,1.503258931869524
2009,China (bilateral),Mauritania,35.246268016186306
2009,China (bilateral),Mauritius,16.160957782868085
2009,China (bilateral),"Middle East, North Africa, Afghanistan & Pakistan (excluding high income)",6.991573025862425
2009,China (bilateral),Middle income,4.252610512457657
2009,China (bilateral),Mongolia,0.024495642182152888
2009,China (bilateral),Montenegro,0.0
2009,China (bilateral),Morocco,1.720966989598604
2009,China (bilateral),Mozambique,29.884929210792777
2009,China (bilateral),Myanmar,45.94567938072256
2009,China (bilateral),Nepal,0.0
2009,China (bilateral),Nicaragua,0.0
2009,China (bilateral),Niger,62.58204758307176
2009,China (bilateral),Nigeria,0.0
2009,China (bilateral),North Macedonia,0.0
2009,China (bilateral),Pakistan,24.764347078528836
2009,China (bilateral),Papua New Guinea,0.0
2009,China (bilateral),Peru,0.0
2009,China (bilateral),Philippines,0.11935380402010878
2009,China (bilateral),Rwanda,8.466997096195898
2009,China (bilateral),Samoa,60.30800609929178
2009,China (bilateral),Sao Tome and Principe,0.0
2009,China (bilateral),Senegal,7.811030378661557
2009,China (bilateral),Serbia,0.0
2009,China (bilateral),Sierra Leone,0.0
2009,China (bilateral),Solomon Islands,-0.0
2009,China (bilateral),South Africa,0.0
2009,China (bilateral),South Asia,2.119664068512412
2009,China (bilateral),Sri Lanka,16.318645218056535
2009,China (bilateral),St. Vincent and the Grenadines,0.0
2009,China (bilateral),Sub-Saharan Africa (excluding high income),12.890736118399932
2009,China (bilateral),Sudan,67.33675196641686
2009,China (bilateral),Syrian Arab Republic,0.41711948669005855
2009,China (bilateral),Tajikistan,47.656962130546674
2009,China (bilateral),Tanzania,2.2462378146444872
2009,China (bilateral),Togo,59.96111492696907
2009,China (bilateral),Tonga,86.2168828668883
2009,China (bilateral),Tunisia,0.06502193435727659
2009,China (bilateral),Turkiye,1.25103525917235
2009,China (bilateral),Turkmenistan,30.168202630470354
2009,China (bilateral),Uganda,4.73958099070458
2009,China (bilateral),Ukraine,0.0
2009,China (bilateral),Upper middle income,3.621948918520277
2009,China (bilateral),Uzbekistan,38.691863870528834
2009,China (bilateral),Vanuatu,100.0
2009,China (bilateral),Viet Nam,3.7584915124474314
2009,China (bilateral),"Yemen, Rep.",28.446767819094095
2009,China (bilateral),Zambia,19.27068806800992
2009,China (bilateral),Zimbabwe,87.15043511523874
2009,China (private),Africa (excluding high income),3.8889152387390022
2009,China (private),Algeria,0.0
2009,China (private),Angola,0.0
2009,China (private),Bangladesh,0.0
2009,China (private),Benin,0.0
2009,China (private),Brazil,0.0
2009,China (private),Cameroon,0.0
2009,China (private),"Congo, Rep.",0.0
2009,China (private),Cote d'Ivoire,0.0
2009,China (private),East Asia & Pacific (excluding high income),0.11277764312184695
2009,China (private),Ecuador,0.0
2009,China (private),"Egypt, Arab Rep.",0.0
2009,China (private),El Salvador,0.0
2009,China (private),Ethiopia,45.06871072016325
2009,China (private),Europe & Central Asia (excluding high income),0.055686394882343705
2009,China (private),Gabon,0.5115317204166718
2009,China (private),Ghana,0.0
2009,China (private),Guinea,0.0
2009,China (private),Honduras,0.0
2009,China (private),IDA only,6.414198102001812
2009,China (private),IDA total,4.678040770010616
2009,China (private),India,0.0
2009,China (private),Indonesia,0.03215752284764831
2009,China (private),"Iran, Islamic Rep.",0.0
2009,China (private),Lao PDR,0.0
2009,China (private),Latin America & Caribbean (excluding high income),0.0
2009,China (private),Least developed countries: UN classification,6.787769844519061
2009,China (private),Low & lower middle income,1.7099328962875844
2009,China (private),Low & middle income,0.6040292381222242
2009,China (private),Low income,14.875404105090874
2009,China (private),Lower middle income,0.09750580157017834
2009,China (private),Maldives,0.0
2009,China (private),"Middle East, North Africa, Afghanistan & Pakistan (excluding high income)",0.006478461335652137
2009,China (private),Middle income,0.043315294821238075
2009,China (private),Moldova,24.34727283548546
2009,China (private),Mongolia,0.0
2009,China (private),Myanmar,16.80947950979834
2009,China (private),Nicaragua,0.0
2009,China (private),Nigeria,0.0
2009,China (private),Pakistan,0.02790082189321045
2009,China (private),Senegal,0.0
2009,China (private),South Asia,0.0
2009,China (private),Sri Lanka,0.0
2009,China (private),Sub-Saharan Africa (excluding high income),5.427262482076444
2009,China (private),Sudan,0.0
2009,China (private),Tanzania,0.0
2009,China (private),Turkiye,0.0
2009,China (private),Upper middle income,0.017720230942612807
2009,China (private),Uzbekistan,0.0
2009,China (private),Viet Nam,0.0
2009,China (private),Zambia,11.624014511340567
2010,China (bilateral),Africa (excluding high income),9.481521871529528
2010,China (bilateral),Algeria,0.0
2010,China (bilateral),Angola,0.5216548648615146
2010,China (bilateral),Argentina,0.9718103950258277
2010,China (bilateral),Armenia,0.0
2010,China (bilateral),Bangladesh,0.0
2010,China (bilateral),Belarus,6.350663444570478
2010,China (bilateral),Benin,1.25897776224306
2010,China (bilateral),Bolivia,0.0651007113796579
2010,China (bilateral),Bosnia and Herzegovina,0.0
2010,China (bilateral),Botswana,6.798322874421875
2010,China (bilateral),Brazil,20.099592337699256
2010,China (bilateral),Burkina Faso,0.0
2010,China (bilateral),Burundi,0.0
2010,China (bilateral),Cabo Verde,2.539056003823485
2010,China (bilateral),Cambodia,64.30227525692541
2010,China (bilateral),Cameroon,28.746727735596743
2010,China (bilateral),Central African Republic,42.22348840260827
2010,China (bilateral),Chad,0.0
2010,China (bilateral),Comoros,nan
2010,China (bilateral),"Congo, Dem. Rep.",89.40427982849121
2010,China (bilateral),"Congo, Rep.",30.44613440117457
2010,China (bilateral),Cote d'Ivoire,4.6080182522280175
2010,China (bilateral),Djibouti,0.0
2010,China (bilateral),Dominica,36.46379362863576
2010,China (bilateral),Dominican Republic,0.0
2010,China (bilateral),East Asia & Pacific (excluding high income),2.182827241091656
2010,China (bilateral),Ecuador,34.676771899931346
2010,China (bilateral),"Egypt, Arab Rep.",0.2516913853312982
2010,China (bilateral),El Salvador,0.0
2010,China (bilateral),Eritrea,4.395460993971991
2010,China (bilateral),Eswatini,0.0
2010,China (bilateral),Ethiopia,15.530806114232881
2010,China (bilateral),Europe & Central Asia (excluding high income),4.797704628160676
2010,China (bilateral),Fiji,42.190174079342874
2010,China (bilateral),Gabon,23.963852162739837
2010,China (bilateral),"Gambia, The",0.0
2010,China (bilateral),Georgia,0.0
2010,China (bilateral),Ghana,19.783440097641826
2010,China (bilateral),Grenada,0.0
2010,China (bilateral),Guatemala,0.0
2010,China (bilateral),Guinea,6.194147106792572
2010,China (bilateral),Guyana,11.066362324513324
2010,China (bilateral),Honduras,0.0
2010,China (bilateral),IDA only,21.723078441645786
2010,China (bilateral),IDA total,20.597832325187582
2010,China (bilateral),Indonesia,0.657916661993131
2010,China (bilateral),"Iran, Islamic Rep.",0.0
2010,China (bilateral),Jamaica,6.072684369040267
2010,China (bilateral),Jordan,0.5580718221089755
2010,China (bilateral),Kazakhstan,0.0
2010,China (bilateral),Kenya,19.034941032376828
2010,China (bilateral),Kyrgyz Republic,68.69759092641775
2010,China (bilateral),Lao PDR,37.38782245580197
2010,China (bilateral),Latin America & Caribbean (excluding high income),6.0363442115515396
2010,China (bilateral),Least developed countries: UN classification,15.872560426890844
2010,China (bilateral),Lebanon,0.0
2010,China (bilateral),Lesotho,2.8548410521607557
2010,China (bilateral),Liberia,0.0
2010,China (bilateral),Low & lower middle income,7.165812448698893
2010,China (bilateral),Low & middle income,5.233903171935234
2010,China (bilateral),Low income,26.939214111805253
2010,China (bilateral),Lower middle income,5.267408352652967
2010,China (bilateral),Madagascar,3.2701639092914125
2010,China (bilateral),Malawi,23.9194572489583
2010,China (bilateral),Maldives,14.968914295214832
2010,China (bilateral),Mali,0.2670486953667054
2010,China (bilateral),Mauritania,0.0
2010,China (bilateral),Mauritius,26.593163972953523
2010,China (bilateral),"Middle East, North Africa, Afghanistan & Pakistan (excluding high income)",4.653574964564502
2010,China (bilateral),Middle income,4.578799145361889
2010,China (bilateral),Mongolia,0.0
2010,China (bilateral),Montenegro,0.0
2010,China (bilateral),Morocco,10.445632771901565
2010,China (bilateral),Mozambique,4.714708091466356
2010,China (bilateral),Myanmar,19.78322169228975
2010,China (bilateral),Nepal,0.0
2010,China (bilateral),Nicaragua,0.0
2010,China (bilateral),Niger,69.3271264909773
2010,China (bilateral),Nigeria,1.9135459822450316
2010,China (bilateral),North Macedonia,0.0
2010,China (bilateral),Pakistan,16.635764645113518
2010,China (bilateral),Papua New Guinea,0.0
2010,China (bilateral),Peru,0.0
2010,China (bilateral),Philippines,0.9214222524397216
2010,China (bilateral),Rwanda,21.74997775115449
2010,China (bilateral),Samoa,31.914911703923217
2010,China (bilateral),Sao Tome and Principe,0.0
2010,China (bilateral),Senegal,3.152022272724007
2010,China (bilateral),Serbia,1.1090761817079793
2010,China (bilateral),Sierra Leone,0.0
2010,China (bilateral),Solomon Islands,nan
2010,China (bilateral),South Africa,0.0
2010,China (bilateral),South Asia,3.022383087892347
2010,China (bilateral),Sri Lanka,28.307323497573673
2010,China (bilateral),St. Vincent and the Grenadines,0.0
2010,China (bilateral),Sub-Saharan Africa (excluding high income),11.403548670728794
2010,China (bilateral),Sudan,60.75637550102029
2010,China (bilateral),Syrian Arab Republic,5.667058615733507
2010,China (bilateral),Tajikistan,39.124592215974225
2010,China (bilateral),Tanzania,4.673935527787431
2010,China (bilateral),Togo,37.945546601549985
2010,China (bilateral),Tonga,96.94830371911837
2010,China (bilateral),Tunisia,0.07457444019331037
2010,China (bilateral),Turkiye,0.10584455083735587
2010,China (bilateral),Turkmenistan,99.67087600376342
2010,China (bilateral),Uganda,7.038556073948894
2010,China (bilateral),Ukraine,0.0
2010,China (bilateral),Upper middle income,4.263067501196544
2010,China (bilateral),Uzbekistan,36.49600107028317
2010,China (bilateral),Vanuatu,100.0
2010,China (bilateral),Viet Nam,5.7237027046077955
2010,China (bilateral),"Yemen, Rep.",0.0
2010,China (bilateral),Zambia,52.06425946307532
2010,China (bilateral),Zimbabwe,83.52219111714574
2010,China (private),Africa (excluding high income),11.484375389753739
2010,China (private),Algeria,0.0
2010,China (private),Angola,84.57550588666271
2010,China (private),Bangladesh,0.0
2010,China (private),Benin,0.0
2010,China (private),Brazil,0.0
2010,China (private),Cameroon,0.0
2010,China (private),"Congo, Rep.",41.52715129766598
2010,China (private),Cote d'Ivoire,10.654265893102789
2010,China (private),East Asia & Pacific (excluding high income),0.6863969003725787
2010,China (private),Ecuador,0.0
2010,China (private),"Egypt, Arab Rep.",0.0
2010,China (private),El Salvador,0.0
2010,China (private),Ethiopia,17.02916707298159
2010,China (private),Europe & Central Asia (excluding high income),0.01481007312470347
2010,China (private),Gabon,0.0
2010,China (private),Ghana,0.0
2010,China (private),Guinea,0.0
2010,China (private),Honduras,0.0
2010,China (private),IDA only,3.4171535771762307
2010,China (private),IDA total,4.235061269076505
2010,China (private),India,0.0
2010,China (private),Indonesia,0.13876549071627114
2010,China (private),"Iran, Islamic Rep.",23.06322486867119
2010,China (private),Lao PDR,0.0
2010,China (private),Latin America & Caribbean (excluding high income),0.0
2010,China (private),Least developed countries: UN classification,25.739469341973898
2010,China (private),Low & lower middle income,5.685579900949078
2010,China (private),Low & middle income,1.9362130712689918
2010,China (private),Low income,4.367199239903648
2010,China (private),Lower middle income,5.81215494806129
2010,China (private),Maldives,0.0
2010,China (private),"Middle East, North Africa, Afghanistan & Pakistan (excluding high income)",0.3640697549090696
2010,China (private),Middle income,1.862841681564947
2010,China (private),Moldova,5.273438093351348
2010,China (private),Mongolia,0.0
2010,China (private),Myanmar,43.03990083801472
2010,China (private),Nicaragua,0.0
2010,China (private),Nigeria,0.0
2010,China (private),Pakistan,0.07447657686422794
2010,China (private),Senegal,0.0
2010,China (private),South Asia,0.0
2010,China (private),Sri Lanka,0.0
2010,China (private),Sub-Saharan Africa (excluding high income),15.331812094866994
2010,China (private),Sudan,0.0
2010,China (private),Tanzania,0.0
2010,China (private),Turkiye,0.0
2010,China (private),Upper middle income,0.05205675776153951
2010,China (private),Uzbekistan,0.0
2010,China (private),Viet Nam,0.0
2010,China (private),Zambia,3.896730495932836
2011,China (bilateral),Africa (excluding high income),8.222267109621411
2011,China (bilateral),Algeria,0.0
2011,China (bilateral),Angola,0.0
2011,China (bilateral),Argentina,0.20494966418654936
2011,China (bilateral),Armenia,0.0
2011,China (bilateral),Bangladesh,0.0
2011,China (bilateral),Belarus,10.62759773926128
2011,China (bilateral),Benin,10.815470203558958
2011,China (bilateral),Bolivia,10.881106274350422
2011,China (bilateral),Bosnia and Herzegovina,0.0
2011,China (bilateral),Botswana,0.0328935446471215
2011,China (bilateral),Brazil,0.16390805258609603
2011,China (bilateral),Burkina Faso,0.0
2011,China (bilateral),Burundi,0.0
2011,China (bilateral),Cabo Verde,3.2679128004218314
2011,China (bilateral),Cambodia,59.097274903634315
2011,China (bilateral),Cameroon,22.307819645886795
2011,China (bilateral),Central African Republic,45.69358229069642
2011,China (bilateral),Chad,32.50336795781599
2011,China (bilateral),Comoros,nan
2011,China (bilateral),"Congo, Dem. Rep.",43.38501359287974
2011,China (bilateral),"Congo, Rep.",47.88527383955505
2011,China (bilateral),Cote d'Ivoire,0.144232821416031
2011,China (bilateral),Djibouti,0.0
2011,China (bilateral),Dominica,22.43608890604929
2011,China (bilateral),Dominican Republic,0.0
2011,China (bilateral),East Asia & Pacific (excluding high income),2.6451267805023804
2011,China (bilateral),Ecuador,70.39741086919412
2011,China (bilateral),"Egypt, Arab Rep.",0.3565778107436102
2011,China (bilateral),El Salvador,0.0
2011,China (bilateral),Eritrea,1.1120446526048828
2011,China (bilateral),Eswatini,0.0
2011,China (bilateral),Ethiopia,17.091489932133474
2011,China (bilateral),Europe & Central Asia (excluding high income),11.050800487248978
2011,China (bilateral),Fiji,10.44950551003094
2011,China (bilateral),Gabon,12.2547097405325
2011,China (bilateral),"Gambia, The",0.0
2011,China (bilateral),Georgia,0.0
2011,China (bilateral),Ghana,15.614642959074436
2011,China (bilateral),Grenada,0.0
2011,China (bilateral),Guatemala,0.0
2011,China (bilateral),Guinea,0.0
2011,China (bilateral),Guyana,12.040340150725164
2011,China (bilateral),Honduras,4.468123368691621
2011,China (bilateral),IDA only,22.291435197236975
2011,China (bilateral),IDA total,22.74049397723043
2011,China (bilateral),Indonesia,3.203591435599064
2011,China (bilateral),"Iran, Islamic Rep.",0.0
2011,China (bilateral),Jamaica,9.888470615656999
2011,China (bilateral),Jordan,5.216407765486665
2011,China (bilateral),Kazakhstan,0.0
2011,China (bilateral),Kenya,21.04593740026528
2011,China (bilateral),Kyrgyz Republic,56.40539243202679
2011,China (bilateral),Lao PDR,83.53235203977341
2011,China (bilateral),Latin America & Caribbean (excluding high income),2.8759929650907905
2011,China (bilateral),Least developed countries: UN classification,17.750676103540975
2011,China (bilateral),Lebanon,0.0
2011,China (bilateral),Lesotho,2.897666752610862
2011,China (bilateral),Liberia,29.699242275155367
2011,China (bilateral),Low & lower middle income,9.836825744161107
2011,China (bilateral),Low & middle income,5.0837602931708545
2011,China (bilateral),Low income,25.003611061782333
2011,China (bilateral),Lower middle income,8.237445579997425
2011,China (bilateral),Madagascar,0.0
2011,China (bilateral),Malawi,50.273185304467695
2011,China (bilateral),Maldives,14.300671538021081
2011,China (bilateral),Mali,1.0553250411718889
2011,China (bilateral),Mauritania,7.848379176035357
2011,China (bilateral),Mauritius,23.595265231554425
2011,China (bilateral),"Middle East, North Africa, Afghanistan & Pakistan (excluding high income)",4.1131429003251325
2011,China (bilateral),Middle income,4.530079448720444
2011,China (bilateral),Mongolia,1.0348021734364587
2011,China (bilateral),Montenegro,4.920183128163584
2011,China (bilateral),Morocco,0.1068708884126447
2011,China (bilateral),Mozambique,8.204783994651372
2011,China (bilateral),Myanmar,25.353371882115717
2011,China (bilateral),Nepal,11.014513604653333
2011,China (bilateral),Nicaragua,0.0
2011,China (bilateral),Niger,75.27155916521549
2011,China (bilateral),Nigeria,22.525052167506786
2011,China (bilateral),North Macedonia,0.0
2011,China (bilateral),Pakistan,23.033900713499683
2011,China (bilateral),Papua New Guinea,58.635310137319834
2011,China (bilateral),Peru,0.0
2011,China (bilateral),Philippines,2.068689449066776
2011,China (bilateral),Rwanda,3.117718793284483
2011,China (bilateral),Samoa,45.03196882490297
2011,China (bilateral),Sao Tome and Principe,0.8342470323626474
2011,China (bilateral),Senegal,2.792571836024173
2011,China (bilateral),Serbia,3.396305307693973
2011,China (bilateral),Sierra Leone,2.4068310031991946
2011,China (bilateral),Solomon Islands,nan
2011,China (bilateral),South Africa,0.0
2011,China (bilateral),South Asia,2.6387915544857745
2011,China (bilateral),Sri Lanka,15.97740673781921
2011,China (bilateral),St. Vincent and the Grenadines,0.0
2011,China (bilateral),Sub-Saharan Africa (excluding high income),10.242456027313262
2011,China (bilateral),Sudan,46.043600832743955
2011,China (bilateral),Syrian Arab Republic,4.796097837841117
2011,China (bilateral),Tajikistan,69.64703942850453
2011,China (bilateral),Tanzania,9.312418402271252
2011,China (bilateral),Togo,0.0
2011,China (bilateral),Tonga,100.0
2011,China (bilateral),Tunisia,0.0
2011,China (bilateral),Turkiye,0.2592444080297245
2011,China (bilateral),Turkmenistan,82.60501644955
2011,China (bilateral),Uganda,0.35185962658153863
2011,China (bilateral),Ukraine,0.0
2011,China (bilateral),Upper middle income,3.203124565533222
2011,China (bilateral),Uzbekistan,44.40777048014877
2011,China (bilateral),Vanuatu,100.0
2011,China (bilateral),Viet Nam,7.2684163813214155
2011,China (bilateral),"Yemen, Rep.",0.0
2011,China (bilateral),Zambia,71.08373476994504
2011,China (bilateral),Zimbabwe,71.420459759876
2011,China (private),Africa (excluding high income),5.348800597997591
2011,China (private),Algeria,0.0
2011,China (private),Angola,39.22590384386441
2011,China (private),Bangladesh,0.0
2011,China (private),Benin,0.0
2011,China (private),Brazil,0.0
2011,China (private),Cameroon,0.0
2011,China (private),"Congo, Rep.",16.157141348063906
2011,China (private),Cote d'Ivoire,4.7646997871723284
2011,China (private),East Asia & Pacific (excluding high income),0.8166149695750398
2011,China (private),Ecuador,0.0
2011,China (private),"Egypt, Arab Rep.",0.0
2011,China (private),El Salvador,0.0
2011,China (private),Ethiopia,6.509475419814329
2011,China (private),Europe & Central Asia (excluding high income),0.026170400349775202
2011,China (private),Gabon,0.0
2011,China (private),Ghana,0.0
2011,China (private),Guinea,0.0
2011,China (private),Honduras,0.0
2011,China (private),IDA only,3.8981095066344476
2011,China (private),IDA total,3.1943848558966104
2011,China (private),India,0.0
2011,China (private),Indonesia,0.03226709529222519
2011,China (private),"Iran, Islamic Rep.",64.77408237201307
2011,China (private),Lao PDR,0.0
2011,China (private),Latin America & Caribbean (excluding high income),0.0
2011,China (private),Least developed countries: UN classification,15.579739427893573
2011,China (private),Low & lower middle income,4.364876667047239
2011,China (private),Low & middle income,1.3029903615441243
2011,China (private),Low income,1.7567306777142082
2011,China (private),Lower middle income,4.639912996317084
2011,China (private),Maldives,0.0
2011,China (private),"Middle East, North Africa, Afghanistan & Pakistan (excluding high income)",0.9163746595151517
2011,China (private),Middle income,1.2903784537373593
2011,China (private),Moldova,7.6820266667609225
2011,China (private),Mongolia,5.497300370588388
2011,China (private),Myanmar,69.20574238127318
2011,China (private),Nicaragua,0.0
2011,China (private),Nigeria,0.0
2011,China (private),Pakistan,0.008508117639775716
2011,China (private),Senegal,0.0
2011,China (private),South Asia,0.0
2011,China (private),Sri Lanka,0.0
2011,China (private),Sub-Saharan Africa (excluding high income),6.310453063813471
2011,China (private),Sudan,0.0
2011,China (private),Tanzania,8.844334027525305
2011,China (private),Turkiye,0.0
2011,China (private),Upper middle income,0.09150004240831879
2011,China (private),Uzbekistan,0.0
2011,China (private),Viet Nam,0.0
2011,China (private),Zambia,0.6911260724075972
2012,China (bilateral),Africa (excluding high income),9.387884704911153
2012,China (bilateral),Algeria,17.537281143476324
2012,China (bilateral),Angola,5.921825196689403
2012,China (bilateral),Argentina,1.8089115681316728
2012,China (bilateral),Armenia,0.0
2012,China (bilateral),Bangladesh,8.67930765495047
2012,China (bilateral),Belarus,21.926258135646542
2012,China (bilateral),Benin,21.983505505689955
2012,China (bilateral),Bolivia,9.067327374853985
2012,China (bilateral),Bosnia and Herzegovina,0.0
2012,China (bilateral),Botswana,2.3343274958026736
2012,China (bilateral),Brazil,0.030067355419607887
2012,China (bilateral),Burkina Faso,0.0
2012,China (bilateral),Burundi,0.0
2012,China (bilateral),Cabo Verde,0.7674436530813744
2012,China (bilateral),Cambodia,81.32316339226665
2012,China (bilateral),Cameroon,42.845770455648626
2012,China (bilateral),Central African Republic,42.849416957905625
2012,China (bilateral),Chad,41.70864655580494
2012,China (bilateral),Comoros,nan
2012,China (bilateral),"Congo, Dem. Rep.",48.755955043464866
2012,China (bilateral),"Congo, Rep.",43.27748601939043
2012,China (bilateral),Cote d'Ivoire,27.33836990973178
2012,China (bilateral),Djibouti,0.0
2012,China (bilateral),Dominica,34.049978899531226
2012,China (bilateral),Dominican Republic,0.0
2012,China (bilateral),East Asia & Pacific (excluding high income),2.778696398203704
2012,China (bilateral),Ecuador,48.671139521988195
2012,China (bilateral),"Egypt, Arab Rep.",5.518540689163688
2012,China (bilateral),El Salvador,0.02430099401428157
2012,China (bilateral),Eritrea,30.904404910137064
2012,China (bilateral),Eswatini,0.0
2012,China (bilateral),Ethiopia,24.263279769070184
2012,China (bilateral),Europe & Central Asia (excluding high income),8.984025684462146
2012,China (bilateral),Fiji,67.95768353333347
2012,China (bilateral),Gabon,20.020484033782445
2012,China (bilateral),"Gambia, The",0.0
2012,China (bilateral),Georgia,0.0
2012,China (bilateral),Ghana,39.48289359642416
2012,China (bilateral),Grenada,0.0
2012,China (bilateral),Guatemala,0.0
2012,China (bilateral),Guinea,0.0
2012,China (bilateral),Guyana,11.694165649756814
2012,China (bilateral),Honduras,4.849261189220958
2012,China (bilateral),IDA only,20.871846673595446
2012,China (bilateral),IDA total,22.407475315355786
2012,China (bilateral),Indonesia,0.3477611004630936
2012,China (bilateral),"Iran, Islamic Rep.",0.0
2012,China (bilateral),Jamaica,46.38388663486525
2012,China (bilateral),Jordan,0.7379672353792125
2012,China (bilateral),Kazakhstan,0.0
2012,China (bilateral),Kenya,13.47860112808924
2012,China (bilateral),Kyrgyz Republic,73.6874613035814
2012,China (bilateral),Lao PDR,86.72069847292691
2012,China (bilateral),Latin America & Caribbean (excluding high income),1.1676109236359646
2012,China (bilateral),Least developed countries: UN classification,17.842150477137082
2012,China (bilateral),Lebanon,0.0
2012,China (bilateral),Lesotho,14.819083116700742
2012,China (bilateral),Liberia,0.0
2012,China (bilateral),Low & lower middle income,10.356037637701855
2012,China (bilateral),Low & middle income,4.537517086768027
2012,China (bilateral),Low income,20.899500501766767
2012,China (bilateral),Lower middle income,9.425985850357268
2012,China (bilateral),Madagascar,0.0
2012,China (bilateral),Malawi,15.555431689500029
2012,China (bilateral),Maldives,26.971418129038664
2012,China (bilateral),Mali,43.00597898669422
2012,China (bilateral),Mauritania,0.0
2012,China (bilateral),Mauritius,48.49686928960728
2012,China (bilateral),"Middle East, North Africa, Afghanistan & Pakistan (excluding high income)",5.023416250344058
2012,China (bilateral),Middle income,4.151085655193051
2012,China (bilateral),Mongolia,22.377521042059247
2012,China (bilateral),Montenegro,7.850744483535416
2012,China (bilateral),Morocco,1.8072653745934397
2012,China (bilateral),Mozambique,21.517325762657446
2012,China (bilateral),Myanmar,9.531716324419335
2012,China (bilateral),Nepal,10.713785916510973
2012,China (bilateral),Nicaragua,0.0
2012,China (bilateral),Niger,4.9775949030467315
2012,China (bilateral),Nigeria,28.480703193041062
2012,China (bilateral),North Macedonia,0.0
2012,China (bilateral),Pakistan,30.099099525462236
2012,China (bilateral),Papua New Guinea,26.41946922692125
2012,China (bilateral),Peru,0.0
2012,China (bilateral),Philippines,1.750722763224149
2012,China (bilateral),Rwanda,2.4357078775552576
2012,China (bilateral),Samoa,43.839115915458436
2012,China (bilateral),Sao Tome and Principe,0.0
2012,China (bilateral),Senegal,15.597062637119793
2012,China (bilateral),Serbia,4.678975605894104
2012,China (bilateral),Sierra Leone,17.934663695431308
2012,China (bilateral),Solomon Islands,nan
2012,China (bilateral),South Africa,0.0
2012,China (bilateral),South Asia,4.252369072162224
2012,China (bilateral),Sri Lanka,14.550081130626488
2012,China (bilateral),St. Vincent and the Grenadines,0.0
2012,China (bilateral),Sub-Saharan Africa (excluding high income),11.534170958731584
2012,China (bilateral),Sudan,31.7812875332268
2012,China (bilateral),Syrian Arab Republic,nan
2012,China (bilateral),Tajikistan,23.979990412883236
2012,China (bilateral),Tanzania,20.662860395947344
2012,China (bilateral),Togo,80.10759193719407
2012,China (bilateral),Tonga,100.0
2012,China (bilateral),Tunisia,1.3531805097399576
2012,China (bilateral),Turkiye,0.19469164199907626
2012,China (bilateral),Turkmenistan,89.90717710555434
2012,China (bilateral),Uganda,32.6708342204266
2012,China (bilateral),Ukraine,0.0
2012,China (bilateral),Upper middle income,2.2224004688196817
2012,China (bilateral),Uzbekistan,5.559846162295859
2012,China (bilateral),Vanuatu,100.0
2012,China (bilateral),Viet Nam,6.113472233802521
2012,China (bilateral),"Yemen, Rep.",0.4129882487761611
2012,China (bilateral),Zambia,24.475186459146823
2012,China (bilateral),Zimbabwe,80.60461851067306
2012,China (private),Africa (excluding high income),1.5438895692092052
2012,China (private),Algeria,0.0
2012,China (private),Angola,6.18364016565257
2012,China (private),Bangladesh,0.0
2012,China (private),Benin,0.0
2012,China (private),Brazil,0.0
2012,China (private),Cameroon,0.0
2012,China (private),"Congo, Rep.",15.347003430175002
2012,China (private),Cote d'Ivoire,9.680615075318839
2012,China (private),East Asia & Pacific (excluding high income),0.7144706597888807
2012,China (private),Ecuador,0.0
2012,China (private),"Egypt, Arab Rep.",0.0
2012,China (private),El Salvador,0.0
2012,China (private),Ethiopia,6.308087432020704
2012,China (private),Europe & Central Asia (excluding high income),0.013331968594798262
2012,China (private),Gabon,0.0
2012,China (private),Ghana,1.071092460787284
2012,China (private),Guinea,0.0
2012,China (private),Honduras,0.0
2012,China (private),IDA only,3.6726319948081865
2012,China (private),IDA total,3.153445436322429
2012,China (private),India,0.0
2012,China (private),Indonesia,0.014889281714004327
2012,China (private),"Iran, Islamic Rep.",0.0
2012,China (private),Lao PDR,0.0
2012,China (private),Latin America & Caribbean (excluding high income),0.0
2012,China (private),Least developed countries: UN classification,5.756765280863277
2012,China (private),Low & lower middle income,1.6727660168969154
2012,China (private),Low & middle income,0.47908063672207307
2012,China (private),Low income,2.1030369351785874
2012,China (private),Lower middle income,1.6348112916088728
2012,China (private),Maldives,0.0
2012,China (private),"Middle East, North Africa, Afghanistan & Pakistan (excluding high income)",0.0
2012,China (private),Middle income,0.44072662172823757
2012,China (private),Moldova,2.9195353688327144
2012,China (private),Mongolia,0.0
2012,China (private),Myanmar,34.60844909251283
2012,China (private),Nicaragua,0.0
2012,China (private),Nigeria,0.0
2012,China (private),Pakistan,0.0
2012,China (private),Senegal,0.0
2012,China (private),South Asia,0.0
2012,China (private),Sri Lanka,0.0
2012,China (private),Sub-Saharan Africa (excluding high income),1.9431935150830568
2012,China (private),Sudan,0.0
2012,China (private),Tanzania,6.045005356809183
2012,China (private),Turkiye,0.0
2012,China (private),Upper middle income,0.004128140455433334
2012,China (private),Uzbekistan,0.0
2012,China (private),Viet Nam,0.0
2012,China (private),Zambia,8.68944308928005
2013,China (bilateral),Africa (excluding high income),10.676686426412154
2013,China (bilateral),Algeria,0.0
2013,China (bilateral),Angola,7.634191885949581
2013,China (bilateral),Argentina,4.102529303191803
2013,China (bilateral),Armenia,0.0
2013,China (bilateral),Bangladesh,11.243958303913589
2013,China (bilateral),Belarus,35.644311697625156
2013,China (bilateral),Benin,7.104857469352903
2013,China (bilateral),Bolivia,14.643563582512336
2013,China (bilateral),Bosnia and Herzegovina,0.0
2013,China (bilateral),Botswana,3.7605049137540485
2013,China (bilateral),Brazil,0.0
2013,China (bilateral),Burkina Faso,0.0
2013,China (bilateral),Burundi,0.0
2013,China (bilateral),Cabo Verde,0.0
2013,China (bilateral),Cambodia,64.89079235041244
2013,China (bilateral),Cameroon,58.29213469308686
2013,China (bilateral),Central African Republic,95.48707922750846
2013,China (bilateral),Chad,0.0
2013,China (bilateral),Comoros,nan
2013,China (bilateral),"Congo, Dem. Rep.",72.80201732291096
2013,China (bilateral),"Congo, Rep.",67.62274518440634
2013,China (bilateral),Cote d'Ivoire,26.43474097429552
2013,China (bilateral),Djibouti,19.563465677403702
2013,China (bilateral),Dominica,21.609185329387117
2013,China (bilateral),Dominican Republic,0.0
2013,China (bilateral),East Asia & Pacific (excluding high income),4.604047971424082
2013,China (bilateral),Ecuador,71.61941566215609
2013,China (bilateral),"Egypt, Arab Rep.",0.006873118667928083
2013,China (bilateral),El Salvador,0.0
2013,China (bilateral),Eritrea,28.53848143797502
2013,China (bilateral),Eswatini,0.0
2013,China (bilateral),Ethiopia,23.373213291841488
2013,China (bilateral),Europe & Central Asia (excluding high income),8.971981666660518
2013,China (bilateral),Fiji,65.14412248867583
2013,China (bilateral),Gabon,9.55978560366723
2013,China (bilateral),"Gambia, The",0.0
2013,China (bilateral),Georgia,0.0
2013,China (bilateral),Ghana,25.161090070214197
2013,China (bilateral),Grenada,0.0
2013,China (bilateral),Guatemala,0.0
2013,China (bilateral),Guinea,57.45325188239425
2013,China (bilateral),Guyana,8.102969459121441
2013,China (bilateral),Honduras,0.0
2013,China (bilateral),IDA only,20.374328466656735
2013,China (bilateral),IDA total,23.15693669053078
2013,China (bilateral),Indonesia,1.0061208485615238
2013,China (bilateral),"Iran, Islamic Rep.",0.0
2013,China (bilateral),Jamaica,20.848335361194117
2013,China (bilateral),Jordan,0.2356894300313956
2013,China (bilateral),Kazakhstan,0.0
2013,China (bilateral),Kenya,17.584265317110287
2013,China (bilateral),Kyrgyz Republic,59.6389175648834
2013,China (bilateral),Lao PDR,66.09463007683077
2013,China (bilateral),Latin America & Caribbean (excluding high income),2.6745641270731535
2013,China (bilateral),Least developed countries: UN classification,16.619384878737304
2013,China (bilateral),Lebanon,0.0
2013,China (bilateral),Lesotho,7.662538066492814
2013,China (bilateral),Liberia,0.0
2013,China (bilateral),Low & lower middle income,11.045350928243185
2013,China (bilateral),Low & middle income,6.215002332072314
2013,China (bilateral),Low income,19.978175188915717
2013,China (bilateral),Lower middle income,10.037319796844166
2013,China (bilateral),Madagascar,0.0
2013,China (bilateral),Malawi,27.56427098441011
2013,China (bilateral),Maldives,26.03822739692737
2013,China (bilateral),Mali,17.01262892559463
2013,China (bilateral),Mauritania,19.315554659734506
2013,China (bilateral),Mauritius,16.593662075193016
2013,China (bilateral),"Middle East, North Africa, Afghanistan & Pakistan (excluding high income)",3.8251893786617326
2013,China (bilateral),Middle income,5.734485343046204
2013,China (bilateral),Mongolia,81.14793996496006
2013,China (bilateral),Montenegro,0.0
2013,China (bilateral),Morocco,1.1190005582368898
2013,China (bilateral),Mozambique,12.70306585265322
2013,China (bilateral),Myanmar,6.879368416690885
2013,China (bilateral),Nepal,3.5008752957482567
2013,China (bilateral),Nicaragua,0.0
2013,China (bilateral),Niger,0.7034474896638763
2013,China (bilateral),Nigeria,15.32081110612822
2013,China (bilateral),North Macedonia,0.0
2013,China (bilateral),Pakistan,38.70992159617528
2013,China (bilateral),Papua New Guinea,9.060966815258833
2013,China (bilateral),Peru,0.0
2013,China (bilateral),Philippines,1.1221580213977973
2013,China (bilateral),Rwanda,4.577055672505226
2013,China (bilateral),Samoa,64.67538254791775
2013,China (bilateral),Sao Tome and Principe,0.0
2013,China (bilateral),Senegal,10.809615771713348
2013,China (bilateral),Serbia,1.0388094552511116
2013,China (bilateral),Sierra Leone,3.4632231840711025
2013,China (bilateral),Solomon Islands,nan
2013,China (bilateral),South Africa,0.0
2013,China (bilateral),South Asia,6.017730265286279
2013,China (bilateral),Sri Lanka,24.15901965960777
2013,China (bilateral),St. Vincent and the Grenadines,0.0
2013,China (bilateral),Sub-Saharan Africa (excluding high income),15.090350415791887
2013,China (bilateral),Sudan,31.788199474637967
2013,China (bilateral),Syrian Arab Republic,nan
2013,China (bilateral),Tajikistan,53.19574143329439
2013,China (bilateral),Tanzania,24.264658529851022
2013,China (bilateral),Togo,15.310618839884675
2013,China (bilateral),Tonga,100.0
2013,China (bilateral),Tunisia,1.8759137559567902
2013,China (bilateral),Turkiye,0.8358079653678013
2013,China (bilateral),Turkmenistan,94.94124892340992
2013,China (bilateral),Uganda,8.225714434777048
2013,China (bilateral),Ukraine,3.245168190253692
2013,China (bilateral),Upper middle income,3.8068439425430545
2013,China (bilateral),Uzbekistan,15.609650795476732
2013,China (bilateral),Vanuatu,0.0
2013,China (bilateral),Viet Nam,3.555977843596837
2013,China (bilateral),"Yemen, Rep.",0.0
2013,China (bilateral),Zambia,22.69270416469127
2013,China (bilateral),Zimbabwe,77.85617143702198
2013,China (private),Africa (excluding high income),4.787339592866663
2013,China (private),Algeria,0.0
2013,China (private),Angola,31.659327919075842
2013,China (private),Bangladesh,0.0
2013,China (private),Benin,0.0
2013,China (private),Brazil,0.0
2013,China (private),Cameroon,0.0
2013,China (private),"Congo, Rep.",0.0
2013,China (private),Cote d'Ivoire,0.5470805043630724
2013,China (private),East Asia & Pacific (excluding high income),1.01762087929902
2013,China (private),Ecuador,0.0
2013,China (private),"Egypt, Arab Rep.",0.0
2013,China (private),El Salvador,0.0
2013,China (private),Ethiopia,6.903684726318222
2013,China (private),Europe & Central Asia (excluding high income),0.01992893796791368
2013,China (private),Gabon,0.0
2013,China (private),Ghana,0.0
2013,China (private),Guinea,0.0
2013,China (private),Honduras,0.0
2013,China (private),IDA only,2.59043880629838
2013,China (private),IDA total,1.9554735249264603
2013,China (private),India,0.0
2013,China (private),Indonesia,0.01360371366657577
2013,China (private),"Iran, Islamic Rep.",0.0
2013,China (private),Lao PDR,0.0
2013,China (private),Latin America & Caribbean (excluding high income),0.0
2013,China (private),Least developed countries: UN classification,11.9788162999681
2013,China (private),Low & lower middle income,3.735838977639803
2013,China (private),Low & middle income,1.2462735061816017
2013,China (private),Low income,1.6358635189921886
2013,China (private),Lower middle income,3.9728122545921196
2013,China (private),Maldives,0.0
2013,China (private),"Middle East, North Africa, Afghanistan & Pakistan (excluding high income)",0.0
2013,China (private),Middle income,1.2326716556593724
2013,China (private),Moldova,7.722038489910345
2013,China (private),Mongolia,0.0
2013,China (private),Myanmar,19.651046802935504
2013,China (private),Nicaragua,0.0
2013,China (private),Nigeria,0.0
2013,China (private),Pakistan,0.0
2013,China (private),Senegal,0.0
2013,China (private),South Asia,0.0
2013,China (private),Sri Lanka,0.0
2013,China (private),Sub-Saharan Africa (excluding high income),6.7235702371850365
2013,China (private),Sudan,0.0
2013,China (private),Tanzania,0.28028432546533927
2013,China (private),Turkiye,0.0
2013,China (private),Upper middle income,0.005106775248968558
2013,China (private),Uzbekistan,0.0
2013,China (private),Viet Nam,0.0
2013,China (private),Zambia,21.857912290708384
2014,China (bilateral),Africa (excluding high income),13.516698493379744
2014,China (bilateral),Algeria,0.0
2014,China (bilateral),Angola,2.7348445255896645
2014,China (bilateral),Argentina,3.3244544702083134
2014,China (bilateral),Armenia,0.0
2014,China (bilateral),Bangladesh,14.592560366514828
2014,China (bilateral),Belarus,18.941252779175578
2014,China (bilateral),Benin,21.532847063249516
2014,China (bilateral),Bolivia,10.17600635398981
2014,China (bilateral),Bosnia and Herzegovina,0.0
2014,China (bilateral),Botswana,0.0
2014,China (bilateral),Brazil,0.0
2014,China (bilateral),Burkina Faso,0.752676389193195
2014,China (bilateral),Burundi,0.0
2014,China (bilateral),Cabo Verde,0.0
2014,China (bilateral),Cambodia,70.28246442274859
2014,China (bilateral),Cameroon,57.61642471996472
2014,China (bilateral),Central African Republic,0.6899079305782388
2014,China (bilateral),Chad,4.829256453546225
2014,China (bilateral),Comoros,nan
2014,China (bilateral),"Congo, Dem. Rep.",64.79306578058717
2014,China (bilateral),"Congo, Rep.",35.910427120732166
2014,China (bilateral),Cote d'Ivoire,12.10282675954753
2014,China (bilateral),Djibouti,74.2730557292679
2014,China (bilateral),Dominica,24.339864060189665
2014,China (bilateral),Dominican Republic,0.0
2014,China (bilateral),East Asia & Pacific (excluding high income),2.8782779628855195
2014,China (bilateral),Ecuador,17.377926952737326
2014,China (bilateral),"Egypt, Arab Rep.",0.02740431501186485
2014,China (bilateral),El Salvador,0.0
2014,China (bilateral),Eritrea,30.39109665661712
2014,China (bilateral),Eswatini,0.0
2014,China (bilateral),Ethiopia,38.39774483896314
2014,China (bilateral),Europe & Central Asia (excluding high income),7.494402607982242
2014,China (bilateral),Fiji,83.19825865183505
2014,China (bilateral),Gabon,19.558774523012673
2014,China (bilateral),"Gambia, The",0.0
2014,China (bilateral),Georgia,0.0
2014,China (bilateral),Ghana,10.941486149634056
2014,China (bilateral),Grenada,0.0
2014,China (bilateral),Guatemala,0.0
2014,China (bilateral),Guinea,57.154435378511074
2014,China (bilateral),Guyana,11.045408982130901
2014,China (bilateral),Honduras,0.0
2014,China (bilateral),IDA only,23.872000730314376
2014,China (bilateral),IDA total,23.313113966078337
2014,China (bilateral),Indonesia,0.41691514388381135
2014,China (bilateral),"Iran, Islamic Rep.",0.0
2014,China (bilateral),Jamaica,5.393933899032566
2014,China (bilateral),Jordan,0.0
2014,China (bilateral),Kazakhstan,0.0
2014,China (bilateral),Kenya,25.58050471436831
2014,China (bilateral),Kyrgyz Republic,72.18918401699122
2014,China (bilateral),Lao PDR,66.41182271008627
2014,China (bilateral),Latin America & Caribbean (excluding high income),1.374826994418554
2014,China (bilateral),Least developed countries: UN classification,17.759421792548476
2014,China (bilateral),Lebanon,0.0
2014,China (bilateral),Lesotho,0.24978980442381868
2014,China (bilateral),Liberia,0.0
2014,China (bilateral),Low & lower middle income,9.436754266028885
2014,China (bilateral),Low & middle income,4.792973319074332
2014,China (bilateral),Low income,26.059801671941653
2014,China (bilateral),Lower middle income,7.986352035477262
2014,China (bilateral),Madagascar,0.0
2014,China (bilateral),Malawi,0.0
2014,China (bilateral),Maldives,51.60893641540184
2014,China (bilateral),Mali,25.489044393018887
2014,China (bilateral),Mauritania,0.0
2014,China (bilateral),Mauritius,13.77701282618697
2014,China (bilateral),"Middle East, North Africa, Afghanistan & Pakistan (excluding high income)",5.3510510690263695
2014,China (bilateral),Middle income,4.137054809885732
2014,China (bilateral),Mongolia,78.62552192294501
2014,China (bilateral),Montenegro,4.559382811410505
2014,China (bilateral),Morocco,1.0881650055402008
2014,China (bilateral),Mozambique,33.33444593251454
2014,China (bilateral),Myanmar,21.0288848933126
2014,China (bilateral),Nepal,12.652191264552647
2014,China (bilateral),Nicaragua,0.0
2014,China (bilateral),Niger,2.114400980404597
2014,China (bilateral),Nigeria,18.1390886068993
2014,China (bilateral),North Macedonia,11.083601342050155
2014,China (bilateral),Pakistan,13.09039490893139
2014,China (bilateral),Papua New Guinea,37.76485576145248
2014,China (bilateral),Peru,0.0
2014,China (bilateral),Philippines,0.4033188985308086
2014,China (bilateral),Rwanda,10.419451266597463
2014,China (bilateral),Samoa,82.96848096441875
2014,China (bilateral),Sao Tome and Principe,0.0
2014,China (bilateral),Senegal,3.531262235382858
2014,China (bilateral),Serbia,9.35836979038871
2014,China (bilateral),Sierra Leone,0.0
2014,China (bilateral),Solomon Islands,nan
2014,China (bilateral),South Africa,0.0
2014,China (bilateral),South Asia,2.32751295897061
2014,China (bilateral),Sri Lanka,19.88168581099591
2014,China (bilateral),St. Vincent and the Grenadines,0.0
2014,China (bilateral),Sub-Saharan Africa (excluding high income),16.10154255441126
2014,China (bilateral),Sudan,38.86794540174187
2014,China (bilateral),Syrian Arab Republic,nan
2014,China (bilateral),Tajikistan,33.65634844719238
2014,China (bilateral),Tanzania,36.82011290427797
2014,China (bilateral),Togo,55.85148461072823
2014,China (bilateral),Tonga,0.0
2014,China (bilateral),Tunisia,0.08664979656181292
2014,China (bilateral),Turkiye,0.9530120838192134
2014,China (bilateral),Turkmenistan,92.31452889544266
2014,China (bilateral),Uganda,15.140928190133419
2014,China (bilateral),Ukraine,11.341292965768691
2014,China (bilateral),Upper middle income,2.032446470660188
2014,China (bilateral),Uzbekistan,23.955043406843345
2014,China (bilateral),Vanuatu,0.0
2014,China (bilateral),Viet Nam,3.9069181194710922
2014,China (bilateral),"Yemen, Rep.",1.2164017690978213
2014,China (bilateral),Zambia,24.408161721774675
2014,China (bilateral),Zimbabwe,85.23406767506657
2014,China (private),Africa (excluding high income),5.251710036247634
2014,China (private),Algeria,0.0
2014,China (private),Angola,19.853414824631354
2014,China (private),Bangladesh,0.0
2014,China (private),Benin,0.0
2014,China (private),Brazil,0.0
2014,China (private),Cameroon,0.0
2014,China (private),"Congo, Rep.",0.0
2014,China (private),Cote d'Ivoire,0.0
2014,China (private),East Asia & Pacific (excluding high income),0.9519486828307729
2014,China (private),Ecuador,0.0
2014,China (private),"Egypt, Arab Rep.",0.0
2014,China (private),El Salvador,0.0
2014,China (private),Ethiopia,13.846628805401847
2014,China (private),Europe & Central Asia (excluding high income),0.006094003419881056
2014,China (private),Gabon,0.0
2014,China (private),Ghana,0.0
2014,China (private),Guinea,0.0
2014,China (private),Honduras,0.0
2014,China (private),IDA only,4.7386087493925
2014,China (private),IDA total,2.8458894825898313
2014,China (private),India,0.0
2014,China (private),Indonesia,0.0
2014,China (private),"Iran, Islamic Rep.",0.0
2014,China (private),Lao PDR,0.0
2014,China (private),Latin America & Caribbean (excluding high income),0.0
2014,China (private),Least developed countries: UN classification,11.540306087721815
2014,China (private),Low & lower middle income,2.9954794267727274
2014,China (private),Low & middle income,1.1173898850347246
2014,China (private),Low income,5.763117601984571
2014,China (private),Lower middle income,2.7539961123920413
2014,China (private),Maldives,0.0
2014,China (private),"Middle East, North Africa, Afghanistan & Pakistan (excluding high income)",0.0
2014,China (private),Middle income,0.9741048240168196
2014,China (private),Moldova,1.371001584660974
2014,China (private),Mongolia,0.0
2014,China (private),Myanmar,63.36443181603477
2014,China (private),Nicaragua,0.0
2014,China (private),Nigeria,0.0
2014,China (private),Pakistan,0.0
2014,China (private),Senegal,0.0
2014,China (private),South Asia,0.0
2014,China (private),Sri Lanka,0.0
2014,China (private),Sub-Saharan Africa (excluding high income),6.345604185907153
2014,China (private),Sudan,0.0
2014,China (private),Tanzania,1.592448375287308
2014,China (private),Turkiye,0.0
2014,China (private),Upper middle income,0.0009469126129434263
2014,China (private),Uzbekistan,0.0
2014,China (private),Viet Nam,0.053132321398341446
2014,China (private),Zambia,2.60695720631661
2015,China (bilateral),Africa (excluding high income),12.037778420023317
2015,China (bilateral),Algeria,0.0
2015,China (bilateral),Angola,6.877998726916603
2015,China (bilateral),Argentina,12.88208884330502
2015,China (bilateral),Armenia,2.1595223221248823
2015,China (bilateral),Bangladesh,2.588725111751655
2015,China (bilateral),Belarus,22.289771259805615
2015,China (bilateral),Benin,24.778503187325054
2015,China (bilateral),Bolivia,1.0291125564106522
2015,China (bilateral),Bosnia and Herzegovina,0.0
2015,China (bilateral),Botswana,0.0
2015,China (bilateral),Brazil,0.0
2015,China (bilateral),Burkina Faso,16.659284371750566
2015,China (bilateral),Burundi,53.235210518741845
2015,China (bilateral),Cabo Verde,0.0
2015,China (bilateral),Cambodia,60.86621469018354
2015,China (bilateral),Cameroon,21.26511027392811
2015,China (bilateral),Central African Republic,81.38193384857094
2015,China (bilateral),Chad,8.110034871752001
2015,China (bilateral),Comoros,nan
2015,China (bilateral),"Congo, Dem. Rep.",54.5772502029061
2015,China (bilateral),"Congo, Rep.",22.972177291074683
2015,China (bilateral),Cote d'Ivoire,9.55378456948623
2015,China (bilateral),Djibouti,83.29391235907573
2015,China (bilateral),Dominica,26.172200822895352
2015,China (bilateral),Dominican Republic,0.0
2015,China (bilateral),East Asia & Pacific (excluding high income),3.2517883226379576
2015,China (bilateral),Ecuador,17.184987029116662
2015,China (bilateral),"Egypt, Arab Rep.",0.0
2015,China (bilateral),El Salvador,0.0
2015,China (bilateral),Eritrea,37.54645671694253
2015,China (bilateral),Eswatini,0.0
2015,China (bilateral),Ethiopia,28.183617481439533
2015,China (bilateral),Europe & Central Asia (excluding high income),6.4645057850210055
2015,China (bilateral),Fiji,10.963798478093816
2015,China (bilateral),Gabon,15.484708885794012
2015,China (bilateral),"Gambia, The",0.0
2015,China (bilateral),Georgia,0.0
2015,China (bilateral),Ghana,4.247110837876848
2015,China (bilateral),Grenada,0.0
2015,China (bilateral),Guatemala,0.0
2015,China (bilateral),Guinea,72.83052969821175
2015,China (bilateral),Guyana,6.95772319650365
2015,China (bilateral),Honduras,17.711708752560686
2015,China (bilateral),IDA only,22.72807613844797
2015,China (bilateral),IDA total,22.023868113150918
2015,China (bilateral),Indonesia,0.431442833871802
2015,China (bilateral),"Iran, Islamic Rep.",0.0
2015,China (bilateral),Jamaica,1.4843407584357353
2015,China (bilateral),Jordan,0.0
2015,China (bilateral),Kazakhstan,0.0
2015,China (bilateral),Kenya,36.49838222538458
2015,China (bilateral),Kyrgyz Republic,64.03933908396
2015,China (bilateral),Lao PDR,35.483633689058735
2015,China (bilateral),Latin America & Caribbean (excluding high income),2.353908024871245
2015,China (bilateral),Least developed countries: UN classification,22.07757847552127
2015,China (bilateral),Lebanon,0.0
2015,China (bilateral),Lesotho,3.0681300120712636
2015,China (bilateral),Liberia,0.0
2015,China (bilateral),Low & lower middle income,9.76176304341823
2015,China (bilateral),Low & middle income,5.26858226121146
2015,China (bilateral),Low income,24.752787849124314
2015,China (bilateral),Lower middle income,8.335649915148066
2015,China (bilateral),Madagascar,0.0
2015,China (bilateral),Malawi,10.11621625001628
2015,China (bilateral),Maldives,3.441665775101742
2015,China (bilateral),Mali,26.831437499515935
2015,China (bilateral),Mauritania,17.88615046348803
2015,China (bilateral),Mauritius,24.174407790105167
2015,China (bilateral),"Middle East, North Africa, Afghanistan & Pakistan (excluding high income)",4.408852631389447
2015,China (bilateral),Middle income,4.609302321992498
2015,China (bilateral),Mongolia,63.32865115293026
2015,China (bilateral),Montenegro,23.44235535954807
2015,China (bilateral),Morocco,0.8871973514277871
2015,China (bilateral),Mozambique,23.909283951608412
2015,China (bilateral),Myanmar,56.445873220828375
2015,China (bilateral),Nepal,2.299110449427815
2015,China (bilateral),Nicaragua,0.0
2015,China (bilateral),Niger,0.47877987672964384
2015,China (bilateral),Nigeria,11.943234476796178
2015,China (bilateral),North Macedonia,12.235514532906947
2015,China (bilateral),Pakistan,19.57567664807848
2015,China (bilateral),Papua New Guinea,36.661800035267426
2015,China (bilateral),Peru,0.0
2015,China (bilateral),Philippines,0.0
2015,China (bilateral),Rwanda,9.93044958680468
2015,China (bilateral),Samoa,51.179803117218846
2015,China (bilateral),Sao Tome and Principe,0.0
2015,China (bilateral),Senegal,30.44069891939563
2015,China (bilateral),Serbia,16.09303576236445
2015,China (bilateral),Sierra Leone,14.984492608122403
2015,China (bilateral),Solomon Islands,0.0
2015,China (bilateral),South Africa,0.0
2015,China (bilateral),South Asia,1.9441596175581688
2015,China (bilateral),Sri Lanka,13.616812627104801
2015,China (bilateral),St. Vincent and the Grenadines,0.0
2015,China (bilateral),Sub-Saharan Africa (excluding high income),16.929611422489696
2015,China (bilateral),Sudan,14.80446464348867
2015,China (bilateral),Suriname,16.57089913888182
2015,China (bilateral),Syrian Arab Republic,nan
2015,China (bilateral),Tajikistan,78.87841868711968
2015,China (bilateral),Tanzania,29.419826490237842
2015,China (bilateral),Togo,47.035030878902575
2015,China (bilateral),Tonga,0.0
2015,China (bilateral),Tunisia,0.06245711594437651
2015,China (bilateral),Turkiye,0.4561867354256185
2015,China (bilateral),Turkmenistan,68.15093719903064
2015,China (bilateral),Uganda,43.6732976625449
2015,China (bilateral),Ukraine,2.1747323392722495
2015,China (bilateral),Upper middle income,2.5522324405245325
2015,China (bilateral),Uzbekistan,18.97999650390662
2015,China (bilateral),Vanuatu,95.96020071817019
2015,China (bilateral),Viet Nam,4.8832455713396605
2015,China (bilateral),"Yemen, Rep.",0.0
2015,China (bilateral),Zambia,22.618529036374387
2015,China (bilateral),Zimbabwe,48.47852994469086
2015,China (private),Africa (excluding high income),2.458209488480915
2015,China (private),Algeria,0.0
2015,China (private),Angola,9.03394413150691
2015,China (private),Bangladesh,0.0
2015,China (private),Benin,0.0
2015,China (private),Brazil,0.0
2015,China (private),Cameroon,0.0
2015,China (private),"Congo, Rep.",0.0
2015,China (private),Cote d'Ivoire,0.0
2015,China (private),East Asia & Pacific (excluding high income),0.20488006460894032
2015,China (private),Ecuador,0.0
2015,China (private),"Egypt, Arab Rep.",0.0
2015,China (private),El Salvador,0.0
2015,China (private),Ethiopia,18.999194082483903
2015,China (private),Europe & Central Asia (excluding high income),0.00035961293748849193
2015,China (private),Gabon,0.0
2015,China (private),Ghana,2.5677311715769395
2015,China (private),Guinea,0.0
2015,China (private),Honduras,8.49595245442831
2015,China (private),IDA only,3.819821814049123
2015,China (private),IDA total,2.3927378091338354
2015,China (private),India,0.0
2015,China (private),Indonesia,0.0
2015,China (private),"Iran, Islamic Rep.",0.0
2015,China (private),Lao PDR,0.0
2015,China (private),Latin America & Caribbean (excluding high income),0.05398648293483911
2015,China (private),Least developed countries: UN classification,5.704993727455131
2015,China (private),Low & lower middle income,1.451129989422401
2015,China (private),Low & middle income,0.5467957471299593
2015,China (private),Low income,8.300261776837555
2015,China (private),Lower middle income,0.7995643435856106
2015,China (private),Maldives,0.0
2015,China (private),"Middle East, North Africa, Afghanistan & Pakistan (excluding high income)",0.0
2015,China (private),Middle income,0.28444455247961203
2015,China (private),Moldova,0.11124536440925362
2015,China (private),Mongolia,0.0
2015,China (private),Myanmar,20.53647493426753
2015,China (private),Nicaragua,0.0
2015,China (private),Nigeria,0.0
2015,China (private),Pakistan,0.0
2015,China (private),Senegal,0.0
2015,China (private),South Asia,0.0
2015,China (private),Sri Lanka,0.0
2015,China (private),Sub-Saharan Africa (excluding high income),3.6252117768245165
2015,China (private),Sudan,0.0
2015,China (private),Suriname,0.0
2015,China (private),Tanzania,2.8401068218587104
2015,China (private),Turkiye,0.0
2015,China (private),Upper middle income,8.100851540258374e-05
2015,China (private),Uzbekistan,0.0
2015,China (private),Viet Nam,0.0
2015,China (private),Zambia,0.4671225406261213
2016,China (bilateral),Africa (excluding high income),12.987466863564865
2016,China (bilateral),Algeria,0.0
2016,China (bilateral),Angola,4.785581879626848
2016,China (bilateral),Argentina,0.3920905442376134
2016,China (bilateral),Armenia,0.5791881671389993
2016,China (bilateral),Bangladesh,3.2012554087782705
2016,China (bilateral),Belarus,26.189395495261458
2016,China (bilateral),Benin,9.936139549742586
2016,China (bilateral),Bolivia,9.827575992520972
2016,China (bilateral),Bosnia and Herzegovina,0.0
2016,China (bilateral),Botswana,0.0
2016,China (bilateral),Brazil,0.0
2016,China (bilateral),Burkina Faso,0.0
2016,China (bilateral),Burundi,20.249589209602068
2016,China (bilateral),Cabo Verde,0.0
2016,China (bilateral),Cambodia,58.77292401071522
2016,China (bilateral),Cameroon,24.59328392119636
2016,China (bilateral),Central African Republic,0.0
2016,China (bilateral),Chad,12.204820242556018
2016,China (bilateral),Comoros,55.100454256207975
2016,China (bilateral),"Congo, Dem. Rep.",38.01419139001354
2016,China (bilateral),"Congo, Rep.",35.30441603008089
2016,China (bilateral),Cote d'Ivoire,50.78202237522596
2016,China (bilateral),Djibouti,79.68019594011179
2016,China (bilateral),Dominica,0.0
2016,China (bilateral),Dominican Republic,0.0
2016,China (bilateral),East Asia & Pacific (excluding high income),2.523246554276423
2016,China (bilateral),Ecuador,34.81997606352805
2016,China (bilateral),"Egypt, Arab Rep.",11.19505398369317
2016,China (bilateral),El Salvador,0.0
2016,China (bilateral),Eritrea,33.475375386823345
2016,China (bilateral),Eswatini,33.91534841314841
2016,China (bilateral),Ethiopia,27.994151955734562
2016,China (bilateral),Europe & Central Asia (excluding high income),5.917764153850822
2016,China (bilateral),Fiji,45.81844406492728
2016,China (bilateral),Gabon,21.99546345342115
2016,China (bilateral),"Gambia, The",0.0
2016,China (bilateral),Georgia,0.0
2016,China (bilateral),Ghana,7.679155662541153
2016,China (bilateral),Grenada,0.0
2016,China (bilateral),Guatemala,1.5528973673376059
2016,China (bilateral),Guinea,36.339603537453705
2016,China (bilateral),Guyana,53.99788656396643
2016,China (bilateral),Honduras,0.0
2016,China (bilateral),IDA only,22.014551392802247
2016,China (bilateral),IDA total,25.79417571684409
2016,China (bilateral),Indonesia,0.6789615301492014
2016,China (bilateral),"Iran, Islamic Rep.",0.0
2016,China (bilateral),Jamaica,3.9689161367849444
2016,China (bilateral),Jordan,0.012959333776264985
2016,China (bilateral),Kazakhstan,15.04813522283613
2016,China (bilateral),Kenya,47.76324628459173
2016,China (bilateral),Kyrgyz Republic,73.45057287715021
2016,China (bilateral),Lao PDR,36.395573095960756
2016,China (bilateral),Latin America & Caribbean (excluding high income),2.2313539050232465
2016,China (bilateral),Least developed countries: UN classification,15.661609368476359
2016,China (bilateral),Lebanon,0.0
2016,China (bilateral),Lesotho,24.822593150096402
2016,China (bilateral),Liberia,0.0
2016,China (bilateral),Low & lower middle income,13.153159400160792
2016,China (bilateral),Low & middle income,5.5710187750463795
2016,China (bilateral),Low income,25.377030173396427
2016,China (bilateral),Lower middle income,12.151258278337165
2016,China (bilateral),Madagascar,0.0
2016,China (bilateral),Malawi,2.485890617134065
2016,China (bilateral),Maldives,52.68351530953122
2016,China (bilateral),Mali,37.93802477560362
2016,China (bilateral),Mauritania,10.097126819550327
2016,China (bilateral),Mauritius,13.308091909937032
2016,China (bilateral),"Middle East, North Africa, Afghanistan & Pakistan (excluding high income)",11.326523579253939
2016,China (bilateral),Middle income,5.085766364315063
2016,China (bilateral),Mongolia,7.632070258215943
2016,China (bilateral),Montenegro,2.61660027789348
2016,China (bilateral),Morocco,6.727329038124121
2016,China (bilateral),Mozambique,21.956769926227295
2016,China (bilateral),Myanmar,13.794344055927588
2016,China (bilateral),Nepal,0.0
2016,China (bilateral),Nicaragua,0.0
2016,China (bilateral),Niger,18.848781040627312
2016,China (bilateral),Nigeria,18.969821955050545
2016,China (bilateral),North Macedonia,16.781603363452405
2016,China (bilateral),Pakistan,31.907878593137323
2016,China (bilateral),Papua New Guinea,25.551203367918106
2016,China (bilateral),Peru,0.0
2016,China (bilateral),Philippines,0.0
2016,China (bilateral),Rwanda,6.319258818562362
2016,China (bilateral),Samoa,65.97717620710152
2016,China (bilateral),Sao Tome and Principe,0.0
2016,China (bilateral),Senegal,39.927666218504925
2016,China (bilateral),Serbia,7.86308237346112
2016,China (bilateral),Sierra Leone,0.0
2016,China (bilateral),Solomon Islands,0.0
2016,China (bilateral),South Africa,0.0
2016,China (bilateral),South Asia,3.935182113779705
2016,China (bilateral),Sri Lanka,12.684210033054493
2016,China (bilateral),St. Vincent and the Grenadines,0.0
2016,China (bilateral),Sub-Saharan Africa (excluding high income),14.112225040498819
2016,China (bilateral),Sudan,35.48757494427579
2016,China (bilateral),Suriname,1.0842809098329185
2016,China (bilateral),Syrian Arab Republic,nan
2016,China (bilateral),Tajikistan,79.79831921891339
2016,China (bilateral),Tanzania,7.9987847538612495
2016,China (bilateral),Togo,45.55849776608489
2016,China (bilateral),Tonga,0.0
2016,China (bilateral),Tunisia,0.0
2016,China (bilateral),Turkiye,0.18909887055620248
2016,China (bilateral),Turkmenistan,0.0
2016,China (bilateral),Uganda,45.71721689293116
2016,China (bilateral),Ukraine,5.168735751042492
2016,China (bilateral),Upper middle income,2.073251383414441
2016,China (bilateral),Uzbekistan,22.346614233632558
2016,China (bilateral),Vanuatu,53.36052486433177
2016,China (bilateral),Viet Nam,5.243578784048538
2016,China (bilateral),"Yemen, Rep.",0.0
2016,China (bilateral),Zambia,66.11349582680162
2016,China (bilateral),Zimbabwe,77.27947702390833
2016,China (private),Africa (excluding high income),16.899520065585605
2016,China (private),Algeria,0.0
2016,China (private),Angola,73.47872646889894
2016,China (private),Bangladesh,0.0
2016,China (private),Benin,0.0
2016,China (private),Brazil,0.0
2016,China (private),Cameroon,4.114595603645839
2016,China (private),"Congo, Rep.",0.0
2016,China (private),Cote d'Ivoire,0.0
2016,China (private),East Asia & Pacific (excluding high income),0.16001156051583862
2016,China (private),Ecuador,11.193730947313599
2016,China (private),"Egypt, Arab Rep.",0.0
2016,China (private),El Salvador,0.0
2016,China (private),Ethiopia,9.923831269491133
2016,China (private),Europe & Central Asia (excluding high income),0.0
2016,China (private),Gabon,25.93157400182516
2016,China (private),Ghana,0.5020262283594885
2016,China (private),Guinea,0.0
2016,China (private),Honduras,18.400387299130973
2016,China (private),IDA only,2.3269496146051147
2016,China (private),IDA total,1.6290514338314805
2016,China (private),India,0.0
2016,China (private),Indonesia,0.0
2016,China (private),"Iran, Islamic Rep.",0.0
2016,China (private),Lao PDR,3.5846234243080675
2016,China (private),Latin America & Caribbean (excluding high income),0.7124512363110889
2016,China (private),Least developed countries: UN classification,35.232299341901054
2016,China (private),Low & lower middle income,11.4377467909321
2016,China (private),Low & middle income,3.904993718838139
2016,China (private),Low income,4.6390148048027475
2016,China (private),Lower middle income,11.994989036882165
2016,China (private),Maldives,0.0
2016,China (private),"Middle East, North Africa, Afghanistan & Pakistan (excluding high income)",0.0
2016,China (private),Middle income,3.8870100120569937
2016,China (private),Moldova,0.0
2016,China (private),Mongolia,0.0
2016,China (private),Myanmar,11.36247662279885
2016,China (private),Nicaragua,0.0
2016,China (private),Nigeria,0.0
2016,China (private),Pakistan,0.0
2016,China (private),Senegal,0.0
2016,China (private),South Asia,0.0
2016,China (private),Sri Lanka,0.0
2016,China (private),Sub-Saharan Africa (excluding high income),24.05926554389817
2016,China (private),Sudan,0.0
2016,China (private),Suriname,3.1395666607608166
2016,China (private),Tanzania,5.265585064719607
2016,China (private),Turkiye,0.0
2016,China (private),Upper middle income,0.43000962562396505
2016,China (private),Uzbekistan,0.0
2016,China (private),Viet Nam,0.0
2016,China (private),Zambia,1.7222605346652915
2017,China (bilateral),Africa (excluding high income),9.902053134436274
2017,China (bilateral),Algeria,0.0
2017,China (bilateral),Angola,4.974699194537847
2017,China (bilateral),Argentina,2.5962252763719516
2017,China (bilateral),Armenia,0.0
2017,China (bilateral),Bangladesh,7.772572496103246
2017,China (bilateral),Belarus,14.184401024563234
2017,China (bilateral),Benin,9.241718061368447
2017,China (bilateral),Bolivia,6.728849998921271
2017,China (bilateral),Bosnia and Herzegovina,0.0
2017,China (bilateral),Botswana,0.0
2017,China (bilateral),Brazil,26.389255727582086
2017,China (bilateral),Burkina Faso,0.0
2017,China (bilateral),Burundi,0.0
2017,China (bilateral),Cabo Verde,9.765487912367112
2017,China (bilateral),Cambodia,50.834432068520094
2017,China (bilateral),Cameroon,39.87988961725745
2017,China (bilateral),Central African Republic,0.0
2017,China (bilateral),Chad,0.0
2017,China (bilateral),Comoros,0.0
2017,China (bilateral),"Congo, Dem. Rep.",10.166958318224827
2017,China (bilateral),"Congo, Rep.",40.108993417035634
2017,China (bilateral),Cote d'Ivoire,15.445516986295361
2017,China (bilateral),Djibouti,80.4428567613126
2017,China (bilateral),Dominica,0.0
2017,China (bilateral),Dominican Republic,0.0
2017,China (bilateral),East Asia & Pacific (excluding high income),1.9404679391080837
2017,China (bilateral),Ecuador,6.9574791664582945
2017,China (bilateral),"Egypt, Arab Rep.",2.7819739413217577
2017,China (bilateral),El Salvador,0.0
2017,China (bilateral),Eritrea,29.639653492533697
2017,China (bilateral),Eswatini,31.088180513600765
2017,China (bilateral),Ethiopia,23.853888153758188
2017,China (bilateral),Europe & Central Asia (excluding high income),6.564073405081873
2017,China (bilateral),Fiji,0.0
2017,China (bilateral),Gabon,0.0
2017,China (bilateral),"Gambia, The",0.0
2017,China (bilateral),Georgia,0.0
2017,China (bilateral),Ghana,9.669596359373088
2017,China (bilateral),Grenada,0.0
2017,China (bilateral),Guatemala,2.6729408107959927
2017,China (bilateral),Guinea,17.99987282864848
2017,China (bilateral),Guyana,40.55114266772204
2017,China (bilateral),Honduras,0.0
2017,China (bilateral),IDA only,16.177845694848482
2017,China (bilateral),IDA total,18.8669431797614
2017,China (bilateral),Indonesia,1.3568194816205421
2017,China (bilateral),"Iran, Islamic Rep.",0.0
2017,China (bilateral),Jamaica,6.889871793921149
2017,China (bilateral),Jordan,0.0
2017,China (bilateral),Kazakhstan,72.6805822022198
2017,China (bilateral),Kenya,29.004019286435554
2017,China (bilateral),Kyrgyz Republic,69.92505933586723
2017,China (bilateral),Lao PDR,36.90309757432385
2017,China (bilateral),Latin America & Caribbean (excluding high income),7.38247751696728
2017,China (bilateral),Least developed countries: UN classification,14.240349972677178
2017,China (bilateral),Lebanon,0.0
2017,China (bilateral),Lesotho,0.0
2017,China (bilateral),Liberia,13.935031949626739
2017,China (bilateral),Low & lower middle income,8.889582905072402
2017,China (bilateral),Low & middle income,6.307731790095317
2017,China (bilateral),Low income,21.371267542087796
2017,China (bilateral),Lower middle income,8.148277543180848
2017,China (bilateral),Madagascar,0.0
2017,China (bilateral),Malawi,0.012308712547102543
2017,China (bilateral),Maldives,20.487856592484803
2017,China (bilateral),Mali,6.7043386728134875
2017,China (bilateral),Mauritania,3.1079327958344076
2017,China (bilateral),Mauritius,0.0
2017,China (bilateral),"Middle East, North Africa, Afghanistan & Pakistan (excluding high income)",8.251332102095187
2017,China (bilateral),Middle income,6.005301966833028
2017,China (bilateral),Mongolia,3.3017300014088558
2017,China (bilateral),Montenegro,45.04863099305188
2017,China (bilateral),Morocco,1.2076310456235868
2017,China (bilateral),Mozambique,46.179842431473396
2017,China (bilateral),Myanmar,5.834933949911377
2017,China (bilateral),Nepal,0.0
2017,China (bilateral),Nicaragua,0.0
2017,China (bilateral),Niger,17.857659736835586
2017,China (bilateral),Nigeria,4.321348811020005
2017,China (bilateral),North Macedonia,38.02884261651719
2017,China (bilateral),Pakistan,25.68180318017934
2017,China (bilateral),Papua New Guinea,30.54122974395501
2017,China (bilateral),Peru,0.0
2017,China (bilateral),Philippines,0.0
2017,China (bilateral),Rwanda,5.62701644330285
2017,China (bilateral),Samoa,22.01359773615727
2017,China (bilateral),Sao Tome and Principe,0.0
2017,China (bilateral),Senegal,12.117279596544465
2017,China (bilateral),Serbia,12.247265362334938
2017,China (bilateral),Sierra Leone,0.0
2017,China (bilateral),Solomon Islands,0.0
2017,China (bilateral),South Africa,5.864891765375655
2017,China (bilateral),South Asia,2.263703859892011
2017,China (bilateral),Sri Lanka,15.42148224933347
2017,China (bilateral),St. Vincent and the Grenadines,0.0
2017,China (bilateral),Sub-Saharan Africa (excluding high income),12.799460868902907
2017,China (bilateral),Sudan,0.0
2017,China (bilateral),Suriname,43.02089880436471
2017,China (bilateral),Syrian Arab Republic,nan
2017,China (bilateral),Tajikistan,11.400699208534673
2017,China (bilateral),Tanzania,2.173368649521471
2017,China (bilateral),Togo,41.169759725780864
2017,China (bilateral),Tonga,0.0
2017,China (bilateral),Tunisia,0.0
2017,China (bilateral),Turkiye,2.1869790204616177
2017,China (bilateral),Turkmenistan,0.0
2017,China (bilateral),Uganda,35.06063593501544
2017,China (bilateral),Ukraine,0.9922733586335484
2017,China (bilateral),Upper middle income,4.910937146232675
2017,China (bilateral),Uzbekistan,14.86912963385642
2017,China (bilateral),Vanuatu,31.032163088865694
2017,China (bilateral),Viet Nam,9.71695927204571
2017,China (bilateral),"Yemen, Rep.",0.0
2017,China (bilateral),Zambia,17.890336644892653
2017,China (bilateral),Zimbabwe,96.8778973510021
2017,China (private),Africa (excluding high income),5.334848727508356
2017,China (private),Algeria,0.0
2017,China (private),Angola,53.83653298366392
2017,China (private),Bangladesh,0.0
2017,China (private),Benin,0.0
2017,China (private),Brazil,0.0
2017,China (private),Cameroon,1.8958057176470722
2017,China (private),"Congo, Rep.",1.408475829556254
2017,China (private),Cote d'Ivoire,0.0
2017,China (private),East Asia & Pacific (excluding high income),0.059582582244212916
2017,China (private),Ecuador,0.0
2017,China (private),"Egypt, Arab Rep.",0.0
2017,China (private),El Salvador,0.0
2017,China (private),Ethiopia,2.133246274809033
2017,China (private),Europe & Central Asia (excluding high income),0.0
2017,China (private),Gabon,2.8806696830247094
2017,China (private),Ghana,0.5569573547529896
2017,China (private),Guinea,0.0
2017,China (private),Honduras,8.413217976401086
2017,China (private),IDA only,1.5116867958457143
2017,China (private),IDA total,2.102752014719778
2017,China (private),India,0.0
2017,China (private),Indonesia,0.06123834108732602
2017,China (private),"Iran, Islamic Rep.",0.0
2017,China (private),Lao PDR,1.0484745071028472
2017,China (private),Latin America & Caribbean (excluding high income),0.10017652103777176
2017,China (private),Least developed countries: UN classification,14.317549865428191
2017,China (private),Low & lower middle income,3.4842786463847064
2017,China (private),Low & middle income,1.2438614035933306
2017,China (private),Low income,0.8782540118137305
2017,China (private),Lower middle income,3.6390542308518756
2017,China (private),Maldives,0.0
2017,China (private),"Middle East, North Africa, Afghanistan & Pakistan (excluding high income)",1.6727887109565183
2017,China (private),Middle income,1.25120168416887
2017,China (private),Moldova,0.0
2017,China (private),Mongolia,0.0
2017,China (private),Myanmar,6.857068434793127
2017,China (private),Nicaragua,0.0
2017,China (private),Nigeria,0.0
2017,China (private),Pakistan,6.399479845977668
2017,China (private),Senegal,0.0
2017,China (private),South Asia,0.0
2017,China (private),Sri Lanka,0.0
2017,China (private),Sub-Saharan Africa (excluding high income),7.321238132377781
2017,China (private),Sudan,0.0
2017,China (private),Suriname,20.753898165863458
2017,China (private),Tanzania,0.0
2017,China (private),Turkiye,0.0
2017,China (private),Upper middle income,0.031784228966521944
2017,China (private),Uzbekistan,0.0
2017,China (private),Viet Nam,0.0
2017,China (private),Zambia,12.872211179980695
2018,China (bilateral),Africa (excluding high income),11.86931105224086
2018,China (bilateral),Algeria,nan
2018,China (bilateral),Angola,17.555176319538056
2018,China (bilateral),Argentina,0.8114303050911652
2018,China (bilateral),Armenia,0.0
2018,China (bilateral),Bangladesh,25.860306689032797
2018,China (bilateral),Belarus,30.93643872407156
2018,China (bilateral),Benin,7.60234150906914
2018,China (bilateral),Bolivia,19.600026021357287
2018,China (bilateral),Bosnia and Herzegovina,0.0
2018,China (bilateral),Botswana,0.0
2018,China (bilateral),Brazil,6.942799549074916
2018,China (bilateral),Burkina Faso,0.0
2018,China (bilateral),Burundi,0.0
2018,China (bilateral),Cabo Verde,2.1572869184478956
2018,China (bilateral),Cambodia,59.23746246474808
2018,China (bilateral),Cameroon,14.12873949848861
2018,China (bilateral),Central African Republic,0.0
2018,China (bilateral),Chad,0.0
2018,China (bilateral),Comoros,55.35438192358983
2018,China (bilateral),"Congo, Dem. Rep.",83.94609388767472
2018,China (bilateral),"Congo, Rep.",3.93731666718355
2018,China (bilateral),Cote d'Ivoire,8.355672318003048
2018,China (bilateral),Djibouti,21.87183724486527
2018,China (bilateral),Dominica,0.0
2018,China (bilateral),Dominican Republic,0.0
2018,China (bilateral),East Asia & Pacific (excluding high income),1.6963615724475811
2018,China (bilateral),Ecuador,11.896690705035216
2018,China (bilateral),"Egypt, Arab Rep.",9.701591720645625
2018,China (bilateral),El Salvador,0.0
2018,China (bilateral),Eritrea,29.60760128463388
2018,China (bilateral),Eswatini,60.254680439701325
2018,China (bilateral),Ethiopia,6.811590603468052
2018,China (bilateral),Europe & Central Asia (excluding high income),6.593262794287785
2018,China (bilateral),Fiji,0.0
2018,China (bilateral),Gabon,22.863011020247686
2018,China (bilateral),"Gambia, The",0.0
2018,China (bilateral),Georgia,0.0
2018,China (bilateral),Ghana,0.5447389762452456
2018,China (bilateral),Grenada,0.0
2018,China (bilateral),Guatemala,4.31183539572389
2018,China (bilateral),Guinea,16.708295532182426
2018,China (bilateral),Guyana,34.81527518557865
2018,China (bilateral),Honduras,0.0
2018,China (bilateral),IDA only,18.1208432403866
2018,China (bilateral),IDA total,23.6005294667866
2018,China (bilateral),Indonesia,1.3894580910093146
2018,China (bilateral),"Iran, Islamic Rep.",nan
2018,China (bilateral),Jamaica,33.377282189129986
2018,China (bilateral),Jordan,0.0
2018,China (bilateral),Kazakhstan,16.908456293233506
2018,China (bilateral),Kenya,18.589188823459498
2018,China (bilateral),Kyrgyz Republic,29.81401652797591
2018,China (bilateral),Lao PDR,61.486310591466335
2018,China (bilateral),Latin America & Caribbean (excluding high income),2.8966921903606537
2018,China (bilateral),Least developed countries: UN classification,20.414200926682344
2018,China (bilateral),Lebanon,0.0
2018,China (bilateral),Lesotho,0.0
2018,China (bilateral),Liberia,23.25364241606881
2018,China (bilateral),Low & lower middle income,14.917799414246607
2018,China (bilateral),Low & middle income,6.632271513328707
2018,China (bilateral),Low income,21.675165095362853
2018,China (bilateral),Lower middle income,14.335986139072757
2018,China (bilateral),Madagascar,13.12769564648403
2018,China (bilateral),Malawi,10.49818306642055
2018,China (bilateral),Maldives,27.25584122915585
2018,China (bilateral),Mali,3.8823617986290735
2018,China (bilateral),Mauritania,6.636512803245054
2018,China (bilateral),Mauritius,70.40855626717405
2018,China (bilateral),"Middle East, North Africa, Afghanistan & Pakistan (excluding high income)",20.54670327987357
2018,China (bilateral),Middle income,6.224150092746923
2018,China (bilateral),Mongolia,17.83436783978021
2018,China (bilateral),Montenegro,16.119517039518925
2018,China (bilateral),Morocco,0.4522417248554322
2018,China (bilateral),Mozambique,33.09991328820349
2018,China (bilateral),Myanmar,3.168417379131286
2018,China (bilateral),Nepal,5.0559094487135425
2018,China (bilateral),Nicaragua,0.0
2018,China (bilateral),Niger,25.236253353270026
2018,China (bilateral),Nigeria,8.590800543854387
2018,China (bilateral),North Macedonia,7.82632384655644
2018,China (bilateral),Pakistan,71.68404846365628
2018,China (bilateral),Papua New Guinea,7.0141287996824815
2018,China (bilateral),Peru,0.0
2018,China (bilateral),Philippines,0.18757457410076725
2018,China (bilateral),Rwanda,2.180423041287691
2018,China (bilateral),Samoa,62.75443923003558
2018,China (bilateral),Sao Tome and Principe,0.0
2018,China (bilateral),Senegal,8.620315515731392
2018,China (bilateral),Serbia,12.35666886859276
2018,China (bilateral),Sierra Leone,0.0
2018,China (bilateral),Solomon Islands,0.0
2018,China (bilateral),South Africa,3.2686944159120306
2018,China (bilateral),South Asia,7.70939357842279
2018,China (bilateral),Sri Lanka,7.424421201243698
2018,China (bilateral),St. Vincent and the Grenadines,0.0
2018,China (bilateral),Sub-Saharan Africa (excluding high income),13.615503203420234
2018,China (bilateral),Sudan,0.0
2018,China (bilateral),Suriname,66.94336988444776
2018,China (bilateral),Syrian Arab Republic,0.0
2018,China (bilateral),Tajikistan,29.612870438264103
2018,China (bilateral),Tanzania,1.7578025639107688
2018,China (bilateral),Togo,34.57844552875616
2018,China (bilateral),Tonga,0.0
2018,China (bilateral),Tunisia,0.0
2018,China (bilateral),Turkiye,2.314736883209867
2018,China (bilateral),Turkmenistan,0.0
2018,China (bilateral),Uganda,36.367468641670875
2018,China (bilateral),Ukraine,0.8030580638881373
2018,China (bilateral),Upper middle income,2.4921180509753333
2018,China (bilateral),Uzbekistan,16.340979429905136
2018,China (bilateral),Vanuatu,4.243984355646189
2018,China (bilateral),Viet Nam,2.0976813028100727
2018,China (bilateral),"Yemen, Rep.",0.0
2018,China (bilateral),Zambia,24.850396273313898
2018,China (bilateral),Zimbabwe,95.29330546554634
2018,China (private),Africa (excluding high income),3.6577328908048248
2018,China (private),Algeria,nan
2018,China (private),Angola,24.380393001260455
2018,China (private),Bangladesh,0.0
2018,China (private),Benin,0.0
2018,China (private),Brazil,0.0
2018,China (private),Cameroon,1.912203373309949
2018,China (private),"Congo, Rep.",49.6639611360962
2018,China (private),Cote d'Ivoire,0.0
2018,China (private),East Asia & Pacific (excluding high income),0.07316067958972702
2018,China (private),Ecuador,2.0969628678523207
2018,China (private),"Egypt, Arab Rep.",0.0
2018,China (private),El Salvador,0.0
2018,China (private),Ethiopia,0.814464665461923
2018,China (private),Europe & Central Asia (excluding high income),1.0193391584290041
2018,China (private),Gabon,0.0
2018,China (private),Ghana,1.8361578445228208
2018,China (private),Guinea,0.0
2018,China (private),Honduras,9.50493105640376
2018,China (private),IDA only,3.863666022600217
2018,China (private),IDA total,3.0193516099790565
2018,China (private),India,0.0
2018,China (private),Indonesia,0.013791409999282047
2018,China (private),"Iran, Islamic Rep.",nan
2018,China (private),Lao PDR,3.7713677434692503
2018,China (private),Latin America & Caribbean (excluding high income),0.15672285034812677
2018,China (private),Least developed countries: UN classification,7.397926308815535
2018,China (private),Low & lower middle income,3.400854941246839
2018,China (private),Low & middle income,1.3125565916224824
2018,China (private),Low income,0.38495333383265856
2018,China (private),Lower middle income,3.660525895079525
2018,China (private),Maldives,21.869002841085063
2018,China (private),"Middle East, North Africa, Afghanistan & Pakistan (excluding high income)",1.133281251423026
2018,China (private),Middle income,1.3377229439097582
2018,China (private),Moldova,0.0
2018,China (private),Mongolia,0.0
2018,China (private),Myanmar,4.10918710798038
2018,China (private),Nicaragua,0.0
2018,China (private),Nigeria,0.0
2018,China (private),Pakistan,5.074615219208551
2018,China (private),Senegal,0.0
2018,China (private),South Asia,3.7138781566490744
2018,China (private),Sri Lanka,19.61762960757857
2018,China (private),Sub-Saharan Africa (excluding high income),4.94246515728685
2018,China (private),Sudan,0.0
2018,China (private),Suriname,0.0
2018,China (private),Tanzania,0.0
2018,China (private),Turkiye,2.314736883209867
2018,China (private),Upper middle income,0.2690653686110563
2018,China (private),Uzbekistan,0.0
2018,China (private),Viet Nam,0.0
2018,China (private),Zambia,9.880742702210664
2019,China (bilateral),Africa (excluding high income),8.947151409730509
2019,China (bilateral),Algeria,nan
2019,China (bilateral),Angola,3.230448904904791
2019,China (bilateral),Argentina,3.0946302668989074
2019,China (bilateral),Armenia,0.0
2019,China (bilateral),Bangladesh,9.742084437469435
2019,China (bilateral),Belarus,47.865280202430775
2019,China (bilateral),Benin,0.39780877110465507
2019,China (bilateral),Bolivia,13.150863591571454
2019,China (bilateral),Bosnia and Herzegovina,0.0
2019,China (bilateral),Botswana,0.0
2019,China (bilateral),Brazil,0.0
2019,China (bilateral),Burkina Faso,0.0
2019,China (bilateral),Burundi,41.51131544228561
2019,China (bilateral),Cabo Verde,0.0
2019,China (bilateral),Cambodia,38.672672980004684
2019,China (bilateral),Cameroon,33.194170811549306
2019,China (bilateral),Central African Republic,0.0
2019,China (bilateral),Chad,0.0
2019,China (bilateral),Comoros,2.361731799670056
2019,China (bilateral),"Congo, Dem. Rep.",7.942606459259063
2019,China (bilateral),"Congo, Rep.",33.72001694070367
2019,China (bilateral),Cote d'Ivoire,11.222683536086036
2019,China (bilateral),Djibouti,10.136797412848043
2019,China (bilateral),Dominica,0.0
2019,China (bilateral),Dominican Republic,0.0
2019,China (bilateral),East Asia & Pacific (excluding high income),1.1186602527651277
2019,China (bilateral),Ecuador,6.657090361355156
2019,China (bilateral),"Egypt, Arab Rep.",2.853493161096472
2019,China (bilateral),El Salvador,0.0
2019,China (bilateral),Equatorial Guinea,100.0
2019,China (bilateral),Eritrea,14.11818479966143
2019,China (bilateral),Eswatini,48.12208305251327
2019,China (bilateral),Ethiopia,16.804223874888272
2019,China (bilateral),Europe & Central Asia (excluding high income),6.318228333555237
2019,China (bilateral),Fiji,0.0
2019,China (bilateral),Gabon,19.82555153098233
2019,China (bilateral),"Gambia, The",23.59938955221722
2019,China (bilateral),Georgia,0.0
2019,China (bilateral),Ghana,4.473551830485806
2019,China (bilateral),Grenada,0.0
2019,China (bilateral),Guatemala,0.0
2019,China (bilateral),Guinea,63.892867082539574
2019,China (bilateral),Guyana,41.02742181587046
2019,China (bilateral),Honduras,0.0
2019,China (bilateral),IDA only,12.754714156177746
2019,China (bilateral),IDA total,18.119728988280382
2019,China (bilateral),Indonesia,0.9415105875858234
2019,China (bilateral),"Iran, Islamic Rep.",0.0
2019,China (bilateral),Jamaica,4.556991380754217
2019,China (bilateral),Jordan,0.0
2019,China (bilateral),Kazakhstan,17.628240901888855
2019,China (bilateral),Kenya,11.909889940692207
2019,China (bilateral),Kyrgyz Republic,50.418885770709515
2019,China (bilateral),Lao PDR,27.515683153503716
2019,China (bilateral),Latin America & Caribbean (excluding high income),1.2087532749206311
2019,China (bilateral),Least developed countries: UN classification,11.785398719127414
2019,China (bilateral),Lebanon,0.0
2019,China (bilateral),Lesotho,35.99604662100967
2019,China (bilateral),Liberia,0.0
2019,China (bilateral),Low & lower middle income,9.83932555266898
2019,China (bilateral),Low & middle income,4.660891784345014
2019,China (bilateral),Low income,10.290043690422197
2019,China (bilateral),Lower middle income,9.809858526754496
2019,China (bilateral),Madagascar,21.091646867521995
2019,China (bilateral),Malawi,0.48220594982872794
2019,China (bilateral),Maldives,31.541820650705386
2019,China (bilateral),Mali,8.95985366835868
2019,China (bilateral),Mauritania,6.540159829782943
2019,China (bilateral),Mauritius,10.195922764966825
2019,China (bilateral),"Middle East, North Africa, Afghanistan & Pakistan (excluding high income)",11.765459454189184
2019,China (bilateral),Middle income,4.53362705921518
2019,China (bilateral),Mongolia,24.72539231298107
2019,China (bilateral),Montenegro,20.313038140273385
2019,China (bilateral),Morocco,0.0
2019,China (bilateral),Mozambique,11.990681187591186
2019,China (bilateral),Myanmar,7.055286559929849
2019,China (bilateral),Nepal,8.873183802573255
2019,China (bilateral),Nicaragua,0.0
2019,China (bilateral),Niger,0.0
2019,China (bilateral),Nigeria,28.350786828748248
2019,China (bilateral),North Macedonia,20.2283057749818
2019,China (bilateral),Pakistan,38.104626588515
2019,China (bilateral),Papua New Guinea,22.18119662743638
2019,China (bilateral),Peru,0.0
2019,China (bilateral),Philippines,0.134775638286167
2019,China (bilateral),Rwanda,5.502351124733765
2019,China (bilateral),Samoa,4.348120591248944
2019,China (bilateral),Sao Tome and Principe,0.0
2019,China (bilateral),Senegal,13.86667911622308
2019,China (bilateral),Serbia,7.941909819571712
2019,China (bilateral),Sierra Leone,0.0
2019,China (bilateral),Solomon Islands,0.0
2019,China (bilateral),South Africa,6.176787791421065
2019,China (bilateral),South Asia,4.001388080629875
2019,China (bilateral),Sri Lanka,10.87420522551243
2019,China (bilateral),St. Vincent and the Grenadines,0.0
2019,China (bilateral),Sub-Saharan Africa (excluding high income),11.72462029858121
2019,China (bilateral),Sudan,0.0
2019,China (bilateral),Suriname,35.854246111993724
2019,China (bilateral),Syrian Arab Republic,nan
2019,China (bilateral),Tajikistan,16.007492822759037
2019,China (bilateral),Tanzania,0.10474578668100523
2019,China (bilateral),Togo,3.2680798569040563
2019,China (bilateral),Tonga,0.0
2019,China (bilateral),Tunisia,0.0
2019,China (bilateral),Turkiye,0.0
2019,China (bilateral),Turkmenistan,0.0
2019,China (bilateral),Uganda,20.52651716416277
2019,China (bilateral),Ukraine,0.0
2019,China (bilateral),Upper middle income,1.7446061775848347
2019,China (bilateral),Uzbekistan,14.149583674392035
2019,China (bilateral),Vanuatu,32.444344077330086
2019,China (bilateral),Viet Nam,0.7487939015349157
2019,China (bilateral),"Yemen, Rep.",0.0
2019,China (bilateral),Zambia,28.023222461700847
2019,China (bilateral),Zimbabwe,84.08089971347907
2019,China (private),Africa (excluding high income),4.211511390710825
2019,China (private),Algeria,nan
2019,China (private),Angola,26.458829056054835
2019,China (private),Bangladesh,0.0
2019,China (private),Benin,0.0
2019,China (private),Brazil,0.0
2019,China (private),Cameroon,4.518546250250719
2019,China (private),"Congo, Rep.",0.0
2019,China (private),Cote d'Ivoire,2.9396234803342534
2019,China (private),East Asia & Pacific (excluding high income),0.019534104030593982
2019,China (private),Ecuador,0.0
2019,China (private),"Egypt, Arab Rep.",0.0
2019,China (private),El Salvador,0.0
2019,China (private),Ethiopia,0.8350280725898056
2019,China (private),Europe & Central Asia (excluding high income),1.3293933087543517
2019,China (private),Gabon,0.0
2019,China (private),Ghana,4.688715603300134
2019,China (private),Guinea,4.42478820900763
2019,China (private),Honduras,3.180153120422992
2019,China (private),IDA only,3.459722153081272
2019,China (private),IDA total,2.6109145426303346
2019,China (private),India,0.0
2019,China (private),Indonesia,0.0045338298479033565
2019,China (private),"Iran, Islamic Rep.",0.0
2019,China (private),Lao PDR,0.0
2019,China (private),Latin America & Caribbean (excluding high income),0.022400019443362434
2019,China (private),Least developed countries: UN classification,8.868701316961284
2019,China (private),Low & lower middle income,2.738180634556214
2019,China (private),Low & middle income,1.1230225359319659
2019,China (private),Low income,0.21387445725712498
2019,China (private),Lower middle income,2.903214586625156
2019,China (private),Maldives,13.247933511637292
2019,China (private),"Middle East, North Africa, Afghanistan & Pakistan (excluding high income)",0.6887961497598376
2019,China (private),Middle income,1.1435766944029708
2019,China (private),Moldova,0.0
2019,China (private),Mongolia,0.0
2019,China (private),Myanmar,2.4506273345850103
2019,China (private),Nicaragua,0.0
2019,China (private),Nigeria,0.0
2019,China (private),Pakistan,2.4504842083044203
2019,China (private),Senegal,0.0
2019,China (private),South Asia,0.19096606925292028
2019,China (private),Sri Lanka,0.0
2019,China (private),Sub-Saharan Africa (excluding high income),5.86300106279009
2019,China (private),Sudan,0.0
2019,China (private),Suriname,0.0
2019,China (private),Tanzania,6.053875259663812
2019,China (private),Turkiye,2.566746842353701
2019,China (private),Upper middle income,0.21343046110959332
2019,China (private),Uzbekistan,1.4673234682526624
2019,China (private),Viet Nam,0.0
2019,China (private),Zambia,34.052257566213726
2020,China (bilateral),Africa (excluding high income),6.948420706679857
2020,China (bilateral),Algeria,nan
2020,China (bilateral),Angola,5.098654361968934
2020,China (bilateral),Argentina,0.9087729112008696
2020,China (bilateral),Armenia,0.0
2020,China (bilateral),Bangladesh,11.741203989829064
2020,China (bilateral),Belarus,13.164129749286815
2020,China (bilateral),Benin,0.0
2020,China (bilateral),Bolivia,3.914140258581139
2020,China (bilateral),Bosnia and Herzegovina,0.0
2020,China (bilateral),Botswana,0.0
2020,China (bilateral),Brazil,0.0
2020,China (bilateral),Burkina Faso,6.365347886821781
2020,China (bilateral),Burundi,1.2195072629684267
2020,China (bilateral),Cabo Verde,0.0
2020,China (bilateral),Cambodia,30.061560217243
2020,China (bilateral),Cameroon,24.06696554594595
2020,China (bilateral),Central African Republic,0.0
2020,China (bilateral),Chad,58.257439362629086
2020,China (bilateral),Comoros,69.75220876519849
2020,China (bilateral),"Congo, Dem. Rep.",72.98583672679554
2020,China (bilateral),"Congo, Rep.",0.0
2020,China (bilateral),Cote d'Ivoire,11.603938177192198
2020,China (bilateral),Djibouti,67.38884515347638
2020,China (bilateral),Dominica,0.0
2020,China (bilateral),Dominican Republic,0.0
2020,China (bilateral),East Asia & Pacific (excluding high income),0.7543722703840913
2020,China (bilateral),Ecuador,0.8678892015134541
2020,China (bilateral),"Egypt, Arab Rep.",1.4642247468367577
2020,China (bilateral),El Salvador,0.0
2020,China (bilateral),Equatorial Guinea,100.0
2020,China (bilateral),Eritrea,11.331714612218958
2020,China (bilateral),Eswatini,38.90624348299048
2020,China (bilateral),Ethiopia,6.248009815189635
2020,China (bilateral),Europe & Central Asia (excluding high income),4.445274005898071
2020,China (bilateral),Fiji,0.0
2020,China (bilateral),Gabon,2.2992754458419085
2020,China (bilateral),"Gambia, The",0.0
2020,China (bilateral),Georgia,0.0
2020,China (bilateral),Ghana,4.475821195900713
2020,China (bilateral),Grenada,0.0
2020,China (bilateral),Guatemala,0.0
2020,China (bilateral),Guinea,11.311484694641278
2020,China (bilateral),Guyana,26.052872716673285
2020,China (bilateral),Honduras,0.0
2020,China (bilateral),IDA only,10.962232986786443
2020,China (bilateral),IDA total,13.682518727910356
2020,China (bilateral),Indonesia,0.6308836291280819
2020,China (bilateral),"Iran, Islamic Rep.",0.0
2020,China (bilateral),Jamaica,18.887078859681598
2020,China (bilateral),Jordan,0.0
2020,China (bilateral),Kazakhstan,11.074634159315387
2020,China (bilateral),Kenya,6.364080420836682
2020,China (bilateral),Kyrgyz Republic,9.005766522508216
2020,China (bilateral),Lao PDR,36.033960684638714
2020,China (bilateral),Latin America & Caribbean (excluding high income),0.19653812653842773
2020,China (bilateral),Least developed countries: UN classification,12.19073293638505
2020,China (bilateral),Lebanon,0.0
2020,China (bilateral),Lesotho,50.46208926961559
2020,China (bilateral),Liberia,0.8835515125618487
2020,China (bilateral),Low & lower middle income,7.305009010221065
2020,China (bilateral),Low & middle income,2.9222137517619213
2020,China (bilateral),Low income,16.34742516894851
2020,China (bilateral),Lower middle income,6.630155808616261
2020,China (bilateral),Madagascar,5.54046066145083
2020,China (bilateral),Malawi,13.395267127313147
2020,China (bilateral),Maldives,7.39027248701711
2020,China (bilateral),Mali,9.920924266804969
2020,China (bilateral),Mauritania,4.873883442780833
2020,China (bilateral),Mauritius,3.252875033111564
2020,China (bilateral),"Middle East, North Africa, Afghanistan & Pakistan (excluding high income)",8.106570952855291
2020,China (bilateral),Middle income,2.60632890773319
2020,China (bilateral),Mongolia,6.643305994034998
2020,China (bilateral),Montenegro,2.6711458160160255
2020,China (bilateral),Morocco,0.0
2020,China (bilateral),Mozambique,23.577336178277655
2020,China (bilateral),Myanmar,1.8097054103614687
2020,China (bilateral),Nepal,1.332865512511356
2020,China (bilateral),Nicaragua,0.0
2020,China (bilateral),Niger,0.0
2020,China (bilateral),Nigeria,7.713974343885782
2020,China (bilateral),North Macedonia,2.265248635547081
2020,China (bilateral),Pakistan,26.085048831319977
2020,China (bilateral),Papua New Guinea,6.919501390444524
2020,China (bilateral),Peru,0.0
2020,China (bilateral),Philippines,0.2522733528897299
2020,China (bilateral),Rwanda,5.286516143830724
2020,China (bilateral),Samoa,0.0
2020,China (bilateral),Sao Tome and Principe,0.0
2020,China (bilateral),Senegal,2.640800199887163
2020,China (bilateral),Serbia,3.2437320204789133
2020,China (bilateral),Sierra Leone,13.10581630318167
2020,China (bilateral),Solomon Islands,0.0
2020,China (bilateral),South Africa,16.257779747841045
2020,China (bilateral),South Asia,3.638443700749799
2020,China (bilateral),Sri Lanka,10.261421777106689
2020,China (bilateral),St. Vincent and the Grenadines,0.0
2020,China (bilateral),Sub-Saharan Africa (excluding high income),10.440767368907355
2020,China (bilateral),Sudan,0.0
2020,China (bilateral),Suriname,18.038584140158935
2020,China (bilateral),Syrian Arab Republic,nan
2020,China (bilateral),Tajikistan,10.743971018447448
2020,China (bilateral),Tanzania,0.0
2020,China (bilateral),Togo,0.0
2020,China (bilateral),Tonga,0.0
2020,China (bilateral),Tunisia,0.0
2020,China (bilateral),Turkiye,0.6843809650816651
2020,China (bilateral),Turkmenistan,0.0
2020,China (bilateral),Uganda,19.23238898115351
2020,China (bilateral),Ukraine,0.0
2020,China (bilateral),Upper middle income,0.7536384975818099
2020,China (bilateral),Uzbekistan,16.2624304944631
2020,China (bilateral),Vanuatu,29.905075021686613
2020,China (bilateral),Viet Nam,1.6803504617166125
2020,China (bilateral),"Yemen, Rep.",0.0
2020,China (bilateral),Zambia,15.096707117716758
2020,China (bilateral),Zimbabwe,83.66010381516949
2020,China (private),Africa (excluding high income),2.0862505103863422
2020,China (private),Algeria,nan
2020,China (private),Angola,12.230835556487419
2020,China (private),Bangladesh,0.0
2020,China (private),Benin,0.0
2020,China (private),Brazil,0.16069589713845334
2020,China (private),Cameroon,1.2165277864158333
2020,China (private),"Congo, Rep.",0.0
2020,China (private),Cote d'Ivoire,0.7505841631346823
2020,China (private),East Asia & Pacific (excluding high income),0.008123030568125427
2020,China (private),Ecuador,0.0
2020,China (private),"Egypt, Arab Rep.",2.829109892361625
2020,China (private),El Salvador,0.0
2020,China (private),Ethiopia,0.3378288187816568
2020,China (private),Europe & Central Asia (excluding high income),0.8509524771119917
2020,China (private),Gabon,0.0
2020,China (private),Ghana,0.0
2020,China (private),Guinea,39.010604980712316
2020,China (private),Honduras,0.0
2020,China (private),IDA only,2.718807323416076
2020,China (private),IDA total,3.1549158554313483
2020,China (private),India,0.0
2020,China (private),Indonesia,0.0
2020,China (private),"Iran, Islamic Rep.",0.0
2020,China (private),Lao PDR,0.0
2020,China (private),Latin America & Caribbean (excluding high income),0.048256999615845196
2020,China (private),Least developed countries: UN classification,2.9351201474959616
2020,China (private),Low & lower middle income,2.1791608869707235
2020,China (private),Low & middle income,0.7942399778756511
2020,China (private),Low income,0.07012618716032656
2020,China (private),Lower middle income,2.3365622711227854
2020,China (private),Maldives,14.949954307032115
2020,China (private),"Middle East, North Africa, Afghanistan & Pakistan (excluding high income)",3.192408518583107
2020,China (private),Middle income,0.8112778154732283
2020,China (private),Moldova,0.0
2020,China (private),Mongolia,0.0
2020,China (private),Myanmar,0.767267536034439
2020,China (private),Nicaragua,0.0
2020,China (private),Nigeria,0.0
2020,China (private),Pakistan,7.663533076505136
2020,China (private),Senegal,0.0
2020,China (private),South Asia,1.7277129373521873
2020,China (private),Sri Lanka,17.50552576135144
2020,China (private),Sub-Saharan Africa (excluding high income),2.2942938795220615
2020,China (private),Sudan,0.0
2020,China (private),Suriname,0.0
2020,China (private),Tanzania,0.0
2020,China (private),Turkiye,0.8614678255231881
2020,China (private),Upper middle income,0.10899117309436927
2020,China (private),Uzbekistan,3.863632716480527
2020,China (private),Viet Nam,0.0
2020,China (private),Zambia,16.39751332911586
2021,China (bilateral),Africa (excluding high income),4.677708572126956
2021,China (bilateral),Algeria,nan
2021,China (bilateral),Angola,0.0
2021,China (bilateral),Argentina,2.2315515148248544
2021,China (bilateral),Armenia,0.0
2021,China (bilateral),Bangladesh,7.568200190956714
2021,China (bilateral),Belarus,10.662047471031062
2021,China (bilateral),Benin,0.9147723119843966
2021,China (bilateral),Bolivia,18.846029929219338
2021,China (bilateral),Bosnia and Herzegovina,0.0
2021,China (bilateral),Botswana,0.0
2021,China (bilateral),Brazil,0.0
2021,China (bilateral),Burkina Faso,5.493526240594645
2021,China (bilateral),Burundi,0.0
2021,China (bilateral),Cabo Verde,0.0
2021,China (bilateral),Cambodia,24.92613200541689
2021,China (bilateral),Cameroon,4.605959648617377
2021,China (bilateral),Central African Republic,0.0
2021,China (bilateral),Chad,17.134734193738826
2021,China (bilateral),Comoros,56.35783395480602
2021,China (bilateral),"Congo, Dem. Rep.",12.038942814819457
2021,China (bilateral),"Congo, Rep.",16.197641052084325
2021,China (bilateral),Cote d'Ivoire,5.137409066751535
2021,China (bilateral),Djibouti,0.0
2021,China (bilateral),Dominica,0.0
2021,China (bilateral),Dominican Republic,0.0
2021,China (bilateral),East Asia & Pacific (excluding high income),0.34526345316747215
2021,China (bilateral),Ecuador,10.22960272044494
2021,China (bilateral),"Egypt, Arab Rep.",4.183250175011265
2021,China (bilateral),El Salvador,0.04390601826413958
2021,China (bilateral),Equatorial Guinea,100.0
2021,China (bilateral),Eritrea,15.418357390197174
2021,China (bilateral),Eswatini,0.0
2021,China (bilateral),Ethiopia,2.450724205627558
2021,China (bilateral),Europe & Central Asia (excluding high income),4.591368265693338
2021,China (bilateral),Fiji,0.0
2021,China (bilateral),Gabon,0.0
2021,China (bilateral),"Gambia, The",0.0
2021,China (bilateral),Georgia,0.0
2021,China (bilateral),Ghana,6.252447510155622
2021,China (bilateral),Grenada,33.37161013535521
2021,China (bilateral),Guatemala,0.0
2021,China (bilateral),Guinea,0.46270496336516226
2021,China (bilateral),Guyana,3.0774315047434313
2021,China (bilateral),Honduras,0.0
2021,China (bilateral),IDA only,9.989864099193891
2021,China (bilateral),IDA total,10.416277379707411
2021,China (bilateral),Indonesia,0.41569987509161754
2021,China (bilateral),"Iran, Islamic Rep.",0.0
2021,China (bilateral),Jamaica,23.593723282518052
2021,China (bilateral),Jordan,0.0
2021,China (bilateral),Kazakhstan,14.89388198677432
2021,China (bilateral),Kenya,7.290407606932304
2021,China (bilateral),Kyrgyz Republic,10.323794292175428
2021,China (bilateral),Lao PDR,44.6635662765959
2021,China (bilateral),Latin America & Caribbean (excluding high income),0.8129105861571471
2021,China (bilateral),Least developed countries: UN classification,5.712299686517249
2021,China (bilateral),Lebanon,0.0
2021,China (bilateral),Lesotho,29.622914417558295
2021,China (bilateral),Liberia,0.0
2021,China (bilateral),Low & lower middle income,6.01675169936401
2021,China (bilateral),Low & middle income,2.392057584432591
2021,China (bilateral),Low income,6.632214485710576
2021,China (bilateral),Lower middle income,5.986790730182774
2021,China (bilateral),Madagascar,7.499996991057399
2021,China (bilateral),Malawi,7.066984743307381
2021,China (bilateral),Maldives,10.425487970186175
2021,China (bilateral),Mali,4.162729471152358
2021,China (bilateral),Mauritania,0.0
2021,China (bilateral),Mauritius,0.9419864833147205
2021,China (bilateral),"Middle East, North Africa, Afghanistan & Pakistan (excluding high income)",6.866427204467891
2021,China (bilateral),Middle income,2.3299407129509118
2021,China (bilateral),Mongolia,3.173731993027425
2021,China (bilateral),Montenegro,27.11681969825042
2021,China (bilateral),Morocco,0.0
2021,China (bilateral),Mozambique,18.130755167988873
2021,China (bilateral),Myanmar,2.076206389379751
2021,China (bilateral),Nepal,3.4021304985391696
2021,China (bilateral),Nicaragua,0.0
2021,China (bilateral),Niger,0.0
2021,China (bilateral),Nigeria,5.6497900831518635
2021,China (bilateral),North Macedonia,1.7807419000184577
2021,China (bilateral),Pakistan,14.804415248608157
2021,China (bilateral),Papua New Guinea,10.522732630923352
2021,China (bilateral),Peru,0.0
2021,China (bilateral),Philippines,0.18788627845036443
2021,China (bilateral),Rwanda,6.5239651296077055
2021,China (bilateral),Samoa,nan
2021,China (bilateral),Sao Tome and Principe,0.0
2021,China (bilateral),Senegal,7.137636328793704
2021,China (bilateral),Serbia,10.163876927526816
2021,China (bilateral),Sierra Leone,11.704442042315804
2021,China (bilateral),Solomon Islands,0.0
2021,China (bilateral),South Africa,12.049054672139173
2021,China (bilateral),South Asia,5.562086089770543
2021,China (bilateral),Sri Lanka,40.04873289867602
2021,China (bilateral),St. Vincent and the Grenadines,0.0
2021,China (bilateral),Sub-Saharan Africa (excluding high income),5.472189863575869
2021,China (bilateral),Sudan,0.0
2021,China (bilateral),Suriname,0.0
2021,China (bilateral),Syrian Arab Republic,nan
2021,China (bilateral),Tajikistan,6.0502276549041625
2021,China (bilateral),Tanzania,0.0
2021,China (bilateral),Togo,0.0
2021,China (bilateral),Tonga,0.0
2021,China (bilateral),Tunisia,0.0862200696082357
2021,China (bilateral),Turkiye,2.6688327464636785
2021,China (bilateral),Turkmenistan,0.0
2021,China (bilateral),Uganda,10.284768055726332
2021,China (bilateral),Ukraine,0.0
2021,China (bilateral),Upper middle income,0.7557274788813542
2021,China (bilateral),Uzbekistan,12.8885112062926
2021,China (bilateral),Vanuatu,54.91912405768098
2021,China (bilateral),Viet Nam,2.940502551991541
2021,China (bilateral),"Yemen, Rep.",0.0
2021,China (bilateral),Zambia,10.26593881838064
2021,China (bilateral),Zimbabwe,92.47894755448117
2021,China (private),Africa (excluding high income),0.8954435298261828
2021,China (private),Algeria,nan
2021,China (private),Angola,3.291611668065877
2021,China (private),Bangladesh,0.0
2021,China (private),Benin,0.5339385715196426
2021,China (private),Brazil,0.0
2021,China (private),Cameroon,0.0
2021,China (private),"Congo, Rep.",0.0
2021,China (private),Cote d'Ivoire,0.9870163753606264
2021,China (private),East Asia & Pacific (excluding high income),0.0
2021,China (private),Ecuador,0.0
2021,China (private),"Egypt, Arab Rep.",1.4338026624272977
2021,China (private),El Salvador,0.0
2021,China (private),Ethiopia,0.0
2021,China (private),Europe & Central Asia (excluding high income),0.40829835806015263
2021,China (private),Gabon,0.0
2021,China (private),Ghana,0.3517058030425502
2021,China (private),Guinea,21.704086783603476
2021,China (private),Honduras,0.0
2021,China (private),IDA only,2.199981073672957
2021,China (private),IDA total,2.1032576308510875
2021,China (private),India,0.0
2021,China (private),Indonesia,0.0
2021,China (private),"Iran, Islamic Rep.",0.0
2021,China (private),Lao PDR,0.0
2021,China (private),Latin America & Caribbean (excluding high income),0.0
2021,China (private),Least developed countries: UN classification,0.8711482352508172
2021,China (private),Low & lower middle income,1.3938553939428362
2021,China (private),Low & middle income,0.47231992494415326
2021,China (private),Low income,0.0
2021,China (private),Lower middle income,1.4617088197347048
2021,China (private),Maldives,0.3112820380583383
2021,China (private),"Middle East, North Africa, Afghanistan & Pakistan (excluding high income)",2.187998681679711
2021,China (private),Middle income,0.4792392528744828
2021,China (private),Moldova,0.0
2021,China (private),Mongolia,0.0
2021,China (private),Myanmar,0.0
2021,China (private),Nicaragua,0.0
2021,China (private),Nigeria,0.0
2021,China (private),Pakistan,4.577422797921653
2021,China (private),Senegal,0.0
2021,China (private),South Asia,1.7640833272118686
2021,China (private),Sri Lanka,19.040209459170192
2021,China (private),Sub-Saharan Africa (excluding high income),0.7427697149080862
2021,China (private),Sudan,0.0
2021,China (private),Suriname,0.0
2021,China (private),Tanzania,0.0
2021,China (private),Turkiye,0.9988410004543923
2021,China (private),Upper middle income,0.05630241189550959
2021,China (private),Uzbekistan,0.0
2021,China (private),Viet Nam,0.0
2021,China (private),Zambia,4.239560070721315
2022,China (bilateral),Africa (excluding high income),6.581910303851529
2022,China (bilateral),Algeria,nan
2022,China (bilateral),Angola,1.8360396669056462
2022,China (bilateral),Argentina,19.56374153350953
2022,China (bilateral),Armenia,0.0
2022,China (bilateral),Bangladesh,10.374630098739898
2022,China (bilateral),Belarus,20.701938275526093
2022,China (bilateral),Benin,0.03373388833791348
2022,China (bilateral),Bolivia,12.634210030355849
2022,China (bilateral),Bosnia and Herzegovina,0.0
2022,China (bilateral),Botswana,0.0
2022,China (bilateral),Brazil,0.0
2022,China (bilateral),Burkina Faso,8.301461831107586
2022,China (bilateral),Burundi,0.0
2022,China (bilateral),Cabo Verde,0.0
2022,China (bilateral),Cambodia,22.470001717170717
2022,China (bilateral),Cameroon,36.70637209119893
2022,China (bilateral),Central African Republic,0.0
2022,China (bilateral),Chad,0.0
2022,China (bilateral),Comoros,12.009483336918734
2022,China (bilateral),"Congo, Dem. Rep.",13.561081180422363
2022,China (bilateral),"Congo, Rep.",0.0
2022,China (bilateral),Cote d'Ivoire,9.422919049445026
2022,China (bilateral),Djibouti,0.0
2022,China (bilateral),Dominica,0.0
2022,China (bilateral),Dominican Republic,0.0
2022,China (bilateral),East Asia & Pacific (excluding high income),1.0422422747016336
2022,China (bilateral),Ecuador,0.0
2022,China (bilateral),"Egypt, Arab Rep.",3.918630654773359
2022,China (bilateral),El Salvador,0.0
2022,China (bilateral),Equatorial Guinea,96.38692940994662
2022,China (bilateral),Eritrea,6.521439383474518
2022,China (bilateral),Eswatini,0.0
2022,China (bilateral),Ethiopia,2.6797236339732917
2022,China (bilateral),Europe & Central Asia (excluding high income),3.1857184133103584
2022,China (bilateral),Fiji,0.0
2022,China (bilateral),Gabon,0.0
2022,China (bilateral),"Gambia, The",0.0
2022,China (bilateral),Georgia,0.0
2022,China (bilateral),Ghana,9.69996778241186
2022,China (bilateral),Grenada,8.267567195408505
2022,China (bilateral),Guatemala,0.0
2022,China (bilateral),Guinea,0.3284670249176459
2022,China (bilateral),Guyana,0.011397565325123525
2022,China (bilateral),Honduras,0.0
2022,China (bilateral),IDA only,9.06081464805033
2022,China (bilateral),IDA total,12.644060168001586
2022,China (bilateral),Indonesia,0.06987639276324585
2022,China (bilateral),"Iran, Islamic Rep.",0.0
2022,China (bilateral),Jamaica,38.96389287326746
2022,China (bilateral),Jordan,0.0
2022,China (bilateral),Kazakhstan,7.237671884431206
2022,China (bilateral),Kenya,6.940169429438549
2022,China (bilateral),Kyrgyz Republic,18.410219430580504
2022,China (bilateral),Lao PDR,51.350379766632386
2022,China (bilateral),Latin America & Caribbean (excluding high income),2.3648525001539853
2022,China (bilateral),Least developed countries: UN classification,8.28325720688119
2022,China (bilateral),Lebanon,0.0
2022,China (bilateral),Lesotho,40.32108565934364
2022,China (bilateral),Liberia,0.0
2022,China (bilateral),Low & lower middle income,7.409998574213172
2022,China (bilateral),Low & middle income,3.699789736970999
2022,China (bilateral),Low income,9.439783352996448
2022,China (bilateral),Lower middle income,7.30131312734516
2022,China (bilateral),Madagascar,30.237828164961847
2022,China (bilateral),Malawi,8.254881392445235
2022,China (bilateral),Maldives,7.3774381893635175
2022,China (bilateral),Mali,4.7178888970987005
2022,China (bilateral),Mauritania,18.833712842055807
2022,China (bilateral),Mauritius,0.0
2022,China (bilateral),"Middle East, North Africa, Afghanistan & Pakistan (excluding high income)",9.26425711433738
2022,China (bilateral),Middle income,3.589690262012706
2022,China (bilateral),Mongolia,13.953588810559552
2022,China (bilateral),Montenegro,45.04358895377697
2022,China (bilateral),Morocco,0.0
2022,China (bilateral),Mozambique,0.0
2022,China (bilateral),Myanmar,3.202364791262707
2022,China (bilateral),Nepal,1.1864077029199742
2022,China (bilateral),Nicaragua,0.0
2022,China (bilateral),Niger,0.005492573608354219
2022,China (bilateral),Nigeria,13.799744862932627
2022,China (bilateral),North Macedonia,9.69186458539575
2022,China (bilateral),Pakistan,26.775596214163127
2022,China (bilateral),Papua New Guinea,14.328335973448567
2022,China (bilateral),Peru,0.0
2022,China (bilateral),Philippines,0.285124098242994
2022,China (bilateral),Rwanda,6.05362330359237
2022,China (bilateral),Samoa,0.0
2022,China (bilateral),Sao Tome and Principe,0.0
2022,China (bilateral),Senegal,12.710911492947737
2022,China (bilateral),Serbia,19.190489020437173
2022,China (bilateral),Sierra Leone,0.0
2022,China (bilateral),Solomon Islands,0.0
2022,China (bilateral),South Africa,2.4170238082365585
2022,China (bilateral),South Asia,3.530570601919275
2022,China (bilateral),Sri Lanka,2.5928130803846217
2022,China (bilateral),St. Vincent and the Grenadines,0.0
2022,China (bilateral),Sub-Saharan Africa (excluding high income),8.235206816552644
2022,China (bilateral),Sudan,nan
2022,China (bilateral),Suriname,0.0
2022,China (bilateral),Syrian Arab Republic,nan
2022,China (bilateral),Tajikistan,0.0
2022,China (bilateral),Tanzania,0.0
2022,China (bilateral),Togo,0.0
2022,China (bilateral),Tonga,0.0
2022,China (bilateral),Tunisia,0.0
2022,China (bilateral),Turkiye,0.15483900955293417
2022,China (bilateral),Turkmenistan,0.0
2022,China (bilateral),Uganda,28.42906341748082
2022,China (bilateral),Ukraine,0.0
2022,China (bilateral),Upper middle income,1.517967911934706
2022,China (bilateral),Uzbekistan,7.6400944440877945
2022,China (bilateral),Vanuatu,71.02667363516436
2022,China (bilateral),Viet Nam,0.7879706079063284
2022,China (bilateral),"Yemen, Rep.",0.0
2022,China (bilateral),Zambia,0.0
2022,China (bilateral),Zimbabwe,91.0315064251068
2022,China (private),Africa (excluding high income),3.217521163193426
2022,China (private),Algeria,nan
2022,China (private),Angola,13.16061905486809
2022,China (private),Bangladesh,0.0
2022,China (private),Benin,0.8793406794783984
2022,China (private),Brazil,0.0
2022,China (private),Cameroon,0.0
2022,China (private),"Congo, Rep.",0.0
2022,China (private),Cote d'Ivoire,3.897362874652592
2022,China (private),East Asia & Pacific (excluding high income),0.0
2022,China (private),Ecuador,0.0
2022,China (private),"Egypt, Arab Rep.",5.5180142070792115
2022,China (private),El Salvador,0.0
2022,China (private),Ethiopia,0.0
2022,China (private),Europe & Central Asia (excluding high income),0.0
2022,China (private),Gabon,0.0
2022,China (private),Ghana,0.42062950592359877
2022,China (private),Guinea,38.99483606909151
2022,China (private),Honduras,0.0
2022,China (private),IDA only,0.4418104846611586
2022,China (private),IDA total,0.5184238954735291
2022,China (private),India,0.0
2022,China (private),Indonesia,0.0
2022,China (private),"Iran, Islamic Rep.",0.0
2022,China (private),Lao PDR,0.0
2022,China (private),Latin America & Caribbean (excluding high income),0.0
2022,China (private),Least developed countries: UN classification,3.3572243669892696
2022,China (private),Low & lower middle income,1.6708432490195557
2022,China (private),Low & middle income,0.6187140692027046
2022,China (private),Low income,0.0
2022,China (private),Lower middle income,1.760309061880242
2022,China (private),Maldives,0.0
2022,China (private),"Middle East, North Africa, Afghanistan & Pakistan (excluding high income)",2.2431957146733073
2022,China (private),Middle income,0.6305816946262492
2022,China (private),Moldova,0.0
2022,China (private),Mongolia,0.0
2022,China (private),Myanmar,0.0
2022,China (private),Nicaragua,0.0
2022,China (private),Nigeria,0.0
2022,China (private),Pakistan,0.0
2022,China (private),Senegal,0.5813030966405186
2022,China (private),South Asia,0.0
2022,China (private),Sri Lanka,0.0
2022,China (private),Sub-Saharan Africa (excluding high income),2.94261679894307
2022,China (private),Sudan,nan
2022,China (private),Suriname,0.0
2022,China (private),Tanzania,0.0
2022,China (private),Turkiye,0.0
2022,China (private),Upper middle income,0.0
2022,China (private),Uzbekistan,0.0
2022,China (private),Viet Nam,0.0
2022,China (private),Zambia,0.0
2023,China (bilateral),Africa (excluding high income),5.656809732066698
2023,China (bilateral),Algeria,nan
2023,China (bilateral),Angola,0.4987115864438448
2023,China (bilateral),Argentina,35.067962129679145
2023,China (bilateral),Armenia,0.0
2023,China (bilateral),Bangladesh,9.868414714879032
2023,China (bilateral),Belarus,26.824662223763678
2023,China (bilateral),Benin,0.9306753198181137
2023,China (bilateral),Bolivia,8.773236461234514
2023,China (bilateral),Bosnia and Herzegovina,0.0
2023,China (bilateral),Botswana,0.0
2023,China (bilateral),Brazil,2.463871310765482
2023,China (bilateral),Burkina Faso,0.0
2023,China (bilateral),Burundi,0.0
2023,China (bilateral),Cabo Verde,0.0
2023,China (bilateral),Cambodia,21.52121698876534
2023,China (bilateral),Cameroon,21.90311327289699
2023,China (bilateral),Central African Republic,0.0
2023,China (bilateral),Chad,0.0
2023,China (bilateral),Comoros,0.0
2023,China (bilateral),"Congo, Dem. Rep.",12.966570532721944
2023,China (bilateral),"Congo, Rep.",0.0
2023,China (bilateral),Cote d'Ivoire,11.320781189763334
2023,China (bilateral),Djibouti,0.0
2023,China (bilateral),Dominica,0.0
2023,China (bilateral),Dominican Republic,0.0
2023,China (bilateral),East Asia & Pacific (excluding high income),0.8446036681139409
2023,China (bilateral),Ecuador,0.9020048188169983
2023,China (bilateral),"Egypt, Arab Rep.",7.40265242789895
2023,China (bilateral),El Salvador,0.0
2023,China (bilateral),Equatorial Guinea,0.0
2023,China (bilateral),Eritrea,0.46455894214174176
2023,China (bilateral),Eswatini,0.0
2023,China (bilateral),Ethiopia,0.0
2023,China (bilateral),Europe & Central Asia (excluding high income),3.100734215929243
2023,China (bilateral),Fiji,0.0
2023,China (bilateral),Gabon,0.0
2023,China (bilateral),"Gambia, The",0.0
2023,China (bilateral),Georgia,0.0
2023,China (bilateral),Ghana,0.3567081420317146
2023,China (bilateral),Grenada,38.410203078598116
2023,China (bilateral),Guatemala,0.0
2023,China (bilateral),Guinea,0.13875836451110074
2023,China (bilateral),Guyana,31.895470295566685
2023,China (bilateral),Honduras,0.0
2023,China (bilateral),IDA only,5.013128040264846
2023,China (bilateral),IDA total,8.493301711719186
2023,China (bilateral),Indonesia,0.701567853255671
2023,China (bilateral),"Iran, Islamic Rep.",0.0
2023,China (bilateral),Jamaica,15.87491632025206
2023,China (bilateral),Jordan,0.3050966134933857
2023,China (bilateral),Kazakhstan,27.91443376216443
2023,China (bilateral),Kenya,2.467457330984692
2023,China (bilateral),Kyrgyz Republic,5.333281754364299
2023,China (bilateral),Lao PDR,0.0
2023,China (bilateral),Latin America & Caribbean (excluding high income),5.258123642225472
2023,China (bilateral),Least developed countries: UN classification,5.243167679858636
2023,China (bilateral),Lebanon,0.0
2023,China (bilateral),Lesotho,35.08980060773561
2023,China (bilateral),Liberia,0.0
2023,China (bilateral),Low & lower middle income,5.221077373462415
2023,China (bilateral),Low & middle income,3.8021440067315004
2023,China (bilateral),Low income,3.748591080921062
2023,China (bilateral),Lower middle income,5.344461267638068
2023,China (bilateral),Madagascar,3.9551650863244423
2023,China (bilateral),Malawi,0.0
2023,China (bilateral),Maldives,0.0
2023,China (bilateral),Mali,5.805911522054456
2023,China (bilateral),Mauritania,8.793016534673509
2023,China (bilateral),Mauritius,0.0
2023,China (bilateral),"Middle East, North Africa, Afghanistan & Pakistan (excluding high income)",7.329273388497114
2023,China (bilateral),Middle income,3.8038244961019294
2023,China (bilateral),Mongolia,0.2627915664275191
2023,China (bilateral),Montenegro,0.0
2023,China (bilateral),Morocco,0.0
2023,China (bilateral),Mozambique,12.355132730382483
2023,China (bilateral),Myanmar,0.0
2023,China (bilateral),Nepal,1.8006785093396167
2023,China (bilateral),Nicaragua,0.0
2023,China (bilateral),Niger,0.0
2023,China (bilateral),Nigeria,18.366253020696565
2023,China (bilateral),North Macedonia,6.507327829804272
2023,China (bilateral),Pakistan,16.805348730356528
2023,China (bilateral),Papua New Guinea,13.117867724048299
2023,China (bilateral),Peru,0.0
2023,China (bilateral),Philippines,0.9518148815505368
2023,China (bilateral),Rwanda,2.352372238332194
2023,China (bilateral),Samoa,0.0
2023,China (bilateral),Sao Tome and Principe,0.0
2023,China (bilateral),Senegal,4.907999044552108
2023,China (bilateral),Serbia,12.073180516152362
2023,China (bilateral),Sierra Leone,0.0
2023,China (bilateral),Solomon Islands,30.470946545303466
2023,China (bilateral),South Africa,6.932463689784713
2023,China (bilateral),South Asia,2.3303568653295104
2023,China (bilateral),Sri Lanka,0.1176036336786073
2023,China (bilateral),St. Vincent and the Grenadines,10.495944845002178
2023,China (bilateral),Sub-Saharan Africa (excluding high income),5.947800520903606
2023,China (bilateral),Sudan,nan
2023,China (bilateral),Suriname,0.0
2023,China (bilateral),Syrian Arab Republic,nan
2023,China (bilateral),Tajikistan,0.0
2023,China (bilateral),Tanzania,1.407261616616189
2023,China (bilateral),Togo,0.0
2023,China (bilateral),Tonga,0.0
2023,China (bilateral),Tunisia,0.0
2023,China (bilateral),Turkiye,1.0994358124633195
2023,China (bilateral),Turkmenistan,0.0
2023,China (bilateral),Uganda,7.841196634772808
2023,China (bilateral),Ukraine,0.0
2023,China (bilateral),Upper middle income,2.881434833436027
2023,China (bilateral),Uzbekistan,9.466894007234178
2023,China (bilateral),Vanuatu,30.941289292235066
2023,China (bilateral),Viet Nam,1.557433754240022
2023,China (bilateral),"Yemen, Rep.",0.0
2023,China (bilateral),Zambia,0.0
2023,China (bilateral),Zimbabwe,12.01555956576847
2023,China (private),Africa (excluding high income),1.912379808714326
2023,China (private),Algeria,nan
2023,China (private),Angola,11.418471293712196
2023,China (private),Bangladesh,0.0
2023,China (private),Benin,0.8617796433678133
2023,China (private),Brazil,0.0
2023,China (private),Cameroon,0.0
2023,China (private),"Congo, Rep.",0.0
2023,China (private),Cote d'Ivoire,1.2086574048248606
2023,China (private),East Asia & Pacific (excluding high income),0.0
2023,China (private),Ecuador,0.0
2023,China (private),"Egypt, Arab Rep.",4.116175376444474
2023,China (private),El Salvador,0.0
2023,China (private),Ethiopia,0.0
2023,China (private),Europe & Central Asia (excluding high income),0.0
2023,China (private),Gabon,0.0
2023,China (private),Ghana,0.0
2023,China (private),Guinea,45.34992736959893
2023,China (private),Honduras,0.0
2023,China (private),IDA only,0.4676813713744825
2023,China (private),IDA total,0.3320221795625628
2023,China (private),India,0.0
2023,China (private),Indonesia,0.0
2023,China (private),"Iran, Islamic Rep.",0.0
2023,China (private),Lao PDR,0.0
2023,China (private),Latin America & Caribbean (excluding high income),0.0
2023,China (private),Least developed countries: UN classification,1.6471650976653909
2023,China (private),Low & lower middle income,0.9196693586057421
2023,China (private),Low & middle income,0.3619134121477896
2023,China (private),Low income,0.0
2023,China (private),Lower middle income,0.996731119651382
2023,China (private),Maldives,0.0
2023,China (private),"Middle East, North Africa, Afghanistan & Pakistan (excluding high income)",1.6389316126718512
2023,China (private),Middle income,0.3732702452792392
2023,China (private),Moldova,0.0
2023,China (private),Mongolia,0.0
2023,China (private),Myanmar,0.0
2023,China (private),Nicaragua,0.0
2023,China (private),Nigeria,0.0
2023,China (private),Pakistan,0.0
2023,China (private),Senegal,0.33942570986156023
2023,China (private),South Asia,0.0
2023,China (private),Sri Lanka,0.0
2023,China (private),Sub-Saharan Africa (excluding high income),1.4652964396811419
2023,China (private),Sudan,nan
2023,China (private),Suriname,0.0
2023,China (private),Tanzania,0.0
2023,China (private),Turkiye,0.0
2023,China (private),Upper middle income,0.0
2023,China (private),Uzbekistan,0.0
2023,China (private),Viet Nam,0.0
2023,China (private),Zambia,0.0
2024,China (bilateral),Africa (excluding high income),2.9077992082120727
2024,China (bilateral),Algeria,nan
2024,China (bilateral),Angola,2.666409343282759
2024,China (bilateral),Argentina,0.0
2024,China (bilateral),Armenia,0.0
2024,China (bilateral),Bangladesh,3.388481915084961
2024,China (bilateral),Belarus,22.178043579878526
2024,China (bilateral),Benin,1.8668451876927201
2024,China (bilateral),Bolivia,12.729331316441375
2024,China (bilateral),Bosnia and Herzegovina,5.463299694781479
2024,China (bilateral),Botswana,0.0
2024,China (bilateral),Brazil,1.109612363002875
2024,China (bilateral),Burkina Faso,0.0
2024,China (bilateral),Burundi,0.0
2024,China (bilateral),Cabo Verde,0.0
2024,China (bilateral),Cambodia,18.49887175248425
2024,China (bilateral),Cameroon,9.129934502723971
2024,China (bilateral),Central African Republic,0.0
2024,China (bilateral),Chad,0.0
2024,China (bilateral),Comoros,0.0
2024,China (bilateral),"Congo, Dem. Rep.",8.764779960665738
2024,China (bilateral),"Congo, Rep.",0.0
2024,China (bilateral),Cote d'Ivoire,3.4152449897486385
2024,China (bilateral),Djibouti,0.0
2024,China (bilateral),Dominica,0.0
2024,China (bilateral),Dominican Republic,0.0
2024,China (bilateral),East Asia & Pacific (excluding high income),0.44587163195252577
2024,China (bilateral),Ecuador,0.020808208277662613
2024,China (bilateral),"Egypt, Arab Rep.",5.113240578480445
2024,China (bilateral),El Salvador,0.0
2024,China (bilateral),Equatorial Guinea,0.0
2024,China (bilateral),Eritrea,0.5602011882056389
2024,China (bilateral),Eswatini,30.520460240347383
2024,China (bilateral),Ethiopia,0.0
2024,China (bilateral),Europe & Central Asia (excluding high income),2.010964715838717
2024,China (bilateral),Fiji,0.0
2024,China (bilateral),Gabon,0.0
2024,China (bilateral),"Gambia, The",0.0
2024,China (bilateral),Georgia,0.0
2024,China (bilateral),Ghana,1.0973499139679663
2024,China (bilateral),Grenada,18.841240180888
2024,China (bilateral),Guatemala,0.0
2024,China (bilateral),Guinea,0.02113891269918367
2024,China (bilateral),Guyana,45.399290716920916
2024,China (bilateral),Honduras,0.0
2024,China (bilateral),IDA only,3.908188126443669
2024,China (bilateral),IDA total,4.901077347158872
2024,China (bilateral),Indonesia,0.49678121391052543
2024,China (bilateral),"Iran, Islamic Rep.",0.0
2024,China (bilateral),Jamaica,27.490945843510485
2024,China (bilateral),Jordan,0.0
2024,China (bilateral),Kazakhstan,7.437261186586528
2024,China (bilateral),Kenya,1.130508166137987
2024,China (bilateral),Kyrgyz Republic,12.255352414663946
2024,China (bilateral),Lao PDR,10.413763108614932
2024,China (bilateral),Latin America & Caribbean (excluding high income),0.5345128714535832
2024,China (bilateral),Least developed countries: UN classification,3.5674194195834423
2024,China (bilateral),Lebanon,0.0
2024,China (bilateral),Lesotho,12.888172931230674
2024,China (bilateral),Liberia,0.0
2024,China (bilateral),Low & lower middle income,2.658296664068348
2024,China (bilateral),Low & middle income,1.411550193469617
2024,China (bilateral),Low income,4.588777083996271
2024,China (bilateral),Lower middle income,2.5446035925257977
2024,China (bilateral),Madagascar,0.0
2024,China (bilateral),Malawi,3.5992710759802358
2024,China (bilateral),Maldives,1.2629528185408
2024,China (bilateral),Mali,12.57770941157556
2024,China (bilateral),Mauritania,0.0
2024,China (bilateral),Mauritius,0.0
2024,China (bilateral),"Middle East, North Africa, Afghanistan & Pakistan (excluding high income)",5.775194075547523
2024,China (bilateral),Middle income,1.3475365831497166
2024,China (bilateral),Mongolia,6.023505478608955
2024,China (bilateral),Montenegro,0.0
2024,China (bilateral),Morocco,0.0
2024,China (bilateral),Mozambique,8.042757764241244
2024,China (bilateral),Myanmar,0.0
2024,China (bilateral),Nepal,0.0
2024,China (bilateral),Nicaragua,0.0
2024,China (bilateral),Niger,0.0
2024,China (bilateral),Nigeria,4.765122540005949
2024,China (bilateral),North Macedonia,0.0
2024,China (bilateral),Pakistan,21.624110210395397
2024,China (bilateral),Papua New Guinea,4.220325069448692
2024,China (bilateral),Peru,0.0
2024,China (bilateral),Philippines,0.052860437805442945
2024,China (bilateral),Rwanda,3.07074844904112
2024,China (bilateral),Samoa,0.0
2024,China (bilateral),Sao Tome and Principe,0.0
2024,China (bilateral),Senegal,1.697895447339171
2024,China (bilateral),Serbia,8.466302533407433
2024,China (bilateral),Sierra Leone,0.0
2024,China (bilateral),Solomon Islands,3.8551492947345984
2024,China (bilateral),South Africa,0.278677386002941
2024,China (bilateral),South Asia,0.5406126751430173
2024,China (bilateral),Sri Lanka,0.0008766420082851004
2024,China (bilateral),St. Vincent and the Grenadines,24.252628118896034
2024,China (bilateral),Sub-Saharan Africa (excluding high income),2.8123437941991445
2024,China (bilateral),Sudan,nan
2024,China (bilateral),Suriname,0.0
2024,China (bilateral),Syrian Arab Republic,nan
2024,China (bilateral),Tajikistan,0.0
2024,China (bilateral),Tanzania,2.092868671297612
2024,China (bilateral),Togo,0.0
2024,China (bilateral),Tonga,0.0
2024,China (bilateral),Tunisia,0.0
2024,China (bilateral),Turkiye,1.2751255577811254
2024,China (bilateral),Turkmenistan,0.0
2024,China (bilateral),Uganda,20.13067844495181
2024,China (bilateral),Ukraine,0.0
2024,China (bilateral),Upper middle income,0.7250710233257406
2024,China (bilateral),Uzbekistan,1.3353213043154109
2024,China (bilateral),Vanuatu,67.53419357932157
2024,China (bilateral),Viet Nam,0.0
2024,China (bilateral),"Yemen, Rep.",0.0
2024,China (bilateral),Zambia,0.0
2024,China (bilateral),Zimbabwe,96.17787150431373
2024,China (private),Africa (excluding high income),0.44859840877743695
2024,China (private),Algeria,nan
2024,China (private),Angola,1.926935180126386
2024,China (private),Bangladesh,0.0
2024,China (private),Benin,2.2260146009467885
2024,China (private),Brazil,0.0
2024,China (private),Cameroon,0.0
2024,China (private),"Congo, Rep.",0.0
2024,China (private),Cote d'Ivoire,0.0
2024,China (private),East Asia & Pacific (excluding high income),0.0
2024,China (private),Ecuador,0.0
2024,China (private),"Egypt, Arab Rep.",1.2582060486042692
2024,China (private),El Salvador,0.0
2024,China (private),Ethiopia,0.0
2024,China (private),Europe & Central Asia (excluding high income),0.0
2024,China (private),Gabon,0.0
2024,China (private),Ghana,0.0
2024,China (private),Guinea,0.0
2024,China (private),Honduras,0.0
2024,China (private),IDA only,0.18343907119389202
2024,China (private),IDA total,0.09592965963698163
2024,China (private),India,0.0
2024,China (private),Indonesia,0.0
2024,China (private),"Iran, Islamic Rep.",0.0
2024,China (private),Lao PDR,0.0
2024,China (private),Latin America & Caribbean (excluding high income),0.0
2024,China (private),Least developed countries: UN classification,0.5172682017896953
2024,China (private),Low & lower middle income,0.2324325535799563
2024,China (private),Low & middle income,0.082535687057564
2024,China (private),Low income,0.0
2024,China (private),Lower middle income,0.24612135905562654
2024,China (private),Maldives,0.0
2024,China (private),"Middle East, North Africa, Afghanistan & Pakistan (excluding high income)",0.5819729730622935
2024,China (private),Middle income,0.08419858602286653
2024,China (private),Moldova,0.0
2024,China (private),Mongolia,0.0
2024,China (private),Myanmar,0.0
2024,China (private),Nicaragua,0.0
2024,China (private),Nigeria,0.0
2024,China (private),Pakistan,0.0
2024,China (private),Senegal,0.26853257380001716
2024,China (private),South Asia,0.0
2024,China (private),Sri Lanka,0.0
2024,China (private),Sub-Saharan Africa (excluding high income),0.32595423101029897
2024,China (private),Sudan,nan
2024,China (private),Suriname,0.0
2024,China (private),Tanzania,0.11591087152760601
2024,China (private),Turkiye,0.0
2024,China (private),Upper middle income,0.0
2024,China (private),Uzbekistan,0.0
2024,China (private),Viet Nam,0.0
2024,China (private),Zambia,0.0
2000,Other creditors,Africa (excluding high income),99.20960064491865
2000,Other creditors,Albania,100.0
2000,Other creditors,Algeria,100.0
2000,Other creditors,Angola,100.0
2000,Other creditors,Argentina,100.0
2000,Other creditors,Armenia,100.0
2000,Other creditors,Azerbaijan,100.0
2000,Other creditors,Bangladesh,96.58126985829756
2000,Other creditors,Belarus,100.0
2000,Other creditors,Belize,100.0
2000,Other creditors,Benin,98.66482359412218
2000,Other creditors,Bhutan,100.0
2000,Other creditors,Bolivia,99.436733648359
2000,Other creditors,Bosnia and Herzegovina,100.00000000000001
2000,Other creditors,Botswana,47.54236575493596
2000,Other creditors,Brazil,100.0
2000,Other creditors,Burkina Faso,97.47105995839829
2000,Other creditors,Burundi,100.0
2000,Other creditors,Cabo Verde,99.99999999999999
2000,Other creditors,Cambodia,100.0
2000,Other creditors,Cameroon,97.78583455147539
2000,Other creditors,Central African Republic,100.0
2000,Other creditors,Chad,100.0
2000,Other creditors,China,100.0
2000,Other creditors,Colombia,100.0
2000,Other creditors,Comoros,100.0
2000,Other creditors,"Congo, Dem. Rep.",nan
2000,Other creditors,"Congo, Rep.",0.0
2000,Other creditors,Cote d'Ivoire,100.0
2000,Other creditors,Djibouti,100.0
2000,Other creditors,Dominica,100.0
2000,Other creditors,Dominican Republic,100.0
2000,Other creditors,East Asia & Pacific (excluding high income),99.9677648736448
2000,Other creditors,Ecuador,99.96694157467388
2000,Other creditors,"Egypt, Arab Rep.",100.0
2000,Other creditors,El Salvador,99.40881636786723
2000,Other creditors,Eritrea,100.0
2000,Other creditors,Eswatini,100.0
2000,Other creditors,Ethiopia,99.9907531285909
2000,Other creditors,Europe & Central Asia (excluding high income),99.10678901874486
2000,Other creditors,Fiji,100.0
2000,Other creditors,Gabon,92.91889182314533
2000,Other creditors,"Gambia, The",100.0
2000,Other creditors,Georgia,100.0
2000,Other creditors,Ghana,97.88564832766629
2000,Other creditors,Grenada,100.0
2000,Other creditors,Guatemala,84.01055438250523
2000,Other creditors,Guinea,100.0
2000,Other creditors,Guinea-Bissau,100.0
2000,Other creditors,Guyana,99.87213092553831
2000,Other creditors,Haiti,100.0
2000,Other creditors,Honduras,100.0
2000,Other creditors,IDA only,98.45205384138134
2000,Other creditors,IDA total,98.63871593579763
2000,Other creditors,India,100.0
2000,Other creditors,Indonesia,100.0
2000,Other creditors,"Iran, Islamic Rep.",86.30594044857712
2000,Other creditors,Jamaica,99.40675367548513
2000,Other creditors,Jordan,95.80258882952974
2000,Other creditors,Kazakhstan,100.0
2000,Other creditors,Kenya,100.0
2000,Other creditors,Kosovo,nan
2000,Other creditors,Kyrgyz Republic,100.0
2000,Other creditors,Lao PDR,100.0
2000,Other creditors,Latin America & Caribbean (excluding high income),99.87471655017758
2000,Other creditors,Least developed countries: UN classification,98.4769905287819
2000,Other creditors,Lebanon,99.92220635868206
2000,Other creditors,Lesotho,99.83456030988822
2000,Other creditors,Liberia,nan
2000,Other creditors,Low & lower middle income,99.54049051133761
2000,Other creditors,Low & middle income,99.5227832448838
2000,Other creditors,Low income,98.49886261665638
2000,Other creditors,Lower middle income,99.62271242196331
2000,Other creditors,Madagascar,98.22848297375344
2000,Other creditors,Malawi,100.0
2000,Other creditors,Maldives,100.0
2000,Other creditors,Mali,88.81722762159139
2000,Other creditors,Mauritania,100.0
2000,Other creditors,Mauritius,94.31360339885508
2000,Other creditors,Mexico,100.0
2000,Other creditors,"Middle East, North Africa, Afghanistan & Pakistan (excluding high income)",97.3784667492933
2000,Other creditors,Middle income,99.54278320733103
2000,Other creditors,Moldova,100.0
2000,Other creditors,Mongolia,100.0
2000,Other creditors,Morocco,100.0
2000,Other creditors,Mozambique,98.38659482514505
2000,Other creditors,Myanmar,91.2903513892045
2000,Other creditors,Nepal,100.0
2000,Other creditors,Nicaragua,100.00000000000001
2000,Other creditors,Niger,100.0
2000,Other creditors,Nigeria,100.0
2000,Other creditors,North Macedonia,89.33984257027433
2000,Other creditors,Pakistan,97.74232258803103
2000,Other creditors,Papua New Guinea,99.88853624390671
2000,Other creditors,Paraguay,97.85425025607104
2000,Other creditors,Peru,98.71783840721606
2000,Other creditors,Philippines,100.0
2000,Other creditors,Rwanda,100.0
2000,Other creditors,Samoa,100.0
2000,Other creditors,Sao Tome and Principe,100.0
2000,Other creditors,Senegal,100.0
2000,Other creditors,Serbia,35.585585585585584
2000,Other creditors,Sierra Leone,99.39020985377834
2000,Other creditors,Solomon Islands,100.0
2000,Other creditors,"Somalia, Fed. Rep.",nan
2000,Other creditors,South Africa,100.0
2000,Other creditors,South Asia,99.74294076793144
2000,Other creditors,Sri Lanka,99.81314754880209
2000,Other creditors,St. Lucia,100.0
2000,Other creditors,St. Vincent and the Grenadines,100.0
2000,Other creditors,Sub-Saharan Africa (excluding high income),98.83804195588334
2000,Other creditors,Sudan,98.37823301351325
2000,Other creditors,Tajikistan,100.0
2000,Other creditors,Tanzania,93.99935020246417
2000,Other creditors,Thailand,100.0
2000,Other creditors,Timor-Leste,nan
2000,Other creditors,Togo,90.95949314154595
2000,Other creditors,Tonga,59.49443195694746
2000,Other creditors,Tunisia,99.91556958413932
2000,Other creditors,Turkiye,100.0
2000,Other creditors,Turkmenistan,99.61668336741764
2000,Other creditors,Uganda,99.93674442256648
2000,Other creditors,Ukraine,100.0
2000,Other creditors,Upper middle income,99.5165012162179
2000,Other creditors,Uzbekistan,100.00000000000001
2000,Other creditors,Vanuatu,100.0
2000,Other creditors,Viet Nam,99.95286082711196
2000,Other creditors,"Yemen, Rep.",99.09352364713702
2000,Other creditors,Zambia,99.40243814618884
2000,Other creditors,Zimbabwe,100.0
2001,Other creditors,Africa (excluding high income),98.32013962909781
2001,Other creditors,Albania,100.0
2001,Other creditors,Algeria,99.95089775285389
2001,Other creditors,Angola,100.0
2001,Other creditors,Argentina,100.0
2001,Other creditors,Armenia,100.0
2001,Other creditors,Azerbaijan,100.0
2001,Other creditors,Bangladesh,94.58588800054441
2001,Other creditors,Belarus,100.0
2001,Other creditors,Belize,100.0
2001,Other creditors,Benin,94.52309218469222
2001,Other creditors,Bhutan,99.99999999999999
2001,Other creditors,Bolivia,99.81675696593145
2001,Other creditors,Bosnia and Herzegovina,99.99999999999999
2001,Other creditors,Botswana,97.84925642347406
2001,Other creditors,Brazil,99.99005525887934
2001,Other creditors,Burkina Faso,99.61486488848098
2001,Other creditors,Burundi,100.0
2001,Other creditors,Cabo Verde,100.0
2001,Other creditors,Cambodia,93.43809694417051
2001,Other creditors,Cameroon,100.0
2001,Other creditors,Central African Republic,100.0
2001,Other creditors,Chad,100.0
2001,Other creditors,China,99.99999999999999
2001,Other creditors,Colombia,100.0
2001,Other creditors,Comoros,100.0
2001,Other creditors,"Congo, Dem. Rep.",nan
2001,Other creditors,"Congo, Rep.",96.09730587762166
2001,Other creditors,Cote d'Ivoire,91.59708437019968
2001,Other creditors,Djibouti,100.0
2001,Other creditors,Dominica,91.58629937361957
2001,Other creditors,Dominican Republic,98.89768980319072
2001,Other creditors,East Asia & Pacific (excluding high income),99.8566600452525
2001,Other creditors,Ecuador,99.98979885761214
2001,Other creditors,"Egypt, Arab Rep.",100.0
2001,Other creditors,El Salvador,99.71201105057375
2001,Other creditors,Eritrea,100.0
2001,Other creditors,Eswatini,100.0
2001,Other creditors,Ethiopia,99.41922763366436
2001,Other creditors,Europe & Central Asia (excluding high income),98.49382850606614
2001,Other creditors,Fiji,100.0
2001,Other creditors,Gabon,93.5872497035129
2001,Other creditors,"Gambia, The",100.0
2001,Other creditors,Georgia,100.0
2001,Other creditors,Ghana,99.39573788826358
2001,Other creditors,Grenada,100.0
2001,Other creditors,Guatemala,99.6736099013394
2001,Other creditors,Guinea,99.99999999999999
2001,Other creditors,Guinea-Bissau,100.0
2001,Other creditors,Guyana,99.32323339080406
2001,Other creditors,Haiti,100.0
2001,Other creditors,Honduras,99.66575111410256
2001,Other creditors,IDA only,95.67246219050504
2001,Other creditors,IDA total,96.85080542441521
2001,Other creditors,India,100.0
2001,Other creditors,Indonesia,99.84105526875867
2001,Other creditors,"Iran, Islamic Rep.",87.82854072774315
2001,Other creditors,Jamaica,100.0
2001,Other creditors,Jordan,100.0
2001,Other creditors,Kazakhstan,100.0
2001,Other creditors,Kenya,99.99999999999999
2001,Other creditors,Kosovo,nan
2001,Other creditors,Kyrgyz Republic,94.73892436155427
2001,Other creditors,Lao PDR,91.15413695875473
2001,Other creditors,Latin America & Caribbean (excluding high income),99.95330189872817
2001,Other creditors,Least developed countries: UN classification,95.42194229423683
2001,Other creditors,Lebanon,99.92313948121983
2001,Other creditors,Lesotho,100.0
2001,Other creditors,Liberia,nan
2001,Other creditors,Low & lower middle income,98.83599982605162
2001,Other creditors,Low & middle income,99.31217899447445
2001,Other creditors,Low income,92.68446323620569
2001,Other creditors,Lower middle income,99.46419034483367
2001,Other creditors,Madagascar,100.0
2001,Other creditors,Malawi,100.0
2001,Other creditors,Maldives,100.0
2001,Other creditors,Mali,94.69215669535964
2001,Other creditors,Mauritania,100.0
2001,Other creditors,Mauritius,92.40230224424388
2001,Other creditors,Mexico,100.0
2001,Other creditors,"Middle East, North Africa, Afghanistan & Pakistan (excluding high income)",97.90293072105172
2001,Other creditors,Middle income,99.47926997464072
2001,Other creditors,Moldova,100.0
2001,Other creditors,Mongolia,100.0
2001,Other creditors,Morocco,100.0
2001,Other creditors,Mozambique,97.7773510341379
2001,Other creditors,Myanmar,86.72572314466396
2001,Other creditors,Nepal,100.0
2001,Other creditors,Nicaragua,99.36278645822287
2001,Other creditors,Niger,99.99999999999997
2001,Other creditors,Nigeria,100.0
2001,Other creditors,North Macedonia,97.38946802053182
2001,Other creditors,Pakistan,98.25520254591511
2001,Other creditors,Papua New Guinea,100.0
2001,Other creditors,Paraguay,97.72405779953486
2001,Other creditors,Peru,99.96402369219578
2001,Other creditors,Philippines,100.0
2001,Other creditors,Rwanda,100.0
2001,Other creditors,Samoa,100.0
2001,Other creditors,Sao Tome and Principe,100.0
2001,Other creditors,Senegal,100.0
2001,Other creditors,Serbia,29.66855839673648
2001,Other creditors,Sierra Leone,100.0
2001,Other creditors,Solomon Islands,100.0
2001,Other creditors,"Somalia, Fed. Rep.",nan
2001,Other creditors,South Africa,100.0
2001,Other creditors,South Asia,99.00955346989845
2001,Other creditors,Sri Lanka,97.93404319501494
2001,Other creditors,St. Lucia,100.0
2001,Other creditors,St. Vincent and the Grenadines,100.00000000000001
2001,Other creditors,Sub-Saharan Africa (excluding high income),97.20036764548368
2001,Other creditors,Sudan,60.7637144954006
2001,Other creditors,Tajikistan,100.0
2001,Other creditors,Tanzania,98.41925764997706
2001,Other creditors,Thailand,100.0
2001,Other creditors,Timor-Leste,nan
2001,Other creditors,Togo,92.32002913669669
2001,Other creditors,Tonga,12.64111712250677
2001,Other creditors,Tunisia,100.00000000000001
2001,Other creditors,Turkiye,100.0
2001,Other creditors,Turkmenistan,97.50949035097875
2001,Other creditors,Uganda,99.97613679059017
2001,Other creditors,Ukraine,100.0
2001,Other creditors,Upper middle income,99.48421315408534
2001,Other creditors,Uzbekistan,100.0
2001,Other creditors,Vanuatu,100.0
2001,Other creditors,Viet Nam,100.0
2001,Other creditors,"Yemen, Rep.",99.84215135664112
2001,Other creditors,Zambia,100.0
2001,Other creditors,Zimbabwe,100.00000000000001
2002,Other creditors,Africa (excluding high income),99.27302224623912
2002,Other creditors,Albania,100.0
2002,Other creditors,Algeria,99.94455280537007
2002,Other creditors,Angola,100.0
2002,Other creditors,Argentina,100.0
2002,Other creditors,Armenia,100.0
2002,Other creditors,Azerbaijan,100.0
2002,Other creditors,Bangladesh,95.84635673213
2002,Other creditors,Belarus,100.0
2002,Other creditors,Belize,100.0
2002,Other creditors,Benin,92.7522550816898
2002,Other creditors,Bhutan,100.0
2002,Other creditors,Bolivia,99.89417507168368
2002,Other creditors,Bosnia and Herzegovina,100.0
2002,Other creditors,Botswana,11.402874531240327
2002,Other creditors,Brazil,100.0
2002,Other creditors,Burkina Faso,100.0
2002,Other creditors,Burundi,100.0
2002,Other creditors,Cabo Verde,100.0
2002,Other creditors,Cambodia,97.84699708981879
2002,Other creditors,Cameroon,99.77649785320398
2002,Other creditors,Central African Republic,100.0
2002,Other creditors,Chad,100.0
2002,Other creditors,China,100.0
2002,Other creditors,Colombia,100.0
2002,Other creditors,Comoros,100.0
2002,Other creditors,"Congo, Dem. Rep.",100.0
2002,Other creditors,"Congo, Rep.",44.712850215811876
2002,Other creditors,Cote d'Ivoire,99.12662264428774
2002,Other creditors,Djibouti,94.17825660151013
2002,Other creditors,Dominica,97.54588617621518
2002,Other creditors,Dominican Republic,100.0
2002,Other creditors,East Asia & Pacific (excluding high income),99.80154041074276
2002,Other creditors,Ecuador,99.9951261789879
2002,Other creditors,"Egypt, Arab Rep.",100.0
2002,Other creditors,El Salvador,100.0
2002,Other creditors,Eritrea,96.80469672318927
2002,Other creditors,Eswatini,100.0
2002,Other creditors,Ethiopia,99.92523270981128
2002,Other creditors,Europe & Central Asia (excluding high income),99.25475086730793
2002,Other creditors,Fiji,100.0
2002,Other creditors,Gabon,74.62967525591984
2002,Other creditors,"Gambia, The",100.0
2002,Other creditors,Georgia,100.0
2002,Other creditors,Ghana,91.7610286637521
2002,Other creditors,Grenada,100.0
2002,Other creditors,Guatemala,99.69680222060082
2002,Other creditors,Guinea,100.0
2002,Other creditors,Guinea-Bissau,100.0
2002,Other creditors,Guyana,95.55795413029824
2002,Other creditors,Haiti,100.0
2002,Other creditors,Honduras,99.10221967558914
2002,Other creditors,IDA only,97.84473001534177
2002,Other creditors,IDA total,98.07115208181412
2002,Other creditors,India,100.0
2002,Other creditors,Indonesia,100.0
2002,Other creditors,"Iran, Islamic Rep.",93.89298431842272
2002,Other creditors,Jamaica,98.91236300183755
2002,Other creditors,Jordan,100.0
2002,Other creditors,Kazakhstan,99.99999999999999
2002,Other creditors,Kenya,99.75166220467669
2002,Other creditors,Kosovo,nan
2002,Other creditors,Kyrgyz Republic,94.68320795940095
2002,Other creditors,Lao PDR,100.0
2002,Other creditors,Latin America & Caribbean (excluding high income),99.96592590725047
2002,Other creditors,Least developed countries: UN classification,98.78317216964818
2002,Other creditors,Lebanon,100.0
2002,Other creditors,Lesotho,97.58522029206675
2002,Other creditors,Liberia,nan
2002,Other creditors,Low & lower middle income,99.28862190884534
2002,Other creditors,Low & middle income,99.55899231853874
2002,Other creditors,Low income,98.91110076990971
2002,Other creditors,Lower middle income,99.3301883208372
2002,Other creditors,Madagascar,100.00000000000001
2002,Other creditors,Malawi,100.0
2002,Other creditors,Maldives,100.0
2002,Other creditors,Mali,100.0
2002,Other creditors,Mauritania,99.80390664687624
2002,Other creditors,Mauritius,98.39683947807211
2002,Other creditors,Mexico,100.0
2002,Other creditors,"Middle East, North Africa, Afghanistan & Pakistan (excluding high income)",99.00392071964129
2002,Other creditors,Middle income,99.58103618913681
2002,Other creditors,Moldova,100.0
2002,Other creditors,Mongolia,99.94110168053489
2002,Other creditors,Morocco,99.99999999999999
2002,Other creditors,Mozambique,100.0
2002,Other creditors,Myanmar,84.7736835773325
2002,Other creditors,Nepal,100.00000000000001
2002,Other creditors,Nicaragua,99.5633318242703
2002,Other creditors,Niger,100.0
2002,Other creditors,Nigeria,100.0
2002,Other creditors,North Macedonia,71.99205808408026
2002,Other creditors,Pakistan,98.42311817380913
2002,Other creditors,Papua New Guinea,100.0
2002,Other creditors,Paraguay,98.30999955232411
2002,Other creditors,Peru,100.0
2002,Other creditors,Philippines,100.0
2002,Other creditors,Rwanda,100.0
2002,Other creditors,Samoa,100.0
2002,Other creditors,Sao Tome and Principe,99.40295621429516
2002,Other creditors,Senegal,100.00000000000003
2002,Other creditors,Serbia,100.0
2002,Other creditors,Sierra Leone,99.95760510201212
2002,Other creditors,Solomon Islands,100.0
2002,Other creditors,"Somalia, Fed. Rep.",100.0
2002,Other creditors,South Africa,100.0
2002,Other creditors,South Asia,99.12054350432128
2002,Other creditors,Sri Lanka,94.35495710725637
2002,Other creditors,St. Lucia,100.0
2002,Other creditors,St. Vincent and the Grenadines,100.0
2002,Other creditors,Sub-Saharan Africa (excluding high income),98.94327466874725
2002,Other creditors,Sudan,72.65168393581905
2002,Other creditors,Tajikistan,100.0
2002,Other creditors,Tanzania,99.95004039041703
2002,Other creditors,Thailand,100.0
2002,Other creditors,Timor-Leste,nan
2002,Other creditors,Togo,100.0
2002,Other creditors,Tonga,92.27677175905428
2002,Other creditors,Tunisia,99.94106803018039
2002,Other creditors,Turkiye,100.0
2002,Other creditors,Turkmenistan,44.28561716286916
2002,Other creditors,Uganda,100.0
2002,Other creditors,Ukraine,100.0
2002,Other creditors,Upper middle income,99.69321948052067
2002,Other creditors,Uzbekistan,95.99059967786161
2002,Other creditors,Vanuatu,100.0
2002,Other creditors,Viet Nam,97.56407205235486
2002,Other creditors,"Yemen, Rep.",99.88485245428272
2002,Other creditors,Zambia,100.0
2002,Other creditors,Zimbabwe,81.96805800654381
2003,Other creditors,Africa (excluding high income),98.38912846352531
2003,Other creditors,Albania,100.0
2003,Other creditors,Algeria,99.94293150188379
2003,Other creditors,Angola,100.0
2003,Other creditors,Argentina,99.99999999999997
2003,Other creditors,Armenia,100.00000000000001
2003,Other creditors,Azerbaijan,100.00000000000001
2003,Other creditors,Bangladesh,100.0
2003,Other creditors,Belarus,100.0
2003,Other creditors,Belize,100.0
2003,Other creditors,Benin,97.12718955540942
2003,Other creditors,Bhutan,100.0
2003,Other creditors,Bolivia,99.72281427442435
2003,Other creditors,Bosnia and Herzegovina,100.00000000000001
2003,Other creditors,Botswana,43.21847443130719
2003,Other creditors,Brazil,100.0
2003,Other creditors,Burkina Faso,100.0
2003,Other creditors,Burundi,100.0
2003,Other creditors,Cabo Verde,100.0
2003,Other creditors,Cambodia,100.0
2003,Other creditors,Cameroon,99.19488815661886
2003,Other creditors,Central African Republic,nan
2003,Other creditors,Chad,100.0
2003,Other creditors,China,100.0
2003,Other creditors,Colombia,100.0
2003,Other creditors,Comoros,100.0
2003,Other creditors,"Congo, Dem. Rep.",100.0
2003,Other creditors,"Congo, Rep.",93.28251987967859
2003,Other creditors,Cote d'Ivoire,95.2839889347195
2003,Other creditors,Djibouti,100.0
2003,Other creditors,Dominica,95.6505568845782
2003,Other creditors,Dominican Republic,100.0
2003,Other creditors,East Asia & Pacific (excluding high income),99.73717539233095
2003,Other creditors,Ecuador,99.99869611164657
2003,Other creditors,"Egypt, Arab Rep.",99.99999999999997
2003,Other creditors,El Salvador,95.21674535866738
2003,Other creditors,Eritrea,100.0
2003,Other creditors,Eswatini,100.0
2003,Other creditors,Ethiopia,100.0
2003,Other creditors,Europe & Central Asia (excluding high income),99.66459605238052
2003,Other creditors,Fiji,100.0
2003,Other creditors,Gabon,74.95314907778382
2003,Other creditors,"Gambia, The",100.0
2003,Other creditors,Georgia,100.0
2003,Other creditors,Ghana,99.11652782656364
2003,Other creditors,Grenada,100.0
2003,Other creditors,Guatemala,99.89611851633217
2003,Other creditors,Guinea,100.0
2003,Other creditors,Guinea-Bissau,100.0
2003,Other creditors,Guyana,99.86076442159616
2003,Other creditors,Haiti,100.0
2003,Other creditors,Honduras,97.92579005789229
2003,Other creditors,IDA only,97.08987586484552
2003,Other creditors,IDA total,96.58255504562987
2003,Other creditors,India,100.0
2003,Other creditors,Indonesia,100.0
2003,Other creditors,"Iran, Islamic Rep.",96.2221388428516
2003,Other creditors,Jamaica,100.0
2003,Other creditors,Jordan,99.71032053611313
2003,Other creditors,Kazakhstan,100.0
2003,Other creditors,Kenya,99.97558204951423
2003,Other creditors,Kosovo,nan
2003,Other creditors,Kyrgyz Republic,96.22965406371146
2003,Other creditors,Lao PDR,86.52092474381442
2003,Other creditors,Latin America & Caribbean (excluding high income),99.9258838515696
2003,Other creditors,Least developed countries: UN classification,97.46886475274408
2003,Other creditors,Lebanon,99.99999999999999
2003,Other creditors,Lesotho,100.0
2003,Other creditors,Liberia,nan
2003,Other creditors,Low & lower middle income,98.8374162790399
2003,Other creditors,Low & middle income,99.49790073669688
2003,Other creditors,Low income,94.908565771811
2003,Other creditors,Lower middle income,99.23754190344329
2003,Other creditors,Madagascar,100.0
2003,Other creditors,Malawi,100.0
2003,Other creditors,Maldives,99.99999999999999
2003,Other creditors,Mali,90.82886419757045
2003,Other creditors,Mauritania,100.0
2003,Other creditors,Mauritius,95.61304742084306
2003,Other creditors,Mexico,100.0
2003,Other creditors,"Middle East, North Africa, Afghanistan & Pakistan (excluding high income)",98.56292537892328
2003,Other creditors,Middle income,99.6257233455047
2003,Other creditors,Moldova,100.0
2003,Other creditors,Mongolia,100.0
2003,Other creditors,Morocco,99.99999999999999
2003,Other creditors,Mozambique,100.0
2003,Other creditors,Myanmar,83.96754680085968
2003,Other creditors,Nepal,100.00000000000001
2003,Other creditors,Nicaragua,99.75192143865121
2003,Other creditors,Niger,99.99999999999999
2003,Other creditors,Nigeria,78.53440685684279
2003,Other creditors,North Macedonia,89.27499866682275
2003,Other creditors,Pakistan,92.38666468138767
2003,Other creditors,Papua New Guinea,100.0
2003,Other creditors,Paraguay,99.99999999999999
2003,Other creditors,Peru,100.0
2003,Other creditors,Philippines,99.98484217773503
2003,Other creditors,Rwanda,100.0
2003,Other creditors,Samoa,100.0
2003,Other creditors,Sao Tome and Principe,100.0
2003,Other creditors,Senegal,100.0
2003,Other creditors,Serbia,100.00000000000001
2003,Other creditors,Sierra Leone,100.0
2003,Other creditors,Solomon Islands,100.0
2003,Other creditors,"Somalia, Fed. Rep.",nan
2003,Other creditors,South Africa,100.0
2003,Other creditors,South Asia,99.68956841255574
2003,Other creditors,Sri Lanka,97.22899757752464
2003,Other creditors,St. Lucia,100.0
2003,Other creditors,St. Vincent and the Grenadines,100.0
2003,Other creditors,Sub-Saharan Africa (excluding high income),97.34096308372429
2003,Other creditors,Sudan,29.56317383406185
2003,Other creditors,Tajikistan,99.99999999999999
2003,Other creditors,Tanzania,99.15358565743253
2003,Other creditors,Thailand,100.0
2003,Other creditors,Timor-Leste,nan
2003,Other creditors,Togo,100.0
2003,Other creditors,Tonga,77.72090608077579
2003,Other creditors,Tunisia,99.98061319802103
2003,Other creditors,Turkiye,100.0
2003,Other creditors,Turkmenistan,90.76563586053716
2003,Other creditors,Uganda,100.0
2003,Other creditors,Ukraine,100.0
2003,Other creditors,Upper middle income,99.77184507854645
2003,Other creditors,Uzbekistan,96.70512119378652
2003,Other creditors,Vanuatu,100.0
2003,Other creditors,Viet Nam,99.0260729827932
2003,Other creditors,"Yemen, Rep.",97.66937152482164
2003,Other creditors,Zambia,100.0
2003,Other creditors,Zimbabwe,69.5735867284626
2004,Other creditors,Africa (excluding high income),97.58255359476851
2004,Other creditors,Albania,100.0
2004,Other creditors,Algeria,99.85837960516045
2004,Other creditors,Angola,99.840439221093
2004,Other creditors,Argentina,100.0
2004,Other creditors,Armenia,100.0
2004,Other creditors,Azerbaijan,100.0
2004,Other creditors,Bangladesh,99.99465416813642
2004,Other creditors,Belarus,100.0
2004,Other creditors,Belize,100.0
2004,Other creditors,Benin,95.62315870210742
2004,Other creditors,Bhutan,100.0
2004,Other creditors,Bolivia,99.99611325494153
2004,Other creditors,Bosnia and Herzegovina,100.0
2004,Other creditors,Botswana,20.450542675587467
2004,Other creditors,Brazil,100.0
2004,Other creditors,Burkina Faso,89.65690793726444
2004,Other creditors,Burundi,100.0
2004,Other creditors,Cabo Verde,100.00000000000001
2004,Other creditors,Cambodia,86.50384886169037
2004,Other creditors,Cameroon,99.99999999999999
2004,Other creditors,Central African Republic,nan
2004,Other creditors,Chad,100.0
2004,Other creditors,China,100.0
2004,Other creditors,Colombia,100.0
2004,Other creditors,Comoros,100.0
2004,Other creditors,"Congo, Dem. Rep.",100.0
2004,Other creditors,"Congo, Rep.",76.03013499931897
2004,Other creditors,Cote d'Ivoire,81.7820449297492
2004,Other creditors,Djibouti,100.0
2004,Other creditors,Dominica,100.00000000000001
2004,Other creditors,Dominican Republic,99.7668773324805
2004,Other creditors,East Asia & Pacific (excluding high income),98.87130157244499
2004,Other creditors,Ecuador,100.0
2004,Other creditors,"Egypt, Arab Rep.",100.00000000000001
2004,Other creditors,El Salvador,98.987381508566
2004,Other creditors,Eritrea,100.0
2004,Other creditors,Eswatini,100.00000000000001
2004,Other creditors,Ethiopia,96.46512952578064
2004,Other creditors,Europe & Central Asia (excluding high income),99.42263729933902
2004,Other creditors,Fiji,99.99999999999999
2004,Other creditors,Gabon,93.88612258231048
2004,Other creditors,"Gambia, The",100.0
2004,Other creditors,Georgia,100.0
2004,Other creditors,Ghana,99.52549419154307
2004,Other creditors,Grenada,100.0
2004,Other creditors,Guatemala,99.5196254964246
2004,Other creditors,Guinea,97.16982341928203
2004,Other creditors,Guinea-Bissau,100.0
2004,Other creditors,Guyana,100.0
2004,Other creditors,Haiti,100.0
2004,Other creditors,Honduras,99.56757016040866
2004,Other creditors,IDA only,96.4280207752012
2004,Other creditors,IDA total,94.88858265503646
2004,Other creditors,India,100.00000000000001
2004,Other creditors,Indonesia,99.9328493533736
2004,Other creditors,"Iran, Islamic Rep.",96.7248231085059
2004,Other creditors,Jamaica,100.0
2004,Other creditors,Jordan,100.0
2004,Other creditors,Kazakhstan,100.00000000000001
2004,Other creditors,Kenya,98.68069235798482
2004,Other creditors,Kosovo,nan
2004,Other creditors,Kyrgyz Republic,100.0
2004,Other creditors,Lao PDR,71.58745438734242
2004,Other creditors,Latin America & Caribbean (excluding high income),99.97711607543188
2004,Other creditors,Least developed countries: UN classification,96.64115911219506
2004,Other creditors,Lebanon,100.0
2004,Other creditors,Lesotho,100.0
2004,Other creditors,Liberia,nan
2004,Other creditors,Low & lower middle income,98.01495066160214
2004,Other creditors,Low & middle income,99.17103981808047
2004,Other creditors,Low income,94.15768480078702
2004,Other creditors,Lower middle income,98.39488072813113
2004,Other creditors,Madagascar,100.0
2004,Other creditors,Malawi,100.0
2004,Other creditors,Maldives,100.0
2004,Other creditors,Mali,96.23642068101431
2004,Other creditors,Mauritania,100.0
2004,Other creditors,Mauritius,91.06609628296603
2004,Other creditors,Mexico,100.0
2004,Other creditors,"Middle East, North Africa, Afghanistan & Pakistan (excluding high income)",98.3729909618825
2004,Other creditors,Middle income,99.32770279266363
2004,Other creditors,Moldova,100.0
2004,Other creditors,Mongolia,99.99999999999999
2004,Other creditors,Morocco,99.99999999999999
2004,Other creditors,Mozambique,100.0
2004,Other creditors,Myanmar,80.760593274446
2004,Other creditors,Nepal,100.0
2004,Other creditors,Nicaragua,100.00000000000003
2004,Other creditors,Niger,99.99999999999999
2004,Other creditors,Nigeria,82.09933063508815
2004,Other creditors,North Macedonia,94.51148067768197
2004,Other creditors,Pakistan,91.51078564057211
2004,Other creditors,Papua New Guinea,100.0
2004,Other creditors,Paraguay,100.0
2004,Other creditors,Peru,100.0
2004,Other creditors,Philippines,98.31592599832496
2004,Other creditors,Rwanda,100.0
2004,Other creditors,Samoa,100.0
2004,Other creditors,Sao Tome and Principe,100.0
2004,Other creditors,Senegal,100.0
2004,Other creditors,Serbia,88.32562285695384
2004,Other creditors,Sierra Leone,100.0
2004,Other creditors,Solomon Islands,100.0
2004,Other creditors,"Somalia, Fed. Rep.",nan
2004,Other creditors,South Africa,100.0
2004,Other creditors,South Asia,99.84889391457354
2004,Other creditors,Sri Lanka,97.75633825022547
2004,Other creditors,St. Lucia,100.0
2004,Other creditors,St. Vincent and the Grenadines,100.0
2004,Other creditors,Sub-Saharan Africa (excluding high income),96.3107011010051
2004,Other creditors,Sudan,53.864181946242915
2004,Other creditors,Tajikistan,100.0
2004,Other creditors,Tanzania,100.0
2004,Other creditors,Thailand,100.0
2004,Other creditors,Timor-Leste,nan
2004,Other creditors,Togo,100.0
2004,Other creditors,Tonga,100.0
2004,Other creditors,Tunisia,99.95469611024667
2004,Other creditors,Turkiye,100.0
2004,Other creditors,Turkmenistan,90.27025747420173
2004,Other creditors,Uganda,100.0
2004,Other creditors,Ukraine,100.0
2004,Other creditors,Upper middle income,99.76117033420238
2004,Other creditors,Uzbekistan,97.13627427970587
2004,Other creditors,Vanuatu,nan
2004,Other creditors,Viet Nam,96.73450570188939
2004,Other creditors,"Yemen, Rep.",94.5690601686961
2004,Other creditors,Zambia,100.00000000000001
2004,Other creditors,Zimbabwe,20.191475874794396
2005,Other creditors,Africa (excluding high income),97.12262119698006
2005,Other creditors,Albania,99.99999999999999
2005,Other creditors,Algeria,99.88999207263188
2005,Other creditors,Angola,95.88250618441107
2005,Other creditors,Argentina,100.0
2005,Other creditors,Armenia,100.0
2005,Other creditors,Azerbaijan,100.0
2005,Other creditors,Bangladesh,100.0
2005,Other creditors,Belarus,86.30834721099784
2005,Other creditors,Belize,100.0
2005,Other creditors,Benin,95.63707431777259
2005,Other creditors,Bhutan,100.0
2005,Other creditors,Bolivia,94.43122665753508
2005,Other creditors,Bosnia and Herzegovina,100.00000000000001
2005,Other creditors,Botswana,46.903552528309895
2005,Other creditors,Brazil,100.0
2005,Other creditors,Burkina Faso,99.75745063103555
2005,Other creditors,Burundi,100.0
2005,Other creditors,Cabo Verde,100.0
2005,Other creditors,Cambodia,98.73035633912032
2005,Other creditors,Cameroon,92.15613303024905
2005,Other creditors,Central African Republic,nan
2005,Other creditors,Chad,100.0
2005,Other creditors,China,100.0
2005,Other creditors,Colombia,100.0
2005,Other creditors,Comoros,100.0
2005,Other creditors,"Congo, Dem. Rep.",100.0
2005,Other creditors,"Congo, Rep.",28.02650414698673
2005,Other creditors,Cote d'Ivoire,97.07918338048468
2005,Other creditors,Djibouti,99.99999999999999
2005,Other creditors,Dominica,100.0
2005,Other creditors,Dominican Republic,99.87295810574203
2005,Other creditors,East Asia & Pacific (excluding high income),99.57271784965607
2005,Other creditors,Ecuador,100.0
2005,Other creditors,"Egypt, Arab Rep.",100.0
2005,Other creditors,El Salvador,99.84806493580295
2005,Other creditors,Eritrea,100.0
2005,Other creditors,Eswatini,100.0
2005,Other creditors,Ethiopia,100.0
2005,Other creditors,Europe & Central Asia (excluding high income),99.52832653274292
2005,Other creditors,Fiji,100.0
2005,Other creditors,Gabon,89.53501820758189
2005,Other creditors,"Gambia, The",100.0
2005,Other creditors,Georgia,100.0
2005,Other creditors,Ghana,99.39904180247487
2005,Other creditors,Grenada,100.00000000000001
2005,Other creditors,Guatemala,100.0
2005,Other creditors,Guinea,94.197336918504
2005,Other creditors,Guinea-Bissau,100.0
2005,Other creditors,Guyana,80.18119689116082
2005,Other creditors,Haiti,100.0
2005,Other creditors,Honduras,99.8879104260936
2005,Other creditors,IDA only,96.65250061044213
2005,Other creditors,IDA total,94.81728719356593
2005,Other creditors,India,100.00000000000001
2005,Other creditors,Indonesia,99.96227792209385
2005,Other creditors,"Iran, Islamic Rep.",82.15258472222004
2005,Other creditors,Jamaica,98.54598208044908
2005,Other creditors,Jordan,98.14416410817303
2005,Other creditors,Kazakhstan,100.0
2005,Other creditors,Kenya,94.00935456074768
2005,Other creditors,Kosovo,nan
2005,Other creditors,Kyrgyz Republic,100.00000000000001
2005,Other creditors,Lao PDR,81.2623853543579
2005,Other creditors,Latin America & Caribbean (excluding high income),99.85480980338346
2005,Other creditors,Least developed countries: UN classification,95.87785560605481
2005,Other creditors,Lebanon,100.0
2005,Other creditors,Lesotho,100.0
2005,Other creditors,Liberia,nan
2005,Other creditors,Low & lower middle income,97.83488724216866
2005,Other creditors,Low & middle income,98.8385328592272
2005,Other creditors,Low income,95.86015606140626
2005,Other creditors,Lower middle income,98.04773539739445
2005,Other creditors,Madagascar,100.0
2005,Other creditors,Malawi,100.0
2005,Other creditors,Maldives,100.0
2005,Other creditors,Mali,100.0
2005,Other creditors,Mauritania,100.0
2005,Other creditors,Mauritius,97.57062826354407
2005,Other creditors,Mexico,100.0
2005,Other creditors,"Middle East, North Africa, Afghanistan & Pakistan (excluding high income)",95.98972360996328
2005,Other creditors,Middle income,98.93133984438141
2005,Other creditors,Moldova,100.0
2005,Other creditors,Mongolia,100.0
2005,Other creditors,Morocco,100.0
2005,Other creditors,Mozambique,100.0
2005,Other creditors,Myanmar,47.16797268215692
2005,Other creditors,Nepal,100.0
2005,Other creditors,Nicaragua,100.0
2005,Other creditors,Niger,100.0
2005,Other creditors,Nigeria,77.5783160302095
2005,Other creditors,North Macedonia,100.0
2005,Other creditors,Pakistan,96.07903292376778
2005,Other creditors,Papua New Guinea,100.0
2005,Other creditors,Paraguay,100.0
2005,Other creditors,Peru,100.0
2005,Other creditors,Philippines,99.7835756646848
2005,Other creditors,Rwanda,100.0
2005,Other creditors,Samoa,100.0
2005,Other creditors,Sao Tome and Principe,100.0
2005,Other creditors,Senegal,100.0
2005,Other creditors,Serbia,100.00000000000003
2005,Other creditors,Sierra Leone,100.0
2005,Other creditors,Solomon Islands,99.99999999999999
2005,Other creditors,"Somalia, Fed. Rep.",nan
2005,Other creditors,South Africa,100.0
2005,Other creditors,South Asia,99.88613224608758
2005,Other creditors,Sri Lanka,98.79604815892411
2005,Other creditors,St. Lucia,100.0
2005,Other creditors,St. Vincent and the Grenadines,100.0
2005,Other creditors,Sub-Saharan Africa (excluding high income),95.61816472031802
2005,Other creditors,Sudan,66.78636587163852
2005,Other creditors,Tajikistan,100.0
2005,Other creditors,Tanzania,99.59671972196517
2005,Other creditors,Thailand,100.0
2005,Other creditors,Timor-Leste,nan
2005,Other creditors,Togo,100.0
2005,Other creditors,Tonga,100.0
2005,Other creditors,Tunisia,99.96800229588294
2005,Other creditors,Turkiye,100.0
2005,Other creditors,Turkmenistan,79.99222202558717
2005,Other creditors,Uganda,100.0
2005,Other creditors,Ukraine,100.0
2005,Other creditors,Upper middle income,99.29066270416155
2005,Other creditors,Uzbekistan,94.456495183043
2005,Other creditors,Vanuatu,nan
2005,Other creditors,Viet Nam,99.79453821580464
2005,Other creditors,"Yemen, Rep.",90.88831547217409
2005,Other creditors,Zambia,100.0
2005,Other creditors,Zimbabwe,90.77601029595144
2006,Other creditors,Afghanistan,100.00000000000001
2006,Other creditors,Africa (excluding high income),91.0561685950828
2006,Other creditors,Albania,100.0
2006,Other creditors,Algeria,99.82799236503388
2006,Other creditors,Angola,71.7250122862175
2006,Other creditors,Argentina,100.0
2006,Other creditors,Armenia,100.00000000000003
2006,Other creditors,Azerbaijan,100.0
2006,Other creditors,Bangladesh,100.0
2006,Other creditors,Belarus,66.67405099881465
2006,Other creditors,Belize,100.0
2006,Other creditors,Benin,63.250645564637445
2006,Other creditors,Bhutan,100.0
2006,Other creditors,Bolivia,96.0061109849942
2006,Other creditors,Bosnia and Herzegovina,100.0
2006,Other creditors,Botswana,37.083296810051436
2006,Other creditors,Brazil,100.0
2006,Other creditors,Burkina Faso,100.0
2006,Other creditors,Burundi,100.0
2006,Other creditors,Cabo Verde,100.0
2006,Other creditors,Cambodia,71.52823184106434
2006,Other creditors,Cameroon,99.63141018120783
2006,Other creditors,Central African Republic,nan
2006,Other creditors,Chad,100.0
2006,Other creditors,China,100.00000000000001
2006,Other creditors,Colombia,100.0
2006,Other creditors,Comoros,100.0
2006,Other creditors,"Congo, Dem. Rep.",99.8284146299537
2006,Other creditors,"Congo, Rep.",15.816863671961732
2006,Other creditors,Cote d'Ivoire,99.0768038490979
2006,Other creditors,Djibouti,100.0
2006,Other creditors,Dominica,100.0
2006,Other creditors,Dominican Republic,99.93651760373726
2006,Other creditors,East Asia & Pacific (excluding high income),98.78321898492833
2006,Other creditors,Ecuador,100.0
2006,Other creditors,"Egypt, Arab Rep.",99.61276109767998
2006,Other creditors,El Salvador,99.91609990254648
2006,Other creditors,Eritrea,100.0
2006,Other creditors,Eswatini,100.0
2006,Other creditors,Ethiopia,100.0
2006,Other creditors,Europe & Central Asia (excluding high income),99.15720314833776
2006,Other creditors,Fiji,98.17763478785507
2006,Other creditors,Gabon,95.08120937674437
2006,Other creditors,"Gambia, The",100.0
2006,Other creditors,Georgia,100.00000000000001
2006,Other creditors,Ghana,99.41510983657503
2006,Other creditors,Grenada,99.99999999999999
2006,Other creditors,Guatemala,100.0
2006,Other creditors,Guinea,80.72118627882323
2006,Other creditors,Guinea-Bissau,100.0
2006,Other creditors,Guyana,81.02968323229469
2006,Other creditors,Haiti,100.0
2006,Other creditors,Honduras,100.0
2006,Other creditors,IDA only,93.0373458167129
2006,Other creditors,IDA total,89.38656897041251
2006,Other creditors,India,98.12055602268988
2006,Other creditors,Indonesia,99.2840484492357
2006,Other creditors,"Iran, Islamic Rep.",88.76978873582516
2006,Other creditors,Jamaica,97.26408859961164
2006,Other creditors,Jordan,99.60565914757575
2006,Other creditors,Kazakhstan,99.99999999999999
2006,Other creditors,Kenya,88.03900503200569
2006,Other creditors,Kosovo,nan
2006,Other creditors,Kyrgyz Republic,99.99999999999997
2006,Other creditors,Lao PDR,79.64416327566889
2006,Other creditors,Latin America & Caribbean (excluding high income),99.90152220292627
2006,Other creditors,Least developed countries: UN classification,88.36741941968302
2006,Other creditors,Lebanon,100.0
2006,Other creditors,Lesotho,99.99999999999999
2006,Other creditors,Liberia,nan
2006,Other creditors,Low & lower middle income,94.81674128398832
2006,Other creditors,Low & middle income,97.92240696215963
2006,Other creditors,Low income,92.31020739574127
2006,Other creditors,Lower middle income,95.063065637708
2006,Other creditors,Madagascar,99.5469762795029
2006,Other creditors,Malawi,100.0
2006,Other creditors,Maldives,100.0
2006,Other creditors,Mali,100.0
2006,Other creditors,Mauritania,99.99999999999999
2006,Other creditors,Mauritius,95.25068293732357
2006,Other creditors,Mexico,100.0
2006,Other creditors,"Middle East, North Africa, Afghanistan & Pakistan (excluding high income)",95.87023336005517
2006,Other creditors,Middle income,98.0969525392268
2006,Other creditors,Moldova,100.0
2006,Other creditors,Mongolia,79.76545485855034
2006,Other creditors,Montenegro,100.0
2006,Other creditors,Morocco,99.87242668408797
2006,Other creditors,Mozambique,99.39329835342936
2006,Other creditors,Myanmar,43.38987366336676
2006,Other creditors,Nepal,100.0
2006,Other creditors,Nicaragua,100.0
2006,Other creditors,Niger,100.0
2006,Other creditors,Nigeria,57.02723526546437
2006,Other creditors,North Macedonia,100.0
2006,Other creditors,Pakistan,89.08012986313288
2006,Other creditors,Papua New Guinea,100.0
2006,Other creditors,Paraguay,100.0
2006,Other creditors,Peru,99.99999999999999
2006,Other creditors,Philippines,99.09121850855243
2006,Other creditors,Rwanda,100.0
2006,Other creditors,Samoa,100.0
2006,Other creditors,Sao Tome and Principe,100.0
2006,Other creditors,Senegal,99.75735264151443
2006,Other creditors,Serbia,100.0
2006,Other creditors,Sierra Leone,100.0
2006,Other creditors,Solomon Islands,100.0
2006,Other creditors,"Somalia, Fed. Rep.",nan
2006,Other creditors,South Africa,100.0
2006,Other creditors,South Asia,98.42993794562739
2006,Other creditors,Sri Lanka,98.97236239490721
2006,Other creditors,St. Lucia,100.0
2006,Other creditors,St. Vincent and the Grenadines,100.0
2006,Other creditors,Sub-Saharan Africa (excluding high income),87.2634282036159
2006,Other creditors,Sudan,51.53521370908597
2006,Other creditors,Tajikistan,77.62873682654279
2006,Other creditors,Tanzania,99.53479334305997
2006,Other creditors,Thailand,100.0
2006,Other creditors,Timor-Leste,nan
2006,Other creditors,Togo,94.5190089184662
2006,Other creditors,Tonga,100.0
2006,Other creditors,Tunisia,99.09074925196911
2006,Other creditors,Turkiye,100.0
2006,Other creditors,Turkmenistan,44.65604674309543
2006,Other creditors,Uganda,100.0
2006,Other creditors,Ukraine,100.0
2006,Other creditors,Upper middle income,99.5016672838621
2006,Other creditors,Uzbekistan,89.48799901601097
2006,Other creditors,Vanuatu,nan
2006,Other creditors,Viet Nam,99.62220742074652
2006,Other creditors,"Yemen, Rep.",96.62553197135095
2006,Other creditors,Zambia,69.79376412214835
2006,Other creditors,Zimbabwe,11.912875996397924
2007,Other creditors,Afghanistan,100.0
2007,Other creditors,Africa (excluding high income),93.95016480383069
2007,Other creditors,Albania,99.99999999999999
2007,Other creditors,Algeria,99.79931664012874
2007,Other creditors,Angola,90.08395787790924
2007,Other creditors,Argentina,100.0
2007,Other creditors,Armenia,100.0
2007,Other creditors,Azerbaijan,100.0
2007,Other creditors,Bangladesh,100.0
2007,Other creditors,Belarus,96.86478811383454
2007,Other creditors,Belize,99.94389640354206
2007,Other creditors,Benin,88.52002638095598
2007,Other creditors,Bhutan,100.0
2007,Other creditors,Bolivia,99.45009627810714
2007,Other creditors,Bosnia and Herzegovina,100.0
2007,Other creditors,Botswana,47.88446536565019
2007,Other creditors,Brazil,99.99882255147406
2007,Other creditors,Burkina Faso,100.0
2007,Other creditors,Burundi,100.0
2007,Other creditors,Cabo Verde,100.0
2007,Other creditors,Cambodia,92.87110348879877
2007,Other creditors,Cameroon,81.02005126300921
2007,Other creditors,Central African Republic,100.0
2007,Other creditors,Chad,99.99999999999999
2007,Other creditors,China,100.0
2007,Other creditors,Colombia,100.0
2007,Other creditors,Comoros,100.0
2007,Other creditors,"Congo, Dem. Rep.",99.7165900565896
2007,Other creditors,"Congo, Rep.",50.19549389758236
2007,Other creditors,Cote d'Ivoire,77.29302792059246
2007,Other creditors,Djibouti,90.43313097321573
2007,Other creditors,Dominica,100.0
2007,Other creditors,Dominican Republic,100.0
2007,Other creditors,East Asia & Pacific (excluding high income),97.35749079644151
2007,Other creditors,Ecuador,100.00000000000001
2007,Other creditors,"Egypt, Arab Rep.",99.79081200404974
2007,Other creditors,El Salvador,99.32758413711879
2007,Other creditors,Eritrea,70.3426060541306
2007,Other creditors,Eswatini,100.0
2007,Other creditors,Ethiopia,95.86863060292302
2007,Other creditors,Europe & Central Asia (excluding high income),98.43634234100743
2007,Other creditors,Fiji,100.0
2007,Other creditors,Gabon,99.42372361146404
2007,Other creditors,"Gambia, The",100.0
2007,Other creditors,Georgia,100.0
2007,Other creditors,Ghana,92.59914152746832
2007,Other creditors,Grenada,100.0
2007,Other creditors,Guatemala,99.20133053075669
2007,Other creditors,Guinea,83.04011578226687
2007,Other creditors,Guinea-Bissau,100.0
2007,Other creditors,Guyana,96.16898836201406
2007,Other creditors,Haiti,100.0
2007,Other creditors,Honduras,78.30471564058044
2007,Other creditors,IDA only,89.95850387827016
2007,Other creditors,IDA total,90.10814695771245
2007,Other creditors,India,99.78274310970048
2007,Other creditors,Indonesia,98.09133207459212
2007,Other creditors,"Iran, Islamic Rep.",93.09878406496452
2007,Other creditors,Jamaica,97.0427826735679
2007,Other creditors,Jordan,99.51739907856529
2007,Other creditors,Kazakhstan,100.0
2007,Other creditors,Kenya,98.33992831740989
2007,Other creditors,Kosovo,nan
2007,Other creditors,Kyrgyz Republic,100.0
2007,Other creditors,Lao PDR,64.47637788419715
2007,Other creditors,Latin America & Caribbean (excluding high income),99.80619166618727
2007,Other creditors,Least developed countries: UN classification,90.88936367950159
2007,Other creditors,Lebanon,100.0
2007,Other creditors,Lesotho,100.0
2007,Other creditors,Liberia,nan
2007,Other creditors,Low & lower middle income,95.44870668789031
2007,Other creditors,Low & middle income,97.98954096206604
2007,Other creditors,Low income,92.89931219050654
2007,Other creditors,Lower middle income,95.66310546360359
2007,Other creditors,Madagascar,99.37562519250622
2007,Other creditors,Malawi,100.0
2007,Other creditors,Maldives,100.0
2007,Other creditors,Mali,98.1585099596054
2007,Other creditors,Mauritania,100.00000000000001
2007,Other creditors,Mauritius,100.0
2007,Other creditors,Mexico,100.0
2007,Other creditors,"Middle East, North Africa, Afghanistan & Pakistan (excluding high income)",98.5439848450008
2007,Other creditors,Middle income,98.14056451458195
2007,Other creditors,Moldova,100.0
2007,Other creditors,Mongolia,97.85350308735131
2007,Other creditors,Montenegro,100.00000000000003
2007,Other creditors,Morocco,99.84811567360097
2007,Other creditors,Mozambique,98.77164444688322
2007,Other creditors,Myanmar,43.905673847417724
2007,Other creditors,Nepal,100.0
2007,Other creditors,Nicaragua,99.99999999999999
2007,Other creditors,Niger,100.0
2007,Other creditors,Nigeria,72.56770526371905
2007,Other creditors,North Macedonia,100.0
2007,Other creditors,Pakistan,96.22579821292929
2007,Other creditors,Papua New Guinea,99.99999999999999
2007,Other creditors,Paraguay,100.0
2007,Other creditors,Peru,100.0
2007,Other creditors,Philippines,95.6130478243348
2007,Other creditors,Rwanda,100.0
2007,Other creditors,Samoa,52.0070590212611
2007,Other creditors,Sao Tome and Principe,100.00000000000001
2007,Other creditors,Senegal,96.91654946924768
2007,Other creditors,Serbia,100.0
2007,Other creditors,Sierra Leone,89.64567715918847
2007,Other creditors,Solomon Islands,100.0
2007,Other creditors,"Somalia, Fed. Rep.",nan
2007,Other creditors,South Africa,100.0
2007,Other creditors,South Asia,98.88994453909682
2007,Other creditors,Sri Lanka,88.52764463766567
2007,Other creditors,St. Lucia,100.0
2007,Other creditors,St. Vincent and the Grenadines,100.0
2007,Other creditors,Sub-Saharan Africa (excluding high income),91.17210699387405
2007,Other creditors,Sudan,70.42810532890518
2007,Other creditors,Tajikistan,25.218331233512174
2007,Other creditors,Tanzania,97.99732626496623
2007,Other creditors,Thailand,100.0
2007,Other creditors,Timor-Leste,nan
2007,Other creditors,Togo,100.0
2007,Other creditors,Tonga,100.0
2007,Other creditors,Tunisia,99.33613495576402
2007,Other creditors,Turkiye,100.0
2007,Other creditors,Turkmenistan,18.25719230451786
2007,Other creditors,Uganda,94.95467246415326
2007,Other creditors,Ukraine,100.0
2007,Other creditors,Upper middle income,99.49103961843873
2007,Other creditors,Uzbekistan,85.75412183057298
2007,Other creditors,Vanuatu,0.0
2007,Other creditors,Viet Nam,96.84841216519952
2007,Other creditors,"Yemen, Rep.",98.91544549935361
2007,Other creditors,Zambia,58.86620588350263
2007,Other creditors,Zimbabwe,0.35445399358544005
2008,Other creditors,Afghanistan,100.0
2008,Other creditors,Africa (excluding high income),94.26430881187521
2008,Other creditors,Albania,100.0
2008,Other creditors,Algeria,99.7230026446016
2008,Other creditors,Angola,90.6430779507778
2008,Other creditors,Argentina,100.0
2008,Other creditors,Armenia,100.0
2008,Other creditors,Azerbaijan,99.99999999999999
2008,Other creditors,Bangladesh,98.3631489542139
2008,Other creditors,Belarus,97.85425195068714
2008,Other creditors,Belize,100.0
2008,Other creditors,Benin,98.3448229131288
2008,Other creditors,Bhutan,100.0
2008,Other creditors,Bolivia,93.46093572366621
2008,Other creditors,Bosnia and Herzegovina,100.0
2008,Other creditors,Botswana,77.71262740816839
2008,Other creditors,Brazil,94.68630889374575
2008,Other creditors,Burkina Faso,95.94336875029671
2008,Other creditors,Burundi,100.0
2008,Other creditors,Cabo Verde,100.00000000000001
2008,Other creditors,Cambodia,64.39304022250937
2008,Other creditors,Cameroon,72.6204099237446
2008,Other creditors,Central African Republic,100.0
2008,Other creditors,Chad,54.00596320595297
2008,Other creditors,China,100.0
2008,Other creditors,Colombia,100.0
2008,Other creditors,Comoros,100.0
2008,Other creditors,"Congo, Dem. Rep.",99.67214610985042
2008,Other creditors,"Congo, Rep.",77.79950944708364
2008,Other creditors,Cote d'Ivoire,89.88748027621969
2008,Other creditors,Djibouti,93.47235998347915
2008,Other creditors,Dominica,100.0
2008,Other creditors,Dominican Republic,100.00000000000001
2008,Other creditors,East Asia & Pacific (excluding high income),97.20449647473949
2008,Other creditors,Ecuador,100.0
2008,Other creditors,"Egypt, Arab Rep.",99.64858143805058
2008,Other creditors,El Salvador,99.64429014802779
2008,Other creditors,Eritrea,31.810563422733782
2008,Other creditors,Eswatini,99.99999999999999
2008,Other creditors,Ethiopia,99.87242486461547
2008,Other creditors,Europe & Central Asia (excluding high income),96.59380681575576
2008,Other creditors,Fiji,85.08085830131645
2008,Other creditors,Gabon,75.98023499070729
2008,Other creditors,"Gambia, The",100.0
2008,Other creditors,Georgia,99.40413742862636
2008,Other creditors,Ghana,88.01646721152841
2008,Other creditors,Grenada,100.0
2008,Other creditors,Guatemala,100.0
2008,Other creditors,Guinea,88.65847385101468
2008,Other creditors,Guinea-Bissau,100.0
2008,Other creditors,Guyana,99.0572031551597
2008,Other creditors,Haiti,100.0
2008,Other creditors,Honduras,100.0
2008,Other creditors,IDA only,88.54101417071378
2008,Other creditors,IDA total,89.75095303470606
2008,Other creditors,India,100.0
2008,Other creditors,Indonesia,98.31339517835941
2008,Other creditors,"Iran, Islamic Rep.",93.77272874869162
2008,Other creditors,Jamaica,94.77033853915894
2008,Other creditors,Jordan,98.29685607214361
2008,Other creditors,Kazakhstan,100.0
2008,Other creditors,Kenya,95.52570772695528
2008,Other creditors,Kosovo,nan
2008,Other creditors,Kyrgyz Republic,100.0
2008,Other creditors,Lao PDR,60.83856351979645
2008,Other creditors,Latin America & Caribbean (excluding high income),98.26533567804194
2008,Other creditors,Least developed countries: UN classification,89.79671903679356
2008,Other creditors,Lebanon,100.0
2008,Other creditors,Lesotho,67.26354937022982
2008,Other creditors,Liberia,nan
2008,Other creditors,Low & lower middle income,95.64232188386623
2008,Other creditors,Low & middle income,97.47524879845908
2008,Other creditors,Low income,88.8081873916373
2008,Other creditors,Lower middle income,96.20188857037978
2008,Other creditors,Madagascar,91.19013788982241
2008,Other creditors,Malawi,100.0
2008,Other creditors,Maldives,100.0
2008,Other creditors,Mali,97.06643033497815
2008,Other creditors,Mauritania,100.0
2008,Other creditors,Mauritius,100.0
2008,Other creditors,Mexico,99.99999999999999
2008,Other creditors,"Middle East, North Africa, Afghanistan & Pakistan (excluding high income)",98.45737467384329
2008,Other creditors,Middle income,97.71489989375702
2008,Other creditors,Moldova,100.0
2008,Other creditors,Mongolia,99.91216936334824
2008,Other creditors,Montenegro,100.0
2008,Other creditors,Morocco,98.21107229190157
2008,Other creditors,Mozambique,97.94178023130826
2008,Other creditors,Myanmar,45.68663652343038
2008,Other creditors,Nepal,100.0
2008,Other creditors,Nicaragua,100.00000000000001
2008,Other creditors,Niger,100.0
2008,Other creditors,Nigeria,93.70070541432541
2008,Other creditors,North Macedonia,100.0
2008,Other creditors,Pakistan,97.60915591316112
2008,Other creditors,Papua New Guinea,100.0
2008,Other creditors,Paraguay,100.0
2008,Other creditors,Peru,100.0
2008,Other creditors,Philippines,99.5663958502966
2008,Other creditors,Rwanda,100.0
2008,Other creditors,Samoa,23.281144050923764
2008,Other creditors,Sao Tome and Principe,100.0
2008,Other creditors,Senegal,91.47651850335775
2008,Other creditors,Serbia,100.0
2008,Other creditors,Sierra Leone,81.28725702584184
2008,Other creditors,Solomon Islands,100.0
2008,Other creditors,"Somalia, Fed. Rep.",nan
2008,Other creditors,South Africa,100.0
2008,Other creditors,South Asia,99.6577614405366
2008,Other creditors,Sri Lanka,95.70149342216698
2008,Other creditors,St. Lucia,100.0
2008,Other creditors,St. Vincent and the Grenadines,100.0
2008,Other creditors,Sub-Saharan Africa (excluding high income),92.90318817478227
2008,Other creditors,Sudan,63.79641229282743
2008,Other creditors,Syrian Arab Republic,95.87385502291589
2008,Other creditors,Tajikistan,22.08268476303147
2008,Other creditors,Tanzania,97.88676915561743
2008,Other creditors,Thailand,100.0
2008,Other creditors,Timor-Leste,nan
2008,Other creditors,Togo,100.0
2008,Other creditors,Tonga,8.250010760120416
2008,Other creditors,Tunisia,99.80252914461528
2008,Other creditors,Turkiye,98.81234670082448
2008,Other creditors,Turkmenistan,16.294164510688056
2008,Other creditors,Uganda,97.846566497406
2008,Other creditors,Ukraine,100.00000000000003
2008,Other creditors,Upper middle income,98.48639077244337
2008,Other creditors,Uzbekistan,70.23683379543509
2008,Other creditors,Vanuatu,0.0
2008,Other creditors,Viet Nam,96.04962694636147
2008,Other creditors,"Yemen, Rep.",100.0
2008,Other creditors,Zambia,78.96451113792106
2008,Other creditors,Zimbabwe,2.774747566247238
2009,Other creditors,Afghanistan,100.0
2009,Other creditors,Africa (excluding high income),86.58291101105078
2009,Other creditors,Albania,100.0
2009,Other creditors,Algeria,99.47028374071718
2009,Other creditors,Angola,93.55173497022435
2009,Other creditors,Argentina,100.00000000000001
2009,Other creditors,Armenia,99.99999999999999
2009,Other creditors,Azerbaijan,100.0
2009,Other creditors,Bangladesh,100.0
2009,Other creditors,Belarus,57.48538513467465
2009,Other creditors,Belize,100.0
2009,Other creditors,Benin,98.63263473036318
2009,Other creditors,Bhutan,100.0
2009,Other creditors,Bolivia,99.88238175789867
2009,Other creditors,Bosnia and Herzegovina,100.00000000000001
2009,Other creditors,Botswana,99.00250465301298
2009,Other creditors,Brazil,77.13923982680248
2009,Other creditors,Burkina Faso,100.0
2009,Other creditors,Burundi,100.0
2009,Other creditors,Cabo Verde,83.97088822008543
2009,Other creditors,Cambodia,69.19767248162256
2009,Other creditors,Cameroon,91.90303109250057
2009,Other creditors,Central African Republic,87.04485245750344
2009,Other creditors,Chad,100.0
2009,Other creditors,China,99.99999999999999
2009,Other creditors,Colombia,100.0
2009,Other creditors,Comoros,100.0
2009,Other creditors,"Congo, Dem. Rep.",99.72157600353559
2009,Other creditors,"Congo, Rep.",34.31242553243227
2009,Other creditors,Cote d'Ivoire,88.3579480714366
2009,Other creditors,Djibouti,90.40770323897576
2009,Other creditors,Dominica,100.0
2009,Other creditors,Dominican Republic,100.0
2009,Other creditors,East Asia & Pacific (excluding high income),98.4602803870147
2009,Other creditors,Ecuador,100.0
2009,Other creditors,"Egypt, Arab Rep.",99.7307282716471
2009,Other creditors,El Salvador,99.9174836876315
2009,Other creditors,Eritrea,20.717376286323685
2009,Other creditors,Eswatini,100.0
2009,Other creditors,Ethiopia,43.36012864037845
2009,Other creditors,Europe & Central Asia (excluding high income),95.67139080161644
2009,Other creditors,Fiji,51.513305825414626
2009,Other creditors,Gabon,77.59660136001602
2009,Other creditors,"Gambia, The",100.00000000000003
2009,Other creditors,Georgia,100.0
2009,Other creditors,Ghana,83.66103711646889
2009,Other creditors,Grenada,100.0
2009,Other creditors,Guatemala,100.0
2009,Other creditors,Guinea,96.19512843425142
2009,Other creditors,Guinea-Bissau,100.00000000000001
2009,Other creditors,Guyana,97.78975874370155
2009,Other creditors,Haiti,100.0
2009,Other creditors,Honduras,100.0
2009,Other creditors,IDA only,77.08562771310973
2009,Other creditors,IDA total,77.15600847148585
2009,Other creditors,India,100.0
2009,Other creditors,Indonesia,99.76749155196674
2009,Other creditors,"Iran, Islamic Rep.",92.0201723449384
2009,Other creditors,Jamaica,97.14239484159776
2009,Other creditors,Jordan,99.99999999999999
2009,Other creditors,Kazakhstan,99.99999999999999
2009,Other creditors,Kenya,79.1626725448404
2009,Other creditors,Kosovo,nan
2009,Other creditors,Kyrgyz Republic,90.04468256971286
2009,Other creditors,Lao PDR,60.66717694613327
2009,Other creditors,Latin America & Caribbean (excluding high income),94.85402199333676
2009,Other creditors,Least developed countries: UN classification,78.4300527388163
2009,Other creditors,Lebanon,100.00000000000001
2009,Other creditors,Lesotho,73.21576319891446
2009,Other creditors,Liberia,nan
2009,Other creditors,Low & lower middle income,90.9102520874022
2009,Other creditors,Low & middle income,94.47201602220382
2009,Other creditors,Low income,63.11348781109892
2009,Other creditors,Lower middle income,94.31463125118135
2009,Other creditors,Madagascar,83.7961329445787
2009,Other creditors,Malawi,75.41884330102106
2009,Other creditors,Maldives,100.0
2009,Other creditors,Mali,98.49674106813048
2009,Other creditors,Mauritania,64.75373198381368
2009,Other creditors,Mauritius,83.83904221713192
2009,Other creditors,Mexico,100.0
2009,Other creditors,"Middle East, North Africa, Afghanistan & Pakistan (excluding high income)",93.00194851280193
2009,Other creditors,Middle income,95.70407419272111
2009,Other creditors,Moldova,75.65272716451454
2009,Other creditors,Mongolia,99.97550435781785
2009,Other creditors,Montenegro,99.99999999999999
2009,Other creditors,Morocco,98.27903301040139
2009,Other creditors,Mozambique,70.11507078920721
2009,Other creditors,Myanmar,37.244841109479104
2009,Other creditors,Nepal,99.99999999999999
2009,Other creditors,Nicaragua,100.0
2009,Other creditors,Niger,37.41795241692823
2009,Other creditors,Nigeria,100.0
2009,Other creditors,North Macedonia,100.0
2009,Other creditors,Pakistan,75.20775209957795
2009,Other creditors,Papua New Guinea,100.0
2009,Other creditors,Paraguay,100.0
2009,Other creditors,Peru,100.0
2009,Other creditors,Philippines,99.88064619597988
2009,Other creditors,Rwanda,91.5330029038041
2009,Other creditors,Samoa,39.69199390070822
2009,Other creditors,Sao Tome and Principe,100.0
2009,Other creditors,Senegal,92.18896962133844
2009,Other creditors,Serbia,100.0
2009,Other creditors,Sierra Leone,99.99999999999999
2009,Other creditors,Solomon Islands,100.0
2009,Other creditors,"Somalia, Fed. Rep.",nan
2009,Other creditors,South Africa,100.0
2009,Other creditors,South Asia,97.8803359314876
2009,Other creditors,Sri Lanka,83.68135478194347
2009,Other creditors,St. Lucia,100.0
2009,Other creditors,St. Vincent and the Grenadines,100.0
2009,Other creditors,Sub-Saharan Africa (excluding high income),81.68200139952363
2009,Other creditors,Sudan,32.66324803358314
2009,Other creditors,Syrian Arab Republic,99.58288051330993
2009,Other creditors,Tajikistan,52.34303786945333
2009,Other creditors,Tanzania,97.75376218535551
2009,Other creditors,Thailand,100.0
2009,Other creditors,Timor-Leste,nan
2009,Other creditors,Togo,40.03888507303092
2009,Other creditors,Tonga,13.783117133111691
2009,Other creditors,Tunisia,99.93497806564271
2009,Other creditors,Turkiye,98.74896474082766
2009,Other creditors,Turkmenistan,69.83179736952964
2009,Other creditors,Uganda,95.26041900929543
2009,Other creditors,Ukraine,100.0
2009,Other creditors,Upper middle income,96.36033085053711
2009,Other creditors,Uzbekistan,61.308136129471144
2009,Other creditors,Vanuatu,0.0
2009,Other creditors,Viet Nam,96.24150848755255
2009,Other creditors,"Yemen, Rep.",71.55323218090591
2009,Other creditors,Zambia,69.10529742064949
2009,Other creditors,Zimbabwe,12.84956488476127
2010,Other creditors,Afghanistan,100.0
2010,Other creditors,Africa (excluding high income),79.03410273871673
2010,Other creditors,Albania,100.0
2010,Other creditors,Algeria,99.99999999999999
2010,Other creditors,Angola,14.902839248475765
2010,Other creditors,Argentina,99.02818960497417
2010,Other creditors,Armenia,100.00000000000001
2010,Other creditors,Azerbaijan,100.0
2010,Other creditors,Bangladesh,100.0
2010,Other creditors,Belarus,93.64933655542951
2010,Other creditors,Belize,100.0
2010,Other creditors,Benin,98.74102223775692
2010,Other creditors,Bhutan,100.0
2010,Other creditors,Bolivia,99.93313114084445
2010,Other creditors,Bosnia and Herzegovina,100.0
2010,Other creditors,Botswana,93.20167712557812
2010,Other creditors,Brazil,79.90040766230074
2010,Other creditors,Burkina Faso,100.0
2010,Other creditors,Burundi,100.0
2010,Other creditors,Cabo Verde,97.46094399617652
2010,Other creditors,Cambodia,35.69772474307459
2010,Other creditors,Cameroon,71.25327226440326
2010,Other creditors,Central African Republic,57.77651159739174
2010,Other creditors,Chad,100.0
2010,Other creditors,China,100.0
2010,Other creditors,Colombia,100.0
2010,Other creditors,Comoros,nan
2010,Other creditors,"Congo, Dem. Rep.",10.59572017150879
2010,Other creditors,"Congo, Rep.",28.02671430115945
2010,Other creditors,Cote d'Ivoire,84.73771585466919
2010,Other creditors,Djibouti,99.99999999999999
2010,Other creditors,Dominica,63.53620637136425
2010,Other creditors,Dominican Republic,99.99999999999999
2010,Other creditors,East Asia & Pacific (excluding high income),97.13077585853577
2010,Other creditors,Ecuador,65.32322810006865
2010,Other creditors,"Egypt, Arab Rep.",99.7483086146687
2010,Other creditors,El Salvador,100.0
2010,Other creditors,Eritrea,95.604539006028
2010,Other creditors,Eswatini,100.0
2010,Other creditors,Ethiopia,67.44002681278552
2010,Other creditors,Europe & Central Asia (excluding high income),95.18748529871462
2010,Other creditors,Fiji,57.80982592065712
2010,Other creditors,Gabon,76.03614783726016
2010,Other creditors,"Gambia, The",100.00000000000001
2010,Other creditors,Georgia,100.0
2010,Other creditors,Ghana,80.21655990235818
2010,Other creditors,Grenada,100.0
2010,Other creditors,Guatemala,100.0
2010,Other creditors,Guinea,93.80585289320742
2010,Other creditors,Guinea-Bissau,100.0
2010,Other creditors,Guyana,88.93363767548668
2010,Other creditors,Haiti,100.0
2010,Other creditors,Honduras,100.0
2010,Other creditors,IDA only,74.85976798117798
2010,Other creditors,IDA total,75.16710640573591
2010,Other creditors,India,100.0
2010,Other creditors,Indonesia,99.20331784729059
2010,Other creditors,"Iran, Islamic Rep.",76.93677513132882
2010,Other creditors,Jamaica,93.92731563095973
2010,Other creditors,Jordan,99.44192817789103
2010,Other creditors,Kazakhstan,100.0
2010,Other creditors,Kenya,80.96505896762316
2010,Other creditors,Kosovo,nan
2010,Other creditors,Kyrgyz Republic,31.30240907358225
2010,Other creditors,Lao PDR,62.61217754419804
2010,Other creditors,Latin America & Caribbean (excluding high income),93.96364456928644
2010,Other creditors,Least developed countries: UN classification,58.38797023113526
2010,Other creditors,Lebanon,100.0
2010,Other creditors,Lesotho,97.14515894783925
2010,Other creditors,Liberia,100.0
2010,Other creditors,Low & lower middle income,87.14859598469934
2010,Other creditors,Low & middle income,92.8298798551675
2010,Other creditors,Low income,68.6935866482911
2010,Other creditors,Lower middle income,88.92042391363746
2010,Other creditors,Madagascar,96.72983609070859
2010,Other creditors,Malawi,76.0805427510417
2010,Other creditors,Maldives,85.03108570478517
2010,Other creditors,Mali,99.73295130463332
2010,Other creditors,Mauritania,100.0
2010,Other creditors,Mauritius,73.40683602704647
2010,Other creditors,Mexico,100.0
2010,Other creditors,"Middle East, North Africa, Afghanistan & Pakistan (excluding high income)",94.98235528052643
2010,Other creditors,Middle income,93.55835515368696
2010,Other creditors,Moldova,94.72656190664864
2010,Other creditors,Mongolia,100.0
2010,Other creditors,Montenegro,100.0
2010,Other creditors,Morocco,89.55436722809844
2010,Other creditors,Mozambique,95.28529190853365
2010,Other creditors,Myanmar,37.17687746969553
2010,Other creditors,Nepal,99.99999999999999
2010,Other creditors,Nicaragua,100.0
2010,Other creditors,Niger,30.6728735090227
2010,Other creditors,Nigeria,98.08645401775497
2010,Other creditors,North Macedonia,99.99999999999999
2010,Other creditors,Pakistan,83.28975877802225
2010,Other creditors,Papua New Guinea,100.0
2010,Other creditors,Paraguay,100.0
2010,Other creditors,Peru,100.0
2010,Other creditors,Philippines,99.07857774756027
2010,Other creditors,Rwanda,78.25002224884551
2010,Other creditors,Samoa,68.08508829607678
2010,Other creditors,Sao Tome and Principe,100.0
2010,Other creditors,Senegal,96.847977727276
2010,Other creditors,Serbia,98.89092381829204
2010,Other creditors,Sierra Leone,100.00000000000001
2010,Other creditors,Solomon Islands,nan
2010,Other creditors,"Somalia, Fed. Rep.",nan
2010,Other creditors,South Africa,100.0
2010,Other creditors,South Asia,96.97761691210765
2010,Other creditors,Sri Lanka,71.69267650242632
2010,Other creditors,St. Lucia,100.0
2010,Other creditors,St. Vincent and the Grenadines,100.0
2010,Other creditors,Sub-Saharan Africa (excluding high income),73.26463923440421
2010,Other creditors,Sudan,39.24362449897971
2010,Other creditors,Syrian Arab Republic,94.33294138426649
2010,Other creditors,Tajikistan,60.87540778402577
2010,Other creditors,Tanzania,95.32606447221256
2010,Other creditors,Thailand,100.0
2010,Other creditors,Timor-Leste,nan
2010,Other creditors,Togo,62.054453398450015
2010,Other creditors,Tonga,3.0516962808816364
2010,Other creditors,Tunisia,99.9254255598067
2010,Other creditors,Turkiye,99.89415544916265
2010,Other creditors,Turkmenistan,0.3291239962365809
2010,Other creditors,Uganda,92.9614439260511
2010,Other creditors,Ukraine,100.0
2010,Other creditors,Upper middle income,95.68487574104192
2010,Other creditors,Uzbekistan,63.503998929716836
2010,Other creditors,Vanuatu,0.0
2010,Other creditors,Viet Nam,94.2762972953922
2010,Other creditors,"Yemen, Rep.",100.0
2010,Other creditors,Zambia,44.03901004099185
2010,Other creditors,Zimbabwe,16.477808882854262
2011,Other creditors,Afghanistan,100.0
2011,Other creditors,Africa (excluding high income),86.428932292381
2011,Other creditors,Albania,100.0
2011,Other creditors,Algeria,100.0
2011,Other creditors,Angola,60.77409615613559
2011,Other creditors,Argentina,99.79505033581344
2011,Other creditors,Armenia,100.00000000000001
2011,Other creditors,Azerbaijan,100.0
2011,Other creditors,Bangladesh,100.0
2011,Other creditors,Belarus,89.37240226073872
2011,Other creditors,Belize,100.0
2011,Other creditors,Benin,89.18452979644104
2011,Other creditors,Bhutan,99.99999999999999
2011,Other creditors,Bolivia,89.11889372564958
2011,Other creditors,Bosnia and Herzegovina,100.0
2011,Other creditors,Botswana,99.96710645535288
2011,Other creditors,Brazil,99.8360919474139
2011,Other creditors,Burkina Faso,100.0
2011,Other creditors,Burundi,100.0
2011,Other creditors,Cabo Verde,96.73208719957817
2011,Other creditors,Cambodia,40.902725096365685
2011,Other creditors,Cameroon,77.69218035411322
2011,Other creditors,Central African Republic,54.30641770930359
2011,Other creditors,Chad,67.496632042184
2011,Other creditors,China,100.0
2011,Other creditors,Colombia,100.0
2011,Other creditors,Comoros,nan
2011,Other creditors,"Congo, Dem. Rep.",56.61498640712026
2011,Other creditors,"Congo, Rep.",35.957584812381036
2011,Other creditors,Cote d'Ivoire,95.09106739141164
2011,Other creditors,Djibouti,100.0
2011,Other creditors,Dominica,77.56391109395071
2011,Other creditors,Dominican Republic,99.99999999999999
2011,Other creditors,East Asia & Pacific (excluding high income),96.53825824992256
2011,Other creditors,Ecuador,29.60258913080587
2011,Other creditors,"Egypt, Arab Rep.",99.64342218925638
2011,Other creditors,El Salvador,100.0
2011,Other creditors,Eritrea,98.88795534739512
2011,Other creditors,Eswatini,100.0
2011,Other creditors,Ethiopia,76.39903464805221
2011,Other creditors,Europe & Central Asia (excluding high income),88.92302911240124
2011,Other creditors,Fiji,89.55049448996907
2011,Other creditors,Gabon,87.74529025946748
2011,Other creditors,"Gambia, The",100.0
2011,Other creditors,Georgia,100.0
2011,Other creditors,Ghana,84.38535704092557
2011,Other creditors,Grenada,100.0
2011,Other creditors,Guatemala,100.0
2011,Other creditors,Guinea,100.0
2011,Other creditors,Guinea-Bissau,100.0
2011,Other creditors,Guyana,87.95965984927481
2011,Other creditors,Haiti,100.0
2011,Other creditors,Honduras,95.53187663130838
2011,Other creditors,IDA only,73.81045529612858
2011,Other creditors,IDA total,74.06512116687297
2011,Other creditors,India,100.0
2011,Other creditors,Indonesia,96.76414146910871
2011,Other creditors,"Iran, Islamic Rep.",35.22591762798693
2011,Other creditors,Jamaica,90.11152938434299
2011,Other creditors,Jordan,94.78359223451334
2011,Other creditors,Kazakhstan,100.0
2011,Other creditors,Kenya,78.95406259973471
2011,Other creditors,Kosovo,100.0
2011,Other creditors,Kyrgyz Republic,43.59460756797321
2011,Other creditors,Lao PDR,16.467647960226582
2011,Other creditors,Latin America & Caribbean (excluding high income),97.1240070349092
2011,Other creditors,Least developed countries: UN classification,66.66958446856546
2011,Other creditors,Lebanon,100.0
2011,Other creditors,Lesotho,97.10233324738914
2011,Other creditors,Liberia,70.30075772484464
2011,Other creditors,Low & lower middle income,85.79829758879166
2011,Other creditors,Low & middle income,93.61324934528501
2011,Other creditors,Low income,73.23965826050346
2011,Other creditors,Lower middle income,87.1226414236855
2011,Other creditors,Madagascar,100.0
2011,Other creditors,Malawi,49.7268146955323
2011,Other creditors,Maldives,85.69932846197892
2011,Other creditors,Mali,98.9446749588281
2011,Other creditors,Mauritania,92.15162082396465
2011,Other creditors,Mauritius,76.40473476844559
2011,Other creditors,Mexico,100.0
2011,Other creditors,"Middle East, North Africa, Afghanistan & Pakistan (excluding high income)",94.97048244015971
2011,Other creditors,Middle income,94.1795420975422
2011,Other creditors,Moldova,92.31797333323908
2011,Other creditors,Mongolia,93.46789745597515
2011,Other creditors,Montenegro,95.07981687183641
2011,Other creditors,Morocco,99.89312911158734
2011,Other creditors,Mozambique,91.79521600534862
2011,Other creditors,Myanmar,5.440885736611085
2011,Other creditors,Nepal,88.98548639534667
2011,Other creditors,Nicaragua,100.0
2011,Other creditors,Niger,24.728440834784514
2011,Other creditors,Nigeria,77.47494783249321
2011,Other creditors,North Macedonia,100.0
2011,Other creditors,Pakistan,76.95759116886055
2011,Other creditors,Papua New Guinea,41.364689862680166
2011,Other creditors,Paraguay,100.0
2011,Other creditors,Peru,100.0
2011,Other creditors,Philippines,97.9313105509332
2011,Other creditors,Rwanda,96.88228120671552
2011,Other creditors,Samoa,54.96803117509704
2011,Other creditors,Sao Tome and Principe,99.16575296763735
2011,Other creditors,Senegal,97.20742816397583
2011,Other creditors,Serbia,96.60369469230604
2011,Other creditors,Sierra Leone,97.5931689968008
2011,Other creditors,Solomon Islands,nan
2011,Other creditors,"Somalia, Fed. Rep.",nan
2011,Other creditors,South Africa,100.0
2011,Other creditors,South Asia,97.36120844551422
2011,Other creditors,Sri Lanka,84.02259326218078
2011,Other creditors,St. Lucia,100.0
2011,Other creditors,St. Vincent and the Grenadines,100.0
2011,Other creditors,Sub-Saharan Africa (excluding high income),83.44709090887326
2011,Other creditors,Sudan,53.956399167256045
2011,Other creditors,Syrian Arab Republic,95.20390216215888
2011,Other creditors,Tajikistan,30.352960571495473
2011,Other creditors,Tanzania,81.84324757020345
2011,Other creditors,Thailand,100.0
2011,Other creditors,Timor-Leste,nan
2011,Other creditors,Togo,100.00000000000001
2011,Other creditors,Tonga,0.0
2011,Other creditors,Tunisia,100.0
2011,Other creditors,Turkiye,99.74075559197028
2011,Other creditors,Turkmenistan,17.39498355044999
2011,Other creditors,Uganda,99.64814037341846
2011,Other creditors,Ukraine,100.0
2011,Other creditors,Upper middle income,96.70537539205847
2011,Other creditors,Uzbekistan,55.59222951985123
2011,Other creditors,Vanuatu,0.0
2011,Other creditors,Viet Nam,92.73158361867858
2011,Other creditors,"Yemen, Rep.",100.0
2011,Other creditors,Zambia,28.22513915764735
2011,Other creditors,Zimbabwe,28.579540240123986
2012,Other creditors,Afghanistan,100.0
2012,Other creditors,Africa (excluding high income),89.06822572587964
2012,Other creditors,Albania,100.0
2012,Other creditors,Algeria,82.46271885652368
2012,Other creditors,Angola,87.89453463765804
2012,Other creditors,Argentina,98.19108843186832
2012,Other creditors,Armenia,100.0
2012,Other creditors,Azerbaijan,100.00000000000001
2012,Other creditors,Bangladesh,91.32069234504951
2012,Other creditors,Belarus,78.07374186435345
2012,Other creditors,Belize,100.0
2012,Other creditors,Benin,78.01649449431004
2012,Other creditors,Bhutan,100.00000000000001
2012,Other creditors,Bolivia,90.93267262514603
2012,Other creditors,Bosnia and Herzegovina,99.99999999999999
2012,Other creditors,Botswana,97.66567250419732
2012,Other creditors,Brazil,99.9699326445804
2012,Other creditors,Burkina Faso,100.0
2012,Other creditors,Burundi,100.0
2012,Other creditors,Cabo Verde,99.23255634691864
2012,Other creditors,Cambodia,18.67683660773335
2012,Other creditors,Cameroon,57.15422954435137
2012,Other creditors,Central African Republic,57.150583042094375
2012,Other creditors,Chad,58.29135344419505
2012,Other creditors,China,100.0
2012,Other creditors,Colombia,99.99999999999999
2012,Other creditors,Comoros,nan
2012,Other creditors,"Congo, Dem. Rep.",51.244044956535134
2012,Other creditors,"Congo, Rep.",41.37551055043457
2012,Other creditors,Cote d'Ivoire,62.981015014949385
2012,Other creditors,Djibouti,100.0
2012,Other creditors,Dominica,65.95002110046877
2012,Other creditors,Dominican Republic,100.0
2012,Other creditors,East Asia & Pacific (excluding high income),96.50683294200742
2012,Other creditors,Ecuador,51.32886047801179
2012,Other creditors,"Egypt, Arab Rep.",94.48145931083631
2012,Other creditors,El Salvador,99.97569900598572
2012,Other creditors,Eritrea,69.09559508986294
2012,Other creditors,Eswatini,100.0
2012,Other creditors,Ethiopia,69.4286327989091
2012,Other creditors,Europe & Central Asia (excluding high income),91.00264234694306
2012,Other creditors,Fiji,32.04231646666653
2012,Other creditors,Gabon,79.97951596621756
2012,Other creditors,"Gambia, The",100.0
2012,Other creditors,Georgia,100.0
2012,Other creditors,Ghana,59.446013942788554
2012,Other creditors,Grenada,100.0
2012,Other creditors,Guatemala,100.0
2012,Other creditors,Guinea,100.0
2012,Other creditors,Guinea-Bissau,100.0
2012,Other creditors,Guyana,88.30583435024317
2012,Other creditors,Haiti,100.0
2012,Other creditors,Honduras,95.15073881077903
2012,Other creditors,IDA only,75.45552133159636
2012,Other creditors,IDA total,74.43907924832179
2012,Other creditors,India,100.0
2012,Other creditors,Indonesia,99.6373496178229
2012,Other creditors,"Iran, Islamic Rep.",99.99999999999999
2012,Other creditors,Jamaica,53.616113365134744
2012,Other creditors,Jordan,99.26203276462077
2012,Other creditors,Kazakhstan,100.0
2012,Other creditors,Kenya,86.52139887191076
2012,Other creditors,Kosovo,100.0
2012,Other creditors,Kyrgyz Republic,26.312538696418603
2012,Other creditors,Lao PDR,13.279301527073079
2012,Other creditors,Latin America & Caribbean (excluding high income),98.83238907636404
2012,Other creditors,Least developed countries: UN classification,76.40108424199964
2012,Other creditors,Lebanon,100.0
2012,Other creditors,Lesotho,85.18091688329925
2012,Other creditors,Liberia,100.0
2012,Other creditors,Low & lower middle income,87.97119634540122
2012,Other creditors,Low & middle income,94.9834022765099
2012,Other creditors,Low income,76.99746256305465
2012,Other creditors,Lower middle income,88.93920285803385
2012,Other creditors,Madagascar,100.0
2012,Other creditors,Malawi,84.44456831049996
2012,Other creditors,Maldives,73.02858187096133
2012,Other creditors,Mali,56.99402101330578
2012,Other creditors,Mauritania,99.99999999999999
2012,Other creditors,Mauritius,51.5031307103927
2012,Other creditors,Mexico,100.0
2012,Other creditors,"Middle East, North Africa, Afghanistan & Pakistan (excluding high income)",94.97658374965594
2012,Other creditors,Middle income,95.40818772307871
2012,Other creditors,Moldova,97.08046463116729
2012,Other creditors,Mongolia,77.62247895794076
2012,Other creditors,Montenegro,92.14925551646458
2012,Other creditors,Morocco,98.19273462540656
2012,Other creditors,Mozambique,78.48267423734255
2012,Other creditors,Myanmar,55.85983458306783
2012,Other creditors,Nepal,89.28621408348901
2012,Other creditors,Nicaragua,100.0
2012,Other creditors,Niger,95.02240509695328
2012,Other creditors,Nigeria,71.51929680695895
2012,Other creditors,North Macedonia,100.0
2012,Other creditors,Pakistan,69.90090047453775
2012,Other creditors,Papua New Guinea,73.58053077307876
2012,Other creditors,Paraguay,100.0
2012,Other creditors,Peru,100.0
2012,Other creditors,Philippines,98.24927723677585
2012,Other creditors,Rwanda,97.56429212244475
2012,Other creditors,Samoa,56.16088408454157
2012,Other creditors,Sao Tome and Principe,100.0
2012,Other creditors,Senegal,84.40293736288021
2012,Other creditors,Serbia,95.32102439410589
2012,Other creditors,Sierra Leone,82.06533630456869
2012,Other creditors,Solomon Islands,nan
2012,Other creditors,"Somalia, Fed. Rep.",nan
2012,Other creditors,South Africa,100.0
2012,Other creditors,South Asia,95.74763092783779
2012,Other creditors,Sri Lanka,85.44991886937352
2012,Other creditors,St. Lucia,100.0
2012,Other creditors,St. Vincent and the Grenadines,100.0
2012,Other creditors,Sub-Saharan Africa (excluding high income),86.52263552618535
2012,Other creditors,Sudan,68.2187124667732
2012,Other creditors,Syrian Arab Republic,nan
2012,Other creditors,Tajikistan,76.02000958711676
2012,Other creditors,Tanzania,73.29213424724347
2012,Other creditors,Thailand,100.0
2012,Other creditors,Timor-Leste,100.0
2012,Other creditors,Togo,19.89240806280593
2012,Other creditors,Tonga,0.0
2012,Other creditors,Tunisia,98.64681949026004
2012,Other creditors,Turkiye,99.80530835800091
2012,Other creditors,Turkmenistan,10.092822894445657
2012,Other creditors,Uganda,67.3291657795734
2012,Other creditors,Ukraine,100.0
2012,Other creditors,Upper middle income,97.77347139072488
2012,Other creditors,Uzbekistan,94.44015383770414
2012,Other creditors,Vanuatu,0.0
2012,Other creditors,Viet Nam,93.88652776619747
2012,Other creditors,"Yemen, Rep.",99.58701175122384
2012,Other creditors,Zambia,66.83537045157313
2012,Other creditors,Zimbabwe,19.395381489326923
2013,Other creditors,Afghanistan,100.0
2013,Other creditors,Africa (excluding high income),84.53597398072118
2013,Other creditors,Albania,100.0
2013,Other creditors,Algeria,100.0
2013,Other creditors,Angola,60.70648019497458
2013,Other creditors,Argentina,95.8974706968082
2013,Other creditors,Armenia,100.0
2013,Other creditors,Azerbaijan,100.0
2013,Other creditors,Bangladesh,88.75604169608641
2013,Other creditors,Belarus,64.35568830237484
2013,Other creditors,Belize,100.0
2013,Other creditors,Benin,92.89514253064709
2013,Other creditors,Bhutan,100.0
2013,Other creditors,Bolivia,85.35643641748764
2013,Other creditors,Bosnia and Herzegovina,100.0
2013,Other creditors,Botswana,96.23949508624595
2013,Other creditors,Brazil,100.0
2013,Other creditors,Burkina Faso,100.0
2013,Other creditors,Burundi,100.0
2013,Other creditors,Cabo Verde,99.99999999999999
2013,Other creditors,Cambodia,35.10920764958757
2013,Other creditors,Cameroon,41.70786530691314
2013,Other creditors,Central African Republic,4.512920772491554
2013,Other creditors,Chad,100.0
2013,Other creditors,China,100.0
2013,Other creditors,Colombia,100.0
2013,Other creditors,Comoros,nan
2013,Other creditors,"Congo, Dem. Rep.",27.197982677089055
2013,Other creditors,"Congo, Rep.",32.37725481559365
2013,Other creditors,Cote d'Ivoire,73.01817852134141
2013,Other creditors,Djibouti,80.4365343225963
2013,Other creditors,Dominica,78.39081467061287
2013,Other creditors,Dominican Republic,100.0
2013,Other creditors,East Asia & Pacific (excluding high income),94.37833114927689
2013,Other creditors,Ecuador,28.380584337843928
2013,Other creditors,"Egypt, Arab Rep.",99.99312688133206
2013,Other creditors,El Salvador,100.0
2013,Other creditors,Eritrea,71.46151856202498
2013,Other creditors,Eswatini,100.0
2013,Other creditors,Ethiopia,69.72310198184029
2013,Other creditors,Europe & Central Asia (excluding high income),91.00808939537157
2013,Other creditors,Fiji,34.85587751132417
2013,Other creditors,Gabon,90.44021439633276
2013,Other creditors,"Gambia, The",100.0
2013,Other creditors,Georgia,100.0
2013,Other creditors,Ghana,74.8389099297858
2013,Other creditors,Grenada,100.0
2013,Other creditors,Guatemala,100.0
2013,Other creditors,Guinea,42.54674811760576
2013,Other creditors,Guinea-Bissau,100.0
2013,Other creditors,Guyana,91.89703054087855
2013,Other creditors,Haiti,100.0
2013,Other creditors,Honduras,100.0
2013,Other creditors,IDA only,77.03523272704489
2013,Other creditors,IDA total,74.88758978454274
2013,Other creditors,India,100.0
2013,Other creditors,Indonesia,98.9802754377719
2013,Other creditors,"Iran, Islamic Rep.",100.0
2013,Other creditors,Jamaica,79.1516646388059
2013,Other creditors,Jordan,99.76431056996861
2013,Other creditors,Kazakhstan,100.0
2013,Other creditors,Kenya,82.4157346828897
2013,Other creditors,Kosovo,100.0
2013,Other creditors,Kyrgyz Republic,40.36108243511661
2013,Other creditors,Lao PDR,33.90536992316924
2013,Other creditors,Latin America & Caribbean (excluding high income),97.32543587292685
2013,Other creditors,Least developed countries: UN classification,71.40179882129459
2013,Other creditors,Lebanon,100.0
2013,Other creditors,Lesotho,92.33746193350717
2013,Other creditors,Liberia,100.0
2013,Other creditors,Low & lower middle income,85.21881009411702
2013,Other creditors,Low & middle income,92.53872416174606
2013,Other creditors,Low income,78.38596129209209
2013,Other creditors,Lower middle income,85.98986794856373
2013,Other creditors,Madagascar,100.0
2013,Other creditors,Malawi,72.43572901558987
2013,Other creditors,Maldives,73.96177260307262
2013,Other creditors,Mali,82.98737107440536
2013,Other creditors,Mauritania,80.68444534026548
2013,Other creditors,Mauritius,83.40633792480698
2013,Other creditors,Mexico,100.0
2013,Other creditors,"Middle East, North Africa, Afghanistan & Pakistan (excluding high income)",96.17481062133827
2013,Other creditors,Middle income,93.03284300129442
2013,Other creditors,Moldova,92.27796151008968
2013,Other creditors,Mongolia,18.85206003503994
2013,Other creditors,Montenegro,100.0
2013,Other creditors,Morocco,98.88099944176311
2013,Other creditors,Mozambique,87.29693414734676
2013,Other creditors,Myanmar,73.46958478037361
2013,Other creditors,Nepal,96.49912470425176
2013,Other creditors,Nicaragua,100.0
2013,Other creditors,Niger,99.29655251033613
2013,Other creditors,Nigeria,84.67918889387178
2013,Other creditors,North Macedonia,99.99999999999997
2013,Other creditors,Pakistan,61.290078403824715
2013,Other creditors,Papua New Guinea,90.93903318474116
2013,Other creditors,Paraguay,100.0
2013,Other creditors,Peru,99.99999999999999
2013,Other creditors,Philippines,98.8778419786022
2013,Other creditors,Rwanda,95.42294432749478
2013,Other creditors,Samoa,35.32461745208225
2013,Other creditors,Sao Tome and Principe,100.0
2013,Other creditors,Senegal,89.19038422828665
2013,Other creditors,Serbia,98.96119054474889
2013,Other creditors,Sierra Leone,96.5367768159289
2013,Other creditors,Solomon Islands,nan
2013,Other creditors,"Somalia, Fed. Rep.",nan
2013,Other creditors,South Africa,100.0
2013,Other creditors,South Asia,93.98226973471374
2013,Other creditors,Sri Lanka,75.84098034039224
2013,Other creditors,St. Lucia,100.0
2013,Other creditors,St. Vincent and the Grenadines,100.0
2013,Other creditors,Sub-Saharan Africa (excluding high income),78.18607934702307
2013,Other creditors,Sudan,68.21180052536202
2013,Other creditors,Syrian Arab Republic,nan
2013,Other creditors,Tajikistan,46.804258566705606
2013,Other creditors,Tanzania,75.45505714468364
2013,Other creditors,Thailand,100.0
2013,Other creditors,Timor-Leste,100.0
2013,Other creditors,Togo,84.68938116011533
2013,Other creditors,Tonga,0.0
2013,Other creditors,Tunisia,98.12408624404321
2013,Other creditors,Turkiye,99.1641920346322
2013,Other creditors,Turkmenistan,5.058751076590099
2013,Other creditors,Uganda,91.77428556522295
2013,Other creditors,Ukraine,96.7548318097463
2013,Other creditors,Upper middle income,96.18804928220798
2013,Other creditors,Uzbekistan,84.39034920452326
2013,Other creditors,Vanuatu,100.0
2013,Other creditors,Viet Nam,96.44402215640316
2013,Other creditors,"Yemen, Rep.",99.99999999999999
2013,Other creditors,Zambia,55.44938354460035
2013,Other creditors,Zimbabwe,22.143828562978022
2014,Other creditors,Afghanistan,100.0
2014,Other creditors,Africa (excluding high income),81.23159147037262
2014,Other creditors,Albania,99.99999999999999
2014,Other creditors,Algeria,100.0
2014,Other creditors,Angola,77.41174064977898
2014,Other creditors,Argentina,96.67554552979168
2014,Other creditors,Armenia,100.0
2014,Other creditors,Azerbaijan,100.0
2014,Other creditors,Bangladesh,85.40743963348518
2014,Other creditors,Belarus,81.05874722082443
2014,Other creditors,Belize,100.0
2014,Other creditors,Benin,78.46715293675048
2014,Other creditors,Bhutan,100.0
2014,Other creditors,Bolivia,89.82399364601021
2014,Other creditors,Bosnia and Herzegovina,99.99999999999999
2014,Other creditors,Botswana,100.0
2014,Other creditors,Brazil,100.0
2014,Other creditors,Burkina Faso,99.2473236108068
2014,Other creditors,Burundi,100.0
2014,Other creditors,Cabo Verde,100.0
2014,Other creditors,Cambodia,29.717535577251418
2014,Other creditors,Cameroon,42.38357528003528
2014,Other creditors,Central African Republic,99.31009206942177
2014,Other creditors,Chad,95.17074354645376
2014,Other creditors,China,100.0
2014,Other creditors,Colombia,100.0
2014,Other creditors,Comoros,nan
2014,Other creditors,"Congo, Dem. Rep.",35.20693421941284
2014,Other creditors,"Congo, Rep.",64.08957287926783
2014,Other creditors,Cote d'Ivoire,87.89717324045249
2014,Other creditors,Djibouti,25.726944270732115
2014,Other creditors,Dominica,75.66013593981033
2014,Other creditors,Dominican Republic,100.0
2014,Other creditors,East Asia & Pacific (excluding high income),96.16977335428369
2014,Other creditors,Ecuador,82.62207304726267
2014,Other creditors,"Egypt, Arab Rep.",99.97259568498814
2014,Other creditors,El Salvador,100.0
2014,Other creditors,Eritrea,69.60890334338288
2014,Other creditors,Eswatini,100.0
2014,Other creditors,Ethiopia,47.75562635563501
2014,Other creditors,Europe & Central Asia (excluding high income),92.49950338859787
2014,Other creditors,Fiji,16.801741348164967
2014,Other creditors,Gabon,80.44122547698731
2014,Other creditors,"Gambia, The",100.0
2014,Other creditors,Georgia,100.0
2014,Other creditors,Ghana,89.05851385036594
2014,Other creditors,Grenada,100.0
2014,Other creditors,Guatemala,100.0
2014,Other creditors,Guinea,42.84556462148892
2014,Other creditors,Guinea-Bissau,100.0
2014,Other creditors,Guyana,88.95459101786909
2014,Other creditors,Haiti,100.0
2014,Other creditors,Honduras,100.0
2014,Other creditors,IDA only,71.38939052029312
2014,Other creditors,IDA total,73.84099655133183
2014,Other creditors,India,100.0
2014,Other creditors,Indonesia,99.58308485611619
2014,Other creditors,"Iran, Islamic Rep.",100.0
2014,Other creditors,Jamaica,94.60606610096744
2014,Other creditors,Jordan,100.00000000000001
2014,Other creditors,Kazakhstan,100.0
2014,Other creditors,Kenya,74.4194952856317
2014,Other creditors,Kosovo,100.0
2014,Other creditors,Kyrgyz Republic,27.810815983008784
2014,Other creditors,Lao PDR,33.58817728991374
2014,Other creditors,Latin America & Caribbean (excluding high income),98.62517300558144
2014,Other creditors,Least developed countries: UN classification,70.70027211972972
2014,Other creditors,Lebanon,100.0
2014,Other creditors,Lesotho,99.75021019557616
2014,Other creditors,Liberia,100.0
2014,Other creditors,Low & lower middle income,87.56776630719838
2014,Other creditors,Low & middle income,94.08963679589095
2014,Other creditors,Low income,68.17708072607378
2014,Other creditors,Lower middle income,89.2596518521307
2014,Other creditors,Madagascar,100.0
2014,Other creditors,Malawi,100.0
2014,Other creditors,Maldives,48.39106358459815
2014,Other creditors,Mali,74.51095560698111
2014,Other creditors,Mauritania,99.99999999999999
2014,Other creditors,Mauritius,86.22298717381304
2014,Other creditors,Mexico,100.0
2014,Other creditors,"Middle East, North Africa, Afghanistan & Pakistan (excluding high income)",94.64894893097365
2014,Other creditors,Middle income,94.88884036609745
2014,Other creditors,Moldova,98.62899841533901
2014,Other creditors,Mongolia,21.374478077055
2014,Other creditors,Montenegro,95.4406171885895
2014,Other creditors,Morocco,98.9118349944598
2014,Other creditors,Mozambique,66.66555406748546
2014,Other creditors,Myanmar,15.606683290652628
2014,Other creditors,Nepal,87.34780873544736
2014,Other creditors,Nicaragua,99.99999999999999
2014,Other creditors,Niger,97.8855990195954
2014,Other creditors,Nigeria,81.86091139310071
2014,Other creditors,North Macedonia,88.91639865794986
2014,Other creditors,Pakistan,86.90960509106861
2014,Other creditors,Papua New Guinea,62.23514423854752
2014,Other creditors,Paraguay,100.0
2014,Other creditors,Peru,100.00000000000001
2014,Other creditors,Philippines,99.5966811014692
2014,Other creditors,Rwanda,89.58054873340252
2014,Other creditors,Samoa,17.031519035581265
2014,Other creditors,Sao Tome and Principe,100.0
2014,Other creditors,Senegal,96.46873776461713
2014,Other creditors,Serbia,90.6416302096113
2014,Other creditors,Sierra Leone,100.0
2014,Other creditors,Solomon Islands,nan
2014,Other creditors,"Somalia, Fed. Rep.",nan
2014,Other creditors,South Africa,100.0
2014,Other creditors,South Asia,97.67248704102938
2014,Other creditors,Sri Lanka,80.1183141890041
2014,Other creditors,St. Lucia,100.0
2014,Other creditors,St. Vincent and the Grenadines,100.0
2014,Other creditors,Sub-Saharan Africa (excluding high income),77.55285325968158
2014,Other creditors,Sudan,61.13205459825812
2014,Other creditors,Syrian Arab Republic,nan
2014,Other creditors,Tajikistan,66.34365155280761
2014,Other creditors,Tanzania,61.58743872043472
2014,Other creditors,Thailand,100.0
2014,Other creditors,Timor-Leste,100.0
2014,Other creditors,Togo,44.14851538927177
2014,Other creditors,Tonga,100.0
2014,Other creditors,Tunisia,99.91335020343818
2014,Other creditors,Turkiye,99.04698791618078
2014,Other creditors,Turkmenistan,7.685471104557336
2014,Other creditors,Uganda,84.85907180986659
2014,Other creditors,Ukraine,88.6587070342313
2014,Other creditors,Upper middle income,97.96660661672686
2014,Other creditors,Uzbekistan,76.04495659315666
2014,Other creditors,Vanuatu,100.0
2014,Other creditors,Viet Nam,96.03994955913056
2014,Other creditors,"Yemen, Rep.",98.78359823090217
2014,Other creditors,Zambia,72.9848810719087
2014,Other creditors,Zimbabwe,14.765932324933427
2015,Other creditors,Afghanistan,100.0
2015,Other creditors,Africa (excluding high income),85.50401209149577
2015,Other creditors,Albania,100.0
2015,Other creditors,Algeria,100.0
2015,Other creditors,Angola,84.08805714157648
2015,Other creditors,Argentina,87.11791115669499
2015,Other creditors,Armenia,97.84047767787514
2015,Other creditors,Azerbaijan,100.0
2015,Other creditors,Bangladesh,97.41127488824836
2015,Other creditors,Belarus,77.71022874019438
2015,Other creditors,Belize,100.0
2015,Other creditors,Benin,75.22149681267494
2015,Other creditors,Bhutan,100.0
2015,Other creditors,Bolivia,98.97088744358935
2015,Other creditors,Bosnia and Herzegovina,100.00000000000001
2015,Other creditors,Botswana,100.0
2015,Other creditors,Brazil,100.0
2015,Other creditors,Burkina Faso,83.34071562824944
2015,Other creditors,Burundi,46.76478948125815
2015,Other creditors,Cabo Verde,99.99999999999997
2015,Other creditors,Cambodia,39.13378530981646
2015,Other creditors,Cameroon,78.73488972607188
2015,Other creditors,Central African Republic,18.618066151429066
2015,Other creditors,Chad,91.889965128248
2015,Other creditors,China,100.0
2015,Other creditors,Colombia,100.0
2015,Other creditors,Comoros,nan
2015,Other creditors,"Congo, Dem. Rep.",45.42274979709389
2015,Other creditors,"Congo, Rep.",77.02782270892533
2015,Other creditors,Cote d'Ivoire,90.44621543051376
2015,Other creditors,Djibouti,16.706087640924277
2015,Other creditors,Dominica,73.82779917710465
2015,Other creditors,Dominican Republic,100.0
2015,Other creditors,East Asia & Pacific (excluding high income),96.5433316127531
2015,Other creditors,Ecuador,82.81501297088333
2015,Other creditors,"Egypt, Arab Rep.",100.0
2015,Other creditors,El Salvador,99.99999999999999
2015,Other creditors,Eritrea,62.453543283057485
2015,Other creditors,Eswatini,100.0
2015,Other creditors,Ethiopia,52.81718843607656
2015,Other creditors,Europe & Central Asia (excluding high income),93.53513460204151
2015,Other creditors,Fiji,89.0362015219062
2015,Other creditors,Gabon,84.51529111420598
2015,Other creditors,"Gambia, The",100.0
2015,Other creditors,Georgia,100.0
2015,Other creditors,Ghana,93.1851579905462
2015,Other creditors,Grenada,100.0
2015,Other creditors,Guatemala,100.0
2015,Other creditors,Guinea,27.169470301788262
2015,Other creditors,Guinea-Bissau,100.0
2015,Other creditors,Guyana,93.04227680349635
2015,Other creditors,Haiti,100.0
2015,Other creditors,Honduras,73.78755663164783
2015,Other creditors,IDA only,73.45201261357465
2015,Other creditors,IDA total,75.58333805626923
2015,Other creditors,India,100.0
2015,Other creditors,Indonesia,99.5685571661282
2015,Other creditors,"Iran, Islamic Rep.",100.0
2015,Other creditors,Iraq,100.0
2015,Other creditors,Jamaica,98.51565924156426
2015,Other creditors,Jordan,100.0
2015,Other creditors,Kazakhstan,100.0
2015,Other creditors,Kenya,63.50161777461542
2015,Other creditors,Kosovo,100.0
2015,Other creditors,Kyrgyz Republic,35.96066091604
2015,Other creditors,Lao PDR,64.51636631094128
2015,Other creditors,Latin America & Caribbean (excluding high income),97.59207510453884
2015,Other creditors,Least developed countries: UN classification,72.2174277970236
2015,Other creditors,Lebanon,100.0
2015,Other creditors,Lesotho,96.93186998792875
2015,Other creditors,Liberia,100.0
2015,Other creditors,Low & lower middle income,88.78708362554269
2015,Other creditors,Low & middle income,94.18461319718918
2015,Other creditors,Low income,66.94695037403814
2015,Other creditors,Lower middle income,90.86476017913527
2015,Other creditors,Madagascar,100.0
2015,Other creditors,Malawi,89.88378374998372
2015,Other creditors,Maldives,96.55833422489826
2015,Other creditors,Mali,73.16856250048407
2015,Other creditors,Mauritania,82.11384953651198
2015,Other creditors,Mauritius,75.82559220989484
2015,Other creditors,Mexico,99.99999999999999
2015,Other creditors,"Middle East, North Africa, Afghanistan & Pakistan (excluding high income)",95.59114736861055
2015,Other creditors,Middle income,95.10624403348324
2015,Other creditors,Moldova,99.88875463559074
2015,Other creditors,Mongolia,36.671348847069744
2015,Other creditors,Montenegro,76.55764464045193
2015,Other creditors,Morocco,99.11280264857221
2015,Other creditors,Mozambique,76.0907160483916
2015,Other creditors,Myanmar,23.017651844904087
2015,Other creditors,Nepal,97.70088955057219
2015,Other creditors,Nicaragua,100.00000000000001
2015,Other creditors,Niger,99.52122012327035
2015,Other creditors,Nigeria,88.05676552320382
2015,Other creditors,North Macedonia,87.76448546709307
2015,Other creditors,Pakistan,80.42432335192153
2015,Other creditors,Papua New Guinea,63.33819996473257
2015,Other creditors,Paraguay,100.0
2015,Other creditors,Peru,100.0
2015,Other creditors,Philippines,100.0
2015,Other creditors,Rwanda,90.06955041319532
2015,Other creditors,Samoa,48.82019688278115
2015,Other creditors,Sao Tome and Principe,100.00000000000001
2015,Other creditors,Senegal,69.55930108060436
2015,Other creditors,Serbia,83.90696423763555
2015,Other creditors,Sierra Leone,85.01550739187759
2015,Other creditors,Solomon Islands,100.0
2015,Other creditors,"Somalia, Fed. Rep.",nan
2015,Other creditors,South Africa,100.00000000000001
2015,Other creditors,South Asia,98.05584038244183
2015,Other creditors,Sri Lanka,86.38318737289521
2015,Other creditors,St. Lucia,100.0
2015,Other creditors,St. Vincent and the Grenadines,100.0
2015,Other creditors,Sub-Saharan Africa (excluding high income),79.44517680068579
2015,Other creditors,Sudan,85.19553535651133
2015,Other creditors,Suriname,83.42910086111817
2015,Other creditors,Syrian Arab Republic,nan
2015,Other creditors,Tajikistan,21.12158131288032
2015,Other creditors,Tanzania,67.74006668790344
2015,Other creditors,Thailand,100.0
2015,Other creditors,Timor-Leste,100.0
2015,Other creditors,Togo,52.96496912109742
2015,Other creditors,Tonga,100.0
2015,Other creditors,Tunisia,99.93754288405562
2015,Other creditors,Turkiye,99.54381326457438
2015,Other creditors,Turkmenistan,31.84906280096936
2015,Other creditors,Uganda,56.32670233745512
2015,Other creditors,Ukraine,97.82526766072775
2015,Other creditors,Upper middle income,97.44768655096006
2015,Other creditors,Uzbekistan,81.02000349609338
2015,Other creditors,Vanuatu,4.039799281829812
2015,Other creditors,Viet Nam,95.11675442866034
2015,Other creditors,"Yemen, Rep.",100.0
2015,Other creditors,Zambia,76.9143484229995
2015,Other creditors,Zimbabwe,51.52147005530915
2016,Other creditors,Afghanistan,100.0
2016,Other creditors,Africa (excluding high income),70.11301307084952
2016,Other creditors,Albania,100.0
2016,Other creditors,Algeria,100.0
2016,Other creditors,Angola,21.735691651474205
2016,Other creditors,Argentina,99.60790945576238
2016,Other creditors,Armenia,99.420811832861
2016,Other creditors,Azerbaijan,100.0
2016,Other creditors,Bangladesh,96.79874459122173
2016,Other creditors,Belarus,73.81060450473854
2016,Other creditors,Belize,100.0
2016,Other creditors,Benin,90.06386045025742
2016,Other creditors,Bhutan,100.0
2016,Other creditors,Bolivia,90.17242400747902
2016,Other creditors,Bosnia and Herzegovina,100.0
2016,Other creditors,Botswana,100.0
2016,Other creditors,Brazil,100.0
2016,Other creditors,Burkina Faso,100.0
2016,Other creditors,Burundi,79.75041079039794
2016,Other creditors,Cabo Verde,100.00000000000001
2016,Other creditors,Cambodia,41.22707598928478
2016,Other creditors,Cameroon,71.2921204751578
2016,Other creditors,Central African Republic,100.0
2016,Other creditors,Chad,87.79517975744398
2016,Other creditors,China,100.0
2016,Other creditors,Colombia,100.0
2016,Other creditors,Comoros,44.899545743792025
2016,Other creditors,"Congo, Dem. Rep.",61.98580860998645
2016,Other creditors,"Congo, Rep.",64.6955839699191
2016,Other creditors,Cote d'Ivoire,49.217977624774036
2016,Other creditors,Djibouti,20.319804059888213
2016,Other creditors,Dominica,100.0
2016,Other creditors,Dominican Republic,100.0
2016,Other creditors,East Asia & Pacific (excluding high income),97.31674188520775
2016,Other creditors,Ecuador,53.98629298915836
2016,Other creditors,"Egypt, Arab Rep.",88.80494601630683
2016,Other creditors,El Salvador,100.0
2016,Other creditors,Eritrea,66.52462461317666
2016,Other creditors,Eswatini,66.0846515868516
2016,Other creditors,Ethiopia,62.08201677477431
2016,Other creditors,Europe & Central Asia (excluding high income),94.08223584614917
2016,Other creditors,Fiji,54.18155593507272
2016,Other creditors,Gabon,52.072962544753686
2016,Other creditors,"Gambia, The",100.0
2016,Other creditors,Georgia,100.0
2016,Other creditors,Ghana,91.81881810909937
2016,Other creditors,Grenada,100.0
2016,Other creditors,Guatemala,98.44710263266239
2016,Other creditors,Guinea,63.6603964625463
2016,Other creditors,Guinea-Bissau,100.0
2016,Other creditors,Guyana,46.00211343603357
2016,Other creditors,Haiti,100.0
2016,Other creditors,Honduras,81.59961270086902
2016,Other creditors,IDA only,75.65849899259264
2016,Other creditors,IDA total,72.57677284932443
2016,Other creditors,India,100.0
2016,Other creditors,Indonesia,99.3210384698508
2016,Other creditors,"Iran, Islamic Rep.",100.0
2016,Other creditors,Iraq,100.0
2016,Other creditors,Jamaica,96.03108386321506
2016,Other creditors,Jordan,99.98704066622375
2016,Other creditors,Kazakhstan,84.95186477716388
2016,Other creditors,Kenya,52.23675371540827
2016,Other creditors,Kosovo,100.0
2016,Other creditors,Kyrgyz Republic,26.549427122849796
2016,Other creditors,Lao PDR,60.01980347973118
2016,Other creditors,Latin America & Caribbean (excluding high income),97.05619485866566
2016,Other creditors,Least developed countries: UN classification,49.10609128962259
2016,Other creditors,Lebanon,100.0
2016,Other creditors,Lesotho,75.1774068499036
2016,Other creditors,Liberia,99.99999999999999
2016,Other creditors,Low & lower middle income,75.4090938089071
2016,Other creditors,Low & middle income,90.52398750611549
2016,Other creditors,Low income,69.98395502180082
2016,Other creditors,Lower middle income,75.85375268478067
2016,Other creditors,Madagascar,100.0
2016,Other creditors,Malawi,97.51410938286593
2016,Other creditors,Maldives,47.316484690468776
2016,Other creditors,Mali,62.061975224396384
2016,Other creditors,Mauritania,89.90287318044967
2016,Other creditors,Mauritius,86.69190809006298
2016,Other creditors,Mexico,100.0
2016,Other creditors,"Middle East, North Africa, Afghanistan & Pakistan (excluding high income)",88.67347642074606
2016,Other creditors,Middle income,91.02722362362793
2016,Other creditors,Moldova,100.00000000000001
2016,Other creditors,Mongolia,92.36792974178405
2016,Other creditors,Montenegro,97.38339972210653
2016,Other creditors,Morocco,93.27267096187587
2016,Other creditors,Mozambique,78.0432300737727
2016,Other creditors,Myanmar,74.84317932127357
2016,Other creditors,Nepal,100.0
2016,Other creditors,Nicaragua,100.0
2016,Other creditors,Niger,81.1512189593727
2016,Other creditors,Nigeria,81.03017804494947
2016,Other creditors,North Macedonia,83.2183966365476
2016,Other creditors,Pakistan,68.09212140686267
2016,Other creditors,Papua New Guinea,74.4487966320819
2016,Other creditors,Paraguay,100.0
2016,Other creditors,Peru,100.0
2016,Other creditors,Philippines,100.0
2016,Other creditors,Rwanda,93.68074118143764
2016,Other creditors,Samoa,34.02282379289848
2016,Other creditors,Sao Tome and Principe,100.0
2016,Other creditors,Senegal,60.072333781495075
2016,Other creditors,Serbia,92.13691762653887
2016,Other creditors,Sierra Leone,99.99999999999999
2016,Other creditors,Solomon Islands,100.0
2016,Other creditors,"Somalia, Fed. Rep.",nan
2016,Other creditors,South Africa,100.0
2016,Other creditors,South Asia,96.0648178862203
2016,Other creditors,Sri Lanka,87.3157899669455
2016,Other creditors,St. Lucia,100.0
2016,Other creditors,St. Vincent and the Grenadines,100.0
2016,Other creditors,Sub-Saharan Africa (excluding high income),61.82850941560301
2016,Other creditors,Sudan,64.5124250557242
2016,Other creditors,Suriname,95.77615242940627
2016,Other creditors,Syrian Arab Republic,nan
2016,Other creditors,Tajikistan,20.20168078108661
2016,Other creditors,Tanzania,86.73563018141914
2016,Other creditors,Thailand,100.0
2016,Other creditors,Timor-Leste,100.0
2016,Other creditors,Togo,54.44150223391511
2016,Other creditors,Tonga,100.0
2016,Other creditors,Tunisia,100.0
2016,Other creditors,Turkiye,99.81090112944379
2016,Other creditors,Turkmenistan,100.0
2016,Other creditors,Uganda,54.28278310706883
2016,Other creditors,Ukraine,94.83126424895751
2016,Other creditors,Upper middle income,97.4967389909616
2016,Other creditors,Uzbekistan,77.65338576636745
2016,Other creditors,Vanuatu,46.639475135668235
2016,Other creditors,Viet Nam,94.75642121595148
2016,Other creditors,"Yemen, Rep.",100.0
2016,Other creditors,Zambia,32.16424363853309
2016,Other creditors,Zimbabwe,22.720522976091672
2017,Other creditors,Afghanistan,100.0
2017,Other creditors,Africa (excluding high income),84.76309813805535
2017,Other creditors,Albania,100.0
2017,Other creditors,Algeria,100.0
2017,Other creditors,Angola,41.18876782179823
2017,Other creditors,Argentina,97.40377472362805
2017,Other creditors,Armenia,100.00000000000001
2017,Other creditors,Azerbaijan,99.99999999999999
2017,Other creditors,Bangladesh,92.22742750389676
2017,Other creditors,Belarus,85.81559897543676
2017,Other creditors,Belize,100.0
2017,Other creditors,Benin,90.75828193863154
2017,Other creditors,Bhutan,100.00000000000001
2017,Other creditors,Bolivia,93.27115000107872
2017,Other creditors,Bosnia and Herzegovina,100.0
2017,Other creditors,Botswana,100.0
2017,Other creditors,Brazil,73.61074427241792
2017,Other creditors,Burkina Faso,100.0
2017,Other creditors,Burundi,100.0
2017,Other creditors,Cabo Verde,90.2345120876329
2017,Other creditors,Cambodia,49.165567931479906
2017,Other creditors,Cameroon,58.224304665095474
2017,Other creditors,Central African Republic,100.0
2017,Other creditors,Chad,100.0
2017,Other creditors,China,100.0
2017,Other creditors,Colombia,100.0
2017,Other creditors,Comoros,100.0
2017,Other creditors,"Congo, Dem. Rep.",89.83304168177516
2017,Other creditors,"Congo, Rep.",58.482530753408106
2017,Other creditors,Cote d'Ivoire,84.55448301370464
2017,Other creditors,Djibouti,19.5571432386874
2017,Other creditors,Dominica,100.0
2017,Other creditors,Dominican Republic,100.0
2017,Other creditors,East Asia & Pacific (excluding high income),97.99994947864771
2017,Other creditors,Ecuador,93.0425208335417
2017,Other creditors,"Egypt, Arab Rep.",97.21802605867825
2017,Other creditors,El Salvador,100.0
2017,Other creditors,Eritrea,70.3603465074663
2017,Other creditors,Eswatini,68.91181948639924
2017,Other creditors,Ethiopia,74.01286557143278
2017,Other creditors,Europe & Central Asia (excluding high income),93.43592659491814
2017,Other creditors,Fiji,100.0
2017,Other creditors,Gabon,97.1193303169753
2017,Other creditors,"Gambia, The",100.0
2017,Other creditors,Georgia,100.0
2017,Other creditors,Ghana,89.77344628587392
2017,Other creditors,Grenada,100.0
2017,Other creditors,Guatemala,97.32705918920401
2017,Other creditors,Guinea,82.00012717135152
2017,Other creditors,Guinea-Bissau,100.00000000000003
2017,Other creditors,Guyana,59.44885733227795
2017,Other creditors,Haiti,100.0
2017,Other creditors,Honduras,91.58678202359893
2017,Other creditors,IDA only,82.31046750930581
2017,Other creditors,IDA total,79.03030480551882
2017,Other creditors,India,100.0
2017,Other creditors,Indonesia,98.58194217729213
2017,Other creditors,"Iran, Islamic Rep.",100.0
2017,Other creditors,Iraq,100.0
2017,Other creditors,Jamaica,93.11012820607885
2017,Other creditors,Jordan,100.0
2017,Other creditors,Kazakhstan,27.319417797780208
2017,Other creditors,Kenya,70.99598071356445
2017,Other creditors,Kosovo,100.0
2017,Other creditors,Kyrgyz Republic,30.074940664132768
2017,Other creditors,Lao PDR,62.04842791857332
2017,Other creditors,Latin America & Caribbean (excluding high income),92.51734596199493
2017,Other creditors,Least developed countries: UN classification,71.44210016189464
2017,Other creditors,Lebanon,100.0
2017,Other creditors,Lesotho,100.0
2017,Other creditors,Liberia,86.06496805037327
2017,Other creditors,Low & lower middle income,87.62613844854289
2017,Other creditors,Low & middle income,92.44840680631137
2017,Other creditors,Low income,77.75047844609847
2017,Other creditors,Lower middle income,88.21266822596728
2017,Other creditors,Madagascar,100.0
2017,Other creditors,Malawi,99.9876912874529
2017,Other creditors,Maldives,79.51214340751518
2017,Other creditors,Mali,93.29566132718651
2017,Other creditors,Mauritania,96.89206720416558
2017,Other creditors,Mauritius,100.0
2017,Other creditors,Mexico,100.0
2017,Other creditors,"Middle East, North Africa, Afghanistan & Pakistan (excluding high income)",90.0758791869483
2017,Other creditors,Middle income,92.7434963489981
2017,Other creditors,Moldova,100.0
2017,Other creditors,Mongolia,96.69826999859114
2017,Other creditors,Montenegro,54.95136900694812
2017,Other creditors,Morocco,98.79236895437641
2017,Other creditors,Mozambique,53.82015756852659
2017,Other creditors,Myanmar,87.3079976152955
2017,Other creditors,Nepal,100.0
2017,Other creditors,Nicaragua,100.0
2017,Other creditors,Niger,82.1423402631644
2017,Other creditors,Nigeria,95.67865118898
2017,Other creditors,North Macedonia,61.97115738348281
2017,Other creditors,Pakistan,67.91871697384298
2017,Other creditors,Papua New Guinea,69.45877025604499
2017,Other creditors,Paraguay,100.00000000000001
2017,Other creditors,Peru,100.0
2017,Other creditors,Philippines,100.00000000000001
2017,Other creditors,Rwanda,94.37298355669715
2017,Other creditors,Samoa,77.98640226384273
2017,Other creditors,Sao Tome and Principe,100.0
2017,Other creditors,Senegal,87.88272040345555
2017,Other creditors,Serbia,87.75273463766506
2017,Other creditors,Sierra Leone,100.00000000000001
2017,Other creditors,Solomon Islands,100.0
2017,Other creditors,"Somalia, Fed. Rep.",nan
2017,Other creditors,South Africa,94.13510823462435
2017,Other creditors,South Asia,97.736296140108
2017,Other creditors,Sri Lanka,84.57851775066653
2017,Other creditors,St. Lucia,100.0
2017,Other creditors,St. Vincent and the Grenadines,100.0
2017,Other creditors,Sub-Saharan Africa (excluding high income),79.87930099871932
2017,Other creditors,Sudan,100.0
2017,Other creditors,Suriname,36.225203029771826
2017,Other creditors,Syrian Arab Republic,nan
2017,Other creditors,Tajikistan,88.59930079146531
2017,Other creditors,Tanzania,97.82663135047852
2017,Other creditors,Thailand,100.0
2017,Other creditors,Timor-Leste,100.0
2017,Other creditors,Togo,58.830240274219136
2017,Other creditors,Tonga,100.0
2017,Other creditors,Tunisia,99.99999999999999
2017,Other creditors,Turkiye,97.8130209795384
2017,Other creditors,Turkmenistan,100.0
2017,Other creditors,Uganda,64.93936406498456
2017,Other creditors,Ukraine,99.00772664136646
2017,Other creditors,Upper middle income,95.05727862480082
2017,Other creditors,Uzbekistan,85.13087036614358
2017,Other creditors,Vanuatu,68.9678369111343
2017,Other creditors,Viet Nam,90.28304072795429
2017,Other creditors,"Yemen, Rep.",100.0
2017,Other creditors,Zambia,69.23745217512665
2017,Other creditors,Zimbabwe,3.1221026489978807
2018,Other creditors,Afghanistan,100.0
2018,Other creditors,Africa (excluding high income),84.47295605695432
2018,Other creditors,Albania,100.0
2018,Other creditors,Algeria,nan
2018,Other creditors,Angola,58.064430679201486
2018,Other creditors,Argentina,99.18856969490884
2018,Other creditors,Armenia,100.0
2018,Other creditors,Azerbaijan,100.0
2018,Other creditors,Bangladesh,74.13969331096722
2018,Other creditors,Belarus,69.06356127592844
2018,Other creditors,Belize,100.0
2018,Other creditors,Benin,92.39765849093087
2018,Other creditors,Bhutan,100.0
2018,Other creditors,Bolivia,80.3999739786427
2018,Other creditors,Bosnia and Herzegovina,100.00000000000001
2018,Other creditors,Botswana,100.0
2018,Other creditors,Brazil,93.05720045092508
2018,Other creditors,Burkina Faso,100.00000000000001
2018,Other creditors,Burundi,100.0
2018,Other creditors,Cabo Verde,97.8427130815521
2018,Other creditors,Cambodia,40.76253753525193
2018,Other creditors,Cameroon,83.95905712820145
2018,Other creditors,Central African Republic,100.0
2018,Other creditors,Chad,100.0
2018,Other creditors,China,100.0
2018,Other creditors,Colombia,100.0
2018,Other creditors,Comoros,44.64561807641017
2018,Other creditors,"Congo, Dem. Rep.",16.05390611232528
2018,Other creditors,"Congo, Rep.",46.39872219672025
2018,Other creditors,Cote d'Ivoire,91.64432768199694
2018,Other creditors,Djibouti,78.12816275513472
2018,Other creditors,Dominica,100.0
2018,Other creditors,Dominican Republic,100.0
2018,Other creditors,East Asia & Pacific (excluding high income),98.23047774796268
2018,Other creditors,Ecuador,86.00634642711246
2018,Other creditors,"Egypt, Arab Rep.",90.29840827935438
2018,Other creditors,El Salvador,100.0
2018,Other creditors,Eritrea,70.39239871536611
2018,Other creditors,Eswatini,39.745319560298675
2018,Other creditors,Ethiopia,92.37394473107001
2018,Other creditors,Europe & Central Asia (excluding high income),92.38739804728323
2018,Other creditors,Fiji,100.0
2018,Other creditors,Gabon,77.13698897975232
2018,Other creditors,"Gambia, The",100.0
2018,Other creditors,Georgia,100.0
2018,Other creditors,Ghana,97.61910317923194
2018,Other creditors,Grenada,100.0
2018,Other creditors,Guatemala,95.68816460427611
2018,Other creditors,Guinea,83.29170446781758
2018,Other creditors,Guinea-Bissau,100.0
2018,Other creditors,Guyana,65.18472481442136
2018,Other creditors,Haiti,100.0
2018,Other creditors,Honduras,90.49506894359624
2018,Other creditors,IDA only,78.01549073701318
2018,Other creditors,IDA total,73.38011892323433
2018,Other creditors,India,100.0
2018,Other creditors,Indonesia,98.5967504989914
2018,Other creditors,"Iran, Islamic Rep.",nan
2018,Other creditors,Iraq,100.0
2018,Other creditors,Jamaica,66.62271781087001
2018,Other creditors,Jordan,100.0
2018,Other creditors,Kazakhstan,83.0915437067665
2018,Other creditors,Kenya,81.41081117654052
2018,Other creditors,Kosovo,100.0
2018,Other creditors,Kyrgyz Republic,70.18598347202409
2018,Other creditors,Lao PDR,34.742321665064416
2018,Other creditors,Latin America & Caribbean (excluding high income),96.94658495929122
2018,Other creditors,Least developed countries: UN classification,72.18787276450212
2018,Other creditors,Lebanon,100.0
2018,Other creditors,Lesotho,100.0
2018,Other creditors,Liberia,76.74635758393119
2018,Other creditors,Low & lower middle income,81.68134564450656
2018,Other creditors,Low & middle income,92.05517189504882
2018,Other creditors,Low income,77.9398815708045
2018,Other creditors,Lower middle income,82.00348796584771
2018,Other creditors,Madagascar,86.87230435351596
2018,Other creditors,Malawi,89.50181693357943
2018,Other creditors,Maldives,50.875155929759096
2018,Other creditors,Mali,96.11763820137094
2018,Other creditors,Mauritania,93.36348719675496
2018,Other creditors,Mauritius,29.59144373282594
2018,Other creditors,Mexico,100.0
2018,Other creditors,"Middle East, North Africa, Afghanistan & Pakistan (excluding high income)",78.32001546870339
2018,Other creditors,Middle income,92.43812696334332
2018,Other creditors,Moldova,100.0
2018,Other creditors,Mongolia,82.16563216021979
2018,Other creditors,Montenegro,83.88048296048106
2018,Other creditors,Morocco,99.54775827514457
2018,Other creditors,Mozambique,66.90008671179652
2018,Other creditors,Myanmar,92.72239551288835
2018,Other creditors,Nepal,94.94409055128646
2018,Other creditors,Nicaragua,100.0
2018,Other creditors,Niger,74.76374664672998
2018,Other creditors,Nigeria,91.40919945614561
2018,Other creditors,North Macedonia,92.17367615344357
2018,Other creditors,Pakistan,23.241336317135172
2018,Other creditors,Papua New Guinea,92.9858712003175
2018,Other creditors,Paraguay,100.0
2018,Other creditors,Peru,100.0
2018,Other creditors,Philippines,99.81242542589924
2018,Other creditors,Rwanda,97.81957695871232
2018,Other creditors,Samoa,37.24556076996442
2018,Other creditors,Sao Tome and Principe,100.0
2018,Other creditors,Senegal,91.37968448426862
2018,Other creditors,Serbia,87.64333113140725
2018,Other creditors,Sierra Leone,99.99999999999999
2018,Other creditors,Solomon Islands,100.0
2018,Other creditors,"Somalia, Fed. Rep.",nan
2018,Other creditors,South Africa,96.73130558408798
2018,Other creditors,South Asia,88.57672826492814
2018,Other creditors,Sri Lanka,72.95794919117775
2018,Other creditors,St. Lucia,100.0
2018,Other creditors,St. Vincent and the Grenadines,100.0
2018,Other creditors,Sub-Saharan Africa (excluding high income),81.4420316392929
2018,Other creditors,Sudan,100.0
2018,Other creditors,Suriname,33.056630115552245
2018,Other creditors,Syrian Arab Republic,100.0
2018,Other creditors,Tajikistan,70.3871295617359
2018,Other creditors,Tanzania,98.24219743608923
2018,Other creditors,Thailand,100.0
2018,Other creditors,Timor-Leste,100.0
2018,Other creditors,Togo,65.42155447124384
2018,Other creditors,Tonga,100.0
2018,Other creditors,Tunisia,100.0
2018,Other creditors,Turkiye,95.37052623358024
2018,Other creditors,Turkmenistan,100.0
2018,Other creditors,Uganda,63.63253135832912
2018,Other creditors,Ukraine,99.19694193611186
2018,Other creditors,Upper middle income,97.23881658041361
2018,Other creditors,Uzbekistan,83.65902057009485
2018,Other creditors,Vanuatu,95.75601564435382
2018,Other creditors,Viet Nam,97.90231869718993
2018,Other creditors,"Yemen, Rep.",100.0
2018,Other creditors,Zambia,65.26886102447543
2018,Other creditors,Zimbabwe,4.706694534453658
2019,Other creditors,Afghanistan,100.0
2019,Other creditors,Africa (excluding high income),86.84133719955867
2019,Other creditors,Albania,100.0
2019,Other creditors,Algeria,nan
2019,Other creditors,Angola,70.31072203904037
2019,Other creditors,Argentina,96.90536973310108
2019,Other creditors,Armenia,100.0
2019,Other creditors,Azerbaijan,100.0
2019,Other creditors,Bangladesh,90.25791556253056
2019,Other creditors,Belarus,52.134719797569225
2019,Other creditors,Belize,100.0
2019,Other creditors,Benin,99.60219122889534
2019,Other creditors,Bhutan,100.0
2019,Other creditors,Bolivia,86.84913640842855
2019,Other creditors,Bosnia and Herzegovina,99.99999999999999
2019,Other creditors,Botswana,100.0
2019,Other creditors,Brazil,100.0
2019,Other creditors,Burkina Faso,100.0
2019,Other creditors,Burundi,58.488684557714386
2019,Other creditors,Cabo Verde,100.0
2019,Other creditors,Cambodia,61.32732701999531
2019,Other creditors,Cameroon,62.287282938199986
2019,Other creditors,Central African Republic,100.0
2019,Other creditors,Chad,100.0
2019,Other creditors,China,100.0
2019,Other creditors,Colombia,100.0
2019,Other creditors,Comoros,97.63826820032995
2019,Other creditors,"Congo, Dem. Rep.",92.05739354074093
2019,Other creditors,"Congo, Rep.",66.27998305929633
2019,Other creditors,Cote d'Ivoire,85.8376929835797
2019,Other creditors,Djibouti,89.86320258715196
2019,Other creditors,Dominica,100.0
2019,Other creditors,Dominican Republic,100.0
2019,Other creditors,East Asia & Pacific (excluding high income),98.86180564320428
2019,Other creditors,Ecuador,93.34290963864484
2019,Other creditors,"Egypt, Arab Rep.",97.14650683890353
2019,Other creditors,El Salvador,100.0
2019,Other creditors,Equatorial Guinea,0.0
2019,Other creditors,Eritrea,85.88181520033856
2019,Other creditors,Eswatini,51.877916947486746
2019,Other creditors,Ethiopia,82.36074805252193
2019,Other creditors,Europe & Central Asia (excluding high income),92.34489020607025
2019,Other creditors,Fiji,100.0
2019,Other creditors,Gabon,80.17444846901768
2019,Other creditors,"Gambia, The",76.40061044778278
2019,Other creditors,Georgia,100.0
2019,Other creditors,Ghana,90.83773256621406
2019,Other creditors,Grenada,100.0
2019,Other creditors,Guatemala,100.0
2019,Other creditors,Guinea,31.6823447084528
2019,Other creditors,Guinea-Bissau,100.0
2019,Other creditors,Guyana,58.97257818412954
2019,Other creditors,Haiti,100.0
2019,Other creditors,Honduras,96.81984687957701
2019,Other creditors,IDA only,83.78556369074097
2019,Other creditors,IDA total,79.26935646908929
2019,Other creditors,India,100.0
2019,Other creditors,Indonesia,99.05395558256627
2019,Other creditors,"Iran, Islamic Rep.",100.0
2019,Other creditors,Iraq,100.0
2019,Other creditors,Jamaica,95.44300861924579
2019,Other creditors,Jordan,100.0
2019,Other creditors,Kazakhstan,82.37175909811114
2019,Other creditors,Kenya,88.09011005930779
2019,Other creditors,Kosovo,100.0
2019,Other creditors,Kyrgyz Republic,49.58111422929049
2019,Other creditors,Lao PDR,72.48431684649628
2019,Other creditors,Latin America & Caribbean (excluding high income),98.768846705636
2019,Other creditors,Least developed countries: UN classification,79.34589996391131
2019,Other creditors,Lebanon,100.0
2019,Other creditors,Lesotho,64.00395337899033
2019,Other creditors,Liberia,100.0
2019,Other creditors,Low & lower middle income,87.4224938127748
2019,Other creditors,Low & middle income,94.21530276441825
2019,Other creditors,Low income,89.49608185232069
2019,Other creditors,Lower middle income,87.28692688662035
2019,Other creditors,Madagascar,78.908353132478
2019,Other creditors,Malawi,99.51779405017128
2019,Other creditors,Maldives,55.21024583765733
2019,Other creditors,Mali,91.04014633164131
2019,Other creditors,Mauritania,93.45984017021706
2019,Other creditors,Mauritius,89.80407723503318
2019,Other creditors,Mexico,100.0
2019,Other creditors,"Middle East, North Africa, Afghanistan & Pakistan (excluding high income)",87.54574439605098
2019,Other creditors,Middle income,94.32199563080842
2019,Other creditors,Moldova,100.0
2019,Other creditors,Mongolia,75.27460768701893
2019,Other creditors,Montenegro,79.68696185972662
2019,Other creditors,Morocco,100.0
2019,Other creditors,Mozambique,88.00931881240881
2019,Other creditors,Myanmar,90.49408610548514
2019,Other creditors,Nepal,91.12681619742675
2019,Other creditors,Nicaragua,100.0
2019,Other creditors,Niger,100.0
2019,Other creditors,Nigeria,71.64921317125176
2019,Other creditors,North Macedonia,79.7716942250182
2019,Other creditors,Pakistan,59.44488920318058
2019,Other creditors,Papua New Guinea,77.81880337256362
2019,Other creditors,Paraguay,100.0
2019,Other creditors,Peru,100.0
2019,Other creditors,Philippines,99.86522436171383
2019,Other creditors,Rwanda,94.49764887526624
2019,Other creditors,Samoa,95.65187940875104
2019,Other creditors,Sao Tome and Principe,100.0
2019,Other creditors,Senegal,86.13332088377692
2019,Other creditors,Serbia,91.96259236286018
2019,Other creditors,Sierra Leone,100.0
2019,Other creditors,Solomon Islands,100.0
2019,Other creditors,"Somalia, Fed. Rep.",nan
2019,Other creditors,South Africa,93.82321220857894
2019,Other creditors,South Asia,95.80764585011721
2019,Other creditors,Sri Lanka,89.12579477448757
2019,Other creditors,St. Lucia,100.0
2019,Other creditors,St. Vincent and the Grenadines,100.0
2019,Other creditors,Sub-Saharan Africa (excluding high income),82.41237863862871
2019,Other creditors,Sudan,99.99999999999999
2019,Other creditors,Suriname,64.14575388800627
2019,Other creditors,Syrian Arab Republic,nan
2019,Other creditors,Tajikistan,83.99250717724095
2019,Other creditors,Tanzania,93.84137895365521
2019,Other creditors,Thailand,100.0
2019,Other creditors,Timor-Leste,100.0
2019,Other creditors,Togo,96.73192014309593
2019,Other creditors,Tonga,100.0
2019,Other creditors,Tunisia,100.0
2019,Other creditors,Turkiye,97.43325315764629
2019,Other creditors,Turkmenistan,100.0
2019,Other creditors,Uganda,79.47348283583723
2019,Other creditors,Ukraine,100.0
2019,Other creditors,Upper middle income,98.04073953959227
2019,Other creditors,Uzbekistan,84.38309285735531
2019,Other creditors,Vanuatu,67.55565592266991
2019,Other creditors,Viet Nam,99.25120609846508
2019,Other creditors,"Yemen, Rep.",100.0
2019,Other creditors,Zambia,37.92451997208543
2019,Other creditors,Zimbabwe,15.919100286520926
2020,Other creditors,Afghanistan,100.0
2020,Other creditors,Africa (excluding high income),90.96532878293381
2020,Other creditors,Albania,100.0
2020,Other creditors,Algeria,nan
2020,Other creditors,Angola,82.67051008154365
2020,Other creditors,Argentina,99.09122708879913
2020,Other creditors,Armenia,100.0
2020,Other creditors,Azerbaijan,100.0
2020,Other creditors,Bangladesh,88.25879601017094
2020,Other creditors,Belarus,86.8358702507132
2020,Other creditors,Belize,100.0
2020,Other creditors,Benin,100.00000000000003
2020,Other creditors,Bhutan,100.0
2020,Other creditors,Bolivia,96.08585974141884
2020,Other creditors,Bosnia and Herzegovina,99.99999999999999
2020,Other creditors,Botswana,99.99999999999997
2020,Other creditors,Brazil,99.83930410286155
2020,Other creditors,Burkina Faso,93.63465211317822
2020,Other creditors,Burundi,98.78049273703158
2020,Other creditors,Cabo Verde,100.0
2020,Other creditors,Cambodia,69.93843978275702
2020,Other creditors,Cameroon,74.71650666763823
2020,Other creditors,Central African Republic,100.00000000000001
2020,Other creditors,Chad,41.74256063737092
2020,Other creditors,China,100.0
2020,Other creditors,Colombia,100.0
2020,Other creditors,Comoros,30.247791234801504
2020,Other creditors,"Congo, Dem. Rep.",27.01416327320446
2020,Other creditors,"Congo, Rep.",100.0
2020,Other creditors,Cote d'Ivoire,87.64547765967312
2020,Other creditors,Djibouti,32.61115484652361
2020,Other creditors,Dominica,100.0
2020,Other creditors,Dominican Republic,100.0
2020,Other creditors,East Asia & Pacific (excluding high income),99.23750469904778
2020,Other creditors,Ecuador,99.13211079848655
2020,Other creditors,"Egypt, Arab Rep.",95.70666536080161
2020,Other creditors,El Salvador,100.0
2020,Other creditors,Equatorial Guinea,0.0
2020,Other creditors,Eritrea,88.66828538778105
2020,Other creditors,Eswatini,61.09375651700951
2020,Other creditors,Ethiopia,93.41416136602871
2020,Other creditors,Europe & Central Asia (excluding high income),94.68118427640286
2020,Other creditors,Fiji,100.0
2020,Other creditors,Gabon,97.70072455415809
2020,Other creditors,"Gambia, The",100.00000000000001
2020,Other creditors,Georgia,100.0
2020,Other creditors,Ghana,95.5241788040993
2020,Other creditors,Grenada,100.0
2020,Other creditors,Guatemala,100.0
2020,Other creditors,Guinea,49.677910324646405
2020,Other creditors,Guinea-Bissau,100.0
2020,Other creditors,Guyana,73.94712728332671
2020,Other creditors,Haiti,100.0
2020,Other creditors,Honduras,100.00000000000001
2020,Other creditors,IDA only,86.31895968979748
2020,Other creditors,IDA total,83.16256541665828
2020,Other creditors,India,100.0
2020,Other creditors,Indonesia,99.36911637087192
2020,Other creditors,"Iran, Islamic Rep.",100.0
2020,Other creditors,Iraq,99.99999999999999
2020,Other creditors,Jamaica,81.1129211403184
2020,Other creditors,Jordan,100.0
2020,Other creditors,Kazakhstan,88.92536584068462
2020,Other creditors,Kenya,93.63591957916331
2020,Other creditors,Kosovo,99.99999999999999
2020,Other creditors,Kyrgyz Republic,90.9942334774918
2020,Other creditors,Lao PDR,63.96603931536128
2020,Other creditors,Latin America & Caribbean (excluding high income),99.75520487384574
2020,Other creditors,Least developed countries: UN classification,84.87414691611899
2020,Other creditors,Lebanon,100.0
2020,Other creditors,Lesotho,49.53791073038442
2020,Other creditors,Liberia,99.11644848743815
2020,Other creditors,Low & lower middle income,90.51583010280821
2020,Other creditors,Low & middle income,96.28106394666561
2020,Other creditors,Low income,83.58244864389115
2020,Other creditors,Lower middle income,91.03328192026095
2020,Other creditors,Madagascar,94.45953933854916
2020,Other creditors,Malawi,86.60473287268685
2020,Other creditors,Maldives,77.65977320595077
2020,Other creditors,Mali,90.07907573319503
2020,Other creditors,Mauritania,95.12611655721916
2020,Other creditors,Mauritius,96.74712496688844
2020,Other creditors,Mexico,100.0
2020,Other creditors,"Middle East, North Africa, Afghanistan & Pakistan (excluding high income)",88.70102052856159
2020,Other creditors,Middle income,96.57985254593956
2020,Other creditors,Moldova,100.0
2020,Other creditors,Mongolia,93.356694005965
2020,Other creditors,Montenegro,97.32885418398398
2020,Other creditors,Morocco,100.0
2020,Other creditors,Mozambique,76.42266382172235
2020,Other creditors,Myanmar,97.42302705360409
2020,Other creditors,Nepal,98.66713448748865
2020,Other creditors,Nicaragua,100.0
2020,Other creditors,Niger,100.0
2020,Other creditors,Nigeria,92.28602565611422
2020,Other creditors,North Macedonia,97.73475136445292
2020,Other creditors,Pakistan,66.25141809217489
2020,Other creditors,Papua New Guinea,93.08049860955548
2020,Other creditors,Paraguay,100.0
2020,Other creditors,Peru,100.0
2020,Other creditors,Philippines,99.74772664711027
2020,Other creditors,Rwanda,94.71348385616926
2020,Other creditors,Samoa,100.0
2020,Other creditors,Sao Tome and Principe,100.0
2020,Other creditors,Senegal,97.35919980011283
2020,Other creditors,Serbia,96.7562679795211
2020,Other creditors,Sierra Leone,86.89418369681833
2020,Other creditors,Solomon Islands,100.0
2020,Other creditors,"Somalia, Fed. Rep.",nan
2020,Other creditors,South Africa,83.74222025215894
2020,Other creditors,South Asia,94.63384336189802
2020,Other creditors,Sri Lanka,72.23305246154187
2020,Other creditors,St. Lucia,100.0
2020,Other creditors,St. Vincent and the Grenadines,100.0
2020,Other creditors,Sub-Saharan Africa (excluding high income),87.26493875157058
2020,Other creditors,Sudan,100.0
2020,Other creditors,Suriname,81.96141585984107
2020,Other creditors,Syrian Arab Republic,nan
2020,Other creditors,Tajikistan,89.25602898155256
2020,Other creditors,Tanzania,100.0
2020,Other creditors,Thailand,100.0
2020,Other creditors,Timor-Leste,100.0
2020,Other creditors,Togo,100.0
2020,Other creditors,Tonga,100.0
2020,Other creditors,Tunisia,100.0
2020,Other creditors,Turkiye,98.391116574288
2020,Other creditors,Turkmenistan,100.0
2020,Other creditors,Uganda,80.76761101884651
2020,Other creditors,Ukraine,100.0
2020,Other creditors,Upper middle income,99.13365976989517
2020,Other creditors,Uzbekistan,79.87393678905637
2020,Other creditors,Vanuatu,70.09492497831339
2020,Other creditors,Viet Nam,98.31964953828339
2020,Other creditors,"Yemen, Rep.",100.0
2020,Other creditors,Zambia,68.50577955316739
2020,Other creditors,Zimbabwe,16.339896184830508
2021,Other creditors,Afghanistan,nan
2021,Other creditors,Africa (excluding high income),94.42684789804684
2021,Other creditors,Albania,100.0
2021,Other creditors,Algeria,nan
2021,Other creditors,Angola,96.70838833193413
2021,Other creditors,Argentina,97.76844848517516
2021,Other creditors,Armenia,100.0
2021,Other creditors,Azerbaijan,100.0
2021,Other creditors,Bangladesh,92.4317998090433
2021,Other creditors,Belarus,89.33795252896893
2021,Other creditors,Belize,100.0
2021,Other creditors,Benin,98.55128911649598
2021,Other creditors,Bhutan,100.0
2021,Other creditors,Bolivia,81.15397007078066
2021,Other creditors,Bosnia and Herzegovina,100.0
2021,Other creditors,Botswana,100.0
2021,Other creditors,Brazil,100.0
2021,Other creditors,Burkina Faso,94.50647375940535
2021,Other creditors,Burundi,100.0
2021,Other creditors,Cabo Verde,100.0
2021,Other creditors,Cambodia,75.07386799458311
2021,Other creditors,Cameroon,95.39404035138263
2021,Other creditors,Central African Republic,100.0
2021,Other creditors,Chad,82.86526580626116
2021,Other creditors,China,100.0
2021,Other creditors,Colombia,100.0
2021,Other creditors,Comoros,43.64216604519399
2021,Other creditors,"Congo, Dem. Rep.",87.96105718518055
2021,Other creditors,"Congo, Rep.",83.80235894791568
2021,Other creditors,Cote d'Ivoire,93.87557455788784
2021,Other creditors,Djibouti,100.0
2021,Other creditors,Dominica,100.0
2021,Other creditors,Dominican Republic,100.0
2021,Other creditors,East Asia & Pacific (excluding high income),99.65473654683254
2021,Other creditors,Ecuador,89.77039727955504
2021,Other creditors,"Egypt, Arab Rep.",94.38294716256145
2021,Other creditors,El Salvador,99.95609398173586
2021,Other creditors,Equatorial Guinea,0.0
2021,Other creditors,Eritrea,84.58164260980283
2021,Other creditors,Eswatini,100.0
2021,Other creditors,Ethiopia,97.54927579437243
2021,Other creditors,Europe & Central Asia (excluding high income),94.95122091662888
2021,Other creditors,Fiji,100.0
2021,Other creditors,Gabon,100.0
2021,Other creditors,"Gambia, The",100.0
2021,Other creditors,Georgia,100.0
2021,Other creditors,Ghana,93.39584668680182
2021,Other creditors,Grenada,66.62838986464479
2021,Other creditors,Guatemala,100.0
2021,Other creditors,Guinea,77.83320825303136
2021,Other creditors,Guinea-Bissau,100.0
2021,Other creditors,Guyana,96.92256849525657
2021,Other creditors,Haiti,100.0
2021,Other creditors,Honduras,100.0
2021,Other creditors,IDA only,87.81015482713315
2021,Other creditors,IDA total,87.48046498944151
2021,Other creditors,India,100.0
2021,Other creditors,Indonesia,99.58430012490838
2021,Other creditors,"Iran, Islamic Rep.",100.0
2021,Other creditors,Iraq,100.0
2021,Other creditors,Jamaica,76.40627671748194
2021,Other creditors,Jordan,100.0
2021,Other creditors,Kazakhstan,85.10611801322565
2021,Other creditors,Kenya,92.7095923930677
2021,Other creditors,Kosovo,100.0
2021,Other creditors,Kyrgyz Republic,89.67620570782456
2021,Other creditors,Lao PDR,55.33643372340408
2021,Other creditors,Latin America & Caribbean (excluding high income),99.18708941384284
2021,Other creditors,Least developed countries: UN classification,93.41655207823193
2021,Other creditors,Lebanon,100.0
2021,Other creditors,Lesotho,70.37708558244171
2021,Other creditors,Liberia,100.0
2021,Other creditors,Low & lower middle income,92.58939290669313
2021,Other creditors,Low & middle income,97.1310211821557
2021,Other creditors,Low income,93.36778551428942
2021,Other creditors,Lower middle income,92.55150045008253
2021,Other creditors,Madagascar,92.5000030089426
2021,Other creditors,Malawi,92.93301525669261
2021,Other creditors,Maldives,89.2632299917555
2021,Other creditors,Mali,95.83727052884763
2021,Other creditors,Mauritania,100.00000000000001
2021,Other creditors,Mauritius,99.05801351668528
2021,Other creditors,Mexico,100.0
2021,Other creditors,"Middle East, North Africa, Afghanistan & Pakistan (excluding high income)",90.9455741138524
2021,Other creditors,Middle income,97.18615131808669
2021,Other creditors,Moldova,100.0
2021,Other creditors,Mongolia,96.82626800697258
2021,Other creditors,Montenegro,72.88318030174958
2021,Other creditors,Morocco,100.0
2021,Other creditors,Mozambique,81.86924483201112
2021,Other creditors,Myanmar,97.92379361062025
2021,Other creditors,Nepal,96.59786950146082
2021,Other creditors,Nicaragua,100.0
2021,Other creditors,Niger,100.0
2021,Other creditors,Nigeria,94.35020991684813
2021,Other creditors,North Macedonia,98.21925809998154
2021,Other creditors,Pakistan,80.61816195347019
2021,Other creditors,Papua New Guinea,89.47726736907664
2021,Other creditors,Paraguay,100.0
2021,Other creditors,Peru,99.99999999999999
2021,Other creditors,Philippines,99.81211372154961
2021,Other creditors,Rwanda,93.4760348703923
2021,Other creditors,Samoa,nan
2021,Other creditors,Sao Tome and Principe,100.0
2021,Other creditors,Senegal,92.86236367120628
2021,Other creditors,Serbia,89.83612307247316
2021,Other creditors,Sierra Leone,88.2955579576842
2021,Other creditors,Solomon Islands,100.0
2021,Other creditors,"Somalia, Fed. Rep.",nan
2021,Other creditors,South Africa,87.95094532786082
2021,Other creditors,South Asia,92.67383058301758
2021,Other creditors,Sri Lanka,40.91105764215379
2021,Other creditors,St. Lucia,100.0
2021,Other creditors,St. Vincent and the Grenadines,100.0
2021,Other creditors,Sub-Saharan Africa (excluding high income),93.78504042151604
2021,Other creditors,Sudan,100.0
2021,Other creditors,Suriname,100.0
2021,Other creditors,Syrian Arab Republic,nan
2021,Other creditors,Tajikistan,93.94977234509584
2021,Other creditors,Tanzania,100.0
2021,Other creditors,Thailand,100.0
2021,Other creditors,Timor-Leste,100.0
2021,Other creditors,Togo,100.0
2021,Other creditors,Tonga,100.0
2021,Other creditors,Tunisia,99.91377993039177
2021,Other creditors,Turkiye,96.21217994994147
2021,Other creditors,Turkmenistan,100.0
2021,Other creditors,Uganda,89.71523194427367
2021,Other creditors,Ukraine,100.0
2021,Other creditors,Upper middle income,99.1812915883532
2021,Other creditors,Uzbekistan,87.11148879370741
2021,Other creditors,Vanuatu,45.08087594231902
2021,Other creditors,Viet Nam,97.05949744800847
2021,Other creditors,"Yemen, Rep.",100.0
2021,Other creditors,Zambia,85.49450111089804
2021,Other creditors,Zimbabwe,7.521052445518835
2022,Other creditors,Afghanistan,nan
2022,Other creditors,Africa (excluding high income),90.20056853295505
2022,Other creditors,Albania,100.0
2022,Other creditors,Algeria,nan
2022,Other creditors,Angola,85.00334127822627
2022,Other creditors,Argentina,80.43625846649047
2022,Other creditors,Armenia,100.0
2022,Other creditors,Azerbaijan,100.0
2022,Other creditors,Bangladesh,89.6253699012601
2022,Other creditors,Belarus,79.29806172447391
2022,Other creditors,Belize,100.0
2022,Other creditors,Benin,99.08692543218368
2022,Other creditors,Bhutan,100.0
2022,Other creditors,Bolivia,87.36578996964415
2022,Other creditors,Bosnia and Herzegovina,100.0
2022,Other creditors,Botswana,100.0
2022,Other creditors,Brazil,100.0
2022,Other creditors,Burkina Faso,91.69853816889241
2022,Other creditors,Burundi,100.0
2022,Other creditors,Cabo Verde,100.0
2022,Other creditors,Cambodia,77.52999828282928
2022,Other creditors,Cameroon,63.29362790880108
2022,Other creditors,Central African Republic,100.0
2022,Other creditors,Chad,100.0
2022,Other creditors,China,100.0
2022,Other creditors,Colombia,100.0
2022,Other creditors,Comoros,87.99051666308125
2022,Other creditors,"Congo, Dem. Rep.",86.43891881957764
2022,Other creditors,"Congo, Rep.",100.0
2022,Other creditors,Cote d'Ivoire,86.67971807590239
2022,Other creditors,Djibouti,100.0
2022,Other creditors,Dominica,100.0
2022,Other creditors,Dominican Republic,100.0
2022,Other creditors,East Asia & Pacific (excluding high income),98.95775772529836
2022,Other creditors,Ecuador,100.0
2022,Other creditors,"Egypt, Arab Rep.",90.56335513814743
2022,Other creditors,El Salvador,100.00000000000003
2022,Other creditors,Equatorial Guinea,3.6130705900533706
2022,Other creditors,Eritrea,93.47856061652547
2022,Other creditors,Eswatini,100.0
2022,Other creditors,Ethiopia,97.3202763660267
2022,Other creditors,Europe & Central Asia (excluding high income),94.83232354894564
2022,Other creditors,Fiji,100.0
2022,Other creditors,Gabon,100.0
2022,Other creditors,"Gambia, The",99.99999999999999
2022,Other creditors,Georgia,100.0
2022,Other creditors,Ghana,89.87940271166454
2022,Other creditors,Grenada,91.73243280459148
2022,Other creditors,Guatemala,100.0
2022,Other creditors,Guinea,60.67669690599084
2022,Other creditors,Guinea-Bissau,100.0
2022,Other creditors,Guyana,99.98860243467487
2022,Other creditors,Haiti,100.0
2022,Other creditors,Honduras,100.0
2022,Other creditors,IDA only,90.49737486728851
2022,Other creditors,IDA total,86.83751593652488
2022,Other creditors,India,100.0
2022,Other creditors,Indonesia,99.93012360723678
2022,Other creditors,"Iran, Islamic Rep.",100.0
2022,Other creditors,Iraq,100.00000000000003
2022,Other creditors,Jamaica,61.03610712673254
2022,Other creditors,Jordan,100.0
2022,Other creditors,Kazakhstan,92.76232811556879
2022,Other creditors,Kenya,93.05983057056145
2022,Other creditors,Kosovo,100.00000000000001
2022,Other creditors,Kyrgyz Republic,81.58978056941949
2022,Other creditors,Lao PDR,48.6496202333676
2022,Other creditors,Latin America & Caribbean (excluding high income),97.635147499846
2022,Other creditors,Least developed countries: UN classification,88.35951842612953
2022,Other creditors,Lebanon,100.0
2022,Other creditors,Lesotho,59.678914340656355
2022,Other creditors,Liberia,100.0
2022,Other creditors,Low & lower middle income,90.91915817676727
2022,Other creditors,Low & middle income,95.38281673434456
2022,Other creditors,Low income,90.56021664700354
2022,Other creditors,Lower middle income,90.9383778107746
2022,Other creditors,Madagascar,69.76217183503815
2022,Other creditors,Malawi,91.74511860755477
2022,Other creditors,Maldives,92.62256181063648
2022,Other creditors,Mali,95.2821111029013
2022,Other creditors,Mauritania,81.16628715794418
2022,Other creditors,Mauritius,100.0
2022,Other creditors,Mexico,100.0
2022,Other creditors,"Middle East, North Africa, Afghanistan & Pakistan (excluding high income)",88.49254717098931
2022,Other creditors,Middle income,95.47531957895883
2022,Other creditors,Moldova,99.99999999999999
2022,Other creditors,Mongolia,86.04641118944045
2022,Other creditors,Montenegro,54.95641104622304
2022,Other creditors,Morocco,100.0
2022,Other creditors,Mozambique,100.0
2022,Other creditors,Myanmar,96.79763520873729
2022,Other creditors,Nepal,98.81359229708002
2022,Other creditors,Nicaragua,100.0
2022,Other creditors,Niger,99.99450742639164
2022,Other creditors,Nigeria,86.20025513706739
2022,Other creditors,North Macedonia,90.30813541460425
2022,Other creditors,Pakistan,73.22440378583687
2022,Other creditors,Papua New Guinea,85.67166402655144
2022,Other creditors,Paraguay,99.99999999999999
2022,Other creditors,Peru,100.0
2022,Other creditors,Philippines,99.714875901757
2022,Other creditors,Rwanda,93.94637669640763
2022,Other creditors,Samoa,100.0
2022,Other creditors,Sao Tome and Principe,100.0
2022,Other creditors,Senegal,86.70778541041173
2022,Other creditors,Serbia,51.5093064946048
2022,Other creditors,Sierra Leone,100.00000000000001
2022,Other creditors,Solomon Islands,100.0
2022,Other creditors,"Somalia, Fed. Rep.",nan
2022,Other creditors,South Africa,97.58297619176344
2022,Other creditors,South Asia,96.46942939808073
2022,Other creditors,Sri Lanka,97.40718691961536
2022,Other creditors,St. Lucia,100.0
2022,Other creditors,St. Vincent and the Grenadines,100.0
2022,Other creditors,Sub-Saharan Africa (excluding high income),88.82217638450429
2022,Other creditors,Sudan,nan
2022,Other creditors,Suriname,100.0
2022,Other creditors,Syrian Arab Republic,nan
2022,Other creditors,Tajikistan,100.0
2022,Other creditors,Tanzania,100.0
2022,Other creditors,Thailand,100.0
2022,Other creditors,Timor-Leste,100.0
2022,Other creditors,Togo,100.00000000000001
2022,Other creditors,Tonga,100.0
2022,Other creditors,Tunisia,100.0
2022,Other creditors,Turkiye,99.5248750871396
2022,Other creditors,Turkmenistan,100.0
2022,Other creditors,Uganda,71.57093658251917
2022,Other creditors,Ukraine,100.0
2022,Other creditors,Upper middle income,98.0077114741434
2022,Other creditors,Uzbekistan,92.35990555591219
2022,Other creditors,Vanuatu,28.97332636483564
2022,Other creditors,Viet Nam,99.21202939209367
2022,Other creditors,"Yemen, Rep.",100.0
2022,Other creditors,Zambia,100.00000000000001
2022,Other creditors,Zimbabwe,8.968493574893207
2023,Other creditors,Afghanistan,nan
2023,Other creditors,Africa (excluding high income),92.43022586963015
2023,Other creditors,Albania,100.0
2023,Other creditors,Algeria,nan
2023,Other creditors,Angola,88.08281711984395
2023,Other creditors,Argentina,64.93203787032087
2023,Other creditors,Armenia,100.0
2023,Other creditors,Azerbaijan,100.0
2023,Other creditors,Bangladesh,90.13158528512098
2023,Other creditors,Belarus,73.17533777623632
2023,Other creditors,Belize,100.0
2023,Other creditors,Benin,98.20754503681407
2023,Other creditors,Bhutan,100.0
2023,Other creditors,Bolivia,91.22676353876547
2023,Other creditors,Bosnia and Herzegovina,100.0
2023,Other creditors,Botswana,100.0
2023,Other creditors,Brazil,97.53612868923452
2023,Other creditors,Burkina Faso,100.00000000000001
2023,Other creditors,Burundi,100.00000000000001
2023,Other creditors,Cabo Verde,100.0
2023,Other creditors,Cambodia,78.47878301123467
2023,Other creditors,Cameroon,78.09688672710301
2023,Other creditors,Central African Republic,100.0
2023,Other creditors,Chad,100.0
2023,Other creditors,China,100.0
2023,Other creditors,Colombia,100.0
2023,Other creditors,Comoros,100.0
2023,Other creditors,"Congo, Dem. Rep.",87.03342946727805
2023,Other creditors,"Congo, Rep.",100.0
2023,Other creditors,Cote d'Ivoire,87.4705614054118
2023,Other creditors,Djibouti,99.99999999999999
2023,Other creditors,Dominica,100.0
2023,Other creditors,Dominican Republic,100.0
2023,Other creditors,East Asia & Pacific (excluding high income),99.15539633188607
2023,Other creditors,Ecuador,99.097995181183
2023,Other creditors,"Egypt, Arab Rep.",88.48117219565658
2023,Other creditors,El Salvador,100.0
2023,Other creditors,Equatorial Guinea,100.0
2023,Other creditors,Eritrea,99.53544105785826
2023,Other creditors,Eswatini,100.0
2023,Other creditors,Ethiopia,100.0
2023,Other creditors,Europe & Central Asia (excluding high income),96.83207357811905
2023,Other creditors,Fiji,100.0
2023,Other creditors,Gabon,100.0
2023,Other creditors,"Gambia, The",100.0
2023,Other creditors,Georgia,99.99999999999999
2023,Other creditors,Ghana,99.64329185796828
2023,Other creditors,Grenada,61.58979692140189
2023,Other creditors,Guatemala,100.0
2023,Other creditors,Guinea,54.511314265889965
2023,Other creditors,Guinea-Bissau,100.0
2023,Other creditors,Guyana,68.1045297044333
2023,Other creditors,Haiti,nan
2023,Other creditors,Honduras,100.0
2023,Other creditors,IDA only,94.51822892584549
2023,Other creditors,IDA total,91.17412118277896
2023,Other creditors,India,100.0
2023,Other creditors,Indonesia,99.29843214674433
2023,Other creditors,"Iran, Islamic Rep.",100.0
2023,Other creditors,Iraq,100.00000000000001
2023,Other creditors,Jamaica,84.12508367974795
2023,Other creditors,Jordan,99.69490338650661
2023,Other creditors,Kazakhstan,72.08556623783558
2023,Other creditors,Kenya,97.5325426690153
2023,Other creditors,Kosovo,100.0
2023,Other creditors,Kyrgyz Republic,94.6667182456357
2023,Other creditors,Lao PDR,100.0
2023,Other creditors,Latin America & Caribbean (excluding high income),94.74187635777453
2023,Other creditors,Least developed countries: UN classification,93.10861536442162
2023,Other creditors,Lebanon,100.0
2023,Other creditors,Lesotho,64.91019939226437
2023,Other creditors,Liberia,99.77755344414227
2023,Other creditors,Low & lower middle income,93.85897213699238
2023,Other creditors,Low & middle income,95.82342305075973
2023,Other creditors,Low income,96.24777271933159
2023,Other creditors,Lower middle income,93.65880761271056
2023,Other creditors,Madagascar,96.04483491367556
2023,Other creditors,Malawi,100.00000000000001
2023,Other creditors,Maldives,99.99999999999999
2023,Other creditors,Mali,94.19408847794556
2023,Other creditors,Mauritania,91.20698346532649
2023,Other creditors,Mauritius,100.0
2023,Other creditors,Mexico,100.0
2023,Other creditors,"Middle East, North Africa, Afghanistan & Pakistan (excluding high income)",91.03179499883105
2023,Other creditors,Middle income,95.8101069695823
2023,Other creditors,Moldova,100.0
2023,Other creditors,Mongolia,99.73720843357249
2023,Other creditors,Montenegro,100.0
2023,Other creditors,Morocco,100.0
2023,Other creditors,Mozambique,87.64486726961754
2023,Other creditors,Myanmar,100.0
2023,Other creditors,Nepal,98.19932149066038
2023,Other creditors,Nicaragua,100.0
2023,Other creditors,Niger,99.99999999999999
2023,Other creditors,Nigeria,81.63374697930341
2023,Other creditors,North Macedonia,93.49267217019573
2023,Other creditors,Pakistan,83.19465126964347
2023,Other creditors,Papua New Guinea,86.8821322759517
2023,Other creditors,Paraguay,100.0
2023,Other creditors,Peru,100.0
2023,Other creditors,Philippines,99.04818511844945
2023,Other creditors,Rwanda,97.6476277616678
2023,Other creditors,Samoa,100.0
2023,Other creditors,Sao Tome and Principe,100.0
2023,Other creditors,Senegal,94.75257524558631
2023,Other creditors,Serbia,87.92681948384764
2023,Other creditors,Sierra Leone,100.0
2023,Other creditors,Solomon Islands,69.52905345469654
2023,Other creditors,"Somalia, Fed. Rep.",nan
2023,Other creditors,South Africa,93.06753631021529
2023,Other creditors,South Asia,97.6696431346705
2023,Other creditors,Sri Lanka,99.88239636632139
2023,Other creditors,St. Lucia,100.0
2023,Other creditors,St. Vincent and the Grenadines,89.50405515499783
2023,Other creditors,Sub-Saharan Africa (excluding high income),92.58602977340733
2023,Other creditors,Sudan,nan
2023,Other creditors,Suriname,100.0
2023,Other creditors,Syrian Arab Republic,nan
2023,Other creditors,Tajikistan,100.0
2023,Other creditors,Tanzania,98.5927383833838
2023,Other creditors,Thailand,100.0
2023,Other creditors,Timor-Leste,100.0
2023,Other creditors,Togo,99.99999999999997
2023,Other creditors,Tonga,100.0
2023,Other creditors,Tunisia,100.0
2023,Other creditors,Turkiye,98.70431495913252
2023,Other creditors,Turkmenistan,100.00000000000003
2023,Other creditors,Uganda,92.1588033652272
2023,Other creditors,Ukraine,100.0
2023,Other creditors,Upper middle income,97.09810445525818
2023,Other creditors,Uzbekistan,90.53310599276583
2023,Other creditors,Vanuatu,69.05871070776493
2023,Other creditors,Viet Nam,98.44256624575999
2023,Other creditors,"Yemen, Rep.",100.0
2023,Other creditors,Zambia,100.00000000000003
2023,Other creditors,Zimbabwe,87.98444043423153
2024,Other creditors,Afghanistan,nan
2024,Other creditors,Africa (excluding high income),96.64360238301049
2024,Other creditors,Albania,100.0
2024,Other creditors,Algeria,nan
2024,Other creditors,Angola,95.40665547659086
2024,Other creditors,Argentina,100.0
2024,Other creditors,Armenia,100.0
2024,Other creditors,Azerbaijan,100.0
2024,Other creditors,Bangladesh,96.61151808491503
2024,Other creditors,Belarus,77.82195642012145
2024,Other creditors,Belize,100.0
2024,Other creditors,Benin,95.90714021136048
2024,Other creditors,Bhutan,100.0
2024,Other creditors,Bolivia,87.27066868355863
2024,Other creditors,Bosnia and Herzegovina,94.53670030521852
2024,Other creditors,Botswana,100.0
2024,Other creditors,Brazil,98.89038763699713
2024,Other creditors,Burkina Faso,100.0
2024,Other creditors,Burundi,100.0
2024,Other creditors,Cabo Verde,100.0
2024,Other creditors,Cambodia,81.50112824751575
2024,Other creditors,Cameroon,90.87006549727603
2024,Other creditors,Central African Republic,100.0
2024,Other creditors,Chad,100.0
2024,Other creditors,China,100.0
2024,Other creditors,Colombia,100.0
2024,Other creditors,Comoros,100.0
2024,Other creditors,"Congo, Dem. Rep.",91.23522003933427
2024,Other creditors,"Congo, Rep.",100.0
2024,Other creditors,Cote d'Ivoire,96.58475501025136
2024,Other creditors,Djibouti,100.0
2024,Other creditors,Dominica,100.0
2024,Other creditors,Dominican Republic,100.0
2024,Other creditors,East Asia & Pacific (excluding high income),99.55412836804749
2024,Other creditors,Ecuador,99.97919179172234
2024,Other creditors,"Egypt, Arab Rep.",93.62855337291528
2024,Other creditors,El Salvador,100.0
2024,Other creditors,Equatorial Guinea,100.0
2024,Other creditors,Eritrea,99.43979881179436
2024,Other creditors,Eswatini,69.47953975965264
2024,Other creditors,Ethiopia,99.99999999999997
2024,Other creditors,Europe & Central Asia (excluding high income),97.94306265360822
2024,Other creditors,Fiji,100.0
2024,Other creditors,Gabon,100.0
2024,Other creditors,"Gambia, The",100.0
2024,Other creditors,Georgia,100.0
2024,Other creditors,Ghana,98.90265008603204
2024,Other creditors,Grenada,81.15875981911199
2024,Other creditors,Guatemala,100.0
2024,Other creditors,Guinea,99.97886108730081
2024,Other creditors,Guinea-Bissau,100.0
2024,Other creditors,Guyana,54.600709283079084
2024,Other creditors,Haiti,nan
2024,Other creditors,Honduras,100.0
2024,Other creditors,IDA only,95.90837280236245
2024,Other creditors,IDA total,95.00299299320413
2024,Other creditors,India,100.0
2024,Other creditors,Indonesia,99.50321878608948
2024,Other creditors,"Iran, Islamic Rep.",100.0
2024,Other creditors,Iraq,100.0
2024,Other creditors,Jamaica,72.50905415648951
2024,Other creditors,Jordan,100.0
2024,Other creditors,Kazakhstan,92.56273881341346
2024,Other creditors,Kenya,98.86949183386203
2024,Other creditors,Kosovo,99.99999999999999
2024,Other creditors,Kyrgyz Republic,87.74464758533605
2024,Other creditors,Lao PDR,89.58623689138508
2024,Other creditors,Latin America & Caribbean (excluding high income),99.46548712854641
2024,Other creditors,Least developed countries: UN classification,95.91531237862687
2024,Other creditors,Lebanon,100.0
2024,Other creditors,Lesotho,87.11182706876932
2024,Other creditors,Liberia,100.0
2024,Other creditors,Low & lower middle income,97.1092707823517
2024,Other creditors,Low & middle income,98.49821202251024
2024,Other creditors,Low income,95.41122291600374
2024,Other creditors,Lower middle income,97.20927504841859
2024,Other creditors,Madagascar,100.0
2024,Other creditors,Malawi,96.40072892401979
2024,Other creditors,Maldives,98.7370471814592
2024,Other creditors,Mali,87.42229058842445
2024,Other creditors,Mauritania,100.0
2024,Other creditors,Mauritius,100.0
2024,Other creditors,Mexico,100.0
2024,Other creditors,"Middle East, North Africa, Afghanistan & Pakistan (excluding high income)",93.64283295139018
2024,Other creditors,Middle income,98.56040755482015
2024,Other creditors,Moldova,100.0
2024,Other creditors,Mongolia,93.97649452139105
2024,Other creditors,Montenegro,100.0
2024,Other creditors,Morocco,100.0
2024,Other creditors,Mozambique,91.95724223575876
2024,Other creditors,Myanmar,100.0
2024,Other creditors,Nepal,100.0
2024,Other creditors,Nicaragua,100.0
2024,Other creditors,Niger,100.0
2024,Other creditors,Nigeria,95.23487745999405
2024,Other creditors,North Macedonia,100.0
2024,Other creditors,Pakistan,78.37588978960461
2024,Other creditors,Papua New Guinea,95.77967493055131
2024,Other creditors,Paraguay,100.0
2024,Other creditors,Peru,100.0
2024,Other creditors,Philippines,99.94713956219456
2024,Other creditors,Rwanda,96.9292515509589
2024,Other creditors,Samoa,100.0
2024,Other creditors,Sao Tome and Principe,100.0
2024,Other creditors,Senegal,98.0335719788608
2024,Other creditors,Serbia,91.53369746659256
2024,Other creditors,Sierra Leone,100.0
2024,Other creditors,Solomon Islands,96.1448507052654
2024,Other creditors,"Somalia, Fed. Rep.",100.0
2024,Other creditors,South Africa,99.72132261399706
2024,Other creditors,South Asia,99.45938732485698
2024,Other creditors,Sri Lanka,99.99912335799172
2024,Other creditors,St. Lucia,100.0
2024,Other creditors,St. Vincent and the Grenadines,75.74737188110397
2024,Other creditors,Sub-Saharan Africa (excluding high income),96.86170197479056
2024,Other creditors,Sudan,nan
2024,Other creditors,Suriname,100.0
2024,Other creditors,Syrian Arab Republic,nan
2024,Other creditors,Tajikistan,100.0
2024,Other creditors,Tanzania,97.79122045717479
2024,Other creditors,Thailand,100.0
2024,Other creditors,Timor-Leste,100.0
2024,Other creditors,Togo,100.0
2024,Other creditors,Tonga,100.0
2024,Other creditors,Tunisia,100.0
2024,Other creditors,Turkiye,98.60239937834245
2024,Other creditors,Turkmenistan,100.0
2024,Other creditors,Uganda,79.86932155504819
2024,Other creditors,Ukraine,100.0
2024,Other creditors,Upper middle income,99.26298597808818
2024,Other creditors,Uzbekistan,98.66467869568459
2024,Other creditors,Vanuatu,32.46580642067845
2024,Other creditors,Viet Nam,100.0
2024,Other creditors,"Yemen, Rep.",100.0
2024,Other creditors,Zambia,100.0
2024,Other creditors,Zimbabwe,3.822128495686279
