counterpart_name,entity_name,category,value,value_annotation
Cayman Islands,Low & middle income,private,3417928721.4,US$3.4 billion
Greece,Low & middle income,private,8215000.0,US$8.2 million
Greece,Low & middle income,bilateral,96793590.2,US$96.8 million
Switzerland,Low & middle income,private,4708981951.2,US$4.7 billion
Tanzania,Low & middle income,bilateral,35157000.0,US$35.2 million
Italy,Low & middle income,bilateral,3089522956.9,US$3.1 billion
Italy,Low & middle income,private,3002909180.3,US$3.0 billion
Belgium,Low & middle income,private,1409589776.8999999,US$1.4 billion
Belgium,Low & middle income,bilateral,638552640.4,US$638.6 million
Equatorial Guinea,Low & middle income,bilateral,30092063.9,US$30.1 million
Arab Bank for Economic Dev. in Africa (BADEA),Low & middle income,multilateral,2270352969.1,US$2.3 billion
Arab Bank for Economic Dev. in Africa (BADEA),Low & middle income,private,0.0,US$0
Nigeria,Low & middle income,bilateral,11293290.3,US$11.3 million
Grenada,Low & middle income,private,0.0,US$0
Eurasian Development Bank,Low & middle income,multilateral,2479891164.4,US$2.5 billion
New Development Bank (NDB),Low & middle income,multilateral,10697646350.0,US$10.7 billion
European Bank for Reconstruction and Dev. (EBRD),Low & middle income,multilateral,10607739683.8,US$10.6 billion
Netherlands,Low & middle income,private,74757580724.6,US$74.8 billion
Netherlands,Low & middle income,bilateral,591238370.1,US$591.2 million
Viet Nam,Low & middle income,bilateral,121641000.0,US$121.6 million
European Development Fund (EDF),Low & middle income,multilateral,914854774.0,US$914.9 million
"Venezuela, Republic Bolivarian",Low & middle income,bilateral,665341259.3,US$665.3 million
Thailand,Low & middle income,bilateral,757776063.4,US$757.8 million
Thailand,Low & middle income,private,12647000.0,US$12.6 million
Belarus,Low & middle income,bilateral,35093315.2,US$35.1 million
Togo,Low & middle income,private,46533412.7,US$46.5 million
Namibia,Low & middle income,bilateral,1146769.0,US$1.1 million
West African Development Bank - BOAD,Low & middle income,multilateral,2838280334.0,US$2.8 billion
Guyana,Low & middle income,private,948000.0,"US$948,000"
Switzerland,Low & middle income,bilateral,290319051.3,US$290.3 million
Honduras,Low & middle income,bilateral,118637000.0,US$118.6 million
Czechia,Low & middle income,private,476295188.7,US$476.3 million
St. Lucia,Low & middle income,private,336296.3,"US$336,296"
Denmark,Low & middle income,bilateral,517853181.1,US$517.9 million
Israel,Low & middle income,bilateral,2996815.4,US$3.0 million
Israel,Low & middle income,private,4250194271.7,US$4.3 billion
Denmark,Low & middle income,private,361592093.8,US$361.6 million
Angola,Low & middle income,bilateral,400478000.0,US$400.5 million
St. Vincent & The Grenadines,Low & middle income,private,0.0,US$0
Bolivarian Alliance for the Americas (ALBA),Low & middle income,multilateral,50848000.0,US$50.8 million
Hong Kong,Low & middle income,private,7019885046.8,US$7.0 billion
Benin,Low & middle income,bilateral,68245.6,"US$68,246"
Dev. Bank of the Central African States (BDEAC),Low & middle income,multilateral,390085257.2,US$390.1 million
Belize,Low & middle income,bilateral,1000000.0,US$1 million
Norway,Low & middle income,private,11396733.0,US$11.4 million
Norway,Low & middle income,bilateral,445185687.4,US$445.2 million
Arab African International Bank,Low & middle income,multilateral,31149000.0,US$31.1 million
ECO Trade and Dev. Bank,Low & middle income,multilateral,156698363.1,US$156.7 million
EUROFIMA,Low & middle income,multilateral,1687173.6,US$1.7 million
Eastern & Southern African Trade & Dev. Bank (TDB),Low & middle income,multilateral,2234218793.4,US$2.2 billion
Sweden,Low & middle income,bilateral,2355340416.7,US$2.4 billion
Sweden,Low & middle income,private,228658716.2,US$228.7 million
Nordic Environment Finance Corporation (NEFCO),Low & middle income,multilateral,3479772.4,US$3.5 million
Economic Community of West African States (ECOWAS),Low & middle income,multilateral,755032372.7,US$755.0 million
Nordic Development Fund,Low & middle income,multilateral,508864958.2,US$508.9 million
Egypt,Low & middle income,bilateral,187736000.0,US$187.7 million
Egypt,Low & middle income,private,76632000.0,US$76.6 million
Honduras,Low & middle income,private,22059000.0,US$22.1 million
Barbados,Low & middle income,private,582222.2,"US$582,222"
Barbados,Low & middle income,bilateral,3355000.0,US$3.4 million
Multiple Lenders,Low & middle income,private,205762230207.7,US$205.8 billion
Trinidad & Tobago,Low & middle income,bilateral,37680146.4,US$37.7 million
"Korea, D.P.R. of",Low & middle income,bilateral,0.0,US$0
Malaysia,Low & middle income,private,50000000.0,US$50 million
Malaysia,Low & middle income,bilateral,83207932.3,US$83.2 million
European Relief Fund,Low & middle income,multilateral,1049289000.0,US$1.0 billion
European Social Fund (ESF),Low & middle income,multilateral,586978500.0,US$587.0 million
Argentina,Low & middle income,bilateral,10408000.0,US$10.4 million
Luxembourg,Low & middle income,private,600916589.4,US$600.9 million
European Union,Low & middle income,multilateral,47554239790.5,US$47.6 billion
Armenia,Low & middle income,bilateral,1015000.0,US$1.0 million
Libya,Low & middle income,bilateral,1113172532.7,US$1.1 billion
Finland,Low & middle income,bilateral,203815684.8,US$203.8 million
Finland,Low & middle income,private,40675511.9,US$40.7 million
United Arab Emirates,Low & middle income,bilateral,7813881653.1,US$7.8 billion
United Arab Emirates,Low & middle income,private,6315337400.099999,US$6.3 billion
"Korea, Republic of",Low & middle income,bilateral,9599106755.6,US$9.6 billion
"Korea, Republic of",Low & middle income,private,209126859.2,US$209.1 million
Australia,Low & middle income,private,119989281.0,US$120.0 million
Australia,Low & middle income,bilateral,2770175411.1,US$2.8 billion
Liberia,Low & middle income,private,807395.3,"US$807,395"
Kuwait,Low & middle income,private,333370211.79999995,US$333.4 million
Asian Dev. Bank   ,Low & middle income,multilateral,149192461000.0,US$149.2 billion
Kuwait,Low & middle income,bilateral,12845091825.5,US$12.8 billion
Asian Infrastructure Investment Bank,Low & middle income,multilateral,22261485968.9,US$22.3 billion
France,Low & middle income,bilateral,37710730801.0,US$37.7 billion
France,Low & middle income,private,17415253725.3,US$17.4 billion
United Kingdom,Low & middle income,bilateral,1244677807.4,US$1.2 billion
United Kingdom,Low & middle income,private,30625990481.2,US$30.6 billion
Kazakhstan,Low & middle income,bilateral,1252000.0,US$1.3 million
Czechia,Low & middle income,bilateral,393560662.7,US$393.6 million
Arab Towns Organization (ATO),Low & middle income,multilateral,207825.9,"US$207,826"
Austria,Low & middle income,bilateral,617092565.0,US$617.1 million
Multiple Lenders,Low & middle income,multilateral,825522010.8,US$825.5 million
Multiple Lenders,Low & middle income,bilateral,18875220249.3,US$18.9 billion
European Economic Community (EEC),Low & middle income,multilateral,34256034.9,US$34.3 million
Trinidad & Tobago,Low & middle income,private,3505185.2,US$3.5 million
United States,Low & middle income,private,24229136025.199997,US$24.2 billion
Arab Fund for Economic & Social Development,Low & middle income,multilateral,9137828402.3,US$9.1 billion
United States,Low & middle income,bilateral,3069004478.2,US$3.1 billion
Bahrain,Low & middle income,private,1537628517.4,US$1.5 billion
"Germany, Fed. Rep. of",Low & middle income,private,12306509326.2,US$12.3 billion
"Germany, Fed. Rep. of",Low & middle income,bilateral,30152736270.5,US$30.2 billion
Japan,Low & middle income,bilateral,105904619944.4,US$105.9 billion
Japan,Low & middle income,private,7954463900.5,US$8.0 billion
Bahamas,Low & middle income,private,750000.0,"US$750,000"
European Investment Bank,Low & middle income,multilateral,31865773899.7,US$31.9 billion
Azerbaijan,Low & middle income,bilateral,1151000.0,US$1.2 million
Turkiye,Low & middle income,bilateral,879167336.1,US$879.2 million
Turkiye,Low & middle income,private,19447169.1,US$19.4 million
Turkmenistan,Low & middle income,bilateral,211000.0,"US$211,000"
UN-General Assembly (UNGA),Low & middle income,multilateral,3571000.0,US$3.6 million
UN-Population Fund (UNFPA),Low & middle income,multilateral,84615000.0,US$84.6 million
Uganda,Low & middle income,private,681000.0,"US$681,000"
Arab Monetary Fund,Low & middle income,multilateral,2676086161.1,US$2.7 billion
Morocco,Low & middle income,private,0.0,US$0
Morocco,Low & middle income,bilateral,7000000.0,US$7 million
Montenegro,Low & middle income,private,10389.0,"US$10,389"
Mauritius,Low & middle income,private,100059545.9,US$100.1 million
Austria,Low & middle income,private,8550916877.0,US$8.6 billion
Mali,Low & middle income,bilateral,53.8,US$54
Hungary,Low & middle income,bilateral,1814423781.7,US$1.8 billion
Nordic Investment Bank,Low & middle income,multilateral,40106507.5,US$40.1 million
St. Kitts And Nevis,Low & middle income,private,0.0,US$0
Inter-American Dev. Bank      ,Low & middle income,multilateral,95886700000.0,US$95.9 billion
Qatar,Low & middle income,private,240000000.0,US$240 million
Qatar,Low & middle income,bilateral,91599500.0,US$91.6 million
Portugal,Low & middle income,private,1035276575.8000001,US$1.0 billion
Indonesia,Low & middle income,bilateral,193000.0,"US$193,000"
International Fund for Agricultural Dev.,Low & middle income,multilateral,7855009510.5,US$7.9 billion
Portugal,Low & middle income,bilateral,1002934087.4,US$1.0 billion
"Iran, Islamic Republic Of",Low & middle income,bilateral,291106654.0,US$291.1 million
Bulgaria,Low & middle income,private,104539312.5,US$104.5 million
Bulgaria,Low & middle income,bilateral,91809000.0,US$91.8 million
Iraq,Low & middle income,bilateral,394171985.6,US$394.2 million
Hungary,Low & middle income,private,5783000.0,US$5.8 million
Ireland,Low & middle income,bilateral,1643460.6,US$1.6 million
Ireland,Low & middle income,private,2579611471.6,US$2.6 billion
South Africa,Low & middle income,private,2720987764.6,US$2.7 billion
South Asian Development Fund (SADF),Low & middle income,multilateral,7222000.0,US$7.2 million
Brazil,Low & middle income,private,120421000.0,US$120.4 million
Brazil,Low & middle income,bilateral,703952000.0,US$704.0 million
Poland,Low & middle income,private,7491865.1,US$7.5 million
Poland,Low & middle income,bilateral,466510884.1,US$466.5 million
Colombia,Low & middle income,private,308000000.0,US$308 million
"Congo, Rep.",Low & middle income,bilateral,89167790.3,US$89.2 million
India,Low & middle income,private,19772264.9,US$19.8 million
Romania,Low & middle income,bilateral,270882000.0,US$270.9 million
International Bank for Economic Cooperation (IBEC),Low & middle income,multilateral,0.0,US$0
African Dev. Bank         ,Low & middle income,multilateral,47102010713.1,US$47.1 billion
Romania,Low & middle income,private,6450000.0,US$6.5 million
Central American Bank for Econ. Integration (BCIE),Low & middle income,multilateral,9594806206.3,US$9.6 billion
Central Bank of West African States (BCEAO),Low & middle income,multilateral,308906085.0,US$308.9 million
World Trade Organization,Low & middle income,multilateral,39166530.0,US$39.2 million
Africa Finance Corporation,Low & middle income,private,1222875733.0,US$1.2 billion
Caribbean Dev. Bank,Low & middle income,multilateral,1139800330.7,US$1.1 billion
World Bank-MIGA,Low & middle income,multilateral,302270032.8,US$302.3 million
Chad,Low & middle income,bilateral,372.2,US$372
World Bank-IDA                         ,Low & middle income,multilateral,209337619000.0,US$209.3 billion
Saudi Arabia,Low & middle income,bilateral,20178362906.2,US$20.2 billion
Saudi Arabia,Low & middle income,private,19060000.0,US$19.1 million
Caribbean Community (CARICOM),Low & middle income,multilateral,14921000.0,US$14.9 million
India,Low & middle income,bilateral,13745202381.9,US$13.7 billion
Senegal,Low & middle income,bilateral,240.7,US$241
Serbia,Low & middle income,private,260991214.9,US$261.0 million
Canada,Low & middle income,private,265520000.0,US$265.5 million
Canada,Low & middle income,bilateral,6254857629.1,US$6.3 billion
Singapore,Low & middle income,private,8945793464.5,US$8.9 billion
Slovenia,Low & middle income,private,0.0,US$0
China,Low & middle income,bilateral,147554187164.3,US$147.6 billion
China,Low & middle income,private,22393002524.7,US$22.4 billion
Russian Federation,Low & middle income,private,428227932.6,US$428.2 million
Russian Federation,Low & middle income,bilateral,32122507497.5,US$32.1 billion
Cameroon,Low & middle income,bilateral,22626089.9,US$22.6 million
International Finance Corporation,Low & middle income,multilateral,584605162.8,US$584.6 million
Serbia,Low & middle income,bilateral,541961620.8,US$542.0 million
Bosnia-Herzegovina,Low & middle income,private,28444000.0,US$28.4 million
South Africa,Low & middle income,bilateral,609546489.3,US$609.5 million
Algeria,Low & middle income,bilateral,788314377.3,US$788.3 million
"Cote D`Ivoire, Republic Of",Low & middle income,private,642562134.9,US$642.6 million
Pakistan,Low & middle income,bilateral,14298000.0,US$14.3 million
Council of Europe,Low & middle income,multilateral,2893367955.0,US$2.9 billion
Sri Lanka,Low & middle income,private,63106000.0,US$63.1 million
Panama,Low & middle income,private,81275000.0,US$81.3 million
Spain,Low & middle income,private,2344063841.9,US$2.3 billion
Spain,Low & middle income,bilateral,2952526574.5,US$3.0 billion
Islamic Dev. Bank,Low & middle income,multilateral,18937455478.8,US$18.9 billion
World Bank-IBRD                         ,Low & middle income,multilateral,253755222000.0,US$253.8 billion
OPEC Fund for International Dev.,Low & middle income,multilateral,5430128318.0,US$5.4 billion
Costa Rica,Low & middle income,bilateral,315316000.0,US$315.3 million
Org. of Arab Petroleum Exporting Countries (OAPEC),Low & middle income,multilateral,35580000.0,US$35.6 million
Croatia,Low & middle income,private,5629000.0,US$5.6 million
Croatia,Low & middle income,bilateral,39903000.0,US$39.9 million
Plata Basin Financial Dev. Fund,Low & middle income,multilateral,1757805653.9,US$1.8 billion
Peru,Low & middle income,bilateral,16563000.0,US$16.6 million
African Export-Import Bank,Low & middle income,multilateral,10346941126.1,US$10.3 billion
Corporacion Andina de Fomento,Low & middle income,multilateral,22542704811.0,US$22.5 billion
Islamic Solidarity Fund for Dev. (ISFD),Low & middle income,multilateral,18718516.0,US$18.7 million
Oman,Low & middle income,bilateral,89507000.0,US$89.5 million
Peru,Low & middle income,private,53000000.0,US$53 million
Bondholders,Low & middle income,private,1637230691530.6,US$1.6 trillion
"Cote D`Ivoire, Republic Of",Low & middle income,bilateral,46722094.7,US$46.7 million
Russian Federation,Afghanistan,bilateral,849119000.0,US$849.1 million
World Bank-IDA                         ,Afghanistan,multilateral,279735000.0,US$279.7 million
"Iran, Islamic Republic Of",Afghanistan,bilateral,9139000.0,US$9.1 million
Saudi Arabia,Afghanistan,bilateral,79376533.4,US$79.4 million
Asian Dev. Bank   ,Afghanistan,multilateral,491072000.0,US$491.1 million
Bulgaria,Afghanistan,bilateral,4201000.0,US$4.2 million
OPEC Fund for International Dev.,Afghanistan,multilateral,1484000.0,US$1.5 million
Islamic Dev. Bank,Afghanistan,multilateral,36104967.2,US$36.1 million
Italy,Afghanistan,bilateral,22128570.0,US$22.1 million
Kuwait,Afghanistan,bilateral,22360772.9,US$22.4 million
Denmark,Africa (excluding high income),private,297105493.0,US$297.1 million
Dev. Bank of the Central African States (BDEAC),Africa (excluding high income),multilateral,390085257.2,US$390.1 million
South Africa,Africa (excluding high income),bilateral,600669489.3,US$600.7 million
Saudi Arabia,Africa (excluding high income),private,19060000.0,US$19.1 million
Denmark,Africa (excluding high income),bilateral,74191953.2,US$74.2 million
France,Africa (excluding high income),bilateral,15239669221.7,US$15.2 billion
France,Africa (excluding high income),private,10116231491.199999,US$10.1 billion
Chad,Africa (excluding high income),bilateral,372.2,US$372
Mali,Africa (excluding high income),bilateral,53.8,US$54
Benin,Africa (excluding high income),bilateral,68245.6,"US$68,246"
Asian Infrastructure Investment Bank,Africa (excluding high income),multilateral,736214046.1,US$736.2 million
Saudi Arabia,Africa (excluding high income),bilateral,12031213239.6,US$12.0 billion
Mauritius,Africa (excluding high income),private,99434545.9,US$99.4 million
Central Bank of West African States (BCEAO),Africa (excluding high income),multilateral,308906085.0,US$308.9 million
OPEC Fund for International Dev.,Africa (excluding high income),multilateral,2359828010.3,US$2.4 billion
Czechia,Africa (excluding high income),private,184822387.8,US$184.8 million
Canada,Africa (excluding high income),private,49996000.0,US$50.0 million
Morocco,Africa (excluding high income),bilateral,7000000.0,US$7 million
Liberia,Africa (excluding high income),private,807395.3,"US$807,395"
European Social Fund (ESF),Africa (excluding high income),multilateral,311670000.0,US$311.7 million
Czechia,Africa (excluding high income),bilateral,225362662.7,US$225.4 million
Malaysia,Africa (excluding high income),bilateral,0.0,US$0
United Kingdom,Africa (excluding high income),bilateral,1023269196.8,US$1.0 billion
Austria,Africa (excluding high income),bilateral,241778002.5,US$241.8 million
Austria,Africa (excluding high income),private,599612705.2,US$599.6 million
Senegal,Africa (excluding high income),bilateral,240.7,US$241
Morocco,Africa (excluding high income),private,0.0,US$0
Finland,Africa (excluding high income),private,5667000.0,US$5.7 million
China,Africa (excluding high income),private,20064353175.1,US$20.1 billion
Finland,Africa (excluding high income),bilateral,71470242.89999999,US$71.5 million
Bondholders,Africa (excluding high income),private,192799972775.9,US$192.8 billion
Serbia,Africa (excluding high income),bilateral,138328000.0,US$138.3 million
Luxembourg,Africa (excluding high income),private,94589906.8,US$94.6 million
Oman,Africa (excluding high income),bilateral,89507000.0,US$89.5 million
United Kingdom,Africa (excluding high income),private,13728384571.1,US$13.7 billion
China,Africa (excluding high income),bilateral,62153310834.0,US$62.2 billion
Libya,Africa (excluding high income),bilateral,1048526714.2,US$1.0 billion
European Union,Africa (excluding high income),multilateral,2181690000.0,US$2.2 billion
Sweden,Africa (excluding high income),bilateral,3405000.0,US$3.4 million
Sweden,Africa (excluding high income),private,145548277.7,US$145.5 million
Serbia,Africa (excluding high income),private,27570214.9,US$27.6 million
Canada,Africa (excluding high income),bilateral,677951914.2,US$678.0 million
Tanzania,Africa (excluding high income),bilateral,35157000.0,US$35.2 million
Multiple Lenders,Africa (excluding high income),bilateral,4151901000.0,US$4.2 billion
Netherlands,Africa (excluding high income),bilateral,191132299.1,US$191.1 million
Netherlands,Africa (excluding high income),private,1443275460.8999999,US$1.4 billion
Togo,Africa (excluding high income),private,46533412.7,US$46.5 million
Egypt,Africa (excluding high income),bilateral,187736000.0,US$187.7 million
Portugal,Africa (excluding high income),private,1035276575.8000001,US$1.0 billion
Belgium,Africa (excluding high income),bilateral,513115693.4,US$513.1 million
Belgium,Africa (excluding high income),private,1091595419.5,US$1.1 billion
Portugal,Africa (excluding high income),bilateral,979924530.1999999,US$979.9 million
European Development Fund (EDF),Africa (excluding high income),multilateral,57301568.4,US$57.3 million
Egypt,Africa (excluding high income),private,76632000.0,US$76.6 million
Spain,Africa (excluding high income),bilateral,1136886196.8000002,US$1.1 billion
Spain,Africa (excluding high income),private,1206140256.5,US$1.2 billion
New Development Bank (NDB),Africa (excluding high income),multilateral,3271954920.8,US$3.3 billion
European Bank for Reconstruction and Dev. (EBRD),Africa (excluding high income),multilateral,2545629953.5,US$2.5 billion
"Cote D`Ivoire, Republic Of",Africa (excluding high income),private,642562134.9,US$642.6 million
Nigeria,Africa (excluding high income),bilateral,11293290.3,US$11.3 million
"Cote D`Ivoire, Republic Of",Africa (excluding high income),bilateral,46722094.699999996,US$46.7 million
"Congo, Rep.",Africa (excluding high income),bilateral,89167790.3,US$89.2 million
Nordic Development Fund,Africa (excluding high income),multilateral,269626515.3,US$269.6 million
Poland,Africa (excluding high income),private,6080000.0,US$6.1 million
Equatorial Guinea,Africa (excluding high income),bilateral,30092063.900000002,US$30.1 million
Brazil,Africa (excluding high income),private,120421000.0,US$120.4 million
Thailand,Africa (excluding high income),bilateral,1293000.0,US$1.3 million
Brazil,Africa (excluding high income),bilateral,467058000.0,US$467.1 million
Poland,Africa (excluding high income),bilateral,244116677.8,US$244.1 million
Namibia,Africa (excluding high income),bilateral,1146769.0,US$1.1 million
South Africa,Africa (excluding high income),private,2720968558.4,US$2.7 billion
European Economic Community (EEC),Africa (excluding high income),multilateral,9314568.2,US$9.3 million
Panama,Africa (excluding high income),private,0.0,US$0
Multiple Lenders,Africa (excluding high income),multilateral,171685000.0,US$171.7 million
United Arab Emirates,Africa (excluding high income),private,4029950457.2,US$4.0 billion
United Arab Emirates,Africa (excluding high income),bilateral,1871233868.6000001,US$1.9 billion
Croatia,Africa (excluding high income),bilateral,39903000.0,US$39.9 million
Cameroon,Africa (excluding high income),bilateral,22626089.9,US$22.6 million
Uganda,Africa (excluding high income),private,681000.0,"US$681,000"
Russian Federation,Africa (excluding high income),private,15766932.6,US$15.8 million
UN-General Assembly (UNGA),Africa (excluding high income),multilateral,3571000.0,US$3.6 million
Russian Federation,Africa (excluding high income),bilateral,4478315084.3,US$4.5 billion
Org. of Arab Petroleum Exporting Countries (OAPEC),Africa (excluding high income),multilateral,7219000.0,US$7.2 million
Bahamas,Africa (excluding high income),private,750000.0,"US$750,000"
Pakistan,Africa (excluding high income),bilateral,12189000.0,US$12.2 million
Bahrain,Africa (excluding high income),private,514350325.7,US$514.4 million
Romania,Africa (excluding high income),bilateral,134839000.0,US$134.8 million
Eastern & Southern African Trade & Dev. Bank (TDB),Africa (excluding high income),multilateral,2234218793.4,US$2.2 billion
Norway,Africa (excluding high income),bilateral,74598962.9,US$74.6 million
Qatar,Africa (excluding high income),bilateral,91599500.0,US$91.6 million
Turkiye,Africa (excluding high income),private,0.0,US$0
Turkiye,Africa (excluding high income),bilateral,631942839.0,US$631.9 million
United States,Africa (excluding high income),bilateral,1161217978.2,US$1.2 billion
European Investment Bank,Africa (excluding high income),multilateral,11581801967.7,US$11.6 billion
Switzerland,Africa (excluding high income),bilateral,122406505.9,US$122.4 million
Switzerland,Africa (excluding high income),private,2633021569.0,US$2.6 billion
Economic Community of West African States (ECOWAS),Africa (excluding high income),multilateral,755032372.6999999,US$755.0 million
Nordic Investment Bank,Africa (excluding high income),multilateral,31829065.6,US$31.8 million
Bulgaria,Africa (excluding high income),bilateral,79398000.0,US$79.4 million
United States,Africa (excluding high income),private,5603055215.8,US$5.6 billion
Africa Finance Corporation,Africa (excluding high income),private,1222875733.0,US$1.2 billion
Multiple Lenders,Africa (excluding high income),private,20055990544.2,US$20.1 billion
Hong Kong,Africa (excluding high income),private,614841000.0,US$614.8 million
International Finance Corporation,Africa (excluding high income),multilateral,254750000.0,US$254.8 million
International Bank for Economic Cooperation (IBEC),Africa (excluding high income),multilateral,0.0,US$0
Arab African International Bank,Africa (excluding high income),multilateral,31149000.0,US$31.1 million
"Iran, Islamic Republic Of",Africa (excluding high income),bilateral,189508654.0,US$189.5 million
Iraq,Africa (excluding high income),bilateral,387374867.1,US$387.4 million
Ireland,Africa (excluding high income),bilateral,1643460.6,US$1.6 million
Ireland,Africa (excluding high income),private,729582471.6,US$729.6 million
Islamic Dev. Bank,Africa (excluding high income),multilateral,10454166157.199999,US$10.5 billion
Italy,Africa (excluding high income),private,2037041974.9,US$2.0 billion
Italy,Africa (excluding high income),bilateral,1682462838.9,US$1.7 billion
Arab Monetary Fund,Africa (excluding high income),multilateral,2138163904.2,US$2.1 billion
Hungary,Africa (excluding high income),bilateral,740986027.2,US$741.0 million
African Export-Import Bank,Africa (excluding high income),multilateral,10344541126.1,US$10.3 billion
Hungary,Africa (excluding high income),private,5783000.0,US$5.8 million
Angola,Africa (excluding high income),bilateral,400478000.0,US$400.5 million
Kuwait,Africa (excluding high income),bilateral,9479697969.9,US$9.5 billion
Israel,Africa (excluding high income),private,4214137606.9,US$4.2 billion
India,Africa (excluding high income),bilateral,4539743880.7,US$4.5 billion
India,Africa (excluding high income),private,19772264.900000002,US$19.8 million
Algeria,Africa (excluding high income),bilateral,768641377.3,US$768.6 million
World Bank-IDA                         ,Africa (excluding high income),multilateral,110045093000.0,US$110.0 billion
Kuwait,Africa (excluding high income),private,333370211.79999995,US$333.4 million
Arab Bank for Economic Dev. in Africa (BADEA),Africa (excluding high income),multilateral,2270352969.1,US$2.3 billion
Arab Bank for Economic Dev. in Africa (BADEA),Africa (excluding high income),private,0.0,US$0
International Fund for Agricultural Dev.,Africa (excluding high income),multilateral,3911099352.4,US$3.9 billion
Japan,Africa (excluding high income),private,1777631605.8,US$1.8 billion
West African Development Bank - BOAD,Africa (excluding high income),multilateral,2838280334.0,US$2.8 billion
Japan,Africa (excluding high income),bilateral,8317120725.6,US$8.3 billion
Greece,Africa (excluding high income),bilateral,2032000.0,US$2.0 million
African Dev. Bank         ,Africa (excluding high income),multilateral,47102010713.1,US$47.1 billion
Greece,Africa (excluding high income),private,446000.0,"US$446,000"
World Bank-MIGA,Africa (excluding high income),multilateral,302270032.8,US$302.3 million
Arab Fund for Economic & Social Development,Africa (excluding high income),multilateral,6719146848.9,US$6.7 billion
World Trade Organization,Africa (excluding high income),multilateral,39166530.0,US$39.2 million
"Germany, Fed. Rep. of",Africa (excluding high income),private,4292404781.9,US$4.3 billion
"Venezuela, Republic Bolivarian",Africa (excluding high income),bilateral,18749000.0,US$18.7 million
"Germany, Fed. Rep. of",Africa (excluding high income),bilateral,9304359796.2,US$9.3 billion
Argentina,Africa (excluding high income),bilateral,10408000.0,US$10.4 million
"Korea, Republic of",Africa (excluding high income),bilateral,2420677665.8,US$2.4 billion
"Korea, Republic of",Africa (excluding high income),private,5146859.2,US$5.1 million
World Bank-IBRD                         ,Africa (excluding high income),multilateral,40828886000.0,US$40.8 billion
European Bank for Reconstruction and Dev. (EBRD),Albania,multilateral,234975038.2,US$235.0 million
Kuwait,Albania,bilateral,63468095.5,US$63.5 million
United Kingdom,Albania,private,207780000.0,US$207.8 million
United Arab Emirates,Albania,bilateral,22499387.3,US$22.5 million
European Investment Bank,Albania,multilateral,103237570.8,US$103.2 million
"Korea, Republic of",Albania,bilateral,9858435.4,US$9.9 million
Austria,Albania,bilateral,5638110.3,US$5.6 million
World Bank-IBRD                         ,Albania,multilateral,967091000.0,US$967.1 million
European Union,Albania,multilateral,187002000.0,US$187.0 million
Bondholders,Albania,private,1453254876.0,US$1.5 billion
Italy,Albania,bilateral,143478323.4,US$143.5 million
Italy,Albania,private,107049294.89999999,US$107.0 million
OPEC Fund for International Dev.,Albania,multilateral,32988000.0,US$33.0 million
"Germany, Fed. Rep. of",Albania,private,1420176.3,US$1.4 million
"Germany, Fed. Rep. of",Albania,bilateral,351759073.2,US$351.8 million
Greece,Albania,bilateral,122590.2,"US$122,590"
Council of Europe,Albania,multilateral,109810528.2,US$109.8 million
Japan,Albania,bilateral,40727737.0,US$40.7 million
World Bank-IDA                         ,Albania,multilateral,338405000.0,US$338.4 million
Austria,Albania,private,21318228.0,US$21.3 million
Islamic Dev. Bank,Albania,multilateral,386808067.3,US$386.8 million
International Fund for Agricultural Dev.,Albania,multilateral,20594894.0,US$20.6 million
Saudi Arabia,Albania,bilateral,44676266.7,US$44.7 million
China,Albania,bilateral,1858000.0,US$1.9 million
France,Albania,bilateral,219041676.0,US$219.0 million
Spain,Albania,bilateral,6877000.0,US$6.9 million
African Dev. Bank         ,Algeria,multilateral,717117549.5,US$717.1 million
Belgium,Algeria,bilateral,15446365.2,US$15.4 million
China,Algeria,bilateral,64137564.0,US$64.1 million
Japan,Algeria,bilateral,2821576.8,US$2.8 million
Saudi Arabia,Algeria,bilateral,1093600.0,US$1.1 million
Canada,Algeria,bilateral,85595.0,"US$85,595"
France,Algeria,bilateral,19218611.1,US$19.2 million
Italy,Algeria,bilateral,31591910.1,US$31.6 million
"Germany, Fed. Rep. of",Algeria,bilateral,38439.3,"US$38,439"
Multiple Lenders,Angola,private,1580000000.0,US$1.6 billion
Italy,Angola,private,559164030.3,US$559.2 million
Italy,Angola,bilateral,14961198.9,US$15.0 million
Netherlands,Angola,private,620615788.1,US$620.6 million
Luxembourg,Angola,private,30763906.8,US$30.8 million
Portugal,Angola,private,543516031.2,US$543.5 million
Belgium,Angola,private,48062000.0,US$48.1 million
"Korea, Republic of",Angola,bilateral,212779000.0,US$212.8 million
South Africa,Angola,private,3931000.0,US$3.9 million
Serbia,Angola,bilateral,7546000.0,US$7.5 million
United States,Angola,private,1643000.0,US$1.6 million
World Bank-IDA                         ,Angola,multilateral,283421000.0,US$283.4 million
Egypt,Angola,private,76550000.0,US$76.5 million
South Africa,Angola,bilateral,197355626.2,US$197.4 million
United States,Angola,bilateral,5467000.0,US$5.5 million
Canada,Angola,bilateral,244115000.0,US$244.1 million
Canada,Angola,private,0.0,US$0
Netherlands,Angola,bilateral,1684056.9,US$1.7 million
Portugal,Angola,bilateral,251441000.0,US$251.4 million
International Fund for Agricultural Dev.,Angola,multilateral,7340973.8,US$7.3 million
Mauritius,Angola,private,21874039.5,US$21.9 million
Belgium,Angola,bilateral,0.0,US$0
United Arab Emirates,Angola,private,227211585.6,US$227.2 million
India,Angola,bilateral,2500000.0,US$2.5 million
France,Angola,bilateral,249162503.7,US$249.2 million
France,Angola,private,232639301.3,US$232.6 million
United Kingdom,Angola,private,3900336202.5,US$3.9 billion
Japan,Angola,private,195688000.3,US$195.7 million
Israel,Angola,private,2731933000.0,US$2.7 billion
China,Angola,bilateral,2596005403.6,US$2.6 billion
Poland,Angola,bilateral,53583677.8,US$53.6 million
Ireland,Angola,private,657681000.0,US$657.7 million
Japan,Angola,bilateral,265015376.9,US$265.0 million
African Export-Import Bank,Angola,multilateral,116254808.6,US$116.3 million
Spain,Angola,private,707782446.6,US$707.8 million
Bondholders,Angola,private,11042413000.0,US$11.0 billion
World Bank-IBRD                         ,Angola,multilateral,4491170000.0,US$4.5 billion
European Investment Bank,Angola,multilateral,4196117.1,US$4.2 million
OPEC Fund for International Dev.,Angola,multilateral,506000.0,"US$506,000"
China,Angola,private,11805826000.0,US$11.8 billion
"Germany, Fed. Rep. of",Angola,private,656717517.2,US$656.7 million
Spain,Angola,bilateral,15175000.0,US$15.2 million
Austria,Angola,private,149829280.1,US$149.8 million
African Dev. Bank         ,Angola,multilateral,1295689052.5,US$1.3 billion
United Arab Emirates,Argentina,bilateral,65053778.1,US$65.1 million
Central American Bank for Econ. Integration (BCIE),Argentina,multilateral,736018000.0,US$736.0 million
Netherlands,Argentina,bilateral,97430119.8,US$97.4 million
China,Argentina,bilateral,5238433000.0,US$5.2 billion
World Bank-IBRD                         ,Argentina,multilateral,10737718000.0,US$10.7 billion
"Germany, Fed. Rep. of",Argentina,bilateral,417895447.2,US$417.9 million
Japan,Argentina,bilateral,218455154.8,US$218.5 million
"Germany, Fed. Rep. of",Argentina,private,22734248.7,US$22.7 million
Russian Federation,Argentina,private,7816000.0,US$7.8 million
Honduras,Argentina,private,22059000.0,US$22.1 million
Kuwait,Argentina,bilateral,95288196.1,US$95.3 million
Plata Basin Financial Dev. Fund,Argentina,multilateral,643729000.0,US$643.7 million
Brazil,Argentina,bilateral,26279000.0,US$26.3 million
Corporacion Andina de Fomento,Argentina,multilateral,4800426000.0,US$4.8 billion
Australia,Argentina,private,0.0,US$0
United Kingdom,Argentina,bilateral,10365000.0,US$10.4 million
France,Argentina,bilateral,78370498.3,US$78.4 million
France,Argentina,private,143247687.6,US$143.2 million
Israel,Argentina,bilateral,518000.0,"US$518,000"
Denmark,Argentina,bilateral,1926000.0,US$1.9 million
Spain,Argentina,private,104878897.4,US$104.9 million
Canada,Argentina,bilateral,26099000.0,US$26.1 million
Spain,Argentina,bilateral,101298922.2,US$101.3 million
European Investment Bank,Argentina,multilateral,228971000.0,US$229.0 million
OPEC Fund for International Dev.,Argentina,multilateral,145968000.0,US$146.0 million
Bondholders,Argentina,private,68693386526.9,US$68.7 billion
Sweden,Argentina,bilateral,2324000.0,US$2.3 million
Finland,Argentina,private,1332000.0,US$1.3 million
Italy,Argentina,bilateral,136923773.3,US$136.9 million
Inter-American Dev. Bank      ,Argentina,multilateral,17572667000.0,US$17.6 billion
Hong Kong,Argentina,private,9866000.0,US$9.9 million
United States,Argentina,bilateral,93583000.0,US$93.6 million
Switzerland,Argentina,bilateral,77059083.9,US$77.1 million
International Fund for Agricultural Dev.,Argentina,multilateral,40440706.6,US$40.4 million
Austria,Argentina,bilateral,8322627.9,US$8.3 million
Belgium,Argentina,bilateral,1603022.7,US$1.6 million
World Bank-IDA                         ,Armenia,multilateral,648662000.0,US$648.7 million
Japan,Armenia,bilateral,121289498.8,US$121.3 million
European Bank for Reconstruction and Dev. (EBRD),Armenia,multilateral,40369374.5,US$40.4 million
Eurasian Development Bank,Armenia,multilateral,380096000.0,US$380.1 million
World Bank-IBRD                         ,Armenia,multilateral,1074773000.0,US$1.1 billion
China,Armenia,bilateral,14906839.1,US$14.9 million
International Fund for Agricultural Dev.,Armenia,multilateral,47037527.8,US$47.0 million
United States,Armenia,private,3402746.1,US$3.4 million
Russian Federation,Armenia,bilateral,239332000.0,US$239.3 million
Bondholders,Armenia,private,1563166000.0,US$1.6 billion
OPEC Fund for International Dev.,Armenia,multilateral,134387000.0,US$134.4 million
Belgium,Armenia,private,508022.1,"US$508,022"
European Investment Bank,Armenia,multilateral,227650104.9,US$227.7 million
United States,Armenia,bilateral,5175000.0,US$5.2 million
"Germany, Fed. Rep. of",Armenia,bilateral,461443018.5,US$461.4 million
United Arab Emirates,Armenia,bilateral,1543090.5,US$1.5 million
Asian Dev. Bank   ,Armenia,multilateral,966680000.0,US$966.7 million
France,Armenia,bilateral,282313802.7,US$282.3 million
European Social Fund (ESF),Armenia,multilateral,67528500.0,US$67.5 million
France,Armenia,private,18693966.6,US$18.7 million
Austria,Armenia,private,15263518.8,US$15.3 million
United Kingdom,Azerbaijan,private,349666000.0,US$349.7 million
France,Azerbaijan,private,16570455.0,US$16.6 million
World Bank-IDA                         ,Azerbaijan,multilateral,132895000.0,US$132.9 million
Kuwait,Azerbaijan,bilateral,0.0,US$0
Switzerland,Azerbaijan,private,95598583.8,US$95.6 million
International Fund for Agricultural Dev.,Azerbaijan,multilateral,35969337.2,US$36.0 million
Asian Infrastructure Investment Bank,Azerbaijan,multilateral,620860000.0,US$620.9 million
Islamic Dev. Bank,Azerbaijan,multilateral,323306799.5,US$323.3 million
Russian Federation,Azerbaijan,bilateral,0.0,US$0
France,Azerbaijan,bilateral,261386201.1,US$261.4 million
"Germany, Fed. Rep. of",Azerbaijan,bilateral,51175175.1,US$51.2 million
"Korea, Republic of",Azerbaijan,bilateral,63254000.0,US$63.3 million
Bondholders,Azerbaijan,private,2300000000.0,US$2.3 billion
United Arab Emirates,Azerbaijan,bilateral,4956569.1,US$5.0 million
World Bank-IBRD                         ,Azerbaijan,multilateral,1032787000.0,US$1.0 billion
OPEC Fund for International Dev.,Azerbaijan,multilateral,715802.1,"US$715,802"
Asian Dev. Bank   ,Azerbaijan,multilateral,2049012000.0,US$2.0 billion
European Bank for Reconstruction and Dev. (EBRD),Azerbaijan,multilateral,629709397.5,US$629.7 million
Saudi Arabia,Azerbaijan,bilateral,21948000.0,US$21.9 million
Japan,Azerbaijan,bilateral,397969996.9,US$398.0 million
"Germany, Fed. Rep. of",Azerbaijan,private,38871000.0,US$38.9 million
Multiple Lenders,Azerbaijan,private,1049124853.8,US$1.0 billion
United Arab Emirates,Bangladesh,bilateral,27568958.5,US$27.6 million
Multiple Lenders,Bangladesh,private,5568510000.0,US$5.6 billion
Russian Federation,Bangladesh,bilateral,7838630000.0,US$7.8 billion
Belarus,Bangladesh,bilateral,24322000.0,US$24.3 million
Kuwait,Bangladesh,bilateral,166627699.3,US$166.6 million
Japan,Bangladesh,bilateral,11667322055.3,US$11.7 billion
World Bank-IDA                         ,Bangladesh,multilateral,20730695000.0,US$20.7 billion
"Germany, Fed. Rep. of",Bangladesh,bilateral,152030548.2,US$152.0 million
Nordic Development Fund,Bangladesh,multilateral,26875830.1,US$26.9 million
Multiple Lenders,Bangladesh,multilateral,13146000.0,US$13.1 million
Islamic Dev. Bank,Bangladesh,multilateral,736884844.8,US$736.9 million
China,Bangladesh,bilateral,6629628481.1,US$6.6 billion
OPEC Fund for International Dev.,Bangladesh,multilateral,270764000.0,US$270.8 million
Bondholders,Bangladesh,private,770440000.0,US$770.4 million
Saudi Arabia,Bangladesh,bilateral,120841333.2,US$120.8 million
France,Bangladesh,bilateral,865127352.6,US$865.1 million
Denmark,Bangladesh,private,0.0,US$0
International Fund for Agricultural Dev.,Bangladesh,multilateral,620460948.7,US$620.5 million
European Investment Bank,Bangladesh,multilateral,236453640.0,US$236.5 million
Asian Dev. Bank   ,Bangladesh,multilateral,16267939000.0,US$16.3 billion
India,Bangladesh,bilateral,1553179000.0,US$1.6 billion
"Korea, Republic of",Bangladesh,bilateral,974573186.4,US$974.6 million
Switzerland,Bangladesh,bilateral,0.0,US$0
Asian Infrastructure Investment Bank,Bangladesh,multilateral,2319659737.0,US$2.3 billion
OPEC Fund for International Dev.,Belarus,multilateral,20000000.0,US$20 million
China,Belarus,bilateral,2757275569.3,US$2.8 billion
Eurasian Development Bank,Belarus,multilateral,1734181164.4,US$1.7 billion
European Bank for Reconstruction and Dev. (EBRD),Belarus,multilateral,349527819.1,US$349.5 million
World Bank-IBRD                         ,Belarus,multilateral,975447000.0,US$975.4 million
Bondholders,Belarus,private,2683241591.6,US$2.7 billion
Nordic Investment Bank,Belarus,multilateral,7245441.9,US$7.2 million
"Germany, Fed. Rep. of",Belarus,private,0.0,US$0
Russian Federation,Belarus,bilateral,7624706949.8,US$7.6 billion
Kuwait,Belarus,bilateral,19115657.4,US$19.1 million
European Investment Bank,Belarus,multilateral,137257042.7,US$137.3 million
United Arab Emirates,Belarus,bilateral,16402449.0,US$16.4 million
United States,Belarus,bilateral,826500.0,"US$826,500"
World Bank-IBRD                         ,Belize,multilateral,40552000.0,US$40.6 million
Kuwait,Belize,bilateral,20880013.0,US$20.9 million
Bondholders,Belize,private,6616000.0,US$6.6 million
International Fund for Agricultural Dev.,Belize,multilateral,2720255.1,US$2.7 million
Saudi Arabia,Belize,bilateral,0.0,US$0
European Development Fund (EDF),Belize,multilateral,1711068.3,US$1.7 million
OPEC Fund for International Dev.,Belize,multilateral,92609000.0,US$92.6 million
United States,Belize,private,364000000.0,US$364 million
Caribbean Dev. Bank,Belize,multilateral,226069000.0,US$226.1 million
Inter-American Dev. Bank      ,Belize,multilateral,160474000.0,US$160.5 million
Central American Bank for Econ. Integration (BCIE),Belize,multilateral,13160000.0,US$13.2 million
Caribbean Community (CARICOM),Belize,multilateral,2555000.0,US$2.6 million
Multiple Lenders,Belize,private,22143000.0,US$22.1 million
Multiple Lenders,Belize,bilateral,229590000.0,US$229.6 million
"Venezuela, Republic Bolivarian",Belize,bilateral,215339000.0,US$215.3 million
European Investment Bank,Belize,multilateral,500000.0,"US$500,000"
Economic Community of West African States (ECOWAS),Benin,multilateral,73007109.3,US$73.0 million
World Bank-IDA                         ,Benin,multilateral,2317489000.0,US$2.3 billion
Netherlands,Benin,private,112215744.6,US$112.2 million
Islamic Dev. Bank,Benin,multilateral,369926451.2,US$369.9 million
India,Benin,bilateral,13322000.0,US$13.3 million
African Dev. Bank         ,Benin,multilateral,606395215.7,US$606.4 million
Arab Bank for Economic Dev. in Africa (BADEA),Benin,multilateral,91756000.0,US$91.8 million
United Kingdom,Benin,bilateral,82734879.3,US$82.7 million
United Kingdom,Benin,private,159612440.4,US$159.6 million
Japan,Benin,private,0.0,US$0
European Investment Bank,Benin,multilateral,137221028.7,US$137.2 million
International Fund for Agricultural Dev.,Benin,multilateral,79858570.5,US$79.9 million
Denmark,Benin,bilateral,0.0,US$0
France,Benin,bilateral,331342610.4,US$331.3 million
France,Benin,private,601398432.0,US$601.4 million
Saudi Arabia,Benin,bilateral,79505908.3,US$79.5 million
Bondholders,Benin,private,2222489680.8,US$2.2 billion
Norway,Benin,bilateral,11723986.5,US$11.7 million
Japan,Benin,bilateral,6025620.0,US$6.0 million
OPEC Fund for International Dev.,Benin,multilateral,46653000.0,US$46.7 million
Brazil,Benin,bilateral,153185000.0,US$153.2 million
United Arab Emirates,Benin,bilateral,296800.5,"US$296,800"
Kuwait,Benin,bilateral,36567624.5,US$36.6 million
"Germany, Fed. Rep. of",Benin,private,691850260.5,US$691.9 million
Nordic Development Fund,Benin,multilateral,12569651.1,US$12.6 million
West African Development Bank - BOAD,Benin,multilateral,317749024.5,US$317.7 million
China,Benin,bilateral,293856587.1,US$293.9 million
China,Benin,private,71765134.2,US$71.8 million
Austria,Bhutan,private,2039360.7,US$2.0 million
World Bank-IDA                         ,Bhutan,multilateral,419599000.0,US$419.6 million
India,Bhutan,bilateral,2234237957.6,US$2.2 billion
Austria,Bhutan,bilateral,2584783.2,US$2.6 million
Japan,Bhutan,bilateral,88349824.5,US$88.3 million
South Asian Development Fund (SADF),Bhutan,multilateral,7222000.0,US$7.2 million
Asian Dev. Bank   ,Bhutan,multilateral,532399000.0,US$532.4 million
International Fund for Agricultural Dev.,Bhutan,multilateral,36486973.6,US$36.5 million
Inter-American Dev. Bank      ,Bolivia,multilateral,4287810000.0,US$4.3 billion
European Investment Bank,Bolivia,multilateral,111514000.0,US$111.5 million
World Bank-IBRD                         ,Bolivia,multilateral,925767000.0,US$925.8 million
Plata Basin Financial Dev. Fund,Bolivia,multilateral,434009000.0,US$434.0 million
Denmark,Bolivia,private,60414112.8,US$60.4 million
Spain,Bolivia,bilateral,5038000.0,US$5.0 million
France,Bolivia,bilateral,646342284.9,US$646.3 million
France,Bolivia,private,362576.1,"US$362,576"
China,Bolivia,bilateral,1286820081.0,US$1.3 billion
Bondholders,Bolivia,private,1850000000.0,US$1.9 billion
International Fund for Agricultural Dev.,Bolivia,multilateral,62546245.1,US$62.5 million
"Korea, Republic of",Bolivia,bilateral,32346000.0,US$32.3 million
Italy,Bolivia,bilateral,9928767.3,US$9.9 million
Corporacion Andina de Fomento,Bolivia,multilateral,2693237000.0,US$2.7 billion
"Venezuela, Republic Bolivarian",Bolivia,bilateral,481000.0,"US$481,000"
World Bank-IDA                         ,Bolivia,multilateral,700044000.0,US$700.0 million
India,Bolivia,bilateral,90909000.0,US$90.9 million
"Germany, Fed. Rep. of",Bolivia,private,0.0,US$0
OPEC Fund for International Dev.,Bolivia,multilateral,113322000.0,US$113.3 million
Multiple Lenders,Bolivia,private,3838068.2,US$3.8 million
Japan,Bolivia,bilateral,2968400.9,US$3.0 million
"Germany, Fed. Rep. of",Bolivia,bilateral,75292199.7,US$75.3 million
Brazil,Bolivia,bilateral,10213000.0,US$10.2 million
Nordic Development Fund,Bolivia,multilateral,11635639.5,US$11.6 million
Portugal,Bosnia and Herzegovina,bilateral,23009557.2,US$23.0 million
Austria,Bosnia and Herzegovina,private,16376180.7,US$16.4 million
"Germany, Fed. Rep. of",Bosnia and Herzegovina,bilateral,56214879.0,US$56.2 million
European Investment Bank,Bosnia and Herzegovina,multilateral,1336559243.7,US$1.3 billion
United States,Bosnia and Herzegovina,bilateral,1292000.0,US$1.3 million
Kuwait,Bosnia and Herzegovina,bilateral,63240785.9,US$63.2 million
Japan,Bosnia and Herzegovina,bilateral,85497275.2,US$85.5 million
Serbia,Bosnia and Herzegovina,bilateral,3729651.0,US$3.7 million
Council of Europe,Bosnia and Herzegovina,multilateral,99226846.1,US$99.2 million
European Bank for Reconstruction and Dev. (EBRD),Bosnia and Herzegovina,multilateral,616550788.5,US$616.6 million
Bondholders,Bosnia and Herzegovina,private,621967730.6,US$622.0 million
Saudi Arabia,Bosnia and Herzegovina,bilateral,52243200.0,US$52.2 million
OPEC Fund for International Dev.,Bosnia and Herzegovina,multilateral,99169237.5,US$99.2 million
Switzerland,Bosnia and Herzegovina,bilateral,18831599.9,US$18.8 million
International Fund for Agricultural Dev.,Bosnia and Herzegovina,multilateral,49119174.9,US$49.1 million
Poland,Bosnia and Herzegovina,bilateral,7144515.3,US$7.1 million
World Bank-IDA                         ,Bosnia and Herzegovina,multilateral,507750000.0,US$507.8 million
Spain,Bosnia and Herzegovina,bilateral,9038645.3,US$9.0 million
European Union,Bosnia and Herzegovina,multilateral,129862500.0,US$129.9 million
France,Bosnia and Herzegovina,bilateral,100846749.9,US$100.8 million
Italy,Bosnia and Herzegovina,bilateral,24423177.1,US$24.4 million
Austria,Bosnia and Herzegovina,bilateral,56796452.7,US$56.8 million
World Bank-IBRD                         ,Bosnia and Herzegovina,multilateral,743296000.0,US$743.3 million
China,Bosnia and Herzegovina,bilateral,29981615.1,US$30.0 million
Hungary,Bosnia and Herzegovina,bilateral,128233066.7,US$128.2 million
"Korea, Republic of",Bosnia and Herzegovina,bilateral,43336509.5,US$43.3 million
Belgium,Bosnia and Herzegovina,bilateral,3358879.1,US$3.4 million
International Fund for Agricultural Dev.,Botswana,multilateral,236000.0,"US$236,000"
Kuwait,Botswana,bilateral,2964767.0,US$3.0 million
World Bank-IBRD                         ,Botswana,multilateral,678077000.0,US$678.1 million
OPEC Fund for International Dev.,Botswana,multilateral,136993000.0,US$137.0 million
France,Botswana,bilateral,0.0,US$0
Nordic Investment Bank,Botswana,multilateral,5912771.2,US$5.9 million
World Bank-IDA                         ,Botswana,multilateral,0.0,US$0
Arab Bank for Economic Dev. in Africa (BADEA),Botswana,multilateral,7960000.0,US$8.0 million
Japan,Botswana,bilateral,116769869.1,US$116.8 million
European Development Fund (EDF),Botswana,multilateral,1693407.0,US$1.7 million
African Dev. Bank         ,Botswana,multilateral,900971841.2,US$901.0 million
Nordic Development Fund,Botswana,multilateral,355303.8,"US$355,304"
International Finance Corporation,Brazil,multilateral,27646688.3,US$27.6 million
Spain,Brazil,private,66685000.0,US$66.7 million
Canada,Brazil,private,215524000.0,US$215.5 million
Corporacion Andina de Fomento,Brazil,multilateral,2563550953.1,US$2.6 billion
Inter-American Dev. Bank      ,Brazil,multilateral,15194274000.0,US$15.2 billion
Plata Basin Financial Dev. Fund,Brazil,multilateral,300078653.9,US$300.1 million
Spain,Brazil,bilateral,304519000.0,US$304.5 million
United Kingdom,Brazil,private,2322116133.5,US$2.3 billion
France,Brazil,private,808092671.9,US$808.1 million
Bondholders,Brazil,private,49634461938.3,US$49.6 billion
Italy,Brazil,private,11874881.9,US$11.9 million
Japan,Brazil,private,415934630.4,US$415.9 million
Japan,Brazil,bilateral,429855569.8,US$429.9 million
World Bank-IBRD                         ,Brazil,multilateral,15130827000.0,US$15.1 billion
"Germany, Fed. Rep. of",Brazil,private,377020965.6,US$377.0 million
China,Brazil,private,50734000.0,US$50.7 million
France,Brazil,bilateral,1442865656.3,US$1.4 billion
Luxembourg,Brazil,private,250748888.4,US$250.7 million
China,Brazil,bilateral,2594778299.9,US$2.6 billion
European Investment Bank,Brazil,multilateral,269485168.8,US$269.5 million
Multiple Lenders,Brazil,private,15516656000.0,US$15.5 billion
Asian Infrastructure Investment Bank,Brazil,multilateral,30000000.0,US$30 million
Sweden,Brazil,bilateral,2055207777.9,US$2.1 billion
"Germany, Fed. Rep. of",Brazil,bilateral,556657113.3,US$556.7 million
International Fund for Agricultural Dev.,Brazil,multilateral,74838305.6,US$74.8 million
Austria,Brazil,private,7072654496.8,US$7.1 billion
Cayman Islands,Brazil,private,99000.0,"US$99,000"
Netherlands,Brazil,private,72605332000.0,US$72.6 billion
New Development Bank (NDB),Brazil,multilateral,2940785429.2,US$2.9 billion
United States,Brazil,private,1105870347.5,US$1.1 billion
Nordic Development Fund,Burkina Faso,multilateral,8602092.0,US$8.6 million
West African Development Bank - BOAD,Burkina Faso,multilateral,378749465.5,US$378.7 million
World Bank-IDA                         ,Burkina Faso,multilateral,2616134000.0,US$2.6 billion
"Cote D`Ivoire, Republic Of",Burkina Faso,private,0.0,US$0
"Cote D`Ivoire, Republic Of",Burkina Faso,bilateral,46721888.8,US$46.7 million
Togo,Burkina Faso,private,46533412.7,US$46.5 million
African Dev. Bank         ,Burkina Faso,multilateral,619257895.1,US$619.3 million
Belgium,Burkina Faso,bilateral,7797983.4,US$7.8 million
China,Burkina Faso,bilateral,98843965.4,US$98.8 million
United Arab Emirates,Burkina Faso,private,0.0,US$0
Islamic Dev. Bank,Burkina Faso,multilateral,520831221.2,US$520.8 million
United Arab Emirates,Burkina Faso,bilateral,2669026.5,US$2.7 million
Japan,Burkina Faso,bilateral,6664538.8,US$6.7 million
India,Burkina Faso,bilateral,3922000.0,US$3.9 million
Saudi Arabia,Burkina Faso,bilateral,33894933.2,US$33.9 million
Austria,Burkina Faso,private,8053552.8,US$8.1 million
OPEC Fund for International Dev.,Burkina Faso,multilateral,76229000.0,US$76.2 million
France,Burkina Faso,bilateral,178870529.7,US$178.9 million
International Fund for Agricultural Dev.,Burkina Faso,multilateral,131697580.2,US$131.7 million
Libya,Burkina Faso,bilateral,6460000.0,US$6.5 million
European Investment Bank,Burkina Faso,multilateral,45301234.5,US$45.3 million
Kuwait,Burkina Faso,bilateral,38110082.9,US$38.1 million
Multiple Lenders,Burkina Faso,private,3683000.0,US$3.7 million
Spain,Burkina Faso,bilateral,1614450.6,US$1.6 million
"Germany, Fed. Rep. of",Burkina Faso,private,0.0,US$0
United States,Burkina Faso,private,0.0,US$0
Economic Community of West African States (ECOWAS),Burkina Faso,multilateral,35612043.8,US$35.6 million
France,Burkina Faso,private,39840776.1,US$39.8 million
Arab Bank for Economic Dev. in Africa (BADEA),Burkina Faso,multilateral,165153977.6,US$165.2 million
Saudi Arabia,Burundi,bilateral,69717600.0,US$69.7 million
India,Burundi,bilateral,59567000.0,US$59.6 million
European Investment Bank,Burundi,multilateral,71894996.7,US$71.9 million
International Fund for Agricultural Dev.,Burundi,multilateral,26984131.8,US$27.0 million
Libya,Burundi,bilateral,4375000.0,US$4.4 million
African Dev. Bank         ,Burundi,multilateral,26202672.8,US$26.2 million
Kuwait,Burundi,bilateral,31290794.1,US$31.3 million
China,Burundi,bilateral,37242746.1,US$37.2 million
Arab Bank for Economic Dev. in Africa (BADEA),Burundi,multilateral,70682000.0,US$70.7 million
World Bank-IDA                         ,Burundi,multilateral,109468000.0,US$109.5 million
OPEC Fund for International Dev.,Burundi,multilateral,93805000.0,US$93.8 million
Belgium,Cabo Verde,bilateral,6630259.8,US$6.6 million
Belgium,Cabo Verde,private,1105389.6,US$1.1 million
Portugal,Cabo Verde,private,408691832.1,US$408.7 million
Portugal,Cabo Verde,bilateral,134781478.9,US$134.8 million
European Investment Bank,Cabo Verde,multilateral,26504416.8,US$26.5 million
France,Cabo Verde,bilateral,36143331.0,US$36.1 million
Japan,Cabo Verde,bilateral,62355569.7,US$62.4 million
African Dev. Bank         ,Cabo Verde,multilateral,359962023.3,US$360.0 million
Spain,Cabo Verde,bilateral,26468055.3,US$26.5 million
OPEC Fund for International Dev.,Cabo Verde,multilateral,16130553.2,US$16.1 million
World Bank-IDA                         ,Cabo Verde,multilateral,581941000.0,US$581.9 million
World Bank-IBRD                         ,Cabo Verde,multilateral,34472000.0,US$34.5 million
Austria,Cabo Verde,bilateral,6296772.9,US$6.3 million
Arab Bank for Economic Dev. in Africa (BADEA),Cabo Verde,multilateral,49403000.0,US$49.4 million
Austria,Cabo Verde,private,6168988.2,US$6.2 million
Nordic Development Fund,Cabo Verde,multilateral,1068086.3,US$1.1 million
Economic Community of West African States (ECOWAS),Cabo Verde,multilateral,12175400.8,US$12.2 million
Kuwait,Cabo Verde,bilateral,9761324.8,US$9.8 million
International Fund for Agricultural Dev.,Cabo Verde,multilateral,29763927.2,US$29.8 million
China,Cabo Verde,bilateral,20699665.8,US$20.7 million
Saudi Arabia,Cabo Verde,bilateral,14639733.3,US$14.6 million
"Germany, Fed. Rep. of",Cambodia,bilateral,14828219.7,US$14.8 million
Japan,Cambodia,bilateral,1252646026.0,US$1.3 billion
European Investment Bank,Cambodia,multilateral,110088735.5,US$110.1 million
OPEC Fund for International Dev.,Cambodia,multilateral,14369000.0,US$14.4 million
International Fund for Agricultural Dev.,Cambodia,multilateral,167074924.0,US$167.1 million
"Korea, Republic of",Cambodia,bilateral,672022017.2,US$672.0 million
Asian Infrastructure Investment Bank,Cambodia,multilateral,53902000.0,US$53.9 million
Asian Dev. Bank   ,Cambodia,multilateral,2572017000.0,US$2.6 billion
Russian Federation,Cambodia,bilateral,457776000.0,US$457.8 million
World Bank-IDA                         ,Cambodia,multilateral,1654182000.0,US$1.7 billion
Viet Nam,Cambodia,bilateral,8326000.0,US$8.3 million
United States,Cambodia,bilateral,162269000.0,US$162.3 million
Thailand,Cambodia,bilateral,54490245.1,US$54.5 million
Nordic Development Fund,Cambodia,multilateral,7312817.1,US$7.3 million
France,Cambodia,bilateral,641891812.3,US$641.9 million
China,Cambodia,bilateral,4067674232.1,US$4.1 billion
India,Cambodia,bilateral,7096000.0,US$7.1 million
Saudi Arabia,Cameroon,bilateral,10700533.4,US$10.7 million
Kuwait,Cameroon,bilateral,15330410.9,US$15.3 million
China,Cameroon,bilateral,3236293722.7,US$3.2 billion
African Dev. Bank         ,Cameroon,multilateral,1786743993.1,US$1.8 billion
United States,Cameroon,bilateral,25933000.0,US$25.9 million
France,Cameroon,private,10410816.9,US$10.4 million
International Fund for Agricultural Dev.,Cameroon,multilateral,109994131.7,US$110.0 million
China,Cameroon,private,68899000.0,US$68.9 million
United States,Cameroon,private,0.0,US$0
France,Cameroon,bilateral,954224455.5,US$954.2 million
Arab Bank for Economic Dev. in Africa (BADEA),Cameroon,multilateral,64216293.0,US$64.2 million
Dev. Bank of the Central African States (BDEAC),Cameroon,multilateral,34237451.6,US$34.2 million
United Arab Emirates,Cameroon,bilateral,0.0,US$0
European Development Fund (EDF),Cameroon,multilateral,5336829.3,US$5.3 million
United Kingdom,Cameroon,private,702164566.3,US$702.2 million
Belgium,Cameroon,private,43060327.2,US$43.1 million
Belgium,Cameroon,bilateral,9435289.8,US$9.4 million
Japan,Cameroon,bilateral,74701563.9,US$74.7 million
Turkiye,Cameroon,bilateral,84927000.0,US$84.9 million
"Germany, Fed. Rep. of",Cameroon,bilateral,22561791.3,US$22.6 million
European Investment Bank,Cameroon,multilateral,24193903.2,US$24.2 million
United Arab Emirates,Cameroon,private,67570056.0,US$67.6 million
OPEC Fund for International Dev.,Cameroon,multilateral,9759000.0,US$9.8 million
Switzerland,Cameroon,bilateral,305377.3,"US$305,377"
Bondholders,Cameroon,private,777479500.0,US$777.5 million
India,Cameroon,bilateral,126473000.0,US$126.5 million
Spain,Cameroon,bilateral,1395242.7,US$1.4 million
Austria,Cameroon,private,14240202.3,US$14.2 million
World Bank-IBRD                         ,Cameroon,multilateral,541936000.0,US$541.9 million
World Bank-IDA                         ,Cameroon,multilateral,2323469000.0,US$2.3 billion
African Export-Import Bank,Cameroon,multilateral,331885000.0,US$331.9 million
Norway,Cameroon,bilateral,20382179.1,US$20.4 million
Islamic Dev. Bank,Cameroon,multilateral,837405659.6,US$837.4 million
"Korea, Republic of",Cameroon,bilateral,65868247.6,US$65.9 million
"Germany, Fed. Rep. of",Cameroon,private,72991591.4,US$73.0 million
Spain,Cameroon,private,42014154.900000006,US$42.0 million
Russian Federation,Central African Republic,private,252000.0,"US$252,000"
Serbia,Central African Republic,private,981000.0,"US$981,000"
Dev. Bank of the Central African States (BDEAC),Central African Republic,multilateral,10818104.9,US$10.8 million
Equatorial Guinea,Central African Republic,bilateral,4751378.5,US$4.8 million
China,Central African Republic,bilateral,19180184.1,US$19.2 million
Mali,Central African Republic,bilateral,53.8,US$54
Argentina,Central African Republic,bilateral,10408000.0,US$10.4 million
Arab Bank for Economic Dev. in Africa (BADEA),Central African Republic,multilateral,15201000.0,US$15.2 million
Libya,Central African Republic,bilateral,11105841.0,US$11.1 million
Angola,Central African Republic,bilateral,20000000.0,US$20 million
OPEC Fund for International Dev.,Central African Republic,multilateral,9300000.0,US$9.3 million
Kuwait,Central African Republic,bilateral,20568274.1,US$20.6 million
Senegal,Central African Republic,bilateral,240.7,US$241
World Bank-IDA                         ,Central African Republic,multilateral,116762000.0,US$116.8 million
Iraq,Central African Republic,bilateral,2652000.0,US$2.7 million
"Congo, Rep.",Central African Republic,bilateral,253.4,US$253
International Fund for Agricultural Dev.,Central African Republic,multilateral,13689501.2,US$13.7 million
Chad,Central African Republic,bilateral,372.2,US$372
Saudi Arabia,Central African Republic,bilateral,72002400.0,US$72.0 million
India,Central African Republic,bilateral,42829000.0,US$42.8 million
France,Central African Republic,private,345953.7,"US$345,954"
Cameroon,Central African Republic,bilateral,479.9,US$480
France,Central African Republic,bilateral,3167606.1,US$3.2 million
Multiple Lenders,Central African Republic,bilateral,60000000.0,US$60 million
"Cote D`Ivoire, Republic Of",Central African Republic,bilateral,205.9,US$206
Benin,Central African Republic,bilateral,68245.6,"US$68,246"
African Dev. Bank         ,Central African Republic,multilateral,4693580.6,US$4.7 million
European Investment Bank,Chad,multilateral,15583500.0,US$15.6 million
Arab Fund for Economic & Social Development,Chad,multilateral,299000.0,"US$299,000"
Saudi Arabia,Chad,bilateral,50981866.7,US$51.0 million
Saudi Arabia,Chad,private,2500000.0,US$2.5 million
Belgium,Chad,bilateral,14237085.6,US$14.2 million
International Fund for Agricultural Dev.,Chad,multilateral,15058745.4,US$15.1 million
Equatorial Guinea,Chad,bilateral,23756892.6,US$23.8 million
China,Chad,bilateral,208267677.9,US$208.3 million
United Arab Emirates,Chad,bilateral,650000000.0,US$650 million
Arab Bank for Economic Dev. in Africa (BADEA),Chad,multilateral,85094000.0,US$85.1 million
World Bank-IDA                         ,Chad,multilateral,139732000.0,US$139.7 million
Dev. Bank of the Central African States (BDEAC),Chad,multilateral,267219363.5,US$267.2 million
Kuwait,Chad,bilateral,11631758.4,US$11.6 million
France,Chad,bilateral,96117989.1,US$96.1 million
Cameroon,Chad,bilateral,22625610.0,US$22.6 million
United Kingdom,Chad,private,190837000.0,US$190.8 million
Multiple Lenders,Chad,bilateral,8000000.0,US$8 million
India,Chad,bilateral,34427000.0,US$34.4 million
Angola,Chad,bilateral,74603000.0,US$74.6 million
OPEC Fund for International Dev.,Chad,multilateral,23808000.0,US$23.8 million
Libya,Chad,bilateral,245780000.0,US$245.8 million
African Dev. Bank         ,Chad,multilateral,108394453.8,US$108.4 million
"Congo, Rep.",Chad,bilateral,49572715.9,US$49.6 million
Islamic Dev. Bank,Chad,multilateral,105209708.1,US$105.2 million
"Germany, Fed. Rep. of",China,bilateral,172752032.1,US$172.8 million
United States,China,private,8699000.0,US$8.7 million
World Bank-IBRD                         ,China,multilateral,14685262000.0,US$14.7 billion
"Germany, Fed. Rep. of",China,private,0.0,US$0
Spain,China,bilateral,16528034.1,US$16.5 million
European Investment Bank,China,multilateral,543122375.4,US$543.1 million
Multiple Lenders,China,private,126515238475.5,US$126.5 billion
France,China,bilateral,5654732.7,US$5.7 million
France,China,private,345425.2,"US$345,425"
Japan,China,private,10130000.0,US$10.1 million
Spain,China,private,3609603.5,US$3.6 million
Japan,China,bilateral,4451394829.3,US$4.5 billion
Multiple Lenders,China,bilateral,5615525000.0,US$5.6 billion
Kuwait,China,bilateral,915606429.6,US$915.6 million
World Bank-IDA                         ,China,multilateral,1421000.0,US$1.4 million
Bondholders,China,private,333548462739.7,US$333.5 billion
Belgium,China,private,660633.0,"US$660,633"
Netherlands,China,bilateral,0.0,US$0
United Kingdom,China,private,9029000.0,US$9.0 million
Italy,China,private,0.0,US$0
Canada,China,bilateral,130932589.4,US$130.9 million
Denmark,China,private,0.0,US$0
Asian Dev. Bank   ,China,multilateral,17478157000.0,US$17.5 billion
Central American Bank for Econ. Integration (BCIE),Colombia,multilateral,500000000.0,US$500 million
International Fund for Agricultural Dev.,Colombia,multilateral,22112756.3,US$22.1 million
OPEC Fund for International Dev.,Colombia,multilateral,158667000.0,US$158.7 million
Nordic Development Fund,Colombia,multilateral,535000.0,"US$535,000"
Inter-American Dev. Bank      ,Colombia,multilateral,11838717000.0,US$11.8 billion
France,Colombia,private,11750000.0,US$11.8 million
"Korea, Republic of",Colombia,bilateral,24955000.0,US$25.0 million
Peru,Colombia,private,53000000.0,US$53 million
"Korea, Republic of",Colombia,private,9000000.0,US$9 million
"Germany, Fed. Rep. of",Colombia,bilateral,1812915979.9,US$1.8 billion
"Germany, Fed. Rep. of",Colombia,private,21340000.0,US$21.3 million
Japan,Colombia,private,139075000.0,US$139.1 million
France,Colombia,bilateral,2711955180.4,US$2.7 billion
Japan,Colombia,bilateral,13334000.0,US$13.3 million
Panama,Colombia,private,81275000.0,US$81.3 million
European Investment Bank,Colombia,multilateral,0.0,US$0
International Finance Corporation,Colombia,multilateral,111084801.3,US$111.1 million
Corporacion Andina de Fomento,Colombia,multilateral,3569278000.0,US$3.6 billion
Brazil,Colombia,bilateral,92393000.0,US$92.4 million
World Bank-IBRD                         ,Colombia,multilateral,16238346000.0,US$16.2 billion
Bondholders,Colombia,private,61780620171.4,US$61.8 billion
Switzerland,Colombia,private,1113941000.0,US$1.1 billion
Spain,Colombia,bilateral,10971000.0,US$11.0 million
United States,Colombia,private,5938917710.8,US$5.9 billion
United States,Colombia,bilateral,370575000.0,US$370.6 million
Arab Bank for Economic Dev. in Africa (BADEA),Comoros,multilateral,28347000.0,US$28.3 million
France,Comoros,bilateral,2160912.0,US$2.2 million
Eastern & Southern African Trade & Dev. Bank (TDB),Comoros,multilateral,14303575.2,US$14.3 million
China,Comoros,bilateral,89859025.7,US$89.9 million
India,Comoros,bilateral,28883000.0,US$28.9 million
Islamic Dev. Bank,Comoros,multilateral,13814696.5,US$13.8 million
World Bank-IDA                         ,Comoros,multilateral,56828000.0,US$56.8 million
Saudi Arabia,Comoros,bilateral,38897866.7,US$38.9 million
Kuwait,Comoros,bilateral,22666017.2,US$22.7 million
Bahrain,Comoros,private,0.0,US$0
African Dev. Bank         ,Comoros,multilateral,13986843.8,US$14.0 million
OPEC Fund for International Dev.,Comoros,multilateral,6569000.0,US$6.6 million
International Fund for Agricultural Dev.,Comoros,multilateral,7658766.9,US$7.7 million
Kuwait,"Congo, Dem. Rep.",bilateral,29866960.4,US$29.9 million
United Kingdom,"Congo, Dem. Rep.",private,0.0,US$0
International Fund for Agricultural Dev.,"Congo, Dem. Rep.",multilateral,5133000.0,US$5.1 million
Islamic Dev. Bank,"Congo, Dem. Rep.",multilateral,205363000.0,US$205.4 million
Uganda,"Congo, Dem. Rep.",private,681000.0,"US$681,000"
India,"Congo, Dem. Rep.",bilateral,122850000.0,US$122.8 million
China,"Congo, Dem. Rep.",bilateral,3520536189.8,US$3.5 billion
Netherlands,"Congo, Dem. Rep.",private,30000000.0,US$30 million
Panama,"Congo, Dem. Rep.",private,0.0,US$0
Greece,"Congo, Dem. Rep.",bilateral,2032000.0,US$2.0 million
Dev. Bank of the Central African States (BDEAC),"Congo, Dem. Rep.",multilateral,4949190.9,US$4.9 million
Greece,"Congo, Dem. Rep.",private,446000.0,"US$446,000"
"Cote D`Ivoire, Republic Of","Congo, Dem. Rep.",private,20000000.0,US$20 million
European Investment Bank,"Congo, Dem. Rep.",multilateral,34157993.1,US$34.2 million
France,"Congo, Dem. Rep.",bilateral,8816105.4,US$8.8 million
Arab Bank for Economic Dev. in Africa (BADEA),"Congo, Dem. Rep.",multilateral,26933000.0,US$26.9 million
Angola,"Congo, Dem. Rep.",bilateral,20000000.0,US$20 million
World Bank-IDA                         ,"Congo, Dem. Rep.",multilateral,3452865000.0,US$3.5 billion
Belgium,"Congo, Dem. Rep.",private,19409000.0,US$19.4 million
Namibia,"Congo, Dem. Rep.",bilateral,1146769.0,US$1.1 million
African Dev. Bank         ,"Congo, Dem. Rep.",multilateral,326320566.6,US$326.3 million
"Korea, Republic of","Congo, Dem. Rep.",bilateral,51411146.3,US$51.4 million
Saudi Arabia,"Congo, Dem. Rep.",bilateral,10271200.0,US$10.3 million
OPEC Fund for International Dev.,"Congo, Dem. Rep.",multilateral,31443000.0,US$31.4 million
Romania,"Congo, Dem. Rep.",bilateral,254000.0,"US$254,000"
United States,"Congo, Dem. Rep.",private,0.0,US$0
France,"Congo, Rep.",private,4491597.7,US$4.5 million
Turkiye,"Congo, Rep.",private,0.0,US$0
China,"Congo, Rep.",bilateral,1592656609.1,US$1.6 billion
China,"Congo, Rep.",private,1380691000.0,US$1.4 billion
Kuwait,"Congo, Rep.",bilateral,53937327.6,US$53.9 million
Dev. Bank of the Central African States (BDEAC),"Congo, Rep.",multilateral,72861146.3,US$72.9 million
European Development Fund (EDF),"Congo, Rep.",multilateral,1694445.9,US$1.7 million
Switzerland,"Congo, Rep.",private,0.0,US$0
Saudi Arabia,"Congo, Rep.",bilateral,78802666.7,US$78.8 million
Libya,"Congo, Rep.",bilateral,7000000.0,US$7 million
Bondholders,"Congo, Rep.",private,158865000.0,US$158.9 million
Angola,"Congo, Rep.",bilateral,28636000.0,US$28.6 million
Netherlands,"Congo, Rep.",private,175000000.0,US$175 million
OPEC Fund for International Dev.,"Congo, Rep.",multilateral,2535000.0,US$2.5 million
World Bank-IBRD                         ,"Congo, Rep.",multilateral,221576000.0,US$221.6 million
European Investment Bank,"Congo, Rep.",multilateral,197391.0,"US$197,391"
World Bank-IDA                         ,"Congo, Rep.",multilateral,523900000.0,US$523.9 million
European Economic Community (EEC),"Congo, Rep.",multilateral,0.0,US$0
African Export-Import Bank,"Congo, Rep.",multilateral,0.0,US$0
African Dev. Bank         ,"Congo, Rep.",multilateral,483809168.7,US$483.8 million
India,"Congo, Rep.",bilateral,78021000.0,US$78.0 million
Brazil,"Congo, Rep.",bilateral,75685000.0,US$75.7 million
Arab Bank for Economic Dev. in Africa (BADEA),"Congo, Rep.",multilateral,9607000.0,US$9.6 million
France,"Congo, Rep.",bilateral,212273242.5,US$212.3 million
United Arab Emirates,"Congo, Rep.",bilateral,9534377.1,US$9.5 million
United Arab Emirates,"Congo, Rep.",private,371926.2,"US$371,926"
Belgium,"Congo, Rep.",bilateral,75005463.3,US$75.0 million
International Fund for Agricultural Dev.,"Congo, Rep.",multilateral,21844255.0,US$21.8 million
Russian Federation,"Congo, Rep.",bilateral,31939000.0,US$31.9 million
Turkiye,"Congo, Rep.",bilateral,33401673.9,US$33.4 million
Asian Infrastructure Investment Bank,Cote d'Ivoire,multilateral,99032103.6,US$99.0 million
United States,Cote d'Ivoire,bilateral,954000.0,"US$954,000"
United States,Cote d'Ivoire,private,136355625.0,US$136.4 million
"Germany, Fed. Rep. of",Cote d'Ivoire,private,455218968.6,US$455.2 million
Japan,Cote d'Ivoire,bilateral,239451005.4,US$239.5 million
South Africa,Cote d'Ivoire,private,75840738.9,US$75.8 million
South Africa,Cote d'Ivoire,bilateral,73810728.3,US$73.8 million
Belgium,Cote d'Ivoire,private,285172855.5,US$285.2 million
"Korea, Republic of",Cote d'Ivoire,bilateral,35171000.0,US$35.2 million
Russian Federation,Cote d'Ivoire,private,15514932.6,US$15.5 million
Spain,Cote d'Ivoire,bilateral,14370064.8,US$14.4 million
West African Development Bank - BOAD,Cote d'Ivoire,multilateral,388747443.3,US$388.7 million
Czechia,Cote d'Ivoire,private,104701380.9,US$104.7 million
"Germany, Fed. Rep. of",Cote d'Ivoire,bilateral,224500056.6,US$224.5 million
United Kingdom,Cote d'Ivoire,private,1189718151.9,US$1.2 billion
Economic Community of West African States (ECOWAS),Cote d'Ivoire,multilateral,195360613.6,US$195.4 million
France,Cote d'Ivoire,private,2607991187.1,US$2.6 billion
France,Cote d'Ivoire,bilateral,1278558646.5,US$1.3 billion
Japan,Cote d'Ivoire,private,846992314.2,US$847.0 million
Kuwait,Cote d'Ivoire,bilateral,36691021.3,US$36.7 million
Austria,Cote d'Ivoire,bilateral,0.0,US$0
Mauritius,Cote d'Ivoire,private,9948506.4,US$9.9 million
Africa Finance Corporation,Cote d'Ivoire,private,170930733.0,US$170.9 million
Saudi Arabia,Cote d'Ivoire,bilateral,24254737.2,US$24.3 million
China,Cote d'Ivoire,private,338079876.9,US$338.1 million
China,Cote d'Ivoire,bilateral,3771748998.2,US$3.8 billion
United Arab Emirates,Cote d'Ivoire,private,25897699.2,US$25.9 million
Bondholders,Cote d'Ivoire,private,10612870429.4,US$10.6 billion
India,Cote d'Ivoire,bilateral,130239000.0,US$130.2 million
United Arab Emirates,Cote d'Ivoire,bilateral,0.0,US$0
Israel,Cote d'Ivoire,private,319056579.0,US$319.1 million
Islamic Dev. Bank,Cote d'Ivoire,multilateral,850006368.4,US$850.0 million
Arab Bank for Economic Dev. in Africa (BADEA),Cote d'Ivoire,multilateral,97679000.0,US$97.7 million
European Investment Bank,Cote d'Ivoire,multilateral,134462749.2,US$134.5 million
African Dev. Bank         ,Cote d'Ivoire,multilateral,1383725964.7,US$1.4 billion
International Fund for Agricultural Dev.,Cote d'Ivoire,multilateral,39462764.5,US$39.5 million
OPEC Fund for International Dev.,Cote d'Ivoire,multilateral,158591000.0,US$158.6 million
African Export-Import Bank,Cote d'Ivoire,multilateral,0.0,US$0
World Bank-IBRD                         ,Cote d'Ivoire,multilateral,161496000.0,US$161.5 million
World Bank-IDA                         ,Cote d'Ivoire,multilateral,4716407000.0,US$4.7 billion
Morocco,Cote d'Ivoire,private,0.0,US$0
"Iran, Islamic Republic Of",Djibouti,bilateral,9204654.0,US$9.2 million
Netherlands,Djibouti,bilateral,78255142.5,US$78.3 million
OPEC Fund for International Dev.,Djibouti,multilateral,23444000.0,US$23.4 million
European Investment Bank,Djibouti,multilateral,232713.6,"US$232,714"
African Export-Import Bank,Djibouti,multilateral,141663000.0,US$141.7 million
India,Djibouti,bilateral,38571000.0,US$38.6 million
World Bank-IDA                         ,Djibouti,multilateral,295538000.0,US$295.5 million
Islamic Dev. Bank,Djibouti,multilateral,129158054.1,US$129.2 million
Kuwait,Djibouti,bilateral,163263516.8,US$163.3 million
African Dev. Bank         ,Djibouti,multilateral,109311260.5,US$109.3 million
Spain,Djibouti,bilateral,3904000.0,US$3.9 million
Saudi Arabia,Djibouti,bilateral,102756533.3,US$102.8 million
Belgium,Djibouti,bilateral,279464.1,"US$279,464"
Turkiye,Djibouti,bilateral,6954000.0,US$7.0 million
China,Djibouti,bilateral,1412431582.2,US$1.4 billion
Italy,Djibouti,bilateral,47696937.9,US$47.7 million
Arab Fund for Economic & Social Development,Djibouti,multilateral,197068197.4,US$197.1 million
International Fund for Agricultural Dev.,Djibouti,multilateral,21015860.9,US$21.0 million
United Arab Emirates,Djibouti,bilateral,11748672.6,US$11.7 million
France,Djibouti,bilateral,2040399.6,US$2.0 million
International Fund for Agricultural Dev.,Dominica,multilateral,220398.8,"US$220,399"
Caribbean Dev. Bank,Dominica,multilateral,98099588.0,US$98.1 million
Kuwait,Dominica,bilateral,0.0,US$0
OPEC Fund for International Dev.,Dominica,multilateral,9643000.0,US$9.6 million
World Bank-IDA                         ,Dominica,multilateral,166614000.0,US$166.6 million
Belize,Dominica,bilateral,1000000.0,US$1 million
Bondholders,Dominica,private,25093999.9,US$25.1 million
European Investment Bank,Dominica,multilateral,599000.0,"US$599,000"
Grenada,Dominica,private,0.0,US$0
France,Dominica,bilateral,8589956.3,US$8.6 million
"Venezuela, Republic Bolivarian",Dominica,bilateral,4018000.0,US$4.0 million
St. Vincent & The Grenadines,Dominica,private,0.0,US$0
Trinidad & Tobago,Dominica,private,3505185.2,US$3.5 million
Multiple Lenders,Dominica,bilateral,131000.0,"US$131,000"
China,Dominica,bilateral,17067486.8,US$17.1 million
St. Kitts And Nevis,Dominica,private,0.0,US$0
Saudi Arabia,Dominica,bilateral,0.0,US$0
United Kingdom,Dominica,bilateral,1142000.0,US$1.1 million
Barbados,Dominica,private,582222.2,"US$582,222"
United States,Dominica,private,2465925.9,US$2.5 million
Barbados,Dominica,bilateral,0.0,US$0
St. Lucia,Dominica,private,336296.3,"US$336,296"
Caribbean Community (CARICOM),Dominica,multilateral,499000.0,"US$499,000"
International Fund for Agricultural Dev.,Dominican Republic,multilateral,20139273.0,US$20.1 million
France,Dominican Republic,private,37279887.6,US$37.3 million
France,Dominican Republic,bilateral,1269716232.5,US$1.3 billion
European Investment Bank,Dominican Republic,multilateral,23795000.0,US$23.8 million
United Kingdom,Dominican Republic,private,48903000.0,US$48.9 million
Bondholders,Dominican Republic,private,30459217425.0,US$30.5 billion
Central American Bank for Econ. Integration (BCIE),Dominican Republic,multilateral,724297000.0,US$724.3 million
Italy,Dominican Republic,private,139052000.0,US$139.1 million
Brazil,Dominican Republic,bilateral,29817000.0,US$29.8 million
Japan,Dominican Republic,bilateral,200044685.6,US$200.0 million
Norway,Dominican Republic,bilateral,0.0,US$0
Inter-American Dev. Bank      ,Dominican Republic,multilateral,4211829000.0,US$4.2 billion
Nordic Development Fund,Dominican Republic,multilateral,3711544.6,US$3.7 million
"Venezuela, Republic Bolivarian",Dominican Republic,bilateral,61701000.0,US$61.7 million
World Bank-IBRD                         ,Dominican Republic,multilateral,1929510000.0,US$1.9 billion
China,Dominican Republic,bilateral,303000.0,"US$303,000"
Spain,Dominican Republic,private,67191651.0,US$67.2 million
"Germany, Fed. Rep. of",Dominican Republic,bilateral,16633827.9,US$16.6 million
Belgium,Dominican Republic,private,1082533.8,US$1.1 million
OPEC Fund for International Dev.,Dominican Republic,multilateral,117165000.0,US$117.2 million
Denmark,Dominican Republic,private,0.0,US$0
Canada,Dominican Republic,bilateral,135699.4,"US$135,699"
Corporacion Andina de Fomento,Dominican Republic,multilateral,442637000.0,US$442.6 million
"Korea, Republic of",Dominican Republic,bilateral,23273942.8,US$23.3 million
Spain,Dominican Republic,bilateral,78132664.8,US$78.1 million
Finland,East Asia & Pacific (excluding high income),private,33676511.9,US$33.7 million
Malaysia,East Asia & Pacific (excluding high income),private,50000000.0,US$50 million
United Arab Emirates,East Asia & Pacific (excluding high income),bilateral,0.0,US$0
Malaysia,East Asia & Pacific (excluding high income),bilateral,42000000.0,US$42 million
European Economic Community (EEC),East Asia & Pacific (excluding high income),multilateral,5612475.5,US$5.6 million
Poland,East Asia & Pacific (excluding high income),bilateral,85684316.4,US$85.7 million
Multiple Lenders,East Asia & Pacific (excluding high income),private,127023248948.4,US$127.0 billion
Spain,East Asia & Pacific (excluding high income),private,43869248.0,US$43.9 million
United Kingdom,East Asia & Pacific (excluding high income),private,475562545.6,US$475.6 million
United Kingdom,East Asia & Pacific (excluding high income),bilateral,34145868.1,US$34.1 million
Austria,East Asia & Pacific (excluding high income),private,549544855.2,US$549.5 million
Austria,East Asia & Pacific (excluding high income),bilateral,189222129.3,US$189.2 million
Spain,East Asia & Pacific (excluding high income),bilateral,163559303.8,US$163.6 million
Multiple Lenders,East Asia & Pacific (excluding high income),bilateral,5617230000.0,US$5.6 billion
Australia,East Asia & Pacific (excluding high income),private,101915281.0,US$101.9 million
Australia,East Asia & Pacific (excluding high income),bilateral,2708375411.1,US$2.7 billion
Belarus,East Asia & Pacific (excluding high income),bilateral,10771315.2,US$10.8 million
Finland,East Asia & Pacific (excluding high income),bilateral,1320441.9,US$1.3 million
"Germany, Fed. Rep. of",East Asia & Pacific (excluding high income),private,221758399.5,US$221.8 million
France,East Asia & Pacific (excluding high income),private,4142018306.1,US$4.1 billion
Viet Nam,East Asia & Pacific (excluding high income),bilateral,121641000.0,US$121.6 million
Singapore,East Asia & Pacific (excluding high income),private,1337833692.4,US$1.3 billion
Norway,East Asia & Pacific (excluding high income),bilateral,60996000.0,US$61.0 million
Denmark,East Asia & Pacific (excluding high income),bilateral,9506973.9,US$9.5 million
Italy,East Asia & Pacific (excluding high income),private,17502348.3,US$17.5 million
Italy,East Asia & Pacific (excluding high income),bilateral,57699467.1,US$57.7 million
Hong Kong,East Asia & Pacific (excluding high income),private,1447084219.7,US$1.4 billion
Denmark,East Asia & Pacific (excluding high income),private,4072488.0,US$4.1 million
World Bank-IBRD                         ,East Asia & Pacific (excluding high income),multilateral,53653591000.0,US$53.7 billion
Sweden,East Asia & Pacific (excluding high income),private,8571000.0,US$8.6 million
Hungary,East Asia & Pacific (excluding high income),bilateral,207060781.6,US$207.1 million
Sweden,East Asia & Pacific (excluding high income),bilateral,156335905.2,US$156.3 million
Israel,East Asia & Pacific (excluding high income),private,7142000.0,US$7.1 million
Algeria,East Asia & Pacific (excluding high income),bilateral,19061000.0,US$19.1 million
China,East Asia & Pacific (excluding high income),private,1326816849.6,US$1.3 billion
China,East Asia & Pacific (excluding high income),bilateral,15749952287.2,US$15.7 billion
India,East Asia & Pacific (excluding high income),bilateral,522983774.9,US$523.0 million
OPEC Fund for International Dev.,East Asia & Pacific (excluding high income),multilateral,145547000.0,US$145.5 million
Islamic Dev. Bank,East Asia & Pacific (excluding high income),multilateral,1099082385.0,US$1.1 billion
Serbia,East Asia & Pacific (excluding high income),private,33421000.0,US$33.4 million
World Bank-IDA                         ,East Asia & Pacific (excluding high income),multilateral,17646231000.0,US$17.6 billion
Saudi Arabia,East Asia & Pacific (excluding high income),bilateral,125539999.9,US$125.5 million
Bondholders,East Asia & Pacific (excluding high income),private,580997888959.5,US$581.0 billion
Cayman Islands,East Asia & Pacific (excluding high income),private,2788750721.4,US$2.8 billion
International Fund for Agricultural Dev.,East Asia & Pacific (excluding high income),multilateral,921729768.0,US$921.7 million
France,East Asia & Pacific (excluding high income),bilateral,4188428534.2,US$4.2 billion
Japan,East Asia & Pacific (excluding high income),private,1254926000.0,US$1.3 billion
Japan,East Asia & Pacific (excluding high income),bilateral,39322741322.7,US$39.3 billion
Switzerland,East Asia & Pacific (excluding high income),bilateral,14323965.5,US$14.3 million
Czechia,East Asia & Pacific (excluding high income),bilateral,152906000.0,US$152.9 million
Czechia,East Asia & Pacific (excluding high income),private,247861800.9,US$247.9 million
Kuwait,East Asia & Pacific (excluding high income),bilateral,988335768.8,US$988.3 million
Netherlands,East Asia & Pacific (excluding high income),bilateral,15433898.4,US$15.4 million
Asian Infrastructure Investment Bank,East Asia & Pacific (excluding high income),multilateral,6492554342.4,US$6.5 billion
Netherlands,East Asia & Pacific (excluding high income),private,104696186.4,US$104.7 million
"Korea, Republic of",East Asia & Pacific (excluding high income),private,9562000.0,US$9.6 million
"Korea, Republic of",East Asia & Pacific (excluding high income),bilateral,3879292928.3,US$3.9 billion
Asian Dev. Bank   ,East Asia & Pacific (excluding high income),multilateral,64270856000.0,US$64.3 billion
United States,East Asia & Pacific (excluding high income),bilateral,262065000.0,US$262.1 million
United States,East Asia & Pacific (excluding high income),private,432734000.0,US$432.7 million
European Development Fund (EDF),East Asia & Pacific (excluding high income),multilateral,15172568.5,US$15.2 million
Nordic Investment Bank,East Asia & Pacific (excluding high income),multilateral,1032000.0,US$1.0 million
Canada,East Asia & Pacific (excluding high income),bilateral,153555414.8,US$153.6 million
Belgium,East Asia & Pacific (excluding high income),bilateral,16223462.4,US$16.2 million
Russian Federation,East Asia & Pacific (excluding high income),bilateral,2161617000.0,US$2.2 billion
Belgium,East Asia & Pacific (excluding high income),private,6275887.5,US$6.3 million
"Korea, D.P.R. of",East Asia & Pacific (excluding high income),bilateral,0.0,US$0
European Bank for Reconstruction and Dev. (EBRD),East Asia & Pacific (excluding high income),multilateral,101403000.0,US$101.4 million
Thailand,East Asia & Pacific (excluding high income),private,12647000.0,US$12.6 million
"Germany, Fed. Rep. of",East Asia & Pacific (excluding high income),bilateral,4967671083.4,US$5.0 billion
European Investment Bank,East Asia & Pacific (excluding high income),multilateral,964274384.0,US$964.3 million
Thailand,East Asia & Pacific (excluding high income),bilateral,756483063.4,US$756.5 million
Nordic Development Fund,East Asia & Pacific (excluding high income),multilateral,109344478.3,US$109.3 million
Canada,East Asia & Pacific (excluding high income),private,0.0,US$0
Belgium,Ecuador,bilateral,1490821.5,US$1.5 million
Norway,Ecuador,bilateral,187002.0,"US$187,002"
Bondholders,Ecuador,private,14496740000.0,US$14.5 billion
European Investment Bank,Ecuador,multilateral,529085167.0,US$529.1 million
Asian Infrastructure Investment Bank,Ecuador,multilateral,50000000.0,US$50 million
France,Ecuador,bilateral,870912929.0,US$870.9 million
Ireland,Ecuador,private,1656022000.0,US$1.7 billion
Russian Federation,Ecuador,bilateral,80090000.0,US$80.1 million
Canada,Ecuador,bilateral,56316631.9,US$56.3 million
United States,Ecuador,bilateral,3337000.0,US$3.3 million
"Korea, Republic of",Ecuador,bilateral,72850642.9,US$72.9 million
Japan,Ecuador,private,0.0,US$0
Japan,Ecuador,bilateral,235871521.9,US$235.9 million
International Fund for Agricultural Dev.,Ecuador,multilateral,43174037.7,US$43.2 million
Inter-American Dev. Bank      ,Ecuador,multilateral,8983731000.0,US$9.0 billion
Colombia,Ecuador,private,308000000.0,US$308 million
Italy,Ecuador,private,404132.1,"US$404,132"
United Kingdom,Ecuador,private,23167066.8,US$23.2 million
Italy,Ecuador,bilateral,9083102.7,US$9.1 million
Corporacion Andina de Fomento,Ecuador,multilateral,4068088000.0,US$4.1 billion
"Germany, Fed. Rep. of",Ecuador,bilateral,18402035.7,US$18.4 million
Austria,Ecuador,private,12531211.8,US$12.5 million
Spain,Ecuador,private,22227000.0,US$22.2 million
China,Ecuador,bilateral,2712107438.8,US$2.7 billion
World Bank-IBRD                         ,Ecuador,multilateral,6284835000.0,US$6.3 billion
Spain,Ecuador,bilateral,216473114.9,US$216.5 million
"Germany, Fed. Rep. of","Egypt, Arab Rep.",private,197373260.9,US$197.4 million
African Dev. Bank         ,"Egypt, Arab Rep.",multilateral,2621534914.6,US$2.6 billion
African Export-Import Bank,"Egypt, Arab Rep.",multilateral,3755625000.0,US$3.8 billion
Islamic Dev. Bank,"Egypt, Arab Rep.",multilateral,1203134562.3,US$1.2 billion
Switzerland,"Egypt, Arab Rep.",private,272729950.2,US$272.7 million
Switzerland,"Egypt, Arab Rep.",bilateral,0.0,US$0
International Finance Corporation,"Egypt, Arab Rep.",multilateral,254750000.0,US$254.8 million
Japan,"Egypt, Arab Rep.",private,0.0,US$0
China,"Egypt, Arab Rep.",bilateral,3582890244.3,US$3.6 billion
China,"Egypt, Arab Rep.",private,2323994000.0,US$2.3 billion
Japan,"Egypt, Arab Rep.",bilateral,2449322534.5,US$2.4 billion
Hungary,"Egypt, Arab Rep.",bilateral,721462027.2,US$721.5 million
World Bank-IBRD                         ,"Egypt, Arab Rep.",multilateral,12194251000.0,US$12.2 billion
Arab Fund for Economic & Social Development,"Egypt, Arab Rep.",multilateral,2116795369.5,US$2.1 billion
Denmark,"Egypt, Arab Rep.",private,316864.5,"US$316,864"
Italy,"Egypt, Arab Rep.",private,403231373.7,US$403.2 million
"Germany, Fed. Rep. of","Egypt, Arab Rep.",bilateral,3494553124.5,US$3.5 billion
Denmark,"Egypt, Arab Rep.",bilateral,11707149.8,US$11.7 million
Italy,"Egypt, Arab Rep.",bilateral,31166430.4,US$31.2 million
Hong Kong,"Egypt, Arab Rep.",private,300000000.0,US$300 million
OPEC Fund for International Dev.,"Egypt, Arab Rep.",multilateral,300957000.0,US$301.0 million
Arab Monetary Fund,"Egypt, Arab Rep.",multilateral,930471987.7,US$930.5 million
Russian Federation,"Egypt, Arab Rep.",bilateral,4082204296.7,US$4.1 billion
Saudi Arabia,"Egypt, Arab Rep.",bilateral,6488493599.8,US$6.5 billion
Multiple Lenders,"Egypt, Arab Rep.",private,7116245885.3,US$7.1 billion
Multiple Lenders,"Egypt, Arab Rep.",multilateral,83992000.0,US$84.0 million
UN-General Assembly (UNGA),"Egypt, Arab Rep.",multilateral,3571000.0,US$3.6 million
United Arab Emirates,"Egypt, Arab Rep.",bilateral,90711553.4,US$90.7 million
United Arab Emirates,"Egypt, Arab Rep.",private,3619099000.0,US$3.6 billion
European Union,"Egypt, Arab Rep.",multilateral,1038900000.0,US$1.0 billion
Luxembourg,"Egypt, Arab Rep.",private,63826000.0,US$63.8 million
Bahrain,"Egypt, Arab Rep.",private,514350325.7,US$514.4 million
Austria,"Egypt, Arab Rep.",private,20670993.3,US$20.7 million
Spain,"Egypt, Arab Rep.",private,134018.1,"US$134,018"
Spain,"Egypt, Arab Rep.",bilateral,284444556.6,US$284.4 million
International Fund for Agricultural Dev.,"Egypt, Arab Rep.",multilateral,126669207.5,US$126.7 million
United Kingdom,"Egypt, Arab Rep.",bilateral,50000000.0,US$50 million
European Investment Bank,"Egypt, Arab Rep.",multilateral,4121052277.4,US$4.1 billion
United Kingdom,"Egypt, Arab Rep.",private,522328000.0,US$522.3 million
France,"Egypt, Arab Rep.",private,1808633848.8,US$1.8 billion
European Bank for Reconstruction and Dev. (EBRD),"Egypt, Arab Rep.",multilateral,1364832835.9,US$1.4 billion
Belgium,"Egypt, Arab Rep.",private,62877000.0,US$62.9 million
Africa Finance Corporation,"Egypt, Arab Rep.",private,1000000000.0,US$1 billion
Canada,"Egypt, Arab Rep.",bilateral,317179297.6,US$317.2 million
United States,"Egypt, Arab Rep.",private,574500000.0,US$574.5 million
United States,"Egypt, Arab Rep.",bilateral,94749000.0,US$94.7 million
France,"Egypt, Arab Rep.",bilateral,1574585180.3,US$1.6 billion
World Bank-IDA                         ,"Egypt, Arab Rep.",multilateral,100810000.0,US$100.8 million
South Africa,"Egypt, Arab Rep.",private,500000000.0,US$500 million
Netherlands,"Egypt, Arab Rep.",bilateral,14584078.2,US$14.6 million
"Korea, Republic of","Egypt, Arab Rep.",bilateral,426565721.2,US$426.6 million
Bondholders,"Egypt, Arab Rep.",private,27307602259.0,US$27.3 billion
Asian Infrastructure Investment Bank,"Egypt, Arab Rep.",multilateral,536071000.0,US$536.1 million
Kuwait,"Egypt, Arab Rep.",bilateral,5850930345.7,US$5.9 billion
Inter-American Dev. Bank      ,El Salvador,multilateral,2289599000.0,US$2.3 billion
World Bank-IDA                         ,El Salvador,multilateral,360000.0,"US$360,000"
European Investment Bank,El Salvador,multilateral,18571000.0,US$18.6 million
Italy,El Salvador,bilateral,12466800.0,US$12.5 million
Japan,El Salvador,bilateral,161228992.6,US$161.2 million
"Germany, Fed. Rep. of",El Salvador,private,11040390.3,US$11.0 million
"Germany, Fed. Rep. of",El Salvador,bilateral,67685114.6,US$67.7 million
United States,El Salvador,private,1000000000.0,US$1 billion
United States,El Salvador,bilateral,11246000.0,US$11.2 million
France,El Salvador,private,15154434.3,US$15.2 million
World Bank-IBRD                         ,El Salvador,multilateral,918459000.0,US$918.5 million
Bondholders,El Salvador,private,6217318000.0,US$6.2 billion
International Fund for Agricultural Dev.,El Salvador,multilateral,38394603.6,US$38.4 million
China,El Salvador,bilateral,0.0,US$0
China,El Salvador,private,0.0,US$0
OPEC Fund for International Dev.,El Salvador,multilateral,56516000.0,US$56.5 million
Panama,El Salvador,private,0.0,US$0
Corporacion Andina de Fomento,El Salvador,multilateral,438283000.0,US$438.3 million
Central American Bank for Econ. Integration (BCIE),El Salvador,multilateral,2811867000.0,US$2.8 billion
Spain,El Salvador,bilateral,61611757.6,US$61.6 million
Saudi Arabia,El Salvador,bilateral,0.0,US$0
China,Equatorial Guinea,bilateral,829399049.0,US$829.4 million
Arab Bank for Economic Dev. in Africa (BADEA),Equatorial Guinea,multilateral,2000000.0,US$2 million
World Bank-IDA                         ,Equatorial Guinea,multilateral,12491000.0,US$12.5 million
International Fund for Agricultural Dev.,Equatorial Guinea,multilateral,734227.8,"US$734,228"
Spain,Equatorial Guinea,bilateral,0.0,US$0
Russian Federation,Equatorial Guinea,bilateral,29000.0,"US$29,000"
African Dev. Bank         ,Equatorial Guinea,multilateral,51145551.9,US$51.1 million
African Dev. Bank         ,Eritrea,multilateral,79570470.3,US$79.6 million
China,Eritrea,bilateral,3407533.7,US$3.4 million
Arab Bank for Economic Dev. in Africa (BADEA),Eritrea,multilateral,2694300.0,US$2.7 million
OPEC Fund for International Dev.,Eritrea,multilateral,1174933.3,US$1.2 million
Italy,Eritrea,bilateral,42555454.5,US$42.6 million
World Bank-IDA                         ,Eritrea,multilateral,407398000.0,US$407.4 million
United States,Eritrea,bilateral,8455916.6,US$8.5 million
India,Eritrea,bilateral,1657200.0,US$1.7 million
Kuwait,Eritrea,bilateral,-129891.3,"US$-129,891"
United Arab Emirates,Eritrea,bilateral,5331735.9,US$5.3 million
Saudi Arabia,Eritrea,bilateral,3183750.0,US$3.2 million
International Fund for Agricultural Dev.,Eritrea,multilateral,26579606.0,US$26.6 million
World Bank-IDA                         ,Eswatini,multilateral,0.0,US$0
Italy,Eswatini,bilateral,8142898.2,US$8.1 million
OPEC Fund for International Dev.,Eswatini,multilateral,15772000.0,US$15.8 million
Nigeria,Eswatini,bilateral,1690290.3,US$1.7 million
Japan,Eswatini,bilateral,18391318.2,US$18.4 million
Multiple Lenders,Eswatini,bilateral,3241000.0,US$3.2 million
Arab Bank for Economic Dev. in Africa (BADEA),Eswatini,multilateral,23057000.0,US$23.1 million
"Germany, Fed. Rep. of",Eswatini,bilateral,1891836.9,US$1.9 million
Arab African International Bank,Eswatini,multilateral,4885000.0,US$4.9 million
United Arab Emirates,Eswatini,bilateral,4434581.3,US$4.4 million
World Bank-IBRD                         ,Eswatini,multilateral,221826000.0,US$221.8 million
Bondholders,Eswatini,private,21340200.0,US$21.3 million
China,Eswatini,bilateral,212983000.0,US$213.0 million
United Kingdom,Eswatini,private,8002575.0,US$8.0 million
European Development Fund (EDF),Eswatini,multilateral,147523.8,"US$147,524"
Kuwait,Eswatini,bilateral,20957947.7,US$21.0 million
International Fund for Agricultural Dev.,Eswatini,multilateral,12626150.8,US$12.6 million
African Dev. Bank         ,Eswatini,multilateral,252227462.0,US$252.2 million
South Africa,Eswatini,bilateral,916134.8,"US$916,135"
India,Eswatini,bilateral,553000.0,"US$553,000"
European Investment Bank,Eswatini,multilateral,33833856.3,US$33.8 million
United Arab Emirates,Ethiopia,private,916000.0,"US$916,000"
European Investment Bank,Ethiopia,multilateral,167621320.5,US$167.6 million
Egypt,Ethiopia,private,82000.0,"US$82,000"
United Arab Emirates,Ethiopia,bilateral,3008305.0,US$3.0 million
Multiple Lenders,Ethiopia,bilateral,4000000000.0,US$4 billion
China,Ethiopia,private,1399838000.0,US$1.4 billion
Nordic Development Fund,Ethiopia,multilateral,6619870.8,US$6.6 million
Israel,Ethiopia,private,88711000.0,US$88.7 million
China,Ethiopia,bilateral,6041153598.4,US$6.0 billion
Poland,Ethiopia,bilateral,92000000.0,US$92 million
Italy,Ethiopia,bilateral,244982600.6,US$245.0 million
United Kingdom,Ethiopia,private,118705000.0,US$118.7 million
Bulgaria,Ethiopia,bilateral,8066000.0,US$8.1 million
France,Ethiopia,bilateral,219380357.4,US$219.4 million
France,Ethiopia,private,168341000.0,US$168.3 million
Czechia,Ethiopia,bilateral,65279.9,"US$65,280"
Kuwait,Ethiopia,bilateral,73170969.4,US$73.2 million
"Korea, Republic of",Ethiopia,bilateral,384180172.1,US$384.2 million
Arab Bank for Economic Dev. in Africa (BADEA),Ethiopia,multilateral,88698000.0,US$88.7 million
South Africa,Ethiopia,private,59972000.0,US$60.0 million
Turkiye,Ethiopia,bilateral,150000000.0,US$150 million
United States,Ethiopia,bilateral,344441061.6,US$344.4 million
United States,Ethiopia,private,1581284190.8,US$1.6 billion
"Germany, Fed. Rep. of",Ethiopia,bilateral,8559497.1,US$8.6 million
Libya,Ethiopia,bilateral,237287000.0,US$237.3 million
Japan,Ethiopia,bilateral,50628790.3,US$50.6 million
Italy,Ethiopia,private,353374623.5,US$353.4 million
Russian Federation,Ethiopia,bilateral,162200000.0,US$162.2 million
Canada,Ethiopia,bilateral,0.0,US$0
Japan,Ethiopia,private,252928000.0,US$252.9 million
Sweden,Ethiopia,private,85230000.0,US$85.2 million
OPEC Fund for International Dev.,Ethiopia,multilateral,66715414.4,US$66.7 million
Denmark,Ethiopia,private,102873955.8,US$102.9 million
Switzerland,Ethiopia,private,454617000.0,US$454.6 million
Saudi Arabia,Ethiopia,bilateral,103046133.3,US$103.0 million
Serbia,Ethiopia,private,4203000.0,US$4.2 million
African Dev. Bank         ,Ethiopia,multilateral,2213312084.6,US$2.2 billion
World Bank-IDA                         ,Ethiopia,multilateral,12761932000.0,US$12.8 billion
Bondholders,Ethiopia,private,1000000000.0,US$1 billion
India,Ethiopia,private,18490405.3,US$18.5 million
Serbia,Ethiopia,bilateral,101332000.0,US$101.3 million
Nordic Investment Bank,Ethiopia,multilateral,11840238.3,US$11.8 million
India,Ethiopia,bilateral,302103000.0,US$302.1 million
International Fund for Agricultural Dev.,Ethiopia,multilateral,415943306.5,US$415.9 million
Eastern & Southern African Trade & Dev. Bank (TDB),Ethiopia,multilateral,2397000.0,US$2.4 million
Luxembourg,Europe & Central Asia (excluding high income),private,255577794.2,US$255.6 million
"Iran, Islamic Republic Of",Europe & Central Asia (excluding high income),bilateral,839000.0,"US$839,000"
Belgium,Europe & Central Asia (excluding high income),private,198565995.9,US$198.6 million
Belgium,Europe & Central Asia (excluding high income),bilateral,78422520.8,US$78.4 million
EUROFIMA,Europe & Central Asia (excluding high income),multilateral,1687173.6,US$1.7 million
Russian Federation,Europe & Central Asia (excluding high income),bilateral,9635926778.5,US$9.6 billion
Denmark,Europe & Central Asia (excluding high income),bilateral,430546254.0,US$430.5 million
Spain,Europe & Central Asia (excluding high income),bilateral,425077028.2,US$425.1 million
World Bank-IDA                         ,Europe & Central Asia (excluding high income),multilateral,14546279000.0,US$14.5 billion
Austria,Europe & Central Asia (excluding high income),private,120459416.1,US$120.5 million
United States,Europe & Central Asia (excluding high income),bilateral,42087500.0,US$42.1 million
Netherlands,Europe & Central Asia (excluding high income),private,126148529.4,US$126.1 million
Russian Federation,Europe & Central Asia (excluding high income),private,404645000.0,US$404.6 million
Austria,Europe & Central Asia (excluding high income),bilateral,66288563.0,US$66.3 million
United States,Europe & Central Asia (excluding high income),private,3099710883.4,US$3.1 billion
Finland,Europe & Central Asia (excluding high income),private,0.0,US$0
Kazakhstan,Europe & Central Asia (excluding high income),bilateral,1252000.0,US$1.3 million
Islamic Solidarity Fund for Dev. (ISFD),Europe & Central Asia (excluding high income),multilateral,18718516.0,US$18.7 million
"Germany, Fed. Rep. of",Europe & Central Asia (excluding high income),bilateral,3929921046.1,US$3.9 billion
ECO Trade and Dev. Bank,Europe & Central Asia (excluding high income),multilateral,35062875.0,US$35.1 million
International Fund for Agricultural Dev.,Europe & Central Asia (excluding high income),multilateral,479939709.9,US$479.9 million
United Kingdom,Europe & Central Asia (excluding high income),private,6427481013.3,US$6.4 billion
United Kingdom,Europe & Central Asia (excluding high income),bilateral,23048592.6,US$23.0 million
Kuwait,Europe & Central Asia (excluding high income),bilateral,541930631.1,US$541.9 million
International Finance Corporation,Europe & Central Asia (excluding high income),multilateral,166123673.2,US$166.1 million
Sweden,Europe & Central Asia (excluding high income),private,2041438.5,US$2.0 million
Bulgaria,Europe & Central Asia (excluding high income),private,104539312.5,US$104.5 million
Netherlands,Europe & Central Asia (excluding high income),bilateral,207803894.7,US$207.8 million
Portugal,Europe & Central Asia (excluding high income),bilateral,23009557.2,US$23.0 million
Asian Infrastructure Investment Bank,Europe & Central Asia (excluding high income),multilateral,5724197628.2,US$5.7 billion
Qatar,Europe & Central Asia (excluding high income),private,0.0,US$0
Poland,Europe & Central Asia (excluding high income),private,1411865.1,US$1.4 million
Poland,Europe & Central Asia (excluding high income),bilateral,136709889.9,US$136.7 million
Sweden,Europe & Central Asia (excluding high income),bilateral,0.0,US$0
European Development Fund (EDF),Europe & Central Asia (excluding high income),multilateral,651059929.8,US$651.1 million
Brazil,Europe & Central Asia (excluding high income),bilateral,0.0,US$0
"Korea, Republic of",Europe & Central Asia (excluding high income),bilateral,1066546704.1,US$1.1 billion
Norway,Europe & Central Asia (excluding high income),private,11396733.0,US$11.4 million
Asian Dev. Bank   ,Europe & Central Asia (excluding high income),multilateral,16100088000.0,US$16.1 billion
Norway,Europe & Central Asia (excluding high income),bilateral,308402000.0,US$308.4 million
Armenia,Europe & Central Asia (excluding high income),bilateral,1015000.0,US$1.0 million
"Germany, Fed. Rep. of",Europe & Central Asia (excluding high income),private,3256501367.0,US$3.3 billion
United Arab Emirates,Europe & Central Asia (excluding high income),private,1118724000.0,US$1.1 billion
European Bank for Reconstruction and Dev. (EBRD),Europe & Central Asia (excluding high income),multilateral,7690468492.1,US$7.7 billion
Saudi Arabia,Europe & Central Asia (excluding high income),bilateral,465647866.8,US$465.6 million
Bahrain,Europe & Central Asia (excluding high income),private,398354191.7,US$398.4 million
UN-Population Fund (UNFPA),Europe & Central Asia (excluding high income),multilateral,84615000.0,US$84.6 million
China,Europe & Central Asia (excluding high income),private,470972500.0,US$471.0 million
China,Europe & Central Asia (excluding high income),bilateral,17145887977.6,US$17.1 billion
Turkiye,Europe & Central Asia (excluding high income),private,19447169.1,US$19.4 million
Turkmenistan,Europe & Central Asia (excluding high income),bilateral,211000.0,"US$211,000"
Azerbaijan,Europe & Central Asia (excluding high income),bilateral,1151000.0,US$1.2 million
Council of Europe,Europe & Central Asia (excluding high income),multilateral,2893367955.0,US$2.9 billion
Spain,Europe & Central Asia (excluding high income),private,227041206.0,US$227.0 million
Hungary,Europe & Central Asia (excluding high income),bilateral,756631470.8,US$756.6 million
Israel,Europe & Central Asia (excluding high income),private,14726407.5,US$14.7 million
World Bank-IBRD                         ,Europe & Central Asia (excluding high income),multilateral,45982306000.0,US$46.0 billion
Switzerland,Europe & Central Asia (excluding high income),bilateral,18831599.9,US$18.8 million
Multiple Lenders,Europe & Central Asia (excluding high income),multilateral,640691010.8,US$640.7 million
Switzerland,Europe & Central Asia (excluding high income),private,939992092.1,US$940.0 million
Nordic Development Fund,Europe & Central Asia (excluding high income),multilateral,2625300.3,US$2.6 million
Nordic Environment Finance Corporation (NEFCO),Europe & Central Asia (excluding high income),multilateral,3479772.4,US$3.5 million
Multiple Lenders,Europe & Central Asia (excluding high income),private,15668808586.2,US$15.7 billion
Bondholders,Europe & Central Asia (excluding high income),private,177943182599.0,US$177.9 billion
Multiple Lenders,Europe & Central Asia (excluding high income),bilateral,74535249.3,US$74.5 million
European Union,Europe & Central Asia (excluding high income),multilateral,44645319790.5,US$44.6 billion
Hong Kong,Europe & Central Asia (excluding high income),private,0.0,US$0
Islamic Dev. Bank,Europe & Central Asia (excluding high income),multilateral,4589721424.7,US$4.6 billion
European Social Fund (ESF),Europe & Central Asia (excluding high income),multilateral,67528500.0,US$67.5 million
European Relief Fund,Europe & Central Asia (excluding high income),multilateral,1049289000.0,US$1.0 billion
France,Europe & Central Asia (excluding high income),bilateral,4249234706.1,US$4.2 billion
United Arab Emirates,Europe & Central Asia (excluding high income),bilateral,5408510421.0,US$5.4 billion
Japan,Europe & Central Asia (excluding high income),private,3001071698.7,US$3.0 billion
Japan,Europe & Central Asia (excluding high income),bilateral,8296947543.9,US$8.3 billion
European Investment Bank,Europe & Central Asia (excluding high income),multilateral,14685696940.0,US$14.7 billion
Ireland,Europe & Central Asia (excluding high income),private,136319000.0,US$136.3 million
Montenegro,Europe & Central Asia (excluding high income),private,10389.0,"US$10,389"
OPEC Fund for International Dev.,Europe & Central Asia (excluding high income),multilateral,758239121.2,US$758.2 million
Canada,Europe & Central Asia (excluding high income),bilateral,5195744680.1,US$5.2 billion
Greece,Europe & Central Asia (excluding high income),bilateral,122590.2,"US$122,590"
Cayman Islands,Europe & Central Asia (excluding high income),private,207780000.0,US$207.8 million
Eurasian Development Bank,Europe & Central Asia (excluding high income),multilateral,2479891164.4,US$2.5 billion
Turkiye,Europe & Central Asia (excluding high income),bilateral,247224497.1,US$247.2 million
Italy,Europe & Central Asia (excluding high income),private,407510289.8,US$407.5 million
Italy,Europe & Central Asia (excluding high income),bilateral,503190019.5,US$503.2 million
Serbia,Europe & Central Asia (excluding high income),bilateral,4022620.8,US$4.0 million
Nordic Investment Bank,Europe & Central Asia (excluding high income),multilateral,7245441.9,US$7.2 million
Slovenia,Europe & Central Asia (excluding high income),private,0.0,US$0
France,Europe & Central Asia (excluding high income),private,1286295026.6000001,US$1.3 billion
Australia,Fiji,bilateral,36740000.0,US$36.7 million
European Investment Bank,Fiji,multilateral,17176000.0,US$17.2 million
China,Fiji,bilateral,123161716.5,US$123.2 million
Japan,Fiji,bilateral,159834025.0,US$159.8 million
World Bank-IBRD                         ,Fiji,multilateral,183012000.0,US$183.0 million
Asian Infrastructure Investment Bank,Fiji,multilateral,92110000.0,US$92.1 million
India,Fiji,bilateral,29414000.0,US$29.4 million
World Bank-IDA                         ,Fiji,multilateral,391688000.0,US$391.7 million
Asian Dev. Bank   ,Fiji,multilateral,662880000.0,US$662.9 million
African Dev. Bank         ,Gabon,multilateral,859320389.3,US$859.3 million
African Export-Import Bank,Gabon,multilateral,0.0,US$0
Central Bank of West African States (BCEAO),Gabon,multilateral,138738102.0,US$138.7 million
Arab Bank for Economic Dev. in Africa (BADEA),Gabon,multilateral,39594.8,"US$39,595"
Spain,Gabon,private,90961623.5,US$91.0 million
China,Gabon,private,80712000.0,US$80.7 million
France,Gabon,private,19757800.2,US$19.8 million
Islamic Dev. Bank,Gabon,multilateral,144550733.0,US$144.6 million
India,Gabon,bilateral,725000.0,"US$725,000"
Israel,Gabon,private,23584068.9,US$23.6 million
World Bank-IBRD                         ,Gabon,multilateral,619906000.0,US$619.9 million
European Investment Bank,Gabon,multilateral,1850280.9,US$1.9 million
Bondholders,Gabon,private,1710000000.0,US$1.7 billion
China,Gabon,bilateral,802335099.4,US$802.3 million
Austria,Gabon,private,52912215.9,US$52.9 million
European Development Fund (EDF),Gabon,multilateral,753202.5,"US$753,202"
France,Gabon,bilateral,499800245.4,US$499.8 million
International Fund for Agricultural Dev.,Gabon,multilateral,5488548.1,US$5.5 million
United States,Gabon,private,500000000.0,US$500 million
Islamic Dev. Bank,"Gambia, The",multilateral,223640509.2,US$223.6 million
European Investment Bank,"Gambia, The",multilateral,53930337.9,US$53.9 million
Multiple Lenders,"Gambia, The",bilateral,4565000.0,US$4.6 million
Kuwait,"Gambia, The",private,20149000.0,US$20.1 million
Saudi Arabia,"Gambia, The",bilateral,134542933.4,US$134.5 million
International Fund for Agricultural Dev.,"Gambia, The",multilateral,28604066.7,US$28.6 million
India,"Gambia, The",bilateral,69421000.0,US$69.4 million
Kuwait,"Gambia, The",bilateral,92391622.0,US$92.4 million
Economic Community of West African States (ECOWAS),"Gambia, The",multilateral,27955565.9,US$28.0 million
International Bank for Economic Cooperation (IBEC),"Gambia, The",multilateral,0.0,US$0
China,"Gambia, The",bilateral,23975230.2,US$24.0 million
OPEC Fund for International Dev.,"Gambia, The",multilateral,36160000.0,US$36.2 million
Arab Bank for Economic Dev. in Africa (BADEA),"Gambia, The",multilateral,82818000.0,US$82.8 million
Belgium,"Gambia, The",bilateral,352187.1,"US$352,187"
"Venezuela, Republic Bolivarian","Gambia, The",bilateral,18749000.0,US$18.7 million
World Bank-IDA                         ,"Gambia, The",multilateral,122358000.0,US$122.4 million
Libya,"Gambia, The",bilateral,3950000.0,US$4.0 million
African Dev. Bank         ,"Gambia, The",multilateral,49176308.5,US$49.2 million
United Arab Emirates,"Gambia, The",bilateral,16950034.0,US$17.0 million
Russian Federation,Georgia,bilateral,7869000.0,US$7.9 million
World Bank-IBRD                         ,Georgia,multilateral,1635744000.0,US$1.6 billion
France,Georgia,private,69717462.3,US$69.7 million
European Investment Bank,Georgia,multilateral,1097819135.7,US$1.1 billion
Multiple Lenders,Georgia,private,1427175000.0,US$1.4 billion
Austria,Georgia,bilateral,3854000.0,US$3.9 million
Asian Infrastructure Investment Bank,Georgia,multilateral,211002193.3,US$211.0 million
Austria,Georgia,private,10336016.1,US$10.3 million
Kuwait,Georgia,bilateral,8968988.5,US$9.0 million
"Iran, Islamic Republic Of",Georgia,bilateral,839000.0,"US$839,000"
Council of Europe,Georgia,multilateral,14544600.0,US$14.5 million
World Bank-IDA                         ,Georgia,multilateral,479504000.0,US$479.5 million
"Germany, Fed. Rep. of",Georgia,bilateral,554995178.8,US$555.0 million
Azerbaijan,Georgia,bilateral,1151000.0,US$1.2 million
Japan,Georgia,private,258000.0,"US$258,000"
Japan,Georgia,bilateral,118653048.2,US$118.7 million
Turkmenistan,Georgia,bilateral,211000.0,"US$211,000"
International Fund for Agricultural Dev.,Georgia,multilateral,35024780.4,US$35.0 million
Asian Dev. Bank   ,Georgia,multilateral,2264995000.0,US$2.3 billion
France,Georgia,bilateral,692545284.6,US$692.5 million
Kazakhstan,Georgia,bilateral,1252000.0,US$1.3 million
Armenia,Georgia,bilateral,1015000.0,US$1.0 million
European Union,Georgia,multilateral,114279000.0,US$114.3 million
United States,Georgia,bilateral,6727000.0,US$6.7 million
Bondholders,Georgia,private,1000000000.0,US$1 billion
Turkiye,Georgia,bilateral,3815000.0,US$3.8 million
Nordic Environment Finance Corporation (NEFCO),Georgia,multilateral,3191500.8,US$3.2 million
European Bank for Reconstruction and Dev. (EBRD),Georgia,multilateral,214649206.8,US$214.6 million
Netherlands,Georgia,bilateral,23894.7,"US$23,895"
France,Ghana,bilateral,282422887.2,US$282.4 million
World Bank-IDA                         ,Ghana,multilateral,6372715000.0,US$6.4 billion
Sweden,Ghana,private,18382296.6,US$18.4 million
Italy,Ghana,private,220127326.5,US$220.1 million
Spain,Ghana,private,46558303.5,US$46.6 million
International Fund for Agricultural Dev.,Ghana,multilateral,193448878.2,US$193.4 million
Italy,Ghana,bilateral,30384708.3,US$30.4 million
Spain,Ghana,bilateral,10584313.2,US$10.6 million
China,Ghana,private,249162000.0,US$249.2 million
United Kingdom,Ghana,private,595344719.8,US$595.3 million
China,Ghana,bilateral,1605393781.2,US$1.6 billion
Saudi Arabia,Ghana,bilateral,24671733.4,US$24.7 million
France,Ghana,private,132094847.4,US$132.1 million
OPEC Fund for International Dev.,Ghana,multilateral,21868000.0,US$21.9 million
Israel,Ghana,private,169268244.8,US$169.3 million
Egypt,Ghana,bilateral,187736000.0,US$187.7 million
Nordic Development Fund,Ghana,multilateral,40384068.6,US$40.4 million
Mauritius,Ghana,private,67612000.0,US$67.6 million
India,Ghana,bilateral,448753000.0,US$448.8 million
Austria,Ghana,private,235189298.7,US$235.2 million
Economic Community of West African States (ECOWAS),Ghana,multilateral,81781193.0,US$81.8 million
Luxembourg,Ghana,private,0.0,US$0
African Export-Import Bank,Ghana,multilateral,754360000.0,US$754.4 million
Brazil,Ghana,private,120421000.0,US$120.4 million
Brazil,Ghana,bilateral,855000.0,"US$855,000"
Arab Bank for Economic Dev. in Africa (BADEA),Ghana,multilateral,34414000.0,US$34.4 million
"Germany, Fed. Rep. of",Ghana,bilateral,300562081.2,US$300.6 million
United States,Ghana,bilateral,131831000.0,US$131.8 million
"Korea, Republic of",Ghana,private,5146859.2,US$5.1 million
Multiple Lenders,Ghana,private,0.0,US$0
"Korea, Republic of",Ghana,bilateral,150254476.8,US$150.3 million
"Germany, Fed. Rep. of",Ghana,private,786157300.5,US$786.2 million
South Africa,Ghana,private,275685119.5,US$275.7 million
Japan,Ghana,bilateral,1327800.8,US$1.3 million
Belgium,Ghana,bilateral,80447578.5,US$80.4 million
European Investment Bank,Ghana,multilateral,39250680.9,US$39.3 million
United States,Ghana,private,182472000.0,US$182.5 million
Bondholders,Ghana,private,9236087000.0,US$9.2 billion
Belgium,Ghana,private,513021286.8,US$513.0 million
Czechia,Ghana,private,80121006.9,US$80.1 million
Czechia,Ghana,bilateral,33851517.6,US$33.9 million
Kuwait,Ghana,bilateral,50482221.1,US$50.5 million
Denmark,Ghana,private,51685275.0,US$51.7 million
Nigeria,Ghana,bilateral,603000.0,"US$603,000"
African Dev. Bank         ,Ghana,multilateral,1212512650.1,US$1.2 billion
Turkiye,Ghana,bilateral,62317000.0,US$62.3 million
Netherlands,Ghana,private,446312478.9,US$446.3 million
Caribbean Community (CARICOM),Grenada,multilateral,514000.0,"US$514,000"
Caribbean Dev. Bank,Grenada,multilateral,118717566.7,US$118.7 million
Barbados,Grenada,bilateral,3355000.0,US$3.4 million
Libya,Grenada,bilateral,5000000.0,US$5 million
France,Grenada,bilateral,1945420.5,US$1.9 million
World Bank-IBRD                         ,Grenada,multilateral,13003000.0,US$13.0 million
United States,Grenada,bilateral,1049000.0,US$1.0 million
United States,Grenada,private,337000.0,"US$337,000"
Russian Federation,Grenada,bilateral,0.0,US$0
"Venezuela, Republic Bolivarian",Grenada,bilateral,137829259.3,US$137.8 million
"Germany, Fed. Rep. of",Grenada,bilateral,3395000.0,US$3.4 million
United Kingdom,Grenada,bilateral,843057.6,"US$843,058"
China,Grenada,bilateral,58539566.0,US$58.5 million
Trinidad & Tobago,Grenada,bilateral,28933000.0,US$28.9 million
Kuwait,Grenada,bilateral,6075661.7,US$6.1 million
Algeria,Grenada,bilateral,612000.0,"US$612,000"
World Bank-IDA                         ,Grenada,multilateral,259989000.0,US$260.0 million
OPEC Fund for International Dev.,Grenada,multilateral,11363000.0,US$11.4 million
International Fund for Agricultural Dev.,Grenada,multilateral,5863675.6,US$5.9 million
Multiple Lenders,Grenada,private,14582963.0,US$14.6 million
Multiple Lenders,Grenada,bilateral,8386000.0,US$8.4 million
Bondholders,Grenada,private,106653037.0,US$106.7 million
Saudi Arabia,Grenada,bilateral,0.0,US$0
United States,Guatemala,bilateral,0.0,US$0
Canada,Guatemala,bilateral,160055.6,"US$160,056"
Japan,Guatemala,bilateral,89090328.7,US$89.1 million
Spain,Guatemala,private,1885000.0,US$1.9 million
International Fund for Agricultural Dev.,Guatemala,multilateral,163016.8,"US$163,017"
World Bank-IBRD                         ,Guatemala,multilateral,1920887000.0,US$1.9 billion
Spain,Guatemala,bilateral,3916000.0,US$3.9 million
Inter-American Dev. Bank      ,Guatemala,multilateral,1765632000.0,US$1.8 billion
Central American Bank for Econ. Integration (BCIE),Guatemala,multilateral,614369000.0,US$614.4 million
OPEC Fund for International Dev.,Guatemala,multilateral,1944000.0,US$1.9 million
"Germany, Fed. Rep. of",Guatemala,private,13482844.2,US$13.5 million
"Germany, Fed. Rep. of",Guatemala,bilateral,35454540.3,US$35.5 million
Bondholders,Guatemala,private,9095000000.0,US$9.1 billion
China,Guatemala,bilateral,44000000.0,US$44 million
Brazil,Guatemala,bilateral,55924000.0,US$55.9 million
Arab Bank for Economic Dev. in Africa (BADEA),Guinea,multilateral,118912288.0,US$118.9 million
International Fund for Agricultural Dev.,Guinea,multilateral,30349821.1,US$30.3 million
Kuwait,Guinea,bilateral,78126319.3,US$78.1 million
African Dev. Bank         ,Guinea,multilateral,260403082.0,US$260.4 million
Islamic Dev. Bank,Guinea,multilateral,518738669.6,US$518.7 million
Angola,Guinea,bilateral,72243000.0,US$72.2 million
European Economic Community (EEC),Guinea,multilateral,860000.0,"US$860,000"
United Kingdom,Guinea,private,4804912.5,US$4.8 million
Saudi Arabia,Guinea,bilateral,84189866.6,US$84.2 million
OPEC Fund for International Dev.,Guinea,multilateral,27615000.0,US$27.6 million
Libya,Guinea,bilateral,20000000.0,US$20 million
Thailand,Guinea,bilateral,1293000.0,US$1.3 million
Belgium,Guinea,bilateral,1457576.7,US$1.5 million
China,Guinea,bilateral,1141314285.7,US$1.1 billion
China,Guinea,private,508326497.7,US$508.3 million
"Congo, Rep.",Guinea,bilateral,0.0,US$0
Italy,Guinea,bilateral,3665239.2,US$3.7 million
Italy,Guinea,private,79442605.2,US$79.4 million
Bulgaria,Guinea,bilateral,8003000.0,US$8.0 million
France,Guinea,bilateral,114203160.3,US$114.2 million
Qatar,Guinea,bilateral,42500000.0,US$42.5 million
World Bank-IDA                         ,Guinea,multilateral,700201000.0,US$700.2 million
Morocco,Guinea,bilateral,7000000.0,US$7 million
African Export-Import Bank,Guinea,multilateral,100000000.0,US$100 million
"Korea, Republic of",Guinea,bilateral,999876.4,"US$999,876"
Iraq,Guinea,bilateral,3000000.0,US$3 million
India,Guinea,bilateral,400000.0,"US$400,000"
Economic Community of West African States (ECOWAS),Guinea,multilateral,14564759.3,US$14.6 million
Netherlands,Guinea,private,0.0,US$0
Serbia,Guinea,private,16165000.0,US$16.2 million
European Investment Bank,Guinea,multilateral,132970888.8,US$133.0 million
Romania,Guinea,bilateral,1252000.0,US$1.3 million
Brazil,Guinea-Bissau,bilateral,1900000.0,US$1.9 million
Pakistan,Guinea-Bissau,bilateral,2211000.0,US$2.2 million
Saudi Arabia,Guinea-Bissau,bilateral,13083200.0,US$13.1 million
African Dev. Bank         ,Guinea-Bissau,multilateral,39929993.8,US$39.9 million
Central Bank of West African States (BCEAO),Guinea-Bissau,multilateral,170167983.0,US$170.2 million
International Fund for Agricultural Dev.,Guinea-Bissau,multilateral,11043267.3,US$11.0 million
Spain,Guinea-Bissau,bilateral,5282000.0,US$5.3 million
West African Development Bank - BOAD,Guinea-Bissau,multilateral,210101371.5,US$210.1 million
Russian Federation,Guinea-Bissau,bilateral,0.0,US$0
Bondholders,Guinea-Bissau,private,495233000.0,US$495.2 million
Arab Bank for Economic Dev. in Africa (BADEA),Guinea-Bissau,multilateral,9146000.0,US$9.1 million
Angola,Guinea-Bissau,bilateral,49146000.0,US$49.1 million
Economic Community of West African States (ECOWAS),Guinea-Bissau,multilateral,2399607.7,US$2.4 million
Kuwait,Guinea-Bissau,bilateral,27579152.5,US$27.6 million
India,Guinea-Bissau,bilateral,20707000.0,US$20.7 million
Islamic Dev. Bank,Guinea-Bissau,multilateral,23863213.6,US$23.9 million
World Bank-IDA                         ,Guinea-Bissau,multilateral,215294000.0,US$215.3 million
OPEC Fund for International Dev.,Guinea-Bissau,multilateral,9315000.0,US$9.3 million
Libya,Guinea-Bissau,bilateral,3770000.0,US$3.8 million
China,Guyana,bilateral,492900312.6,US$492.9 million
Saudi Arabia,Guyana,bilateral,0.0,US$0
United Kingdom,Guyana,private,3436110.2,US$3.4 million
OPEC Fund for International Dev.,Guyana,multilateral,5895000.0,US$5.9 million
United Arab Emirates,Guyana,bilateral,3241388.7,US$3.2 million
Austria,Guyana,private,23531085.0,US$23.5 million
United Kingdom,Guyana,bilateral,72883541.5,US$72.9 million
Bondholders,Guyana,private,26345.6,"US$26,346"
Caribbean Community (CARICOM),Guyana,multilateral,7327000.0,US$7.3 million
India,Guyana,bilateral,77902000.0,US$77.9 million
Caribbean Dev. Bank,Guyana,multilateral,186923000.0,US$186.9 million
International Fund for Agricultural Dev.,Guyana,multilateral,11873523.8,US$11.9 million
Argentina,Guyana,bilateral,4515000.0,US$4.5 million
Trinidad & Tobago,Guyana,private,11173000.0,US$11.2 million
Serbia,Guyana,bilateral,588000.0,"US$588,000"
Inter-American Dev. Bank      ,Guyana,multilateral,852110000.0,US$852.1 million
Kuwait,Guyana,bilateral,17907000.0,US$17.9 million
Libya,Guyana,bilateral,15000000.0,US$15 million
United States,Guyana,bilateral,241000.0,"US$241,000"
Italy,Guyana,bilateral,1451343.3,US$1.5 million
Multiple Lenders,Guyana,private,12539000.0,US$12.5 million
World Bank-IDA                         ,Guyana,multilateral,185972000.0,US$186.0 million
"Venezuela, Republic Bolivarian",Guyana,bilateral,84687000.0,US$84.7 million
European Development Fund (EDF),Guyana,multilateral,2594133.3,US$2.6 million
Canada,Guyana,bilateral,75156576.2,US$75.2 million
Islamic Dev. Bank,Guyana,multilateral,37536000.0,US$37.5 million
Multiple Lenders,Haiti,bilateral,124581000.0,US$124.6 million
International Fund for Agricultural Dev.,Haiti,multilateral,35110499.5,US$35.1 million
Multiple Lenders,Haiti,private,33718000.0,US$33.7 million
OPEC Fund for International Dev.,Haiti,multilateral,30393000.0,US$30.4 million
"Venezuela, Republic Bolivarian",Haiti,bilateral,26799000.0,US$26.8 million
Japan,Honduras,bilateral,178972231.0,US$179.0 million
Switzerland,Honduras,bilateral,1571144.1,US$1.6 million
Italy,Honduras,private,12918721.5,US$12.9 million
France,Honduras,private,233000.0,"US$233,000"
Belgium,Honduras,private,336603.6,"US$336,604"
"Venezuela, Republic Bolivarian",Honduras,bilateral,121502000.0,US$121.5 million
Kuwait,Honduras,bilateral,24357850.3,US$24.4 million
Italy,Honduras,bilateral,59226799.6,US$59.2 million
Netherlands,Honduras,private,10077330.0,US$10.1 million
European Investment Bank,Honduras,multilateral,67745000.0,US$67.7 million
Corporacion Andina de Fomento,Honduras,multilateral,0.0,US$0
Bondholders,Honduras,private,2000000000.0,US$2 billion
Inter-American Dev. Bank      ,Honduras,multilateral,3249025000.0,US$3.2 billion
United States,Honduras,bilateral,903000.0,"US$903,000"
OPEC Fund for International Dev.,Honduras,multilateral,34221000.0,US$34.2 million
Nordic Development Fund,Honduras,multilateral,16629672.3,US$16.6 million
International Fund for Agricultural Dev.,Honduras,multilateral,69822689.1,US$69.8 million
India,Honduras,bilateral,9699000.0,US$9.7 million
Central American Bank for Econ. Integration (BCIE),Honduras,multilateral,1797519206.3,US$1.8 billion
Austria,Honduras,private,35610375.3,US$35.6 million
World Bank-IDA                         ,Honduras,multilateral,1114159000.0,US$1.1 billion
"Korea, Republic of",Honduras,bilateral,44795000.0,US$44.8 million
Spain,Honduras,bilateral,59535528.0,US$59.5 million
Brazil,Honduras,bilateral,22268000.0,US$22.3 million
Multiple Lenders,Honduras,private,0.0,US$0
Multiple Lenders,Honduras,bilateral,309519000.0,US$309.5 million
China,Honduras,bilateral,134500000.0,US$134.5 million
China,Honduras,private,138986000.0,US$139.0 million
"Germany, Fed. Rep. of",Honduras,bilateral,50871816.3,US$50.9 million
United States,IDA only,bilateral,1524556978.2,US$1.5 billion
Cameroon,IDA only,bilateral,22626089.9,US$22.6 million
Belgium,IDA only,bilateral,312520725.8,US$312.5 million
Denmark,IDA only,bilateral,64384551.8,US$64.4 million
Bondholders,IDA only,private,38508798448.7,US$38.5 billion
Arab Monetary Fund,IDA only,multilateral,864911731.6,US$864.9 million
"Germany, Fed. Rep. of",IDA only,private,2370712769.2,US$2.4 billion
Pakistan,IDA only,bilateral,14298000.0,US$14.3 million
Netherlands,IDA only,bilateral,165193043.9,US$165.2 million
Belgium,IDA only,private,552565207.7,US$552.6 million
"Germany, Fed. Rep. of",IDA only,bilateral,1725074268.0,US$1.7 billion
Denmark,IDA only,private,296788628.5,US$296.8 million
Russian Federation,IDA only,bilateral,11382940962.5,US$11.4 billion
Central Bank of West African States (BCEAO),IDA only,multilateral,170167983.0,US$170.2 million
Argentina,IDA only,bilateral,14923000.0,US$14.9 million
Russian Federation,IDA only,private,252000.0,"US$252,000"
European Bank for Reconstruction and Dev. (EBRD),IDA only,multilateral,398250158.3,US$398.3 million
Japan,IDA only,private,774139666.7,US$774.1 million
Netherlands,IDA only,private,1044351173.8,US$1.0 billion
Arab Towns Organization (ATO),IDA only,multilateral,207825.9,"US$207,826"
Central American Bank for Econ. Integration (BCIE),IDA only,multilateral,4195095206.3,US$4.2 billion
Africa Finance Corporation,IDA only,private,51945000.0,US$51.9 million
United States,IDA only,private,2708460590.8,US$2.7 billion
Japan,IDA only,bilateral,22338582367.5,US$22.3 billion
Honduras,IDA only,bilateral,118637000.0,US$118.6 million
Canada,IDA only,bilateral,101516036.9,US$101.5 million
International Fund for Agricultural Dev.,IDA only,multilateral,4455728619.1,US$4.5 billion
Nordic Development Fund,IDA only,multilateral,395848773.3,US$395.8 million
Islamic Solidarity Fund for Dev. (ISFD),IDA only,multilateral,18718516.0,US$18.7 million
World Bank-IBRD                         ,IDA only,multilateral,1134633000.0,US$1.1 billion
Islamic Dev. Bank,IDA only,multilateral,7405907153.4,US$7.4 billion
Algeria,IDA only,bilateral,157641377.3,US$157.6 million
Inter-American Dev. Bank      ,IDA only,multilateral,6390487000.0,US$6.4 billion
Serbia,IDA only,private,60991214.9,US$61.0 million
Serbia,IDA only,bilateral,163806000.0,US$163.8 million
Switzerland,IDA only,bilateral,123666740.5,US$123.7 million
Economic Community of West African States (ECOWAS),IDA only,multilateral,547496358.3,US$547.5 million
India,IDA only,bilateral,12439466838.3,US$12.4 billion
India,IDA only,private,19772264.9,US$19.8 million
Switzerland,IDA only,private,2270308524.7,US$2.3 billion
Nordic Investment Bank,IDA only,multilateral,14998494.3,US$15.0 million
Senegal,IDA only,bilateral,240.7,US$241
Saudi Arabia,IDA only,bilateral,6550281039.2,US$6.6 billion
Caribbean Community (CARICOM),IDA only,multilateral,7327000.0,US$7.3 million
Saudi Arabia,IDA only,private,19060000.0,US$19.1 million
Ireland,IDA only,private,39540000.0,US$39.5 million
Ireland,IDA only,bilateral,1643460.6,US$1.6 million
Caribbean Dev. Bank,IDA only,multilateral,186923000.0,US$186.9 million
Iraq,IDA only,bilateral,394171742.5,US$394.2 million
Eastern & Southern African Trade & Dev. Bank (TDB),IDA only,multilateral,801845976.7,US$801.8 million
"Iran, Islamic Republic Of",IDA only,bilateral,273390654.0,US$273.4 million
Chad,IDA only,bilateral,372.2,US$372
Sweden,IDA only,private,112183296.6,US$112.2 million
Sweden,IDA only,bilateral,40499905.2,US$40.5 million
African Export-Import Bank,IDA only,multilateral,2258465750.0,US$2.3 billion
Egypt,IDA only,bilateral,187736000.0,US$187.7 million
Egypt,IDA only,private,82000.0,"US$82,000"
Israel,IDA only,private,1137904959.0,US$1.1 billion
Arab Fund for Economic & Social Development,IDA only,multilateral,4073599392.7,US$4.1 billion
Nigeria,IDA only,bilateral,9603000.0,US$9.6 million
"Venezuela, Republic Bolivarian",IDA only,bilateral,251737000.0,US$251.7 million
Viet Nam,IDA only,bilateral,121641000.0,US$121.6 million
West African Development Bank - BOAD,IDA only,multilateral,2449532890.7,US$2.4 billion
Arab Bank for Economic Dev. in Africa (BADEA),IDA only,private,0.0,US$0
Arab Bank for Economic Dev. in Africa (BADEA),IDA only,multilateral,1848124673.8,US$1.8 billion
Italy,IDA only,private,667650276.7,US$667.7 million
Italy,IDA only,bilateral,1042208816.7,US$1.0 billion
African Dev. Bank         ,IDA only,multilateral,18961495423.5,US$19.0 billion
Dev. Bank of the Central African States (BDEAC),IDA only,multilateral,282986659.3,US$283.0 million
Singapore,IDA only,private,28016855.1,US$28.0 million
Greece,IDA only,bilateral,2032000.0,US$2.0 million
Greece,IDA only,private,446000.0,"US$446,000"
Eurasian Development Bank,IDA only,multilateral,365614000.0,US$365.6 million
World Bank-IDA                         ,IDA only,multilateral,111282828000.0,US$111.3 billion
Thailand,IDA only,private,12647000.0,US$12.6 million
Thailand,IDA only,bilateral,757776063.4,US$757.8 million
China,IDA only,private,5818680147.8,US$5.8 billion
China,IDA only,bilateral,58726993134.5,US$58.7 billion
Equatorial Guinea,IDA only,bilateral,30092063.9,US$30.1 million
Arab African International Bank,IDA only,multilateral,8304000.0,US$8.3 million
Hong Kong,IDA only,private,437951000.0,US$438.0 million
International Bank for Economic Cooperation (IBEC),IDA only,multilateral,0.0,US$0
Norway,IDA only,bilateral,31678876.3,US$31.7 million
Tanzania,IDA only,bilateral,35157000.0,US$35.2 million
Angola,IDA only,bilateral,371842000.0,US$371.8 million
Hungary,IDA only,bilateral,272114502.1,US$272.1 million
Hungary,IDA only,private,5783000.0,US$5.8 million
Benin,IDA only,bilateral,68245.6,"US$68,246"
OPEC Fund for International Dev.,IDA only,multilateral,2334004120.0,US$2.3 billion
Spain,IDA only,bilateral,450237696.4,US$450.2 million
South Asian Development Fund (SADF),IDA only,multilateral,7222000.0,US$7.2 million
Mali,IDA only,bilateral,53.8,US$54
United Arab Emirates,IDA only,bilateral,1839982719.0,US$1.8 billion
Trinidad & Tobago,IDA only,private,11173000.0,US$11.2 million
United Arab Emirates,IDA only,private,89800190.2,US$89.8 million
Costa Rica,IDA only,bilateral,315316000.0,US$315.3 million
United Kingdom,IDA only,bilateral,1035281639.1,US$1.0 billion
United Kingdom,IDA only,private,5563962598.0,US$5.6 billion
Uganda,IDA only,private,681000.0,"US$681,000"
Asian Infrastructure Investment Bank,IDA only,multilateral,2824451679.5,US$2.8 billion
Brazil,IDA only,bilateral,378900000.0,US$378.9 million
Peru,IDA only,bilateral,16563000.0,US$16.6 million
Qatar,IDA only,bilateral,84117500.0,US$84.1 million
Poland,IDA only,bilateral,242286842.4,US$242.3 million
Finland,IDA only,bilateral,1320441.9,US$1.3 million
Libya,IDA only,bilateral,1065053714.2,US$1.1 billion
Brazil,IDA only,private,120421000.0,US$120.4 million
"Congo, Rep.",IDA only,bilateral,89167790.3,US$89.2 million
Council of Europe,IDA only,multilateral,47209693.8,US$47.2 million
Oman,IDA only,bilateral,89507000.0,US$89.5 million
Bahamas,IDA only,private,750000.0,"US$750,000"
Corporacion Andina de Fomento,IDA only,multilateral,0.0,US$0
Czechia,IDA only,bilateral,299983662.7,US$300.0 million
Czechia,IDA only,private,80121006.9,US$80.1 million
Bulgaria,IDA only,bilateral,91809000.0,US$91.8 million
Croatia,IDA only,bilateral,39903000.0,US$39.9 million
Portugal,IDA only,bilateral,447372986.3,US$447.4 million
Portugal,IDA only,private,67095625.0,US$67.1 million
Kuwait,IDA only,bilateral,3842035234.8,US$3.8 billion
Australia,IDA only,bilateral,6882000.0,US$6.9 million
Australia,IDA only,private,18074000.0,US$18.1 million
Kuwait,IDA only,private,333370211.79999995,US$333.4 million
European Economic Community (EEC),IDA only,multilateral,7738982.0,US$7.7 million
Turkiye,IDA only,bilateral,425962165.1,US$426.0 million
Sri Lanka,IDA only,private,63106000.0,US$63.1 million
Liberia,IDA only,private,807395.3,"US$807,395"
Panama,IDA only,private,0.0,US$0
Mauritius,IDA only,private,67612000.0,US$67.6 million
Multiple Lenders,IDA only,private,9520894000.0,US$9.5 billion
Multiple Lenders,IDA only,multilateral,80839000.0,US$80.8 million
Poland,IDA only,private,6080000.0,US$6.1 million
Austria,IDA only,private,670723171.4,US$670.7 million
Malaysia,IDA only,private,50000000.0,US$50 million
"Cote D`Ivoire, Republic Of",IDA only,private,642562134.9,US$642.6 million
Austria,IDA only,bilateral,281594883.9,US$281.6 million
"Cote D`Ivoire, Republic Of",IDA only,bilateral,46722094.7,US$46.7 million
"Korea, Republic of",IDA only,private,5146859.2,US$5.1 million
"Korea, Republic of",IDA only,bilateral,4504800719.6,US$4.5 billion
France,IDA only,private,3888092427.6,US$3.9 billion
European Union,IDA only,multilateral,119473500.0,US$119.5 million
France,IDA only,bilateral,6699986825.2,US$6.7 billion
South Africa,IDA only,bilateral,328587000.0,US$328.6 million
Romania,IDA only,bilateral,134839000.0,US$134.8 million
Romania,IDA only,private,6450000.0,US$6.5 million
Namibia,IDA only,bilateral,1146769.0,US$1.1 million
Belarus,IDA only,bilateral,24322000.0,US$24.3 million
Malaysia,IDA only,bilateral,82939932.3,US$82.9 million
European Investment Bank,IDA only,multilateral,4145856119.9,US$4.1 billion
South Africa,IDA only,private,1932126119.5,US$1.9 billion
Spain,IDA only,private,256519993.5,US$256.5 million
Togo,IDA only,private,46533412.7,US$46.5 million
Org. of Arab Petroleum Exporting Countries (OAPEC),IDA only,multilateral,35580000.0,US$35.6 million
Asian Dev. Bank   ,IDA only,multilateral,32979484000.0,US$33.0 billion
Multiple Lenders,IDA only,bilateral,4620384000.0,US$4.6 billion
Bahrain,IDA only,private,0.0,US$0
Morocco,IDA only,bilateral,7000000.0,US$7 million
European Development Fund (EDF),IDA only,multilateral,5274495.3,US$5.3 million
Luxembourg,IDA only,private,0.0,US$0
European Economic Community (EEC),IDA total,multilateral,15608649.5,US$15.6 million
Panama,IDA total,private,0.0,US$0
Equatorial Guinea,IDA total,bilateral,30092063.9,US$30.1 million
China,IDA total,bilateral,108130295219.4,US$108.1 billion
China,IDA total,private,7880764024.7,US$7.9 billion
Grenada,IDA total,private,0.0,US$0
Arab African International Bank,IDA total,multilateral,21905000.0,US$21.9 million
Namibia,IDA total,bilateral,1146769.0,US$1.1 million
Israel,IDA total,private,1479950795.3,US$1.5 billion
International Bank for Economic Cooperation (IBEC),IDA total,multilateral,0.0,US$0
Israel,IDA total,bilateral,2478815.4,US$2.5 million
Thailand,IDA total,bilateral,757776063.4,US$757.8 million
Guyana,IDA total,private,948000.0,"US$948,000"
Egypt,IDA total,private,82000.0,"US$82,000"
Eastern & Southern African Trade & Dev. Bank (TDB),IDA total,multilateral,2234218793.4,US$2.2 billion
Honduras,IDA total,bilateral,118637000.0,US$118.6 million
International Fund for Agricultural Dev.,IDA total,multilateral,5781617312.9,US$5.8 billion
Croatia,IDA total,bilateral,39903000.0,US$39.9 million
United Kingdom,IDA total,private,7846756688.7,US$7.8 billion
United Kingdom,IDA total,bilateral,1071490756.3,US$1.1 billion
Hong Kong,IDA total,private,437951000.0,US$438.0 million
"Congo, Rep.",IDA total,bilateral,89167790.3,US$89.2 million
Morocco,IDA total,bilateral,7000000.0,US$7 million
Thailand,IDA total,private,12647000.0,US$12.6 million
Angola,IDA total,bilateral,400478000.0,US$400.5 million
Trinidad & Tobago,IDA total,bilateral,37680146.4,US$37.7 million
Morocco,IDA total,private,0.0,US$0
Nigeria,IDA total,bilateral,11293290.3,US$11.3 million
Poland,IDA total,private,6080000.0,US$6.1 million
Brazil,IDA total,bilateral,489326000.0,US$489.3 million
Brazil,IDA total,private,120421000.0,US$120.4 million
South Asian Development Fund (SADF),IDA total,multilateral,7222000.0,US$7.2 million
Asian Infrastructure Investment Bank,IDA total,multilateral,6424596998.3,US$6.4 billion
Tanzania,IDA total,bilateral,35157000.0,US$35.2 million
Poland,IDA total,bilateral,242286842.4,US$242.3 million
Liberia,IDA total,private,807395.3,"US$807,395"
Trinidad & Tobago,IDA total,private,14678185.2,US$14.7 million
Multiple Lenders,IDA total,multilateral,100839000.0,US$100.8 million
Multiple Lenders,IDA total,bilateral,13185160000.0,US$13.2 billion
Libya,IDA total,bilateral,1078172532.7,US$1.1 billion
India,IDA total,bilateral,12996857838.3,US$13.0 billion
India,IDA total,private,19772264.9,US$19.8 million
St. Vincent & The Grenadines,IDA total,private,0.0,US$0
Nordic Investment Bank,IDA total,multilateral,23309694.3,US$23.3 million
Senegal,IDA total,bilateral,240.7,US$241
Luxembourg,IDA total,private,49379000.0,US$49.4 million
Malaysia,IDA total,bilateral,82939932.3,US$82.9 million
European Union,IDA total,multilateral,119473500.0,US$119.5 million
Caribbean Community (CARICOM),IDA total,multilateral,22248000.0,US$22.2 million
Saudi Arabia,IDA total,private,19060000.0,US$19.1 million
Austria,IDA total,bilateral,298633882.8,US$298.6 million
Austria,IDA total,private,729907226.6,US$729.9 million
Sweden,IDA total,bilateral,48916439.8,US$48.9 million
Ireland,IDA total,private,175859000.0,US$175.9 million
Ireland,IDA total,bilateral,1643460.6,US$1.6 million
"Cote D`Ivoire, Republic Of",IDA total,bilateral,46722094.7,US$46.7 million
"Cote D`Ivoire, Republic Of",IDA total,private,642562134.9,US$642.6 million
Caribbean Dev. Bank,IDA total,multilateral,1190124330.7,US$1.2 billion
Sweden,IDA total,private,154119277.7,US$154.1 million
Saudi Arabia,IDA total,bilateral,12166761309.8,US$12.2 billion
Chad,IDA total,bilateral,372.2,US$372
Iraq,IDA total,bilateral,394171742.5,US$394.2 million
Multiple Lenders,IDA total,private,11790772121.0,US$11.8 billion
Egypt,IDA total,bilateral,187736000.0,US$187.7 million
Economic Community of West African States (ECOWAS),IDA total,multilateral,755032372.7,US$755.0 million
Finland,IDA total,private,5667000.0,US$5.7 million
Hungary,IDA total,bilateral,274662502.1,US$274.7 million
Hungary,IDA total,private,5783000.0,US$5.8 million
Australia,IDA total,bilateral,1878125305.4,US$1.9 billion
Inter-American Dev. Bank      ,IDA total,multilateral,7557729000.0,US$7.6 billion
Mauritius,IDA total,private,77560506.4,US$77.6 million
Switzerland,IDA total,private,2372119785.2000003,US$2.4 billion
Switzerland,IDA total,bilateral,147528214.3,US$147.5 million
Australia,IDA total,private,18074000.0,US$18.1 million
Islamic Solidarity Fund for Dev. (ISFD),IDA total,multilateral,18718516.0,US$18.7 million
Corporacion Andina de Fomento,IDA total,multilateral,0.0,US$0
Nordic Development Fund,IDA total,multilateral,432255658.1,US$432.3 million
Mali,IDA total,bilateral,53.8,US$54
Islamic Dev. Bank,IDA total,multilateral,11492918467.5,US$11.5 billion
Costa Rica,IDA total,bilateral,315316000.0,US$315.3 million
Peru,IDA total,bilateral,16563000.0,US$16.6 million
World Bank-IBRD                         ,IDA total,multilateral,12183304000.0,US$12.2 billion
United Arab Emirates,IDA total,bilateral,1951476502.4,US$2.0 billion
Algeria,IDA total,bilateral,158253377.3,US$158.3 million
Barbados,IDA total,private,582222.2,"US$582,222"
Barbados,IDA total,bilateral,3355000.0,US$3.4 million
United Arab Emirates,IDA total,private,458748871.6,US$458.7 million
Malaysia,IDA total,private,50000000.0,US$50 million
African Export-Import Bank,IDA total,multilateral,5475061317.5,US$5.5 billion
Serbia,IDA total,private,260991214.9,US$261.0 million
Serbia,IDA total,bilateral,463806000.0,US$463.8 million
Finland,IDA total,bilateral,68789210.9,US$68.8 million
Bahrain,IDA total,private,228799000.0,US$228.8 million
Sri Lanka,IDA total,private,63106000.0,US$63.1 million
Greece,IDA total,bilateral,2032000.0,US$2.0 million
South Africa,IDA total,private,2217037558.4,US$2.2 billion
Oman,IDA total,bilateral,89507000.0,US$89.5 million
"Germany, Fed. Rep. of",IDA total,bilateral,3859748099.7,US$3.9 billion
"Germany, Fed. Rep. of",IDA total,private,3099212888.2,US$3.1 billion
Portugal,IDA total,private,475787457.1,US$475.8 million
Denmark,IDA total,bilateral,65792803.4,US$65.8 million
Turkiye,IDA total,bilateral,544290839.0,US$544.3 million
Council of Europe,IDA total,multilateral,47209693.8,US$47.2 million
Bolivarian Alliance for the Americas (ALBA),IDA total,multilateral,50848000.0,US$50.8 million
Greece,IDA total,private,446000.0,"US$446,000"
Benin,IDA total,bilateral,68245.6,"US$68,246"
Turkiye,IDA total,private,0.0,US$0
Japan,IDA total,private,3945039679.6,US$3.9 billion
Japan,IDA total,bilateral,30550499592.7,US$30.6 billion
Portugal,IDA total,bilateral,582154465.2,US$582.2 million
Bulgaria,IDA total,bilateral,91809000.0,US$91.8 million
Czechia,IDA total,bilateral,299983662.7,US$300.0 million
St. Kitts And Nevis,IDA total,private,0.0,US$0
OPEC Fund for International Dev.,IDA total,multilateral,3086624673.2,US$3.1 billion
Pakistan,IDA total,bilateral,14298000.0,US$14.3 million
Belgium,IDA total,bilateral,491343136.8,US$491.3 million
Togo,IDA total,private,46533412.7,US$46.5 million
Kuwait,IDA total,bilateral,4278943823.9,US$4.3 billion
South Africa,IDA total,bilateral,403313863.1,US$403.3 million
Denmark,IDA total,private,296788628.5,US$296.8 million
European Development Fund (EDF),IDA total,multilateral,70949031.7,US$70.9 million
Qatar,IDA total,bilateral,84117500.0,US$84.1 million
Romania,IDA total,private,6450000.0,US$6.5 million
Cameroon,IDA total,bilateral,22626089.9,US$22.6 million
Argentina,IDA total,bilateral,14923000.0,US$14.9 million
Romania,IDA total,bilateral,134839000.0,US$134.8 million
Czechia,IDA total,private,244617316.2,US$244.6 million
Netherlands,IDA total,bilateral,254597661.2,US$254.6 million
Arab Towns Organization (ATO),IDA total,multilateral,207825.9,"US$207,826"
Netherlands,IDA total,private,1283760220.7,US$1.3 billion
European Investment Bank,IDA total,multilateral,4889886469.7,US$4.9 billion
St. Lucia,IDA total,private,336296.3,"US$336,296"
"Korea, Republic of",IDA total,bilateral,5594444988.4,US$5.6 billion
Canada,IDA total,bilateral,106430036.9,US$106.4 million
"Korea, Republic of",IDA total,private,5146859.2,US$5.1 million
Org. of Arab Petroleum Exporting Countries (OAPEC),IDA total,multilateral,35580000.0,US$35.6 million
Arab Monetary Fund,IDA total,multilateral,864911731.6,US$864.9 million
Central American Bank for Econ. Integration (BCIE),IDA total,multilateral,4208255206.3,US$4.2 billion
United States,IDA total,bilateral,2313187978.2,US$2.3 billion
United States,IDA total,private,3257373141.7,US$3.3 billion
Asian Dev. Bank   ,IDA total,multilateral,59750156000.0,US$59.8 billion
Spain,IDA total,private,321953933.7,US$322.0 million
Russian Federation,IDA total,bilateral,11853873492.1,US$11.9 billion
Russian Federation,IDA total,private,390411932.6,US$390.4 million
Africa Finance Corporation,IDA total,private,222875733.0,US$222.9 million
European Bank for Reconstruction and Dev. (EBRD),IDA total,multilateral,738385137.0,US$738.4 million
Spain,IDA total,bilateral,702608992.1,US$702.6 million
African Dev. Bank         ,IDA total,multilateral,30595684355.9,US$30.6 billion
Bahamas,IDA total,private,750000.0,"US$750,000"
"Iran, Islamic Republic Of",IDA total,bilateral,273390654.0,US$273.4 million
World Bank-IDA                         ,IDA total,multilateral,172140801000.0,US$172.1 billion
France,IDA total,private,6717208898.2,US$6.7 billion
Italy,IDA total,bilateral,1381459041.0,US$1.4 billion
Norway,IDA total,bilateral,75600685.4,US$75.6 million
Italy,IDA total,private,1106277959.2,US$1.1 billion
"Venezuela, Republic Bolivarian",IDA total,bilateral,608923259.3,US$608.9 million
Arab Bank for Economic Dev. in Africa (BADEA),IDA total,multilateral,2150203966.8,US$2.2 billion
Belgium,IDA total,private,991852644.8,US$991.9 million
ECO Trade and Dev. Bank,IDA total,multilateral,87945000.0,US$87.9 million
Singapore,IDA total,private,99890855.1,US$99.9 million
Bondholders,IDA total,private,91360747587.5,US$91.4 billion
France,IDA total,bilateral,12524998109.3,US$12.5 billion
Viet Nam,IDA total,bilateral,121641000.0,US$121.6 million
Arab Bank for Economic Dev. in Africa (BADEA),IDA total,private,0.0,US$0
West African Development Bank - BOAD,IDA total,multilateral,2838280334.0,US$2.8 billion
Kuwait,IDA total,private,333370211.79999995,US$333.4 million
Arab Fund for Economic & Social Development,IDA total,multilateral,4073599392.7,US$4.1 billion
Belize,IDA total,bilateral,1000000.0,US$1 million
Dev. Bank of the Central African States (BDEAC),IDA total,multilateral,390085257.2,US$390.1 million
Uganda,IDA total,private,681000.0,"US$681,000"
Eurasian Development Bank,IDA total,multilateral,365614000.0,US$365.6 million
Central Bank of West African States (BCEAO),IDA total,multilateral,170167983.0,US$170.2 million
Belarus,IDA total,bilateral,24322000.0,US$24.3 million
"Germany, Fed. Rep. of",India,bilateral,3367941190.9,US$3.4 billion
"Korea, Republic of",India,bilateral,100000000.0,US$100 million
World Bank-IBRD                         ,India,multilateral,24051551000.0,US$24.1 billion
United States,India,bilateral,16549000.0,US$16.5 million
Singapore,India,private,7536085772.1,US$7.5 billion
France,India,bilateral,1281894554.4,US$1.3 billion
Bondholders,India,private,88352161493.8,US$88.4 billion
France,India,private,47009186.1,US$47.0 million
"Germany, Fed. Rep. of",India,private,58348779.6,US$58.3 million
United States,India,private,2901765714.1,US$2.9 billion
Asian Dev. Bank   ,India,multilateral,25253988000.0,US$25.3 billion
Bahrain,India,private,300000000.0,US$300 million
Qatar,India,private,0.0,US$0
Russian Federation,India,bilateral,4909393000.0,US$4.9 billion
New Development Bank (NDB),India,multilateral,4484906000.0,US$4.5 billion
World Bank-IDA                         ,India,multilateral,14688140000.0,US$14.7 billion
Italy,India,bilateral,288814.2,"US$288,814"
Multiple Lenders,India,private,16579536097.7,US$16.6 billion
Japan,India,bilateral,24494421682.2,US$24.5 billion
Hong Kong,India,private,4824983827.1,US$4.8 billion
United Kingdom,India,bilateral,18382000.0,US$18.4 million
United Kingdom,India,private,6520669373.6,US$6.5 billion
United Arab Emirates,India,private,1166662942.9,US$1.2 billion
Japan,India,private,934475590.2,US$934.5 million
Belgium,India,private,100000000.0,US$100 million
Sweden,India,bilateral,80022199.0,US$80.0 million
International Fund for Agricultural Dev.,India,multilateral,495007535.6,US$495.0 million
Switzerland,India,private,0.0,US$0
Mauritius,India,private,625000.0,"US$625,000"
European Investment Bank,India,multilateral,1620171213.4,US$1.6 billion
European Economic Community (EEC),India,multilateral,6419532.4,US$6.4 million
International Finance Corporation,India,multilateral,25000000.0,US$25 million
Canada,India,bilateral,3630000.0,US$3.6 million
Asian Infrastructure Investment Bank,India,multilateral,4712073000.0,US$4.7 billion
OPEC Fund for International Dev.,India,multilateral,17698000.0,US$17.7 million
Asian Dev. Bank   ,Indonesia,multilateral,13267279000.0,US$13.3 billion
Czechia,Indonesia,private,188066872.5,US$188.1 million
Austria,Indonesia,private,289599608.4,US$289.6 million
Belgium,Indonesia,bilateral,2718801.3,US$2.7 million
Austria,Indonesia,bilateral,12403427.1,US$12.4 million
Netherlands,Indonesia,private,104696186.4,US$104.7 million
"Korea, Republic of",Indonesia,private,9562000.0,US$9.6 million
"Korea, Republic of",Indonesia,bilateral,755417429.9,US$755.4 million
Russian Federation,Indonesia,bilateral,108818000.0,US$108.8 million
Saudi Arabia,Indonesia,bilateral,86212000.0,US$86.2 million
Italy,Indonesia,private,0.0,US$0
Czechia,Indonesia,bilateral,78285000.0,US$78.3 million
Cayman Islands,Indonesia,private,2788750721.4,US$2.8 billion
International Fund for Agricultural Dev.,Indonesia,multilateral,288806372.9,US$288.8 million
Multiple Lenders,Indonesia,private,453876472.9,US$453.9 million
"Germany, Fed. Rep. of",Indonesia,bilateral,3863696499.9,US$3.9 billion
World Bank-IDA                         ,Indonesia,multilateral,72671000.0,US$72.7 million
Islamic Dev. Bank,Indonesia,multilateral,1099082385.0,US$1.1 billion
United States,Indonesia,bilateral,40631000.0,US$40.6 million
United States,Indonesia,private,388137000.0,US$388.1 million
Asian Infrastructure Investment Bank,Indonesia,multilateral,3207593412.4,US$3.2 billion
Australia,Indonesia,private,101915281.0,US$101.9 million
Nordic Development Fund,Indonesia,multilateral,6467152.5,US$6.5 million
Australia,Indonesia,bilateral,837132105.7,US$837.1 million
Japan,Indonesia,bilateral,7968971686.4,US$8.0 billion
Spain,Indonesia,private,40259644.5,US$40.3 million
Hungary,Indonesia,bilateral,32276000.0,US$32.3 million
Norway,Indonesia,bilateral,60996000.0,US$61.0 million
Hong Kong,Indonesia,private,1425377219.7,US$1.4 billion
Switzerland,Indonesia,bilateral,14141403.0,US$14.1 million
Canada,Indonesia,bilateral,20316631.9,US$20.3 million
Japan,Indonesia,private,184829000.0,US$184.8 million
World Bank-IBRD                         ,Indonesia,multilateral,21495586000.0,US$21.5 billion
"Germany, Fed. Rep. of",Indonesia,private,221755282.8,US$221.8 million
Spain,Indonesia,bilateral,92444919.4,US$92.4 million
Singapore,Indonesia,private,1309816837.3,US$1.3 billion
China,Indonesia,bilateral,1446778149.9,US$1.4 billion
Finland,Indonesia,private,5033000.0,US$5.0 million
Bondholders,Indonesia,private,177448110066.9,US$177.4 billion
United Kingdom,Indonesia,bilateral,14007000.0,US$14.0 million
United Kingdom,Indonesia,private,379466545.6,US$379.5 million
France,Indonesia,bilateral,1420643963.1,US$1.4 billion
France,Indonesia,private,3863975041.7,US$3.9 billion
Canada,"Iran, Islamic Rep.",bilateral,5649965.2,US$5.6 million
China,"Iran, Islamic Rep.",bilateral,6073000.0,US$6.1 million
India,"Iran, Islamic Rep.",bilateral,21706768.7,US$21.7 million
World Bank-IBRD                         ,"Iran, Islamic Rep.",multilateral,124094000.0,US$124.1 million
Italy,"Iran, Islamic Rep.",private,20564787.2,US$20.6 million
ECO Trade and Dev. Bank,"Iran, Islamic Rep.",multilateral,33690488.1,US$33.7 million
"Germany, Fed. Rep. of","Iran, Islamic Rep.",private,102436578.9,US$102.4 million
Russian Federation,"Iran, Islamic Rep.",bilateral,4552459.8,US$4.6 million
France,"Iran, Islamic Rep.",private,1706912.7,US$1.7 million
Japan,"Iran, Islamic Rep.",bilateral,3013086.5,US$3.0 million
Croatia,Iraq,private,5629000.0,US$5.6 million
World Bank-IDA                         ,Iraq,multilateral,203054000.0,US$203.1 million
International Fund for Agricultural Dev.,Iraq,multilateral,0.0,US$0
Indonesia,Iraq,bilateral,193000.0,"US$193,000"
Malaysia,Iraq,bilateral,268000.0,"US$268,000"
Bahrain,Iraq,private,96125000.0,US$96.1 million
Austria,Iraq,bilateral,106386476.7,US$106.4 million
Spain,Iraq,bilateral,31504000.0,US$31.5 million
Czechia,Iraq,private,43611000.0,US$43.6 million
"Germany, Fed. Rep. of",Iraq,bilateral,533594623.5,US$533.6 million
Switzerland,Iraq,bilateral,32576187.7,US$32.6 million
United States,Iraq,private,3515000.0,US$3.5 million
Czechia,Iraq,bilateral,15292000.0,US$15.3 million
United Kingdom,Iraq,private,670130928.9,US$670.1 million
China,Iraq,bilateral,410868000.0,US$410.9 million
United Kingdom,Iraq,bilateral,130268000.0,US$130.3 million
Belgium,Iraq,bilateral,20528000.0,US$20.5 million
South Africa,Iraq,bilateral,8877000.0,US$8.9 million
Greece,Iraq,private,7769000.0,US$7.8 million
Greece,Iraq,bilateral,94639000.0,US$94.6 million
Italy,Iraq,bilateral,259026791.2,US$259.0 million
Italy,Iraq,private,298886000.0,US$298.9 million
"Germany, Fed. Rep. of",Iraq,private,235281970.5,US$235.3 million
France,Iraq,bilateral,681334728.5,US$681.3 million
France,Iraq,private,93801000.0,US$93.8 million
Kuwait,Iraq,bilateral,28576067.5,US$28.6 million
Canada,Iraq,bilateral,29892000.0,US$29.9 million
Japan,Iraq,private,181321000.0,US$181.3 million
Japan,Iraq,bilateral,4657566242.2,US$4.7 billion
United States,Iraq,bilateral,3177000.0,US$3.2 million
Russian Federation,Iraq,bilateral,426903000.0,US$426.9 million
Hungary,Iraq,bilateral,12412000.0,US$12.4 million
Australia,Iraq,bilateral,54918000.0,US$54.9 million
Switzerland,Iraq,private,7360000.0,US$7.4 million
Ireland,Iraq,private,57688000.0,US$57.7 million
Serbia,Iraq,bilateral,67175000.0,US$67.2 million
"Korea, Republic of",Iraq,bilateral,10879000.0,US$10.9 million
Sweden,Iraq,bilateral,14977000.0,US$15.0 million
Netherlands,Iraq,private,17028000.0,US$17.0 million
Finland,Iraq,bilateral,130714000.0,US$130.7 million
World Bank-IBRD                         ,Iraq,multilateral,2809857000.0,US$2.8 billion
Bosnia-Herzegovina,Iraq,private,28444000.0,US$28.4 million
Sweden,Iraq,private,72498000.0,US$72.5 million
Islamic Dev. Bank,Iraq,multilateral,0.0,US$0
Arab Monetary Fund,Iraq,multilateral,1356300.0,US$1.4 million
Netherlands,Iraq,bilateral,14269000.0,US$14.3 million
"Korea, Republic of",Iraq,private,185418000.0,US$185.4 million
Romania,Iraq,bilateral,136043000.0,US$136.0 million
Canada,Jamaica,bilateral,2562000.0,US$2.6 million
Japan,Jamaica,bilateral,2598000.0,US$2.6 million
United States,Jamaica,bilateral,756000.0,"US$756,000"
Kuwait,Jamaica,bilateral,0.0,US$0
Bondholders,Jamaica,private,4780261626.9,US$4.8 billion
Netherlands,Jamaica,bilateral,262841.7,"US$262,842"
Caribbean Dev. Bank,Jamaica,multilateral,136599000.0,US$136.6 million
European Investment Bank,Jamaica,multilateral,236869.2,"US$236,869"
European Development Fund (EDF),Jamaica,multilateral,2492321.1,US$2.5 million
OPEC Fund for International Dev.,Jamaica,multilateral,5518000.0,US$5.5 million
Belgium,Jamaica,bilateral,1004616.3,US$1.0 million
World Bank-IBRD                         ,Jamaica,multilateral,965843000.0,US$965.8 million
China,Jamaica,bilateral,532018178.8,US$532.0 million
Nordic Development Fund,Jamaica,multilateral,3050370.9,US$3.1 million
European Economic Community (EEC),Jamaica,multilateral,11518284.3,US$11.5 million
Inter-American Dev. Bank      ,Jamaica,multilateral,1494892000.0,US$1.5 billion
"Germany, Fed. Rep. of",Jamaica,bilateral,4402858.2,US$4.4 million
"Korea, Republic of",Jordan,bilateral,144005629.3,US$144.0 million
"Germany, Fed. Rep. of",Jordan,bilateral,918679530.9,US$918.7 million
Japan,Jordan,bilateral,1096061315.1,US$1.1 billion
European Investment Bank,Jordan,multilateral,185306737.6,US$185.3 million
Arab Monetary Fund,Jordan,multilateral,247892631.7,US$247.9 million
World Bank-IDA                         ,Jordan,multilateral,194032000.0,US$194.0 million
European Bank for Reconstruction and Dev. (EBRD),Jordan,multilateral,270238238.2,US$270.2 million
Qatar,Jordan,private,240000000.0,US$240 million
"Iran, Islamic Republic Of",Jordan,bilateral,16877000.0,US$16.9 million
United States,Jordan,bilateral,9738000.0,US$9.7 million
European Social Fund (ESF),Jordan,multilateral,207780000.0,US$207.8 million
Iraq,Jordan,bilateral,243.1,US$243
Saudi Arabia,Jordan,bilateral,242913866.7,US$242.9 million
European Union,Jordan,multilateral,727230000.0,US$727.2 million
International Fund for Agricultural Dev.,Jordan,multilateral,20157043.9,US$20.2 million
World Bank-IBRD                         ,Jordan,multilateral,5228000000.0,US$5.2 billion
Islamic Dev. Bank,Jordan,multilateral,294207573.7,US$294.2 million
United Arab Emirates,Jordan,bilateral,283751000.0,US$283.8 million
Spain,Jordan,bilateral,33693904.1,US$33.7 million
European Development Fund (EDF),Jordan,multilateral,187002000.0,US$187.0 million
Switzerland,Jordan,private,2741757.0,US$2.7 million
Kuwait,Jordan,bilateral,394229582.7,US$394.2 million
China,Jordan,bilateral,56460048.3,US$56.5 million
OPEC Fund for International Dev.,Jordan,multilateral,271763000.0,US$271.8 million
Bondholders,Jordan,private,10450000000.0,US$10.4 billion
Italy,Jordan,private,3948858.9,US$3.9 million
France,Jordan,bilateral,1018892277.2,US$1.0 billion
France,Jordan,private,50403272.4,US$50.4 million
Canada,Jordan,bilateral,75156576.2,US$75.2 million
Arab Fund for Economic & Social Development,Jordan,multilateral,453097530.1,US$453.1 million
United States,Jordan,private,14487000.0,US$14.5 million
Asian Infrastructure Investment Bank,Jordan,multilateral,255224000.0,US$255.2 million
Italy,Jordan,bilateral,113760588.9,US$113.8 million
Kuwait,Kazakhstan,bilateral,357200.8,"US$357,201"
World Bank-IBRD                         ,Kazakhstan,multilateral,3831067000.0,US$3.8 billion
Multiple Lenders,Kazakhstan,private,7618479000.0,US$7.6 billion
Japan,Kazakhstan,bilateral,158014682.4,US$158.0 million
Islamic Dev. Bank,Kazakhstan,multilateral,124019939.8,US$124.0 million
China,Kazakhstan,bilateral,1895803277.1,US$1.9 billion
Asian Infrastructure Investment Bank,Kazakhstan,multilateral,876945748.1,US$876.9 million
Bondholders,Kazakhstan,private,15825687274.8,US$15.8 billion
"Germany, Fed. Rep. of",Kazakhstan,bilateral,5166449.7,US$5.2 million
European Bank for Reconstruction and Dev. (EBRD),Kazakhstan,multilateral,1838497810.4,US$1.8 billion
Asian Dev. Bank   ,Kazakhstan,multilateral,1857791000.0,US$1.9 billion
"Germany, Fed. Rep. of",Kenya,private,32273428.5,US$32.3 million
Belgium,Kenya,bilateral,84117655.2,US$84.1 million
Japan,Kenya,bilateral,1166466645.4,US$1.2 billion
European Investment Bank,Kenya,multilateral,188757741.0,US$188.8 million
"Germany, Fed. Rep. of",Kenya,bilateral,330883872.7,US$330.9 million
African Export-Import Bank,Kenya,multilateral,279022567.5,US$279.0 million
South Africa,Kenya,private,194925700.0,US$194.9 million
Spain,Kenya,private,11611785.3,US$11.6 million
Nordic Investment Bank,Kenya,multilateral,8311200.0,US$8.3 million
Spain,Kenya,bilateral,86247281.2,US$86.2 million
World Bank-IBRD                         ,Kenya,multilateral,1947156000.0,US$1.9 billion
African Dev. Bank         ,Kenya,multilateral,3892767530.0,US$3.9 billion
OPEC Fund for International Dev.,Kenya,multilateral,21555000.0,US$21.6 million
France,Kenya,private,12847037.4,US$12.8 million
Eastern & Southern African Trade & Dev. Bank (TDB),Kenya,multilateral,1432372816.7,US$1.4 billion
France,Kenya,bilateral,742253602.9,US$742.3 million
Kuwait,Kenya,bilateral,10641337.9,US$10.6 million
Belgium,Kenya,private,87779777.7,US$87.8 million
Bondholders,Kenya,private,6600000000.0,US$6.6 billion
Denmark,Kenya,bilateral,1408251.6,US$1.4 million
Finland,Kenya,bilateral,1234213.2,US$1.2 million
"Korea, Republic of",Kenya,bilateral,64918957.2,US$64.9 million
World Bank-IDA                         ,Kenya,multilateral,11872969000.0,US$11.9 billion
Switzerland,Kenya,private,69526134.6,US$69.5 million
United Arab Emirates,Kenya,bilateral,7165146.3,US$7.2 million
Hungary,Kenya,bilateral,2548000.0,US$2.5 million
Arab Bank for Economic Dev. in Africa (BADEA),Kenya,multilateral,44292000.0,US$44.3 million
European Economic Community (EEC),Kenya,multilateral,5978869.5,US$6.0 million
Netherlands,Kenya,private,16823946.6,US$16.8 million
Arab African International Bank,Kenya,multilateral,8716000.0,US$8.7 million
Austria,Kenya,bilateral,2291813.4,US$2.3 million
Israel,Kenya,private,8801000.0,US$8.8 million
Saudi Arabia,Kenya,bilateral,25136266.7,US$25.1 million
United Kingdom,Kenya,private,52714117.6,US$52.7 million
International Fund for Agricultural Dev.,Kenya,multilateral,279485695.0,US$279.5 million
United States,Kenya,bilateral,5170000.0,US$5.2 million
Austria,Kenya,private,14673423.6,US$14.7 million
China,Kenya,bilateral,5367181239.9,US$5.4 billion
India,Kenya,bilateral,49644000.0,US$49.6 million
Italy,Kenya,bilateral,118688091.6,US$118.7 million
Italy,Kenya,private,419915015.7,US$419.9 million
Nordic Development Fund,Kenya,multilateral,13271947.5,US$13.3 million
France,Kosovo,bilateral,190118.7,"US$190,119"
Islamic Dev. Bank,Kosovo,multilateral,13225197.0,US$13.2 million
Bondholders,Kosovo,private,6637532.1,US$6.6 million
World Bank-IBRD                         ,Kosovo,multilateral,82194000.0,US$82.2 million
World Bank-IDA                         ,Kosovo,multilateral,276567000.0,US$276.6 million
European Investment Bank,Kosovo,multilateral,79183919.1,US$79.2 million
Saudi Arabia,Kosovo,bilateral,4899466.7,US$4.9 million
European Union,Kosovo,multilateral,103890000.0,US$103.9 million
"Germany, Fed. Rep. of",Kosovo,bilateral,12829376.1,US$12.8 million
Council of Europe,Kosovo,multilateral,47209693.8,US$47.2 million
European Bank for Reconstruction and Dev. (EBRD),Kosovo,multilateral,29589949.8,US$29.6 million
OPEC Fund for International Dev.,Kosovo,multilateral,47182000.0,US$47.2 million
Austria,Kosovo,private,28625850.6,US$28.6 million
World Bank-IDA                         ,Kyrgyz Republic,multilateral,749695000.0,US$749.7 million
Denmark,Kyrgyz Republic,bilateral,1626000.0,US$1.6 million
Turkiye,Kyrgyz Republic,bilateral,58237000.0,US$58.2 million
China,Kyrgyz Republic,bilateral,1653692685.6,US$1.7 billion
OPEC Fund for International Dev.,Kyrgyz Republic,multilateral,4732000.0,US$4.7 million
Islamic Solidarity Fund for Dev. (ISFD),Kyrgyz Republic,multilateral,18718516.0,US$18.7 million
"Korea, Republic of",Kyrgyz Republic,bilateral,9268268.0,US$9.3 million
Saudi Arabia,Kyrgyz Republic,bilateral,75685866.7,US$75.7 million
Japan,Kyrgyz Republic,bilateral,137012448.3,US$137.0 million
"Germany, Fed. Rep. of",Kyrgyz Republic,bilateral,61921556.7,US$61.9 million
Kuwait,Kyrgyz Republic,bilateral,11927261.0,US$11.9 million
France,Kyrgyz Republic,bilateral,3524987.7,US$3.5 million
Islamic Dev. Bank,Kyrgyz Republic,multilateral,171386229.3,US$171.4 million
European Union,Kyrgyz Republic,multilateral,15583500.0,US$15.6 million
Asian Dev. Bank   ,Kyrgyz Republic,multilateral,764470000.0,US$764.5 million
European Investment Bank,Kyrgyz Republic,multilateral,76618875.0,US$76.6 million
European Bank for Reconstruction and Dev. (EBRD),Kyrgyz Republic,multilateral,57460227.8,US$57.5 million
Nordic Development Fund,Kyrgyz Republic,multilateral,2625300.3,US$2.6 million
United Arab Emirates,Kyrgyz Republic,bilateral,6823689.6,US$6.8 million
International Fund for Agricultural Dev.,Kyrgyz Republic,multilateral,29256956.2,US$29.3 million
Eurasian Development Bank,Kyrgyz Republic,multilateral,260153000.0,US$260.2 million
Asian Infrastructure Investment Bank,Kyrgyz Republic,multilateral,46167000.0,US$46.2 million
Austria,Lao PDR,private,89456562.3,US$89.5 million
European Investment Bank,Lao PDR,multilateral,115733584.4,US$115.7 million
Japan,Lao PDR,bilateral,151471433.1,US$151.5 million
Asian Infrastructure Investment Bank,Lao PDR,multilateral,52828000.0,US$52.8 million
Multiple Lenders,Lao PDR,private,19134000.0,US$19.1 million
European Economic Community (EEC),Lao PDR,multilateral,281000.0,"US$281,000"
World Bank-IDA                         ,Lao PDR,multilateral,886793000.0,US$886.8 million
Thailand,Lao PDR,bilateral,564178037.2,US$564.2 million
Singapore,Lao PDR,private,476855.1,"US$476,855"
Russian Federation,Lao PDR,bilateral,203279000.0,US$203.3 million
Sweden,Lao PDR,bilateral,2442905.2,US$2.4 million
Hungary,Lao PDR,bilateral,157805000.0,US$157.8 million
India,Lao PDR,bilateral,41422000.0,US$41.4 million
China,Lao PDR,private,69173000.0,US$69.2 million
China,Lao PDR,bilateral,5239809936.3,US$5.2 billion
Netherlands,Lao PDR,bilateral,11132852.4,US$11.1 million
Asian Dev. Bank   ,Lao PDR,multilateral,791010000.0,US$791.0 million
International Fund for Agricultural Dev.,Lao PDR,multilateral,54188064.4,US$54.2 million
Malaysia,Lao PDR,private,50000000.0,US$50 million
Nordic Development Fund,Lao PDR,multilateral,45553806.7,US$45.6 million
"Korea, Republic of",Lao PDR,bilateral,282449632.6,US$282.4 million
OPEC Fund for International Dev.,Lao PDR,multilateral,16169000.0,US$16.2 million
Bondholders,Lao PDR,private,995904930.9,US$995.9 million
Malaysia,Lao PDR,bilateral,42000000.0,US$42 million
Viet Nam,Lao PDR,bilateral,113315000.0,US$113.3 million
Kuwait,Lao PDR,bilateral,15934405.0,US$15.9 million
Thailand,Lao PDR,private,12647000.0,US$12.6 million
Grenada,Latin America & Caribbean (excluding high income),private,0.0,US$0
Luxembourg,Latin America & Caribbean (excluding high income),private,250748888.4,US$250.7 million
Belgium,Latin America & Caribbean (excluding high income),bilateral,4098460.5,US$4.1 million
United Kingdom,Latin America & Caribbean (excluding high income),bilateral,15194057.6,US$15.2 million
Belgium,Latin America & Caribbean (excluding high income),private,3644461.2,US$3.6 million
Honduras,Latin America & Caribbean (excluding high income),bilateral,118637000.0,US$118.6 million
Honduras,Latin America & Caribbean (excluding high income),private,22059000.0,US$22.1 million
Switzerland,Latin America & Caribbean (excluding high income),private,1125866533.1,US$1.1 billion
Italy,Latin America & Caribbean (excluding high income),bilateral,254686354.5,US$254.7 million
Russian Federation,Latin America & Caribbean (excluding high income),bilateral,92807174.9,US$92.8 million
Russian Federation,Latin America & Caribbean (excluding high income),private,7816000.0,US$7.8 million
Hong Kong,Latin America & Caribbean (excluding high income),private,9866000.0,US$9.9 million
Norway,Latin America & Caribbean (excluding high income),bilateral,187002.0,"US$187,002"
Italy,Latin America & Caribbean (excluding high income),private,182962402.3,US$183.0 million
Guyana,Latin America & Caribbean (excluding high income),private,948000.0,"US$948,000"
Israel,Latin America & Caribbean (excluding high income),private,14188257.3,US$14.2 million
United Kingdom,Latin America & Caribbean (excluding high income),private,2394186200.3,US$2.4 billion
Cayman Islands,Latin America & Caribbean (excluding high income),private,421398000.0,US$421.4 million
Central American Bank for Econ. Integration (BCIE),Latin America & Caribbean (excluding high income),multilateral,9594806206.3,US$9.6 billion
Netherlands,Latin America & Caribbean (excluding high income),private,72636500402.5,US$72.6 billion
Netherlands,Latin America & Caribbean (excluding high income),bilateral,106055067.6,US$106.1 million
"Venezuela, Republic Bolivarian",Latin America & Caribbean (excluding high income),bilateral,646592259.3,US$646.6 million
Austria,Latin America & Caribbean (excluding high income),private,7134754744.3,US$7.1 billion
Denmark,Latin America & Caribbean (excluding high income),private,60414112.8,US$60.4 million
Denmark,Latin America & Caribbean (excluding high income),bilateral,1926000.0,US$1.9 million
China,Latin America & Caribbean (excluding high income),bilateral,13123332643.7,US$13.1 billion
European Development Fund (EDF),Latin America & Caribbean (excluding high income),multilateral,4203389.4,US$4.2 million
Finland,Latin America & Caribbean (excluding high income),private,1332000.0,US$1.3 million
China,Latin America & Caribbean (excluding high income),private,244134000.0,US$244.1 million
Libya,Latin America & Caribbean (excluding high income),bilateral,63527000.0,US$63.5 million
Kuwait,Latin America & Caribbean (excluding high income),bilateral,185578827.8,US$185.6 million
New Development Bank (NDB),Latin America & Caribbean (excluding high income),multilateral,2940785429.2,US$2.9 billion
Israel,Latin America & Caribbean (excluding high income),bilateral,2996815.4,US$3.0 million
United States,Latin America & Caribbean (excluding high income),bilateral,496533000.0,US$496.5 million
United States,Latin America & Caribbean (excluding high income),private,11961350211.9,US$12.0 billion
World Bank-IDA                         ,Latin America & Caribbean (excluding high income),multilateral,3685730000.0,US$3.7 billion
Corporacion Andina de Fomento,Latin America & Caribbean (excluding high income),multilateral,22542704811.0,US$22.5 billion
Spain,Latin America & Caribbean (excluding high income),private,848863548.4,US$848.9 million
Barbados,Latin America & Caribbean (excluding high income),private,582222.2,"US$582,222"
Plata Basin Financial Dev. Fund,Latin America & Caribbean (excluding high income),multilateral,1757805653.9,US$1.8 billion
Costa Rica,Latin America & Caribbean (excluding high income),bilateral,315316000.0,US$315.3 million
Peru,Latin America & Caribbean (excluding high income),private,53000000.0,US$53 million
Belarus,Latin America & Caribbean (excluding high income),bilateral,0.0,US$0
Panama,Latin America & Caribbean (excluding high income),private,81275000.0,US$81.3 million
European Investment Bank,Latin America & Caribbean (excluding high income),multilateral,1736087596.0,US$1.7 billion
"Korea, Republic of",Latin America & Caribbean (excluding high income),private,9000000.0,US$9 million
African Export-Import Bank,Latin America & Caribbean (excluding high income),multilateral,2400000.0,US$2.4 million
Spain,Latin America & Caribbean (excluding high income),bilateral,1030493477.9,US$1.0 billion
Asian Infrastructure Investment Bank,Latin America & Caribbean (excluding high income),multilateral,80000000.0,US$80 million
"Korea, Republic of",Latin America & Caribbean (excluding high income),bilateral,358576215.0,US$358.6 million
United Arab Emirates,Latin America & Caribbean (excluding high income),bilateral,65053778.1,US$65.1 million
Colombia,Latin America & Caribbean (excluding high income),private,308000000.0,US$308 million
St. Kitts And Nevis,Latin America & Caribbean (excluding high income),private,0.0,US$0
OPEC Fund for International Dev.,Latin America & Caribbean (excluding high income),multilateral,1128853000.0,US$1.1 billion
Japan,Latin America & Caribbean (excluding high income),private,758309630.4,US$758.3 million
World Bank-IBRD                         ,Latin America & Caribbean (excluding high income),multilateral,76285942000.0,US$76.3 billion
France,Latin America & Caribbean (excluding high income),bilateral,8886138023.6,US$8.9 billion
European Economic Community (EEC),Latin America & Caribbean (excluding high income),multilateral,11518284.3,US$11.5 million
Multiple Lenders,Latin America & Caribbean (excluding high income),private,20831136031.2,US$20.8 billion
Multiple Lenders,Latin America & Caribbean (excluding high income),bilateral,1031289000.0,US$1.0 billion
Barbados,Latin America & Caribbean (excluding high income),bilateral,3355000.0,US$3.4 million
Trinidad & Tobago,Latin America & Caribbean (excluding high income),private,3505185.2,US$3.5 million
Sweden,Latin America & Caribbean (excluding high income),bilateral,2057531777.9,US$2.1 billion
Trinidad & Tobago,Latin America & Caribbean (excluding high income),bilateral,37680146.4,US$37.7 million
"Germany, Fed. Rep. of",Latin America & Caribbean (excluding high income),bilateral,5715586642.4,US$5.7 billion
France,Latin America & Caribbean (excluding high income),private,1426462257.5,US$1.4 billion
Switzerland,Latin America & Caribbean (excluding high income),bilateral,78630228.0,US$78.6 million
Nordic Development Fund,Latin America & Caribbean (excluding high income),multilateral,64900356.4,US$64.9 million
Algeria,Latin America & Caribbean (excluding high income),bilateral,612000.0,"US$612,000"
Austria,Latin America & Caribbean (excluding high income),bilateral,8322627.9,US$8.3 million
Japan,Latin America & Caribbean (excluding high income),bilateral,1898720576.6,US$1.9 billion
"Germany, Fed. Rep. of",Latin America & Caribbean (excluding high income),private,4139777448.7999997,US$4.1 billion
Peru,Latin America & Caribbean (excluding high income),bilateral,16563000.0,US$16.6 million
Brazil,Latin America & Caribbean (excluding high income),bilateral,236894000.0,US$236.9 million
"Iran, Islamic Republic Of",Latin America & Caribbean (excluding high income),bilateral,38985000.0,US$39.0 million
Islamic Dev. Bank,Latin America & Caribbean (excluding high income),multilateral,36747000.0,US$36.7 million
Ireland,Latin America & Caribbean (excluding high income),private,1656022000.0,US$1.7 billion
India,Latin America & Caribbean (excluding high income),bilateral,193173000.0,US$193.2 million
Caribbean Community (CARICOM),Latin America & Caribbean (excluding high income),multilateral,14921000.0,US$14.9 million
Caribbean Dev. Bank,Latin America & Caribbean (excluding high income),multilateral,1139800330.7,US$1.1 billion
Inter-American Dev. Bank      ,Latin America & Caribbean (excluding high income),multilateral,95886700000.0,US$95.9 billion
Bolivarian Alliance for the Americas (ALBA),Latin America & Caribbean (excluding high income),multilateral,50848000.0,US$50.8 million
St. Lucia,Latin America & Caribbean (excluding high income),private,336296.3,"US$336,296"
Bondholders,Latin America & Caribbean (excluding high income),private,536118224702.4,US$536.1 billion
Canada,Latin America & Caribbean (excluding high income),private,215524000.0,US$215.5 million
South Africa,Latin America & Caribbean (excluding high income),private,19206.2,"US$19,206"
International Fund for Agricultural Dev.,Latin America & Caribbean (excluding high income),multilateral,566863408.2,US$566.9 million
Canada,Latin America & Caribbean (excluding high income),bilateral,91288617.9,US$91.3 million
Australia,Latin America & Caribbean (excluding high income),private,0.0,US$0
Belize,Latin America & Caribbean (excluding high income),bilateral,1000000.0,US$1 million
International Finance Corporation,Latin America & Caribbean (excluding high income),multilateral,138731489.6,US$138.7 million
St. Vincent & The Grenadines,Latin America & Caribbean (excluding high income),private,0.0,US$0
Saudi Arabia,Latin America & Caribbean (excluding high income),bilateral,0.0,US$0
Ireland,Least developed countries: UN classification,bilateral,1643460.6,US$1.6 million
Dev. Bank of the Central African States (BDEAC),Least developed countries: UN classification,multilateral,282986659.3,US$283.0 million
Ireland,Least developed countries: UN classification,private,697221000.0,US$697.2 million
United States,Least developed countries: UN classification,bilateral,1034879978.2,US$1.0 billion
Saudi Arabia,Least developed countries: UN classification,private,19060000.0,US$19.1 million
Denmark,Least developed countries: UN classification,private,245103353.5,US$245.1 million
Australia,Least developed countries: UN classification,bilateral,0.0,US$0
World Bank-IDA                         ,Least developed countries: UN classification,multilateral,97241174000.0,US$97.2 billion
Denmark,Least developed countries: UN classification,bilateral,62758551.8,US$62.8 million
Serbia,Least developed countries: UN classification,bilateral,138328000.0,US$138.3 million
Thailand,Least developed countries: UN classification,bilateral,757776063.4,US$757.8 million
Thailand,Least developed countries: UN classification,private,12647000.0,US$12.6 million
United States,Least developed countries: UN classification,private,2315113590.8,US$2.3 billion
"Venezuela, Republic Bolivarian",Least developed countries: UN classification,bilateral,45548000.0,US$45.5 million
Libya,Least developed countries: UN classification,bilateral,991526714.2,US$991.5 million
Romania,Least developed countries: UN classification,bilateral,134839000.0,US$134.8 million
Greece,Least developed countries: UN classification,private,446000.0,"US$446,000"
Greece,Least developed countries: UN classification,bilateral,2032000.0,US$2.0 million
Mali,Least developed countries: UN classification,bilateral,53.8,US$54
United Arab Emirates,Least developed countries: UN classification,private,317011775.8,US$317.0 million
Belgium,Least developed countries: UN classification,private,77761304.5,US$77.8 million
Belgium,Least developed countries: UN classification,bilateral,229851979.1,US$229.9 million
Malaysia,Least developed countries: UN classification,private,50000000.0,US$50 million
Malaysia,Least developed countries: UN classification,bilateral,42000000.0,US$42 million
Saudi Arabia,Least developed countries: UN classification,bilateral,5934256772.4,US$5.9 billion
Liberia,Least developed countries: UN classification,private,807395.3,"US$807,395"
Switzerland,Least developed countries: UN classification,private,2270308524.7,US$2.3 billion
Italy,Least developed countries: UN classification,private,993768259.0,US$993.8 million
Algeria,Least developed countries: UN classification,bilateral,157641377.3,US$157.6 million
World Bank-IBRD                         ,Least developed countries: UN classification,multilateral,4503830000.0,US$4.5 billion
Luxembourg,Least developed countries: UN classification,private,30763906.8,US$30.8 million
Switzerland,Least developed countries: UN classification,bilateral,122095596.4,US$122.1 million
Sweden,Least developed countries: UN classification,private,93801000.0,US$93.8 million
Norway,Least developed countries: UN classification,bilateral,31678876.3,US$31.7 million
Finland,Least developed countries: UN classification,bilateral,1320441.9,US$1.3 million
Serbia,Least developed countries: UN classification,private,60991214.9,US$61.0 million
Italy,Least developed countries: UN classification,bilateral,897940529.5,US$897.9 million
Austria,Least developed countries: UN classification,bilateral,279010100.7,US$279.0 million
Islamic Dev. Bank,Least developed countries: UN classification,multilateral,6656624318.1,US$6.7 billion
Austria,Least developed countries: UN classification,private,337092025.3,US$337.1 million
Japan,Least developed countries: UN classification,bilateral,19526751271.4,US$19.5 billion
Japan,Least developed countries: UN classification,private,923099291.5999999,US$923.1 million
Togo,Least developed countries: UN classification,private,46533412.7,US$46.5 million
Belarus,Least developed countries: UN classification,bilateral,24322000.0,US$24.3 million
Asian Dev. Bank   ,Least developed countries: UN classification,multilateral,24261117000.0,US$24.3 billion
African Export-Import Bank,Least developed countries: UN classification,multilateral,1608360558.6,US$1.6 billion
Benin,Least developed countries: UN classification,bilateral,68245.6,"US$68,246"
"Cote D`Ivoire, Republic Of",Least developed countries: UN classification,private,642562134.9,US$642.6 million
Pakistan,Least developed countries: UN classification,bilateral,12189000.0,US$12.2 million
Iraq,Least developed countries: UN classification,bilateral,394166867.1,US$394.2 million
"Cote D`Ivoire, Republic Of",Least developed countries: UN classification,bilateral,46722094.7,US$46.7 million
Brazil,Least developed countries: UN classification,bilateral,351213000.0,US$351.2 million
South Africa,Least developed countries: UN classification,bilateral,525942626.2,US$525.9 million
South Africa,Least developed countries: UN classification,private,1660372000.0,US$1.7 billion
Spain,Least developed countries: UN classification,bilateral,170834701.1,US$170.8 million
Spain,Least developed countries: UN classification,private,899594553.5999999,US$899.6 million
Poland,Least developed countries: UN classification,private,6080000.0,US$6.1 million
Poland,Least developed countries: UN classification,bilateral,295870520.2,US$295.9 million
Panama,Least developed countries: UN classification,private,0.0,US$0
"Korea, Republic of",Least developed countries: UN classification,bilateral,3981110599.0,US$4.0 billion
Org. of Arab Petroleum Exporting Countries (OAPEC),Least developed countries: UN classification,multilateral,35580000.0,US$35.6 million
"Germany, Fed. Rep. of",Least developed countries: UN classification,bilateral,744728192.7,US$744.7 million
Kuwait,Least developed countries: UN classification,private,333370211.79999995,US$333.4 million
Kuwait,Least developed countries: UN classification,bilateral,3212239941.2,US$3.2 billion
Qatar,Least developed countries: UN classification,bilateral,84117500.0,US$84.1 million
Angola,Least developed countries: UN classification,bilateral,303852000.0,US$303.9 million
"Iran, Islamic Republic Of",Least developed countries: UN classification,bilateral,198647654.0,US$198.6 million
Argentina,Least developed countries: UN classification,bilateral,10408000.0,US$10.4 million
France,Least developed countries: UN classification,bilateral,6460210979.5,US$6.5 billion
France,Least developed countries: UN classification,private,3748534598.0,US$3.7 billion
Czechia,Least developed countries: UN classification,bilateral,266132145.1,US$266.1 million
Arab Fund for Economic & Social Development,Least developed countries: UN classification,multilateral,3484523243.9,US$3.5 billion
Senegal,Least developed countries: UN classification,bilateral,240.7,US$241
Portugal,Least developed countries: UN classification,private,610611656.2,US$610.6 million
Portugal,Least developed countries: UN classification,bilateral,632473987.9,US$632.5 million
OPEC Fund for International Dev.,Least developed countries: UN classification,multilateral,1708596933.5,US$1.7 billion
Uganda,Least developed countries: UN classification,private,681000.0,"US$681,000"
United Kingdom,Least developed countries: UN classification,private,8680882122.1,US$8.7 billion
Croatia,Least developed countries: UN classification,bilateral,39903000.0,US$39.9 million
Oman,Least developed countries: UN classification,bilateral,89507000.0,US$89.5 million
"Germany, Fed. Rep. of",Least developed countries: UN classification,private,2241272985.9,US$2.2 billion
African Dev. Bank         ,Least developed countries: UN classification,multilateral,19026138768.6,US$19.0 billion
Asian Infrastructure Investment Bank,Least developed countries: UN classification,multilateral,2546898679.5,US$2.5 billion
Sweden,Least developed countries: UN classification,bilateral,5847905.2,US$5.8 million
"Congo, Rep.",Least developed countries: UN classification,bilateral,89167790.3,US$89.2 million
United Kingdom,Least developed countries: UN classification,bilateral,962398097.6,US$962.4 million
Hong Kong,Least developed countries: UN classification,private,304841000.0,US$304.8 million
Central Bank of West African States (BCEAO),Least developed countries: UN classification,multilateral,170167983.0,US$170.2 million
Arab African International Bank,Least developed countries: UN classification,multilateral,8304000.0,US$8.3 million
European Development Fund (EDF),Least developed countries: UN classification,multilateral,2036244.0,US$2.0 million
Canada,Least developed countries: UN classification,bilateral,253400000.0,US$253.4 million
Russian Federation,Least developed countries: UN classification,private,252000.0,"US$252,000"
International Fund for Agricultural Dev.,Least developed countries: UN classification,multilateral,3828221905.4,US$3.8 billion
Nordic Development Fund,Least developed countries: UN classification,multilateral,289418808.5,US$289.4 million
Chad,Least developed countries: UN classification,bilateral,372.2,US$372
Hungary,Least developed countries: UN classification,private,5783000.0,US$5.8 million
European Economic Community (EEC),Least developed countries: UN classification,multilateral,7681982.0,US$7.7 million
Multiple Lenders,Least developed countries: UN classification,bilateral,4274946000.0,US$4.3 billion
Multiple Lenders,Least developed countries: UN classification,multilateral,80839000.0,US$80.8 million
Multiple Lenders,Least developed countries: UN classification,private,11088355000.0,US$11.1 billion
Hungary,Least developed countries: UN classification,bilateral,174781000.0,US$174.8 million
India,Least developed countries: UN classification,private,19772264.9,US$19.8 million
Africa Finance Corporation,Least developed countries: UN classification,private,51945000.0,US$51.9 million
Nigeria,Least developed countries: UN classification,bilateral,9000000.0,US$9 million
Cameroon,Least developed countries: UN classification,bilateral,22626089.9,US$22.6 million
International Bank for Economic Cooperation (IBEC),Least developed countries: UN classification,multilateral,0.0,US$0
Israel,Least developed countries: UN classification,private,3700569714.2,US$3.7 billion
Egypt,Least developed countries: UN classification,private,76632000.0,US$76.6 million
Turkiye,Least developed countries: UN classification,bilateral,305408165.1,US$305.4 million
Bahrain,Least developed countries: UN classification,private,0.0,US$0
Equatorial Guinea,Least developed countries: UN classification,bilateral,28508271.1,US$28.5 million
Bahamas,Least developed countries: UN classification,private,750000.0,"US$750,000"
Arab Bank for Economic Dev. in Africa (BADEA),Least developed countries: UN classification,multilateral,1799102673.8,US$1.8 billion
Namibia,Least developed countries: UN classification,bilateral,1146769.0,US$1.1 million
European Investment Bank,Least developed countries: UN classification,multilateral,2878343235.9,US$2.9 billion
Russian Federation,Least developed countries: UN classification,bilateral,10809807787.6,US$10.8 billion
United Arab Emirates,Least developed countries: UN classification,bilateral,1684252290.2,US$1.7 billion
Eastern & Southern African Trade & Dev. Bank (TDB),Least developed countries: UN classification,multilateral,801845976.7,US$801.8 million
Arab Monetary Fund,Least developed countries: UN classification,multilateral,853644008.4,US$853.6 million
Tanzania,Least developed countries: UN classification,bilateral,35157000.0,US$35.2 million
West African Development Bank - BOAD,Least developed countries: UN classification,multilateral,2449532890.7,US$2.4 billion
Netherlands,Least developed countries: UN classification,private,778645007.5999999,US$778.6 million
Mauritius,Least developed countries: UN classification,private,21874039.5,US$21.9 million
Nordic Investment Bank,Least developed countries: UN classification,multilateral,14998494.3,US$15.0 million
Netherlands,Least developed countries: UN classification,bilateral,166877100.8,US$166.9 million
Bondholders,Least developed countries: UN classification,private,26623772571.0,US$26.6 billion
Bulgaria,Least developed countries: UN classification,bilateral,83599000.0,US$83.6 million
Viet Nam,Least developed countries: UN classification,bilateral,121641000.0,US$121.6 million
Economic Community of West African States (ECOWAS),Least developed countries: UN classification,multilateral,465715165.3,US$465.7 million
Singapore,Least developed countries: UN classification,private,28016855.1,US$28.0 million
China,Least developed countries: UN classification,private,16949632147.8,US$16.9 billion
Morocco,Least developed countries: UN classification,bilateral,7000000.0,US$7 million
India,Least developed countries: UN classification,bilateral,5209210880.7,US$5.2 billion
Canada,Least developed countries: UN classification,private,0.0,US$0
China,Least developed countries: UN classification,bilateral,46789640288.7,US$46.8 billion
Islamic Dev. Bank,Lebanon,multilateral,243016431.7,US$243.0 million
European Investment Bank,Lebanon,multilateral,38152563.6,US$38.2 million
China,Lebanon,bilateral,6850065.8,US$6.9 million
European Development Fund (EDF),Lebanon,multilateral,115317.9,"US$115,318"
Bondholders,Lebanon,private,31314133000.0,US$31.3 billion
Belgium,Lebanon,bilateral,37400.4,"US$37,400"
International Fund for Agricultural Dev.,Lebanon,multilateral,1594956.7,US$1.6 million
World Bank-IDA                         ,Lebanon,multilateral,87784000.0,US$87.8 million
OPEC Fund for International Dev.,Lebanon,multilateral,4880000.0,US$4.9 million
Arab Fund for Economic & Social Development,Lebanon,multilateral,444694268.6,US$444.7 million
Italy,Lebanon,private,34492518.9,US$34.5 million
Italy,Lebanon,bilateral,24110791.2,US$24.1 million
World Bank-IBRD                         ,Lebanon,multilateral,1118759000.0,US$1.1 billion
France,Lebanon,bilateral,47066325.6,US$47.1 million
France,Lebanon,private,31827740.4,US$31.8 million
"Germany, Fed. Rep. of",Lebanon,bilateral,11155708.2,US$11.2 million
United Arab Emirates,Lebanon,bilateral,1333424.1,US$1.3 million
European Economic Community (EEC),Lebanon,multilateral,709568.7,"US$709,569"
Saudi Arabia,Lebanon,bilateral,53065333.4,US$53.1 million
Kuwait,Lebanon,bilateral,264461763.3,US$264.5 million
France,Lesotho,private,2414403.6,US$2.4 million
OPEC Fund for International Dev.,Lesotho,multilateral,15517000.0,US$15.5 million
South Africa,Lesotho,bilateral,0.0,US$0
India,Lesotho,bilateral,1132000.0,US$1.1 million
Saudi Arabia,Lesotho,bilateral,13805600.0,US$13.8 million
Kuwait,Lesotho,bilateral,18951128.5,US$19.0 million
World Bank-IDA                         ,Lesotho,multilateral,504651000.0,US$504.7 million
China,Lesotho,bilateral,181579762.1,US$181.6 million
African Dev. Bank         ,Lesotho,multilateral,147217237.7,US$147.2 million
International Fund for Agricultural Dev.,Lesotho,multilateral,31528828.3,US$31.5 million
European Investment Bank,Lesotho,multilateral,62749944.2,US$62.7 million
United Arab Emirates,Lesotho,bilateral,4544588.2,US$4.5 million
Arab Bank for Economic Dev. in Africa (BADEA),Lesotho,multilateral,31967000.0,US$32.0 million
Economic Community of West African States (ECOWAS),Liberia,multilateral,1207000.0,US$1.2 million
World Bank-IDA                         ,Liberia,multilateral,929174000.0,US$929.2 million
OPEC Fund for International Dev.,Liberia,multilateral,11564000.0,US$11.6 million
European Investment Bank,Liberia,multilateral,35712187.5,US$35.7 million
Arab Bank for Economic Dev. in Africa (BADEA),Liberia,multilateral,31195000.0,US$31.2 million
African Export-Import Bank,Liberia,multilateral,6400000.0,US$6.4 million
Kuwait,Liberia,bilateral,21386491.5,US$21.4 million
United Arab Emirates,Liberia,bilateral,0.0,US$0
African Dev. Bank         ,Liberia,multilateral,213492055.1,US$213.5 million
Saudi Arabia,Liberia,bilateral,40169333.3,US$40.2 million
China,Liberia,bilateral,49604203.2,US$49.6 million
India,Liberia,bilateral,1080000.0,US$1.1 million
Israel,Liberia,private,27093473.1,US$27.1 million
International Fund for Agricultural Dev.,Liberia,multilateral,40029293.9,US$40.0 million
"Korea, Republic of",Low income,bilateral,919195983.7,US$919.2 million
Netherlands,Low income,private,36596592.2,US$36.6 million
Netherlands,Low income,bilateral,71504003.0,US$71.5 million
Panama,Low income,private,0.0,US$0
Asian Dev. Bank   ,Low income,multilateral,491072000.0,US$491.1 million
Brazil,Low income,bilateral,158900000.0,US$158.9 million
Oman,Low income,bilateral,89507000.0,US$89.5 million
Pakistan,Low income,bilateral,12189000.0,US$12.2 million
Uganda,Low income,private,681000.0,"US$681,000"
West African Development Bank - BOAD,Low income,multilateral,1615995766.2,US$1.6 billion
United Kingdom,Low income,bilateral,564961510.5,US$565.0 million
Iraq,Low income,bilateral,322195635.2,US$322.2 million
International Bank for Economic Cooperation (IBEC),Low income,multilateral,0.0,US$0
Arab Bank for Economic Dev. in Africa (BADEA),Low income,multilateral,1208767385.8,US$1.2 billion
European Development Fund (EDF),Low income,multilateral,1606139.4,US$1.6 million
Cameroon,Low income,bilateral,22626089.9,US$22.6 million
Org. of Arab Petroleum Exporting Countries (OAPEC),Low income,multilateral,28361000.0,US$28.4 million
United Kingdom,Low income,private,738538078.7,US$738.5 million
Togo,Low income,private,46533412.7,US$46.5 million
"Cote D`Ivoire, Republic Of",Low income,bilateral,46722094.7,US$46.7 million
"Cote D`Ivoire, Republic Of",Low income,private,20000000.0,US$20 million
Bulgaria,Low income,bilateral,83806000.0,US$83.8 million
Benin,Low income,bilateral,68245.6,"US$68,246"
African Export-Import Bank,Low income,multilateral,503015000.0,US$503.0 million
Mali,Low income,bilateral,53.8,US$54
Bondholders,Low income,private,3900291000.0,US$3.9 billion
International Fund for Agricultural Dev.,Low income,multilateral,2150806377.0,US$2.2 billion
Dev. Bank of the Central African States (BDEAC),Low income,multilateral,282986659.3,US$283.0 million
"Venezuela, Republic Bolivarian",Low income,bilateral,18749000.0,US$18.7 million
European Economic Community (EEC),Low income,multilateral,584900.7,"US$584,901"
Nordic Development Fund,Low income,multilateral,117809622.8,US$117.8 million
Libya,Low income,bilateral,968181714.2,US$968.2 million
Norway,Low income,bilateral,19954889.8,US$20.0 million
"Congo, Rep.",Low income,bilateral,89167790.3,US$89.2 million
Serbia,Low income,bilateral,163218000.0,US$163.2 million
Asian Infrastructure Investment Bank,Low income,multilateral,101110942.5,US$101.1 million
Serbia,Low income,private,5184000.0,US$5.2 million
Economic Community of West African States (ECOWAS),Low income,multilateral,187831813.6,US$187.8 million
Algeria,Low income,bilateral,157641377.3,US$157.6 million
Eastern & Southern African Trade & Dev. Bank (TDB),Low income,multilateral,294253401.5,US$294.3 million
Malaysia,Low income,bilateral,40939932.3,US$40.9 million
Nordic Investment Bank,Low income,multilateral,11840238.3,US$11.8 million
Belgium,Low income,bilateral,213749029.1,US$213.7 million
Belgium,Low income,private,29699304.5,US$29.7 million
Tanzania,Low income,bilateral,35157000.0,US$35.2 million
Canada,Low income,bilateral,9285000.0,US$9.3 million
European Investment Bank,Low income,multilateral,1795258151.8,US$1.8 billion
Croatia,Low income,bilateral,39903000.0,US$39.9 million
Denmark,Low income,private,123956353.5,US$124.0 million
Multiple Lenders,Low income,bilateral,4148660000.0,US$4.1 billion
United Arab Emirates,Low income,private,75133000.0,US$75.1 million
United Arab Emirates,Low income,bilateral,1688410765.1,US$1.7 billion
Austria,Low income,private,53803573.4,US$53.8 million
OPEC Fund for International Dev.,Low income,multilateral,978894512.0,US$978.9 million
Namibia,Low income,bilateral,1146769.0,US$1.1 million
Arab Towns Organization (ATO),Low income,multilateral,207825.9,"US$207,826"
France,Low income,private,521626085.3,US$521.6 million
France,Low income,bilateral,2087418099.5,US$2.1 billion
"Iran, Islamic Republic Of",Low income,bilateral,114569000.0,US$114.6 million
Denmark,Low income,bilateral,62758551.8,US$62.8 million
Senegal,Low income,bilateral,240.7,US$241
Nigeria,Low income,bilateral,9000000.0,US$9 million
Argentina,Low income,bilateral,10408000.0,US$10.4 million
Angola,Low income,bilateral,228203000.0,US$228.2 million
Kuwait,Low income,bilateral,2432198881.6,US$2.4 billion
Kuwait,Low income,private,333370211.79999995,US$333.4 million
Switzerland,Low income,private,2270308524.7,US$2.3 billion
Egypt,Low income,private,82000.0,"US$82,000"
Switzerland,Low income,bilateral,122095596.4,US$122.1 million
Multiple Lenders,Low income,private,3512325000.0,US$3.5 billion
Czechia,Low income,bilateral,25424279.9,US$25.4 million
Equatorial Guinea,Low income,bilateral,28508271.1,US$28.5 million
Austria,Low income,bilateral,203275329.6,US$203.3 million
Russian Federation,Low income,bilateral,2708311364.4,US$2.7 billion
Ireland,Low income,bilateral,1643460.6,US$1.6 million
World Bank-IDA                         ,Low income,multilateral,44199424000.0,US$44.2 billion
Arab Monetary Fund,Low income,multilateral,864911731.6,US$864.9 million
China,Low income,bilateral,17070658343.5,US$17.1 billion
China,Low income,private,1399838000.0,US$1.4 billion
Sweden,Low income,private,85230000.0,US$85.2 million
Greece,Low income,bilateral,2032000.0,US$2.0 million
Greece,Low income,private,446000.0,"US$446,000"
Turkiye,Low income,bilateral,190978154.7,US$191.0 million
African Dev. Bank         ,Low income,multilateral,10213846778.3,US$10.2 billion
Japan,Low income,private,350290591.3,US$350.3 million
Japan,Low income,bilateral,1660520225.1,US$1.7 billion
India,Low income,bilateral,1914168394.8,US$1.9 billion
Qatar,Low income,bilateral,41617500.0,US$41.6 million
Spain,Low income,bilateral,128649354.8,US$128.6 million
India,Low income,private,18490405.3,US$18.5 million
Israel,Low income,private,179332169.2,US$179.3 million
Arab Fund for Economic & Social Development,Low income,multilateral,2650568511.1,US$2.7 billion
Portugal,Low income,private,67095625.0,US$67.1 million
Portugal,Low income,bilateral,381032987.9,US$381.0 million
United States,Low income,bilateral,1058803978.2,US$1.1 billion
Saudi Arabia,Low income,private,19060000.0,US$19.1 million
Saudi Arabia,Low income,bilateral,4651639477.3,US$4.7 billion
United States,Low income,private,1742304190.8,US$1.7 billion
"Germany, Fed. Rep. of",Low income,bilateral,409091326.8,US$409.1 million
"Germany, Fed. Rep. of",Low income,private,158572433.3,US$158.6 million
Russian Federation,Low income,private,252000.0,"US$252,000"
Bahamas,Low income,private,750000.0,"US$750,000"
South Africa,Low income,private,735257000.0,US$735.3 million
Hungary,Low income,bilateral,16976000.0,US$17.0 million
Central Bank of West African States (BCEAO),Low income,multilateral,170167983.0,US$170.2 million
Chad,Low income,bilateral,372.2,US$372
Islamic Dev. Bank,Low income,multilateral,3430719289.8,US$3.4 billion
Ireland,Low income,private,39540000.0,US$39.5 million
Romania,Low income,bilateral,133482000.0,US$133.5 million
Poland,Low income,bilateral,119047000.0,US$119.0 million
Romania,Low income,private,6450000.0,US$6.5 million
Italy,Low income,private,353374623.5,US$353.4 million
Italy,Low income,bilateral,696922729.6,US$696.9 million
France,Lower middle income,bilateral,20232391449.0,US$20.2 billion
UN-General Assembly (UNGA),Lower middle income,multilateral,3571000.0,US$3.6 million
Portugal,Lower middle income,bilateral,464110063.4,US$464.1 million
Portugal,Lower middle income,private,559489118.7,US$559.5 million
"Iran, Islamic Republic Of",Lower middle income,bilateral,175698654.0,US$175.7 million
Finland,Lower middle income,bilateral,73101684.8,US$73.1 million
Singapore,Lower middle income,private,7635976627.2,US$7.6 billion
Honduras,Lower middle income,bilateral,118637000.0,US$118.6 million
Economic Community of West African States (ECOWAS),Lower middle income,multilateral,555025158.3,US$555.0 million
Czechia,Lower middle income,bilateral,274559382.8,US$274.6 million
Sweden,Lower middle income,private,68889277.7,US$68.9 million
Sweden,Lower middle income,bilateral,282831638.8,US$282.8 million
France,Lower middle income,private,10203433276.0,US$10.2 billion
European Investment Bank,Lower middle income,multilateral,13446143946.4,US$13.4 billion
Nordic Development Fund,Lower middle income,multilateral,353533922.9,US$353.5 million
Serbia,Lower middle income,bilateral,307546000.0,US$307.5 million
Austria,Lower middle income,bilateral,115358417.1,US$115.4 million
Russian Federation,Lower middle income,private,390159932.6,US$390.2 million
Russian Federation,Lower middle income,bilateral,19528903424.4,US$19.5 billion
OPEC Fund for International Dev.,Lower middle income,multilateral,2900555131.6,US$2.9 billion
Libya,Lower middle income,bilateral,139990818.5,US$140.0 million
European Economic Community (EEC),Lower middle income,multilateral,22095849.9,US$22.1 million
United States,Lower middle income,private,4474612739.1,US$4.5 billion
Norway,Lower middle income,bilateral,55645795.6,US$55.6 million
Romania,Lower middle income,bilateral,1357000.0,US$1.4 million
United States,Lower middle income,bilateral,1445690000.0,US$1.4 billion
ECO Trade and Dev. Bank,Lower middle income,multilateral,87945000.0,US$87.9 million
World Bank-IBRD                         ,Lower middle income,multilateral,91069362000.0,US$91.1 billion
China,Lower middle income,bilateral,97656594548.2,US$97.7 billion
European Union,Lower middle income,multilateral,2924503500.0,US$2.9 billion
China,Lower middle income,private,20269606024.7,US$20.3 billion
Hong Kong,Lower middle income,private,5584641827.1,US$5.6 billion
Morocco,Lower middle income,private,0.0,US$0
Morocco,Lower middle income,bilateral,7000000.0,US$7 million
Spain,Lower middle income,bilateral,1478226829.0,US$1.5 billion
Mauritius,Lower middle income,private,100059545.9,US$100.1 million
Belgium,Lower middle income,private,1176250596.3,US$1.2 billion
Belgium,Lower middle income,bilateral,292363110.1,US$292.4 million
Thailand,Lower middle income,private,12647000.0,US$12.6 million
Thailand,Lower middle income,bilateral,757776063.4,US$757.8 million
Nordic Investment Bank,Lower middle income,multilateral,15108056.1,US$15.1 million
European Social Fund (ESF),Lower middle income,multilateral,519450000.0,US$519.5 million
Denmark,Lower middle income,private,237635740.3,US$237.6 million
Malaysia,Lower middle income,private,50000000.0,US$50 million
Liberia,Lower middle income,private,807395.3,"US$807,395"
"Venezuela, Republic Bolivarian",Lower middle income,bilateral,148782000.0,US$148.8 million
Ireland,Lower middle income,private,826361471.6,US$826.4 million
World Bank-IDA                         ,Lower middle income,multilateral,152895600000.0,US$152.9 billion
Algeria,Lower middle income,bilateral,630061000.0,US$630.1 million
Canada,Lower middle income,private,0.0,US$0
Canada,Lower middle income,bilateral,690027894.1,US$690.0 million
Malaysia,Lower middle income,bilateral,42000000.0,US$42 million
Finland,Lower middle income,private,34310511.9,US$34.3 million
Denmark,Lower middle income,bilateral,24248375.3,US$24.2 million
Africa Finance Corporation,Lower middle income,private,1222875733.0,US$1.2 billion
Serbia,Lower middle income,private,255807214.9,US$255.8 million
Italy,Lower middle income,private,1752529799.0,US$1.8 billion
Qatar,Lower middle income,bilateral,49982000.0,US$50.0 million
Czechia,Lower middle income,private,244617316.2,US$244.6 million
Qatar,Lower middle income,private,240000000.0,US$240 million
African Dev. Bank         ,Lower middle income,multilateral,31071325731.4,US$31.1 billion
Kuwait,Lower middle income,bilateral,8809410112.9,US$8.8 billion
Spain,Lower middle income,private,1133328216.0,US$1.1 billion
Viet Nam,Lower middle income,bilateral,121641000.0,US$121.6 million
Italy,Lower middle income,bilateral,1429097710.5,US$1.4 billion
Luxembourg,Lower middle income,private,143968906.8,US$144.0 million
Eastern & Southern African Trade & Dev. Bank (TDB),Lower middle income,multilateral,1939965391.9,US$1.9 billion
Australia,Lower middle income,bilateral,1841385305.4,US$1.8 billion
Austria,Lower middle income,private,956568374.9000001,US$956.6 million
Australia,Lower middle income,private,18074000.0,US$18.1 million
Bondholders,Lower middle income,private,310031352307.3,US$310.0 billion
Angola,Lower middle income,bilateral,172275000.0,US$172.3 million
International Fund for Agricultural Dev.,Lower middle income,multilateral,4666376407.3,US$4.7 billion
Dev. Bank of the Central African States (BDEAC),Lower middle income,multilateral,107098597.9,US$107.1 million
"Korea, Republic of",Lower middle income,private,5146859.2,US$5.1 million
Arab Monetary Fund,Lower middle income,multilateral,1809818129.5,US$1.8 billion
India,Lower middle income,bilateral,9893929218.4,US$9.9 billion
Arab African International Bank,Lower middle income,multilateral,21905000.0,US$21.9 million
Switzerland,Lower middle income,bilateral,25615180.4,US$25.6 million
Bulgaria,Lower middle income,bilateral,8003000.0,US$8.0 million
Islamic Solidarity Fund for Dev. (ISFD),Lower middle income,multilateral,18718516.0,US$18.7 million
Equatorial Guinea,Lower middle income,bilateral,1583792.8,US$1.6 million
Egypt,Lower middle income,private,76550000.0,US$76.5 million
"Korea, D.P.R. of",Lower middle income,bilateral,0.0,US$0
New Development Bank (NDB),Lower middle income,multilateral,4484906000.0,US$4.5 billion
Egypt,Lower middle income,bilateral,187736000.0,US$187.7 million
"Korea, Republic of",Lower middle income,bilateral,7130529856.3,US$7.1 billion
Belarus,Lower middle income,bilateral,24322000.0,US$24.3 million
Arab Bank for Economic Dev. in Africa (BADEA),Lower middle income,private,0.0,US$0
Brazil,Lower middle income,private,120421000.0,US$120.4 million
Inter-American Dev. Bank      ,Lower middle income,multilateral,9826187000.0,US$9.8 billion
African Export-Import Bank,Lower middle income,multilateral,9841526126.1,US$9.8 billion
Eurasian Development Bank,Lower middle income,multilateral,365614000.0,US$365.6 million
Hungary,Lower middle income,bilateral,944183310.9,US$944.2 million
Japan,Lower middle income,private,5784879678.8,US$5.8 billion
Hungary,Lower middle income,private,5783000.0,US$5.8 million
United Arab Emirates,Lower middle income,bilateral,703112951.7,US$703.1 million
"Cote D`Ivoire, Republic Of",Lower middle income,private,622562134.9,US$622.6 million
Turkiye,Lower middle income,private,0.0,US$0
Asian Dev. Bank   ,Lower middle income,multilateral,106541133000.0,US$106.5 billion
Turkiye,Lower middle income,bilateral,499201684.3,US$499.2 million
World Trade Organization,Lower middle income,multilateral,39166530.0,US$39.2 million
Arab Fund for Economic & Social Development,Lower middle income,multilateral,6487259891.2,US$6.5 billion
Pakistan,Lower middle income,bilateral,2109000.0,US$2.1 million
United Kingdom,Lower middle income,private,19182158714.4,US$19.2 billion
Nigeria,Lower middle income,bilateral,2293290.3,US$2.3 million
United Kingdom,Lower middle income,bilateral,497198646.7,US$497.2 million
Switzerland,Lower middle income,private,365454801.3,US$365.5 million
European Development Fund (EDF),Lower middle income,multilateral,251711398.3,US$251.7 million
Asian Infrastructure Investment Bank,Lower middle income,multilateral,14689572985.8,US$14.7 billion
Japan,Lower middle income,bilateral,76912685244.1,US$76.9 billion
Israel,Lower middle income,private,4018363368.8,US$4.0 billion
Poland,Lower middle income,bilateral,184105170.3,US$184.1 million
Multiple Lenders,Lower middle income,bilateral,8475230000.0,US$8.5 billion
South Asian Development Fund (SADF),Lower middle income,multilateral,7222000.0,US$7.2 million
Poland,Lower middle income,private,6080000.0,US$6.1 million
Netherlands,Lower middle income,bilateral,191606404.8,US$191.6 million
Corporacion Andina de Fomento,Lower middle income,multilateral,2693237000.0,US$2.7 billion
Multiple Lenders,Lower middle income,multilateral,184831000.0,US$184.8 million
Plata Basin Financial Dev. Fund,Lower middle income,multilateral,434009000.0,US$434.0 million
"Germany, Fed. Rep. of",Lower middle income,private,3880514244.9,US$3.9 billion
Islamic Dev. Bank,Lower middle income,multilateral,10968284590.4,US$11.0 billion
European Bank for Reconstruction and Dev. (EBRD),Lower middle income,multilateral,3524663378.9,US$3.5 billion
"Germany, Fed. Rep. of",Lower middle income,bilateral,15442233134.9,US$15.4 billion
Multiple Lenders,Lower middle income,private,34214298011.6,US$34.2 billion
South Africa,Lower middle income,private,1985711558.4,US$2.0 billion
Netherlands,Lower middle income,private,1746228791.8999999,US$1.7 billion
South Africa,Lower middle income,bilateral,600669489.3,US$600.7 million
International Finance Corporation,Lower middle income,multilateral,279750000.0,US$279.8 million
Costa Rica,Lower middle income,bilateral,315316000.0,US$315.3 million
Arab Bank for Economic Dev. in Africa (BADEA),Lower middle income,multilateral,1002182988.5,US$1.0 billion
United Arab Emirates,Lower middle income,private,5396589400.099999,US$5.4 billion
Iraq,Lower middle income,bilateral,71976350.4,US$72.0 million
"Congo, Rep.",Lower middle income,bilateral,0.0,US$0
Saudi Arabia,Lower middle income,bilateral,15039572095.4,US$15.0 billion
Central American Bank for Econ. Integration (BCIE),Lower middle income,multilateral,4195095206.3,US$4.2 billion
West African Development Bank - BOAD,Lower middle income,multilateral,1222284567.8,US$1.2 billion
India,Lower middle income,private,1281859.6,US$1.3 million
Org. of Arab Petroleum Exporting Countries (OAPEC),Lower middle income,multilateral,7219000.0,US$7.2 million
Brazil,Lower middle income,bilateral,340639000.0,US$340.6 million
Peru,Lower middle income,bilateral,16563000.0,US$16.6 million
Bahrain,Lower middle income,private,1043149325.7,US$1.0 billion
Spain,Madagascar,bilateral,1093961.7,US$1.1 million
Belgium,Madagascar,bilateral,6157560.3,US$6.2 million
Japan,Madagascar,bilateral,187309288.2,US$187.3 million
African Dev. Bank         ,Madagascar,multilateral,497669511.4,US$497.7 million
Bahamas,Madagascar,private,750000.0,"US$750,000"
Arab Bank for Economic Dev. in Africa (BADEA),Madagascar,multilateral,52386000.0,US$52.4 million
World Bank-IDA                         ,Madagascar,multilateral,2649927000.0,US$2.6 billion
Algeria,Madagascar,bilateral,73720000.0,US$73.7 million
Ireland,Madagascar,private,39540000.0,US$39.5 million
Netherlands,Madagascar,private,6596592.2,US$6.6 million
Russian Federation,Madagascar,bilateral,8891000.0,US$8.9 million
Kuwait,Madagascar,private,4023380.4,US$4.0 million
France,Madagascar,bilateral,175705001.4,US$175.7 million
United Arab Emirates,Madagascar,bilateral,6503744.0,US$6.5 million
International Fund for Agricultural Dev.,Madagascar,multilateral,208044968.9,US$208.0 million
Eastern & Southern African Trade & Dev. Bank (TDB),Madagascar,multilateral,17966000.0,US$18.0 million
European Investment Bank,Madagascar,multilateral,273638987.7,US$273.6 million
OPEC Fund for International Dev.,Madagascar,multilateral,60573000.0,US$60.6 million
"Germany, Fed. Rep. of",Madagascar,private,3260000.0,US$3.3 million
"Korea, Republic of",Madagascar,bilateral,35572000.0,US$35.6 million
Saudi Arabia,Madagascar,bilateral,29441866.7,US$29.4 million
France,Madagascar,private,83596127.39999999,US$83.6 million
Kuwait,Madagascar,bilateral,15648644.3,US$15.6 million
China,Madagascar,bilateral,317480528.4,US$317.5 million
Angola,Madagascar,bilateral,3000000.0,US$3 million
India,Madagascar,bilateral,7258000.0,US$7.3 million
Saudi Arabia,Malawi,bilateral,27717866.6,US$27.7 million
Nordic Development Fund,Malawi,multilateral,13374798.6,US$13.4 million
European Investment Bank,Malawi,multilateral,156431328.6,US$156.4 million
African Dev. Bank         ,Malawi,multilateral,460671211.8,US$460.7 million
OPEC Fund for International Dev.,Malawi,multilateral,85856000.0,US$85.9 million
International Fund for Agricultural Dev.,Malawi,multilateral,142794310.2,US$142.8 million
India,Malawi,bilateral,91627000.0,US$91.6 million
World Bank-IDA                         ,Malawi,multilateral,1701516000.0,US$1.7 billion
United Arab Emirates,Malawi,bilateral,1469026.5,US$1.5 million
China,Malawi,bilateral,203427499.0,US$203.4 million
Arab Bank for Economic Dev. in Africa (BADEA),Malawi,multilateral,70847000.0,US$70.8 million
Belgium,Malawi,bilateral,985916.1,"US$985,916"
Kuwait,Malawi,bilateral,47036856.6,US$47.0 million
United Arab Emirates,Maldives,bilateral,34265214.4,US$34.3 million
Netherlands,Maldives,private,100459552.2,US$100.5 million
International Fund for Agricultural Dev.,Maldives,multilateral,9205832.9,US$9.2 million
OPEC Fund for International Dev.,Maldives,multilateral,114222000.0,US$114.2 million
China,Maldives,private,286726000.0,US$286.7 million
Asian Infrastructure Investment Bank,Maldives,multilateral,25611000.0,US$25.6 million
United States,Maldives,private,205000000.0,US$205 million
Islamic Dev. Bank,Maldives,multilateral,140885336.6,US$140.9 million
United States,Maldives,bilateral,0.0,US$0
Japan,Maldives,bilateral,41180976.7,US$41.2 million
Kuwait,Maldives,bilateral,111732424.1,US$111.7 million
Sri Lanka,Maldives,private,63106000.0,US$63.1 million
World Bank-IDA                         ,Maldives,multilateral,93268000.0,US$93.3 million
European Investment Bank,Maldives,multilateral,73060595.0,US$73.1 million
Bondholders,Maldives,private,600000000.0,US$600 million
Nordic Development Fund,Maldives,multilateral,4748811.9,US$4.7 million
Saudi Arabia,Maldives,bilateral,178675733.4,US$178.7 million
Hungary,Maldives,bilateral,51945000.0,US$51.9 million
India,Maldives,bilateral,1145679000.0,US$1.1 billion
Belgium,Maldives,bilateral,1387970.4,US$1.4 million
Asian Dev. Bank   ,Maldives,multilateral,97433000.0,US$97.4 million
France,Maldives,bilateral,905920.8,"US$905,921"
China,Maldives,bilateral,736246914.4,US$736.2 million
European Investment Bank,Mali,multilateral,75049609.6,US$75.0 million
Italy,Mali,bilateral,5814723.3,US$5.8 million
Arab Bank for Economic Dev. in Africa (BADEA),Mali,multilateral,55420031.7,US$55.4 million
West African Development Bank - BOAD,Mali,multilateral,340107525.9,US$340.1 million
Arab Fund for Economic & Social Development,Mali,multilateral,693000.0,"US$693,000"
International Fund for Agricultural Dev.,Mali,multilateral,116986303.9,US$117.0 million
India,Mali,bilateral,115657094.8,US$115.7 million
China,Mali,bilateral,499995446.8,US$500.0 million
Islamic Dev. Bank,Mali,multilateral,569791894.8,US$569.8 million
World Bank-IDA                         ,Mali,multilateral,2189934000.0,US$2.2 billion
Belgium,Mali,bilateral,9815020.3,US$9.8 million
Economic Community of West African States (ECOWAS),Mali,multilateral,45256296.0,US$45.3 million
Libya,Mali,bilateral,18406000.0,US$18.4 million
Austria,Mali,bilateral,3116700.0,US$3.1 million
"Korea, Republic of",Mali,bilateral,83615578.7,US$83.6 million
United Arab Emirates,Mali,bilateral,333138118.6,US$333.1 million
Kuwait,Mali,bilateral,54382204.8,US$54.4 million
Saudi Arabia,Mali,bilateral,124406994.0,US$124.4 million
African Dev. Bank         ,Mali,multilateral,691456092.1,US$691.5 million
France,Mali,bilateral,239607225.4,US$239.6 million
Qatar,Mali,bilateral,12617500.0,US$12.6 million
OPEC Fund for International Dev.,Mali,multilateral,33023977.8,US$33.0 million
Iraq,Mauritania,bilateral,38973000.0,US$39.0 million
World Bank-IDA                         ,Mauritania,multilateral,450760000.0,US$450.8 million
Libya,Mauritania,bilateral,3345000.0,US$3.3 million
Saudi Arabia,Mauritania,bilateral,656429600.0,US$656.4 million
United Arab Emirates,Mauritania,bilateral,18982028.7,US$19.0 million
India,Mauritania,bilateral,87328000.0,US$87.3 million
Spain,Mauritania,bilateral,6005866.3,US$6.0 million
Kuwait,Mauritania,bilateral,238771539.9,US$238.8 million
Arab Fund for Economic & Social Development,Mauritania,multilateral,1215015684.2,US$1.2 billion
Brazil,Mauritania,bilateral,36447000.0,US$36.4 million
European Investment Bank,Mauritania,multilateral,17401513.8,US$17.4 million
"Germany, Fed. Rep. of",Mauritania,bilateral,1805608.2,US$1.8 million
China,Mauritania,bilateral,262993802.2,US$263.0 million
International Fund for Agricultural Dev.,Mauritania,multilateral,53178822.5,US$53.2 million
France,Mauritania,bilateral,62351661.3,US$62.4 million
OPEC Fund for International Dev.,Mauritania,multilateral,28041000.0,US$28.0 million
African Dev. Bank         ,Mauritania,multilateral,106953385.1,US$107.0 million
Org. of Arab Petroleum Exporting Countries (OAPEC),Mauritania,multilateral,7219000.0,US$7.2 million
Islamic Dev. Bank,Mauritania,multilateral,315481828.3,US$315.5 million
China,Mauritius,bilateral,125728374.9,US$125.7 million
Saudi Arabia,Mauritius,bilateral,53800000.0,US$53.8 million
Japan,Mauritius,bilateral,192633258.9,US$192.6 million
United States,Mauritius,private,872811000.0,US$872.8 million
India,Mauritius,bilateral,409823000.0,US$409.8 million
Kuwait,Mauritius,bilateral,11550576.4,US$11.6 million
"Germany, Fed. Rep. of",Mauritius,bilateral,20778.0,"US$20,778"
World Bank-IDA                         ,Mauritius,multilateral,0.0,US$0
Arab African International Bank,Mauritius,multilateral,9244000.0,US$9.2 million
International Fund for Agricultural Dev.,Mauritius,multilateral,112155.6,"US$112,156"
Arab Bank for Economic Dev. in Africa (BADEA),Mauritius,multilateral,0.0,US$0
African Dev. Bank         ,Mauritius,multilateral,930567872.2,US$930.6 million
France,Mauritius,private,133651000.0,US$133.7 million
United Arab Emirates,Mauritius,bilateral,947038.8,"US$947,039"
France,Mauritius,bilateral,502067125.2,US$502.1 million
European Development Fund (EDF),Mauritius,multilateral,3183189.6,US$3.2 million
Bondholders,Mauritius,private,9376545.8,US$9.4 million
World Bank-IBRD                         ,Mauritius,multilateral,92941000.0,US$92.9 million
European Investment Bank,Mauritius,multilateral,0.0,US$0
Canada,Mauritius,private,49996000.0,US$50.0 million
Nordic Development Fund,Mauritius,multilateral,843586.8,"US$843,587"
Multiple Lenders,Mexico,private,5235341000.0,US$5.2 billion
Corporacion Andina de Fomento,Mexico,multilateral,0.0,US$0
European Investment Bank,Mexico,multilateral,128571000.0,US$128.6 million
World Bank-IBRD                         ,Mexico,multilateral,14264951000.0,US$14.3 billion
"Germany, Fed. Rep. of",Mexico,private,2827492000.0,US$2.8 billion
France,Mexico,bilateral,1623491934.7,US$1.6 billion
France,Mexico,private,410342000.0,US$410.3 million
"Germany, Fed. Rep. of",Mexico,bilateral,1027687499.7,US$1.0 billion
Spain,Mexico,private,585996000.0,US$586.0 million
Canada,Mexico,bilateral,6015231.0,US$6.0 million
Inter-American Dev. Bank      ,Mexico,multilateral,14047791000.0,US$14.0 billion
Japan,Mexico,private,203300000.0,US$203.3 million
Japan,Mexico,bilateral,96745000.0,US$96.7 million
United States,Mexico,private,2960933000.0,US$3.0 billion
Bondholders,Mexico,private,246046381085.3,US$246.0 billion
Arab Towns Organization (ATO),"Middle East, North Africa, Afghanistan & Pakistan (excluding high income)",multilateral,207825.9,"US$207,826"
European Economic Community (EEC),"Middle East, North Africa, Afghanistan & Pakistan (excluding high income)",multilateral,709568.7,"US$709,569"
"Germany, Fed. Rep. of","Middle East, North Africa, Afghanistan & Pakistan (excluding high income)",bilateral,9728648082.3,US$9.7 billion
"Iran, Islamic Republic Of","Middle East, North Africa, Afghanistan & Pakistan (excluding high income)",bilateral,38075654.0,US$38.1 million
International Fund for Agricultural Dev.,"Middle East, North Africa, Afghanistan & Pakistan (excluding high income)",multilateral,783783380.1,US$783.8 million
"Germany, Fed. Rep. of","Middle East, North Africa, Afghanistan & Pakistan (excluding high income)",private,562522925.9,US$562.5 million
Croatia,"Middle East, North Africa, Afghanistan & Pakistan (excluding high income)",private,5629000.0,US$5.6 million
France,"Middle East, North Africa, Afghanistan & Pakistan (excluding high income)",private,3558570272.4,US$3.6 billion
France,"Middle East, North Africa, Afghanistan & Pakistan (excluding high income)",bilateral,7691114552.3,US$7.7 billion
OPEC Fund for International Dev.,"Middle East, North Africa, Afghanistan & Pakistan (excluding high income)",multilateral,1112473710.1,US$1.1 billion
Singapore,"Middle East, North Africa, Afghanistan & Pakistan (excluding high income)",private,71874000.0,US$71.9 million
Libya,"Middle East, North Africa, Afghanistan & Pakistan (excluding high income)",bilateral,51118818.5,US$51.1 million
Bahrain,"Middle East, North Africa, Afghanistan & Pakistan (excluding high income)",private,839274325.7,US$839.3 million
United Arab Emirates,"Middle East, North Africa, Afghanistan & Pakistan (excluding high income)",bilateral,611467478.5,US$611.5 million
World Trade Organization,"Middle East, North Africa, Afghanistan & Pakistan (excluding high income)",multilateral,39166530.0,US$39.2 million
United Arab Emirates,"Middle East, North Africa, Afghanistan & Pakistan (excluding high income)",private,3619099000.0,US$3.6 billion
European Development Fund (EDF),"Middle East, North Africa, Afghanistan & Pakistan (excluding high income)",multilateral,187317825.6,US$187.3 million
Austria,"Middle East, North Africa, Afghanistan & Pakistan (excluding high income)",private,21589380.9,US$21.6 million
Austria,"Middle East, North Africa, Afghanistan & Pakistan (excluding high income)",bilateral,131297220.9,US$131.3 million
Turkiye,"Middle East, North Africa, Afghanistan & Pakistan (excluding high income)",bilateral,152843000.0,US$152.8 million
African Dev. Bank         ,"Middle East, North Africa, Afghanistan & Pakistan (excluding high income)",multilateral,10580189934.6,US$10.6 billion
Islamic Dev. Bank,"Middle East, North Africa, Afghanistan & Pakistan (excluding high income)",multilateral,4606381325.5,US$4.6 billion
International Finance Corporation,"Middle East, North Africa, Afghanistan & Pakistan (excluding high income)",multilateral,254750000.0,US$254.8 million
European Bank for Reconstruction and Dev. (EBRD),"Middle East, North Africa, Afghanistan & Pakistan (excluding high income)",multilateral,2815868191.7,US$2.8 billion
Iraq,"Middle East, North Africa, Afghanistan & Pakistan (excluding high income)",bilateral,6797118.5,US$6.8 million
Bondholders,"Middle East, North Africa, Afghanistan & Pakistan (excluding high income)",private,92433137918.6,US$92.4 billion
Netherlands,"Middle East, North Africa, Afghanistan & Pakistan (excluding high income)",bilateral,163652431.0,US$163.7 million
Netherlands,"Middle East, North Africa, Afghanistan & Pakistan (excluding high income)",private,17028000.0,US$17.0 million
United States,"Middle East, North Africa, Afghanistan & Pakistan (excluding high income)",private,595555000.0,US$595.6 million
United States,"Middle East, North Africa, Afghanistan & Pakistan (excluding high income)",bilateral,1067835000.0,US$1.1 billion
Bosnia-Herzegovina,"Middle East, North Africa, Afghanistan & Pakistan (excluding high income)",private,28444000.0,US$28.4 million
Arab Fund for Economic & Social Development,"Middle East, North Africa, Afghanistan & Pakistan (excluding high income)",multilateral,6782186961.7,US$6.8 billion
Multiple Lenders,"Middle East, North Africa, Afghanistan & Pakistan (excluding high income)",bilateral,8000265000.0,US$8.0 billion
Multiple Lenders,"Middle East, North Africa, Afghanistan & Pakistan (excluding high income)",multilateral,83992000.0,US$84.0 million
Multiple Lenders,"Middle East, North Africa, Afghanistan & Pakistan (excluding high income)",private,7826598687.7,US$7.8 billion
Asian Dev. Bank   ,"Middle East, North Africa, Afghanistan & Pakistan (excluding high income)",multilateral,16424324000.0,US$16.4 billion
"Korea, Republic of","Middle East, North Africa, Afghanistan & Pakistan (excluding high income)",private,185418000.0,US$185.4 million
"Korea, Republic of","Middle East, North Africa, Afghanistan & Pakistan (excluding high income)",bilateral,819928799.4,US$819.9 million
Org. of Arab Petroleum Exporting Countries (OAPEC),"Middle East, North Africa, Afghanistan & Pakistan (excluding high income)",multilateral,28361000.0,US$28.4 million
Russian Federation,"Middle East, North Africa, Afghanistan & Pakistan (excluding high income)",bilateral,7052606756.5,US$7.1 billion
Arab Monetary Fund,"Middle East, North Africa, Afghanistan & Pakistan (excluding high income)",multilateral,2099847754.7,US$2.1 billion
United Kingdom,"Middle East, North Africa, Afghanistan & Pakistan (excluding high income)",bilateral,180638092.3,US$180.6 million
Indonesia,"Middle East, North Africa, Afghanistan & Pakistan (excluding high income)",bilateral,193000.0,"US$193,000"
African Export-Import Bank,"Middle East, North Africa, Afghanistan & Pakistan (excluding high income)",multilateral,4897288000.0,US$4.9 billion
Hungary,"Middle East, North Africa, Afghanistan & Pakistan (excluding high income)",bilateral,733874027.2,US$733.9 million
Japan,"Middle East, North Africa, Afghanistan & Pakistan (excluding high income)",bilateral,13216591968.4,US$13.2 billion
Switzerland,"Middle East, North Africa, Afghanistan & Pakistan (excluding high income)",private,282929073.9,US$282.9 million
Japan,"Middle East, North Africa, Afghanistan & Pakistan (excluding high income)",private,181321000.0,US$181.3 million
Switzerland,"Middle East, North Africa, Afghanistan & Pakistan (excluding high income)",bilateral,56126752.0,US$56.1 million
Portugal,"Middle East, North Africa, Afghanistan & Pakistan (excluding high income)",bilateral,146329065.0,US$146.3 million
Hong Kong,"Middle East, North Africa, Afghanistan & Pakistan (excluding high income)",private,300000000.0,US$300 million
Malaysia,"Middle East, North Africa, Afghanistan & Pakistan (excluding high income)",bilateral,41207932.3,US$41.2 million
Ireland,"Middle East, North Africa, Afghanistan & Pakistan (excluding high income)",private,90049471.6,US$90.0 million
United Kingdom,"Middle East, North Africa, Afghanistan & Pakistan (excluding high income)",private,2539374567.4,US$2.5 billion
Africa Finance Corporation,"Middle East, North Africa, Afghanistan & Pakistan (excluding high income)",private,1000000000.0,US$1 billion
Belgium,"Middle East, North Africa, Afghanistan & Pakistan (excluding high income)",bilateral,50422018.2,US$50.4 million
Algeria,"Middle East, North Africa, Afghanistan & Pakistan (excluding high income)",bilateral,611000000.0,US$611 million
Belgium,"Middle East, North Africa, Afghanistan & Pakistan (excluding high income)",private,63750714.9,US$63.8 million
South Africa,"Middle East, North Africa, Afghanistan & Pakistan (excluding high income)",private,500000000.0,US$500 million
Portugal,"Middle East, North Africa, Afghanistan & Pakistan (excluding high income)",private,15973087.5,US$16.0 million
World Bank-IDA                         ,"Middle East, North Africa, Afghanistan & Pakistan (excluding high income)",multilateral,19781602000.0,US$19.8 billion
Greece,"Middle East, North Africa, Afghanistan & Pakistan (excluding high income)",bilateral,94639000.0,US$94.6 million
Greece,"Middle East, North Africa, Afghanistan & Pakistan (excluding high income)",private,7769000.0,US$7.8 million
China,"Middle East, North Africa, Afghanistan & Pakistan (excluding high income)",private,2323994000.0,US$2.3 billion
China,"Middle East, North Africa, Afghanistan & Pakistan (excluding high income)",bilateral,28459029363.9,US$28.5 billion
Spain,"Middle East, North Africa, Afghanistan & Pakistan (excluding high income)",bilateral,946191442.6,US$946.2 million
Nordic Investment Bank,"Middle East, North Africa, Afghanistan & Pakistan (excluding high income)",multilateral,2606600.1,US$2.6 million
Denmark,"Middle East, North Africa, Afghanistan & Pakistan (excluding high income)",private,316864.5,"US$316,864"
European Social Fund (ESF),"Middle East, North Africa, Afghanistan & Pakistan (excluding high income)",multilateral,519450000.0,US$519.5 million
South Africa,"Middle East, North Africa, Afghanistan & Pakistan (excluding high income)",bilateral,8877000.0,US$8.9 million
Romania,"Middle East, North Africa, Afghanistan & Pakistan (excluding high income)",private,6450000.0,US$6.5 million
Canada,"Middle East, North Africa, Afghanistan & Pakistan (excluding high income)",bilateral,460832514.1,US$460.8 million
Romania,"Middle East, North Africa, Afghanistan & Pakistan (excluding high income)",bilateral,136043000.0,US$136.0 million
Italy,"Middle East, North Africa, Afghanistan & Pakistan (excluding high income)",private,761123538.6999999,US$761.1 million
Italy,"Middle East, North Africa, Afghanistan & Pakistan (excluding high income)",bilateral,1235537295.5,US$1.2 billion
ECO Trade and Dev. Bank,"Middle East, North Africa, Afghanistan & Pakistan (excluding high income)",multilateral,121635488.1,US$121.6 million
Australia,"Middle East, North Africa, Afghanistan & Pakistan (excluding high income)",bilateral,54918000.0,US$54.9 million
European Union,"Middle East, North Africa, Afghanistan & Pakistan (excluding high income)",multilateral,2908920000.0,US$2.9 billion
UN-General Assembly (UNGA),"Middle East, North Africa, Afghanistan & Pakistan (excluding high income)",multilateral,3571000.0,US$3.6 million
Finland,"Middle East, North Africa, Afghanistan & Pakistan (excluding high income)",bilateral,135337473.9,US$135.3 million
Serbia,"Middle East, North Africa, Afghanistan & Pakistan (excluding high income)",bilateral,399611000.0,US$399.6 million
Norway,"Middle East, North Africa, Afghanistan & Pakistan (excluding high income)",bilateral,1001722.5,US$1.0 million
Luxembourg,"Middle East, North Africa, Afghanistan & Pakistan (excluding high income)",private,63826000.0,US$63.8 million
Serbia,"Middle East, North Africa, Afghanistan & Pakistan (excluding high income)",private,200000000.0,US$200 million
World Bank-IBRD                         ,"Middle East, North Africa, Afghanistan & Pakistan (excluding high income)",multilateral,38623899000.0,US$38.6 billion
Denmark,"Middle East, North Africa, Afghanistan & Pakistan (excluding high income)",bilateral,13389149.8,US$13.4 million
Saudi Arabia,"Middle East, North Africa, Afghanistan & Pakistan (excluding high income)",bilateral,14557971262.8,US$14.6 billion
Qatar,"Middle East, North Africa, Afghanistan & Pakistan (excluding high income)",private,240000000.0,US$240 million
European Investment Bank,"Middle East, North Africa, Afghanistan & Pakistan (excluding high income)",multilateral,9283840258.5,US$9.3 billion
Nordic Development Fund,"Middle East, North Africa, Afghanistan & Pakistan (excluding high income)",multilateral,4215856.2,US$4.2 million
Arab Bank for Economic Dev. in Africa (BADEA),"Middle East, North Africa, Afghanistan & Pakistan (excluding high income)",multilateral,110149407.5,US$110.1 million
Sweden,"Middle East, North Africa, Afghanistan & Pakistan (excluding high income)",bilateral,23393534.6,US$23.4 million
Asian Infrastructure Investment Bank,"Middle East, North Africa, Afghanistan & Pakistan (excluding high income)",multilateral,2549555215.2,US$2.5 billion
Czechia,"Middle East, North Africa, Afghanistan & Pakistan (excluding high income)",bilateral,15292000.0,US$15.3 million
Spain,"Middle East, North Africa, Afghanistan & Pakistan (excluding high income)",private,103591835.7,US$103.6 million
Kuwait,"Middle East, North Africa, Afghanistan & Pakistan (excluding high income)",bilateral,7859563889.8,US$7.9 billion
Czechia,"Middle East, North Africa, Afghanistan & Pakistan (excluding high income)",private,43611000.0,US$43.6 million
Sweden,"Middle East, North Africa, Afghanistan & Pakistan (excluding high income)",private,72498000.0,US$72.5 million
India,"Middle East, North Africa, Afghanistan & Pakistan (excluding high income)",bilateral,91007768.7,US$91.0 million
Bulgaria,"Middle East, North Africa, Afghanistan & Pakistan (excluding high income)",bilateral,12411000.0,US$12.4 million
Qatar,"Middle East, North Africa, Afghanistan & Pakistan (excluding high income)",bilateral,7482000.0,US$7.5 million
Singapore,Middle income,private,8945793464.5,US$8.9 billion
Central American Bank for Econ. Integration (BCIE),Middle income,multilateral,9594806206.3,US$9.6 billion
Poland,Middle income,private,7491865.1,US$7.5 million
Costa Rica,Middle income,bilateral,315316000.0,US$315.3 million
Central Bank of West African States (BCEAO),Middle income,multilateral,138738102.0,US$138.7 million
Panama,Middle income,private,81275000.0,US$81.3 million
Bulgaria,Middle income,private,104539312.5,US$104.5 million
Peru,Middle income,bilateral,16563000.0,US$16.6 million
Czechia,Middle income,private,476295188.7,US$476.3 million
Caribbean Dev. Bank,Middle income,multilateral,1139800330.7,US$1.1 billion
United States,Middle income,private,22486831834.399998,US$22.5 billion
Arab Bank for Economic Dev. in Africa (BADEA),Middle income,multilateral,1061585583.3,US$1.1 billion
Norway,Middle income,bilateral,425230797.6,US$425.2 million
Norway,Middle income,private,11396733.0,US$11.4 million
Arab Bank for Economic Dev. in Africa (BADEA),Middle income,private,0.0,US$0
United States,Middle income,bilateral,2010200500.0,US$2.0 billion
Belize,Middle income,bilateral,1000000.0,US$1 million
Sweden,Middle income,bilateral,2355340416.7,US$2.4 billion
Denmark,Middle income,bilateral,455094629.3,US$455.1 million
Armenia,Middle income,bilateral,1015000.0,US$1.0 million
Sweden,Middle income,private,143428716.2,US$143.4 million
West African Development Bank - BOAD,Middle income,multilateral,1222284567.8,US$1.2 billion
Portugal,Middle income,private,968180950.8000001,US$968.2 million
Colombia,Middle income,private,308000000.0,US$308 million
"Congo, Rep.",Middle income,bilateral,0.0,US$0
Saudi Arabia,Middle income,bilateral,15526723428.9,US$15.5 billion
Dev. Bank of the Central African States (BDEAC),Middle income,multilateral,107098597.9,US$107.1 million
Poland,Middle income,bilateral,347463884.1,US$347.5 million
Romania,Middle income,bilateral,137400000.0,US$137.4 million
Russian Federation,Middle income,private,427975932.6,US$428.0 million
Corporacion Andina de Fomento,Middle income,multilateral,22542704811.0,US$22.5 billion
Serbia,Middle income,bilateral,378743620.8,US$378.7 million
South Asian Development Fund (SADF),Middle income,multilateral,7222000.0,US$7.2 million
Canada,Middle income,bilateral,6245572629.1,US$6.2 billion
Nordic Development Fund,Middle income,multilateral,391055335.4,US$391.1 million
St. Kitts And Nevis,Middle income,private,0.0,US$0
Brazil,Middle income,bilateral,545052000.0,US$545.1 million
Austria,Middle income,private,8497113303.599999,US$8.5 billion
ECO Trade and Dev. Bank,Middle income,multilateral,156698363.1,US$156.7 million
EUROFIMA,Middle income,multilateral,1687173.6,US$1.7 million
Cayman Islands,Middle income,private,3417928721.4,US$3.4 billion
Switzerland,Middle income,private,2438673426.5,US$2.4 billion
Peru,Middle income,private,53000000.0,US$53 million
Serbia,Middle income,private,255807214.9,US$255.8 million
St. Lucia,Middle income,private,336296.3,"US$336,296"
Economic Community of West African States (ECOWAS),Middle income,multilateral,567200559.1,US$567.2 million
Belgium,Middle income,private,1379890472.3999999,US$1.4 billion
Nigeria,Middle income,bilateral,2293290.3,US$2.3 million
Bolivarian Alliance for the Americas (ALBA),Middle income,multilateral,50848000.0,US$50.8 million
Council of Europe,Middle income,multilateral,2893367955.0,US$2.9 billion
Equatorial Guinea,Middle income,bilateral,1583792.8,US$1.6 million
Qatar,Middle income,private,240000000.0,US$240 million
Org. of Arab Petroleum Exporting Countries (OAPEC),Middle income,multilateral,7219000.0,US$7.2 million
Czechia,Middle income,bilateral,368136382.8,US$368.1 million
Caribbean Community (CARICOM),Middle income,multilateral,14921000.0,US$14.9 million
Arab Monetary Fund,Middle income,multilateral,1811174429.5,US$1.8 billion
Egypt,Middle income,private,76550000.0,US$76.5 million
Egypt,Middle income,bilateral,187736000.0,US$187.7 million
China,Middle income,private,20993164524.7,US$21.0 billion
China,Middle income,bilateral,130483528820.8,US$130.5 billion
Qatar,Middle income,bilateral,49982000.0,US$50.0 million
United Kingdom,Middle income,private,29887452402.5,US$29.9 billion
Brazil,Middle income,private,120421000.0,US$120.4 million
OPEC Fund for International Dev.,Middle income,multilateral,4451233806.0,US$4.5 billion
St. Vincent & The Grenadines,Middle income,private,0.0,US$0
Pakistan,Middle income,bilateral,2109000.0,US$2.1 million
Nordic Investment Bank,Middle income,multilateral,28266269.2,US$28.3 million
Belgium,Middle income,bilateral,424803611.3,US$424.8 million
Arab Fund for Economic & Social Development,Middle income,multilateral,6487259891.2,US$6.5 billion
Switzerland,Middle income,bilateral,168223454.9,US$168.2 million
Austria,Middle income,bilateral,413817235.4,US$413.8 million
Croatia,Middle income,private,5629000.0,US$5.6 million
Russian Federation,Middle income,bilateral,29414196133.1,US$29.4 billion
Slovenia,Middle income,private,0.0,US$0
"Venezuela, Republic Bolivarian",Middle income,bilateral,646592259.3,US$646.6 million
Viet Nam,Middle income,bilateral,121641000.0,US$121.6 million
South Africa,Middle income,bilateral,609546489.3,US$609.5 million
Asian Dev. Bank   ,Middle income,multilateral,148701389000.0,US$148.7 billion
Canada,Middle income,private,265520000.0,US$265.5 million
South Africa,Middle income,private,1985730764.6,US$2.0 billion
United Kingdom,Middle income,bilateral,679716296.9,US$679.7 million
Denmark,Middle income,private,237635740.3,US$237.6 million
Eurasian Development Bank,Middle income,multilateral,2479891164.4,US$2.5 billion
Nordic Environment Finance Corporation (NEFCO),Middle income,multilateral,3479772.4,US$3.5 million
"Cote D`Ivoire, Republic Of",Middle income,private,622562134.9,US$622.6 million
Eastern & Southern African Trade & Dev. Bank (TDB),Middle income,multilateral,1939965391.9,US$1.9 billion
Bulgaria,Middle income,bilateral,8003000.0,US$8.0 million
New Development Bank (NDB),Middle income,multilateral,10697646350.0,US$10.7 billion
Portugal,Middle income,bilateral,621901099.5,US$621.9 million
Plata Basin Financial Dev. Fund,Middle income,multilateral,1757805653.9,US$1.8 billion
Mauritius,Middle income,private,100059545.9,US$100.1 million
Honduras,Middle income,bilateral,118637000.0,US$118.6 million
Honduras,Middle income,private,22059000.0,US$22.1 million
Hong Kong,Middle income,private,7019885046.8,US$7.0 billion
Spain,Middle income,bilateral,2823877219.7,US$2.8 billion
Spain,Middle income,private,2344063841.9,US$2.3 billion
Bahrain,Middle income,private,1537628517.4,US$1.5 billion
Barbados,Middle income,bilateral,3355000.0,US$3.4 million
Israel,Middle income,private,4070862102.5,US$4.1 billion
Israel,Middle income,bilateral,2996815.4,US$3.0 million
European Investment Bank,Middle income,multilateral,30070515747.9,US$30.1 billion
Barbados,Middle income,private,582222.2,"US$582,222"
Morocco,Middle income,private,0.0,US$0
Angola,Middle income,bilateral,172275000.0,US$172.3 million
Hungary,Middle income,bilateral,1797447781.7,US$1.8 billion
Islamic Solidarity Fund for Dev. (ISFD),Middle income,multilateral,18718516.0,US$18.7 million
Hungary,Middle income,private,5783000.0,US$5.8 million
United Arab Emirates,Middle income,private,6240204400.099999,US$6.2 billion
United Arab Emirates,Middle income,bilateral,6125470888.0,US$6.1 billion
European Economic Community (EEC),Middle income,multilateral,33671134.2,US$33.7 million
Multiple Lenders,Middle income,bilateral,14726560249.3,US$14.7 billion
Multiple Lenders,Middle income,multilateral,825522010.8,US$825.5 million
Multiple Lenders,Middle income,private,202249905207.7,US$202.2 billion
African Dev. Bank         ,Middle income,multilateral,36888163934.8,US$36.9 billion
Kazakhstan,Middle income,bilateral,1252000.0,US$1.3 million
World Bank-IBRD                         ,Middle income,multilateral,253755222000.0,US$253.8 billion
Morocco,Middle income,bilateral,7000000.0,US$7 million
Guyana,Middle income,private,948000.0,"US$948,000"
Thailand,Middle income,bilateral,757776063.4,US$757.8 million
Finland,Middle income,private,40675511.9,US$40.7 million
Finland,Middle income,bilateral,203815684.8,US$203.8 million
Trinidad & Tobago,Middle income,bilateral,37680146.4,US$37.7 million
Libya,Middle income,bilateral,144990818.5,US$145.0 million
Trinidad & Tobago,Middle income,private,3505185.2,US$3.5 million
Asian Infrastructure Investment Bank,Middle income,multilateral,22160375026.4,US$22.2 billion
"Germany, Fed. Rep. of",Middle income,private,12147936892.900002,US$12.1 billion
"Germany, Fed. Rep. of",Middle income,bilateral,29743644943.7,US$29.7 billion
European Union,Middle income,multilateral,47554239790.5,US$47.6 billion
Japan,Middle income,bilateral,104244099719.3,US$104.2 billion
Italy,Middle income,private,2649534556.8,US$2.6 billion
Luxembourg,Middle income,private,600916589.4,US$600.9 million
Italy,Middle income,bilateral,2392600227.3,US$2.4 billion
Japan,Middle income,private,7604173309.2,US$7.6 billion
European Social Fund (ESF),Middle income,multilateral,586978500.0,US$587.0 million
European Relief Fund,Middle income,multilateral,1049289000.0,US$1.0 billion
Malaysia,Middle income,bilateral,42268000.0,US$42.3 million
Malaysia,Middle income,private,50000000.0,US$50 million
Algeria,Middle income,bilateral,630673000.0,US$630.7 million
Sri Lanka,Middle income,private,63106000.0,US$63.1 million
Montenegro,Middle income,private,10389.0,"US$10,389"
World Bank-IDA                         ,Middle income,multilateral,165138195000.0,US$165.1 billion
Greece,Middle income,bilateral,94761590.2,US$94.8 million
Greece,Middle income,private,7769000.0,US$7.8 million
Grenada,Middle income,private,0.0,US$0
"Korea, D.P.R. of",Middle income,bilateral,0.0,US$0
Kuwait,Middle income,bilateral,10412892943.9,US$10.4 billion
Liberia,Middle income,private,807395.3,"US$807,395"
Australia,Middle income,bilateral,2770175411.1,US$2.8 billion
Thailand,Middle income,private,12647000.0,US$12.6 million
World Bank-MIGA,Middle income,multilateral,302270032.8,US$302.3 million
Iraq,Middle income,bilateral,71976350.4,US$72.0 million
Turkiye,Middle income,bilateral,688189181.4,US$688.2 million
Turkiye,Middle income,private,19447169.1,US$19.4 million
European Development Fund (EDF),Middle income,multilateral,913248634.6,US$913.2 million
"Korea, Republic of",Middle income,private,209126859.2,US$209.1 million
Netherlands,Middle income,private,74720984132.40001,US$74.7 billion
Arab African International Bank,Middle income,multilateral,31149000.0,US$31.1 million
African Export-Import Bank,Middle income,multilateral,9843926126.1,US$9.8 billion
Netherlands,Middle income,bilateral,519734367.1,US$519.7 million
Bosnia-Herzegovina,Middle income,private,28444000.0,US$28.4 million
"Iran, Islamic Republic Of",Middle income,bilateral,176537654.0,US$176.5 million
Turkmenistan,Middle income,bilateral,211000.0,"US$211,000"
Africa Finance Corporation,Middle income,private,1222875733.0,US$1.2 billion
International Fund for Agricultural Dev.,Middle income,multilateral,5704203133.5,US$5.7 billion
UN-General Assembly (UNGA),Middle income,multilateral,3571000.0,US$3.6 million
European Bank for Reconstruction and Dev. (EBRD),Middle income,multilateral,10607739683.8,US$10.6 billion
Inter-American Dev. Bank      ,Middle income,multilateral,95886700000.0,US$95.9 billion
Belarus,Middle income,bilateral,35093315.2,US$35.1 million
Islamic Dev. Bank,Middle income,multilateral,15506736189.0,US$15.5 billion
World Trade Organization,Middle income,multilateral,39166530.0,US$39.2 million
UN-Population Fund (UNFPA),Middle income,multilateral,84615000.0,US$84.6 million
Australia,Middle income,private,119989281.0,US$120.0 million
"Korea, Republic of",Middle income,bilateral,8679910771.9,US$8.7 billion
Bondholders,Middle income,private,1633330400530.6,US$1.6 trillion
Indonesia,Middle income,bilateral,193000.0,"US$193,000"
Azerbaijan,Middle income,bilateral,1151000.0,US$1.2 million
France,Middle income,bilateral,35623312701.5,US$35.6 billion
France,Middle income,private,16893627640.0,US$16.9 billion
Ireland,Middle income,private,2540071471.6,US$2.5 billion
India,Middle income,bilateral,11831033987.1,US$11.8 billion
India,Middle income,private,1281859.6,US$1.3 million
International Finance Corporation,Middle income,multilateral,584605162.8,US$584.6 million
European Bank for Reconstruction and Dev. (EBRD),Moldova,multilateral,444532279.6,US$444.5 million
Japan,Moldova,bilateral,131133099.3,US$131.1 million
World Bank-IDA                         ,Moldova,multilateral,792251000.0,US$792.3 million
Nordic Environment Finance Corporation (NEFCO),Moldova,multilateral,288271.6,"US$288,272"
Council of Europe,Moldova,multilateral,60566831.1,US$60.6 million
European Development Fund (EDF),Moldova,multilateral,41556000.0,US$41.6 million
United States,Moldova,bilateral,5910000.0,US$5.9 million
"Germany, Fed. Rep. of",Moldova,bilateral,4476620.1,US$4.5 million
European Investment Bank,Moldova,multilateral,440498794.5,US$440.5 million
European Union,Moldova,multilateral,332448000.0,US$332.4 million
Turkiye,Moldova,private,19447169.1,US$19.4 million
Russian Federation,Moldova,bilateral,14500000.0,US$14.5 million
Poland,Moldova,bilateral,26379748.8,US$26.4 million
Austria,Moldova,private,11641913.4,US$11.6 million
World Bank-IBRD                         ,Moldova,multilateral,291099000.0,US$291.1 million
International Fund for Agricultural Dev.,Moldova,multilateral,74390906.3,US$74.4 million
Canada,Moldova,bilateral,56367432.2,US$56.4 million
France,Moldova,bilateral,166224000.0,US$166.2 million
Austria,Mongolia,bilateral,98760950.7,US$98.8 million
"Korea, Republic of",Mongolia,bilateral,318175955.1,US$318.2 million
Italy,Mongolia,bilateral,0.0,US$0
Asian Dev. Bank   ,Mongolia,multilateral,2207555000.0,US$2.2 billion
International Fund for Agricultural Dev.,Mongolia,multilateral,25005477.4,US$25.0 million
Asian Infrastructure Investment Bank,Mongolia,multilateral,98512000.0,US$98.5 million
"Germany, Fed. Rep. of",Mongolia,bilateral,80274106.0,US$80.3 million
World Bank-IBRD                         ,Mongolia,multilateral,42274000.0,US$42.3 million
Austria,Mongolia,private,3116700.0,US$3.1 million
Kuwait,Mongolia,bilateral,10631596.0,US$10.6 million
European Bank for Reconstruction and Dev. (EBRD),Mongolia,multilateral,101403000.0,US$101.4 million
Belarus,Mongolia,bilateral,10771315.2,US$10.8 million
Spain,Mongolia,bilateral,655545.9,"US$655,546"
Hungary,Mongolia,bilateral,0.0,US$0
India,Mongolia,bilateral,287211000.0,US$287.2 million
Bondholders,Mongolia,private,2651700000.0,US$2.7 billion
France,Mongolia,bilateral,95150773.2,US$95.2 million
European Investment Bank,Mongolia,multilateral,21836639.1,US$21.8 million
Nordic Development Fund,Mongolia,multilateral,16741555.7,US$16.7 million
United Kingdom,Mongolia,private,75000000.0,US$75 million
United Arab Emirates,Mongolia,bilateral,0.0,US$0
Belgium,Mongolia,bilateral,3208123.2,US$3.2 million
France,Mongolia,private,3583166.1,US$3.6 million
Japan,Mongolia,bilateral,802266198.5,US$802.3 million
China,Mongolia,bilateral,2120931000.0,US$2.1 billion
World Bank-IDA                         ,Mongolia,multilateral,761321000.0,US$761.3 million
Poland,Mongolia,bilateral,26648823.9,US$26.6 million
Netherlands,Montenegro,bilateral,0.0,US$0
"Germany, Fed. Rep. of",Montenegro,private,62334000.0,US$62.3 million
Belgium,Montenegro,bilateral,1336025.4,US$1.3 million
France,Montenegro,private,18592154.4,US$18.6 million
United States,Montenegro,bilateral,292000.0,"US$292,000"
France,Montenegro,bilateral,51945000.0,US$51.9 million
Poland,Montenegro,private,1411865.1,US$1.4 million
Council of Europe,Montenegro,multilateral,70679483.7,US$70.7 million
"Germany, Fed. Rep. of",Montenegro,bilateral,58379946.6,US$58.4 million
Bondholders,Montenegro,private,2568075000.0,US$2.6 billion
World Bank-IBRD                         ,Montenegro,multilateral,264050000.0,US$264.1 million
OPEC Fund for International Dev.,Montenegro,multilateral,51945000.0,US$51.9 million
Spain,Montenegro,bilateral,19577031.6,US$19.6 million
Multiple Lenders,Montenegro,private,108342725.4,US$108.3 million
United Kingdom,Montenegro,private,163390919.7,US$163.4 million
Israel,Montenegro,private,14726407.5,US$14.7 million
Russian Federation,Montenegro,bilateral,9475000.0,US$9.5 million
European Investment Bank,Montenegro,multilateral,141158459.7,US$141.2 million
World Bank-IDA                         ,Montenegro,multilateral,3849000.0,US$3.8 million
Austria,Montenegro,bilateral,0.0,US$0
Canada,Montenegro,bilateral,193235.4,"US$193,235"
EUROFIMA,Montenegro,multilateral,1687173.6,US$1.7 million
European Union,Montenegro,multilateral,62334000.0,US$62.3 million
China,Montenegro,bilateral,717162000.0,US$717.2 million
Italy,Montenegro,private,3293000.0,US$3.3 million
International Fund for Agricultural Dev.,Montenegro,multilateral,2611794.6,US$2.6 million
Switzerland,Montenegro,bilateral,0.0,US$0
European Bank for Reconstruction and Dev. (EBRD),Montenegro,multilateral,109624728.0,US$109.6 million
Norway,Montenegro,bilateral,0.0,US$0
Italy,Montenegro,bilateral,6267683.7,US$6.3 million
International Fund for Agricultural Dev.,Morocco,multilateral,34029840.5,US$34.0 million
African Dev. Bank         ,Morocco,multilateral,4733909587.0,US$4.7 billion
Multiple Lenders,Morocco,private,675352802.4,US$675.4 million
Kuwait,Morocco,bilateral,222782919.3,US$222.8 million
Islamic Dev. Bank,Morocco,multilateral,688203121.1,US$688.2 million
Austria,Morocco,private,0.0,US$0
Spain,Morocco,bilateral,259196488.8,US$259.2 million
Ireland,Morocco,private,32361471.6,US$32.4 million
European Bank for Reconstruction and Dev. (EBRD),Morocco,multilateral,715905990.0,US$715.9 million
Saudi Arabia,Morocco,bilateral,219586666.6,US$219.6 million
Arab Monetary Fund,Morocco,multilateral,631453510.1,US$631.5 million
European Development Fund (EDF),Morocco,multilateral,200507.7,"US$200,508"
Canada,Morocco,bilateral,26773451.7,US$26.8 million
Bondholders,Morocco,private,13577725165.2,US$13.6 billion
France,Morocco,private,1500950775.0,US$1.5 billion
France,Morocco,bilateral,2362804647.4,US$2.4 billion
Spain,Morocco,private,103457817.6,US$103.5 million
Portugal,Morocco,bilateral,146329065.0,US$146.3 million
"Germany, Fed. Rep. of",Morocco,private,3492781.8,US$3.5 million
Arab Fund for Economic & Social Development,Morocco,multilateral,1310443254.0,US$1.3 billion
Portugal,Morocco,private,15973087.5,US$16.0 million
"Germany, Fed. Rep. of",Morocco,bilateral,2663345233.5,US$2.7 billion
Finland,Morocco,bilateral,4312473.9,US$4.3 million
World Bank-IBRD                         ,Morocco,multilateral,10202335000.0,US$10.2 billion
Italy,Morocco,bilateral,143333916.3,US$143.3 million
China,Morocco,bilateral,287039569.5,US$287.0 million
OPEC Fund for International Dev.,Morocco,multilateral,303638800.0,US$303.6 million
United Kingdom,Morocco,private,1038900000.0,US$1.0 billion
Japan,Morocco,bilateral,840504308.6,US$840.5 million
World Bank-IDA                         ,Morocco,multilateral,98000.0,"US$98,000"
Netherlands,Morocco,bilateral,0.0,US$0
European Investment Bank,Morocco,multilateral,2907727524.0,US$2.9 billion
United Arab Emirates,Morocco,bilateral,67339142.3,US$67.3 million
United States,Morocco,private,3053000.0,US$3.1 million
United States,Morocco,bilateral,4745000.0,US$4.7 million
OPEC Fund for International Dev.,Mozambique,multilateral,35485000.0,US$35.5 million
Brazil,Mozambique,bilateral,157000000.0,US$157 million
Bondholders,Mozambique,private,900000000.0,US$900 million
Russian Federation,Mozambique,bilateral,51975000.0,US$52.0 million
"Korea, Republic of",Mozambique,bilateral,235980520.6,US$236.0 million
International Fund for Agricultural Dev.,Mozambique,multilateral,137103436.6,US$137.1 million
Portugal,Mozambique,bilateral,381032987.9,US$381.0 million
Portugal,Mozambique,private,67095625.0,US$67.1 million
African Dev. Bank         ,Mozambique,multilateral,936223904.3,US$936.2 million
World Bank-IDA                         ,Mozambique,multilateral,2922510000.0,US$2.9 billion
United Kingdom,Mozambique,private,0.0,US$0
Romania,Mozambique,bilateral,5386000.0,US$5.4 million
China,Mozambique,bilateral,1429835347.2,US$1.4 billion
Poland,Mozambique,bilateral,6917000.0,US$6.9 million
Islamic Dev. Bank,Mozambique,multilateral,224980285.7,US$225.0 million
Japan,Mozambique,bilateral,412294925.0,US$412.3 million
Saudi Arabia,Mozambique,bilateral,31993600.0,US$32.0 million
India,Mozambique,bilateral,254333100.0,US$254.3 million
Austria,Mozambique,private,36715764.9,US$36.7 million
Spain,Mozambique,bilateral,4651594.1,US$4.7 million
Italy,Mozambique,bilateral,14182170.5,US$14.2 million
Iraq,Mozambique,bilateral,207965166.7,US$208.0 million
Bulgaria,Mozambique,bilateral,57800000.0,US$57.8 million
Multiple Lenders,Mozambique,bilateral,67470000.0,US$67.5 million
Kuwait,Mozambique,bilateral,27770742.0,US$27.8 million
Belgium,Mozambique,bilateral,5455280.5,US$5.5 million
France,Mozambique,bilateral,132252682.4,US$132.3 million
Libya,Mozambique,bilateral,105335000.0,US$105.3 million
Nordic Development Fund,Mozambique,multilateral,41764234.8,US$41.8 million
Denmark,Mozambique,private,21082397.7,US$21.1 million
Angola,Mozambique,bilateral,61454000.0,US$61.5 million
Arab Bank for Economic Dev. in Africa (BADEA),Mozambique,multilateral,105763000.0,US$105.8 million
European Investment Bank,Mozambique,multilateral,70338724.5,US$70.3 million
Thailand,Myanmar,bilateral,137814781.1,US$137.8 million
Thailand,Myanmar,private,0.0,US$0
France,Myanmar,bilateral,267808680.9,US$267.8 million
European Economic Community (EEC),Myanmar,multilateral,5274475.5,US$5.3 million
Israel,Myanmar,private,7142000.0,US$7.1 million
World Bank-IDA                         ,Myanmar,multilateral,1445645000.0,US$1.4 billion
Sweden,Myanmar,private,8571000.0,US$8.6 million
Serbia,Myanmar,private,33421000.0,US$33.4 million
"Germany, Fed. Rep. of",Myanmar,bilateral,401751980.1,US$401.8 million
France,Myanmar,private,272191.8,"US$272,192"
"Korea, Republic of",Myanmar,bilateral,307108392.4,US$307.1 million
Finland,Myanmar,bilateral,1320441.9,US$1.3 million
Asian Dev. Bank   ,Myanmar,multilateral,721350000.0,US$721.4 million
Japan,Myanmar,bilateral,3713392914.3,US$3.7 billion
India,Myanmar,bilateral,144175000.0,US$144.2 million
Czechia,Myanmar,bilateral,74621000.0,US$74.6 million
United Kingdom,Myanmar,bilateral,20138868.1,US$20.1 million
International Fund for Agricultural Dev.,Myanmar,multilateral,23522862.9,US$23.5 million
Poland,Myanmar,bilateral,51753842.4,US$51.8 million
OPEC Fund for International Dev.,Myanmar,multilateral,3735000.0,US$3.7 million
Singapore,Myanmar,private,27540000.0,US$27.5 million
Italy,Myanmar,bilateral,28569750.0,US$28.6 million
Austria,Myanmar,bilateral,74161876.5,US$74.2 million
Asian Infrastructure Investment Bank,Myanmar,multilateral,7169000.0,US$7.2 million
China,Myanmar,bilateral,470988867.7,US$471.0 million
Saudi Arabia,Myanmar,bilateral,358933.3,"US$358,933"
China,Myanmar,private,1257643849.6,US$1.3 billion
Netherlands,Myanmar,bilateral,4301046.0,US$4.3 million
Belgium,Nepal,bilateral,3061638.3,US$3.1 million
Saudi Arabia,Nepal,bilateral,22462666.7,US$22.5 million
Japan,Nepal,bilateral,375544206.8,US$375.5 million
European Economic Community (EEC),Nepal,multilateral,681605.8,"US$681,606"
France,Nepal,bilateral,289853.1,"US$289,853"
Asian Dev. Bank   ,Nepal,multilateral,3128875000.0,US$3.1 billion
Asian Infrastructure Investment Bank,Nepal,multilateral,12229000.0,US$12.2 million
India,Nepal,bilateral,268033000.0,US$268.0 million
France,Nepal,private,407248.8,"US$407,249"
Kuwait,Nepal,bilateral,13261893.2,US$13.3 million
World Bank-IDA                         ,Nepal,multilateral,4531123000.0,US$4.5 billion
"Korea, Republic of",Nepal,bilateral,34281231.3,US$34.3 million
OPEC Fund for International Dev.,Nepal,multilateral,50358000.0,US$50.4 million
Nordic Development Fund,Nepal,multilateral,13823827.1,US$13.8 million
China,Nepal,bilateral,247086119.0,US$247.1 million
International Fund for Agricultural Dev.,Nepal,multilateral,77769534.8,US$77.8 million
European Investment Bank,Nepal,multilateral,91539109.4,US$91.5 million
Kuwait,Nicaragua,bilateral,29605455.4,US$29.6 million
Central American Bank for Econ. Integration (BCIE),Nicaragua,multilateral,2397576000.0,US$2.4 billion
Inter-American Dev. Bank      ,Nicaragua,multilateral,2289352000.0,US$2.3 billion
Multiple Lenders,Nicaragua,bilateral,35919000.0,US$35.9 million
China,Nicaragua,bilateral,17601406.2,US$17.6 million
India,Nicaragua,bilateral,50019000.0,US$50.0 million
"Germany, Fed. Rep. of",Nicaragua,bilateral,35141831.4,US$35.1 million
Saudi Arabia,Nicaragua,bilateral,0.0,US$0
Spain,Nicaragua,bilateral,147337490.4,US$147.3 million
China,Nicaragua,private,0.0,US$0
Italy,Nicaragua,bilateral,15836991.6,US$15.8 million
OPEC Fund for International Dev.,Nicaragua,multilateral,146407000.0,US$146.4 million
Peru,Nicaragua,bilateral,16563000.0,US$16.6 million
Costa Rica,Nicaragua,bilateral,315316000.0,US$315.3 million
Austria,Nicaragua,private,13958660.4,US$14.0 million
France,Nicaragua,bilateral,65450.7,"US$65,451"
"Iran, Islamic Republic Of",Nicaragua,bilateral,38985000.0,US$39.0 million
Japan,Nicaragua,bilateral,17318863.7,US$17.3 million
Belarus,Nicaragua,bilateral,0.0,US$0
International Fund for Agricultural Dev.,Nicaragua,multilateral,59045556.8,US$59.0 million
"Korea, Republic of",Nicaragua,bilateral,160355629.3,US$160.4 million
Nordic Development Fund,Nicaragua,multilateral,29338129.1,US$29.3 million
Honduras,Nicaragua,bilateral,118637000.0,US$118.6 million
Russian Federation,Nicaragua,bilateral,12717174.9,US$12.7 million
European Investment Bank,Nicaragua,multilateral,226472000.0,US$226.5 million
Libya,Nicaragua,bilateral,58527000.0,US$58.5 million
World Bank-IDA                         ,Nicaragua,multilateral,973948000.0,US$973.9 million
Kuwait,Niger,bilateral,43094658.2,US$43.1 million
"Germany, Fed. Rep. of",Niger,private,148502443.8,US$148.5 million
World Bank-IDA                         ,Niger,multilateral,2432038000.0,US$2.4 billion
Italy,Niger,bilateral,0.0,US$0
India,Niger,bilateral,63727000.0,US$63.7 million
Economic Community of West African States (ECOWAS),Niger,multilateral,20737733.5,US$20.7 million
"Congo, Rep.",Niger,bilateral,39594821.0,US$39.6 million
European Investment Bank,Niger,multilateral,30809618.4,US$30.8 million
Arab Bank for Economic Dev. in Africa (BADEA),Niger,multilateral,75203076.5,US$75.2 million
Multiple Lenders,Niger,bilateral,8625000.0,US$8.6 million
United Arab Emirates,Niger,bilateral,2883866.6,US$2.9 million
Islamic Dev. Bank,Niger,multilateral,219449984.9,US$219.4 million
Spain,Niger,bilateral,0.0,US$0
Libya,Niger,bilateral,16900000.0,US$16.9 million
China,Niger,bilateral,164433204.2,US$164.4 million
Iraq,Niger,bilateral,2000000.0,US$2 million
African Dev. Bank         ,Niger,multilateral,432661008.6,US$432.7 million
OPEC Fund for International Dev.,Niger,multilateral,51890000.0,US$51.9 million
International Fund for Agricultural Dev.,Niger,multilateral,94557454.2,US$94.6 million
Belgium,Niger,bilateral,27485138.4,US$27.5 million
Saudi Arabia,Niger,bilateral,57109066.7,US$57.1 million
West African Development Bank - BOAD,Niger,multilateral,409823599.0,US$409.8 million
France,Niger,bilateral,186092962.5,US$186.1 million
"Germany, Fed. Rep. of",Nigeria,bilateral,105782835.0,US$105.8 million
Islamic Dev. Bank,Nigeria,multilateral,270997837.4,US$271.0 million
United Kingdom,Nigeria,private,0.0,US$0
European Development Fund (EDF),Nigeria,multilateral,27411376.5,US$27.4 million
World Bank-IBRD                         ,Nigeria,multilateral,1243027000.0,US$1.2 billion
France,Nigeria,bilateral,593815628.7,US$593.8 million
"Germany, Fed. Rep. of",Nigeria,private,54871581.3,US$54.9 million
African Export-Import Bank,Nigeria,multilateral,2250000000.0,US$2.2 billion
International Fund for Agricultural Dev.,Nigeria,multilateral,279739217.7,US$279.7 million
Bondholders,Nigeria,private,18045582000.0,US$18.0 billion
Italy,Nigeria,private,0.0,US$0
China,Nigeria,bilateral,5319396325.1,US$5.3 billion
World Bank-IDA                         ,Nigeria,multilateral,16600059000.0,US$16.6 billion
Japan,Nigeria,bilateral,59150973.5,US$59.2 million
Arab Bank for Economic Dev. in Africa (BADEA),Nigeria,multilateral,4781000.0,US$4.8 million
India,Nigeria,bilateral,19420000.0,US$19.4 million
Multiple Lenders,Nigeria,private,2193295158.0,US$2.2 billion
African Dev. Bank         ,Nigeria,multilateral,3124199261.7,US$3.1 billion
Spain,North Macedonia,bilateral,3829385.4,US$3.8 million
World Bank-IBRD                         ,North Macedonia,multilateral,660639000.0,US$660.6 million
Switzerland,North Macedonia,private,0.0,US$0
Serbia,North Macedonia,bilateral,292969.8,"US$292,970"
European Investment Bank,North Macedonia,multilateral,327888267.9,US$327.9 million
Bondholders,North Macedonia,private,2493360000.0,US$2.5 billion
European Bank for Reconstruction and Dev. (EBRD),North Macedonia,multilateral,412709258.4,US$412.7 million
Council of Europe,North Macedonia,multilateral,81088222.8,US$81.1 million
Hungary,North Macedonia,bilateral,519450000.0,US$519.5 million
France,North Macedonia,bilateral,12986250.0,US$13.0 million
United States,North Macedonia,bilateral,1000.0,"US$1,000"
Netherlands,North Macedonia,private,0.0,US$0
European Development Fund (EDF),North Macedonia,multilateral,1054483.5,US$1.1 million
International Fund for Agricultural Dev.,North Macedonia,multilateral,7064497.3,US$7.1 million
Multiple Lenders,North Macedonia,bilateral,40317000.0,US$40.3 million
Italy,North Macedonia,private,2682439.8,US$2.7 million
"Germany, Fed. Rep. of",North Macedonia,bilateral,155284383.0,US$155.3 million
OPEC Fund for International Dev.,North Macedonia,multilateral,51945000.0,US$51.9 million
"Germany, Fed. Rep. of",North Macedonia,private,131945494.5,US$131.9 million
China,North Macedonia,bilateral,493179000.0,US$493.2 million
European Union,North Macedonia,multilateral,218169000.0,US$218.2 million
Japan,North Macedonia,bilateral,13367379.5,US$13.4 million
World Bank-IDA                         ,North Macedonia,multilateral,120789000.0,US$120.8 million
Saudi Arabia,Pakistan,bilateral,5323674333.3,US$5.3 billion
Norway,Pakistan,bilateral,1001722.5,US$1.0 million
International Fund for Agricultural Dev.,Pakistan,multilateral,402726051.5,US$402.7 million
Russian Federation,Pakistan,bilateral,67967000.0,US$68.0 million
Bondholders,Pakistan,private,7300000000.0,US$7.3 billion
Singapore,Pakistan,private,71874000.0,US$71.9 million
United Arab Emirates,Pakistan,bilateral,15472000.0,US$15.5 million
United Arab Emirates,Pakistan,private,0.0,US$0
Switzerland,Pakistan,bilateral,23550564.3,US$23.6 million
Sweden,Pakistan,bilateral,8416534.6,US$8.4 million
European Investment Bank,Pakistan,multilateral,33219866.4,US$33.2 million
Netherlands,Pakistan,bilateral,55399342.5,US$55.4 million
Bahrain,Pakistan,private,228799000.0,US$228.8 million
Italy,Pakistan,bilateral,110069746.8,US$110.1 million
OPEC Fund for International Dev.,Pakistan,multilateral,121970000.0,US$122.0 million
Libya,Pakistan,bilateral,1118818.5,US$1.1 million
Kuwait,Pakistan,bilateral,129345672.9,US$129.3 million
ECO Trade and Dev. Bank,Pakistan,multilateral,87945000.0,US$87.9 million
China,Pakistan,bilateral,22384919561.7,US$22.4 billion
France,Pakistan,bilateral,989462572.3,US$989.5 million
"Korea, Republic of",Pakistan,bilateral,210236572.8,US$210.2 million
Nordic Development Fund,Pakistan,multilateral,4215856.2,US$4.2 million
Multiple Lenders,Pakistan,bilateral,8000265000.0,US$8.0 billion
United Kingdom,Pakistan,bilateral,370092.3,"US$370,092"
Islamic Dev. Bank,Pakistan,multilateral,1011140266.4,US$1.0 billion
Japan,Pakistan,bilateral,2922004468.6,US$2.9 billion
Austria,Pakistan,bilateral,2509982.4,US$2.5 million
Canada,Pakistan,bilateral,4914000.0,US$4.9 million
Belgium,Pakistan,bilateral,1677494.2,US$1.7 million
United States,Pakistan,bilateral,620533000.0,US$620.5 million
United Kingdom,Pakistan,private,224940000.0,US$224.9 million
World Bank-IBRD                         ,Pakistan,multilateral,2619797000.0,US$2.6 billion
Multiple Lenders,Pakistan,private,35000000.0,US$35 million
World Bank-IDA                         ,Pakistan,multilateral,17564370000.0,US$17.6 billion
Asian Infrastructure Investment Bank,Pakistan,multilateral,1758260215.2,US$1.8 billion
Asian Dev. Bank   ,Pakistan,multilateral,15933252000.0,US$15.9 billion
Serbia,Pakistan,bilateral,300000000.0,US$300 million
Serbia,Pakistan,private,200000000.0,US$200 million
Finland,Pakistan,bilateral,311000.0,"US$311,000"
Spain,Pakistan,bilateral,38144000.0,US$38.1 million
"Germany, Fed. Rep. of",Pakistan,bilateral,746735347.5,US$746.7 million
Asian Dev. Bank   ,Papua New Guinea,multilateral,2586954000.0,US$2.6 billion
OPEC Fund for International Dev.,Papua New Guinea,multilateral,21052000.0,US$21.1 million
China,Papua New Guinea,bilateral,1106224960.0,US$1.1 billion
European Development Fund (EDF),Papua New Guinea,multilateral,14098345.9,US$14.1 million
International Fund for Agricultural Dev.,Papua New Guinea,multilateral,37517664.4,US$37.5 million
World Bank-IDA                         ,Papua New Guinea,multilateral,580779000.0,US$580.8 million
European Investment Bank,Papua New Guinea,multilateral,47382151.2,US$47.4 million
"Germany, Fed. Rep. of",Papua New Guinea,bilateral,4256373.3,US$4.3 million
Japan,Papua New Guinea,bilateral,456727311.3,US$456.7 million
Czechia,Papua New Guinea,private,59794928.4,US$59.8 million
Bondholders,Papua New Guinea,private,500000000.0,US$500 million
Australia,Papua New Guinea,bilateral,1834503305.4,US$1.8 billion
India,Papua New Guinea,bilateral,294000.0,"US$294,000"
World Bank-IBRD                         ,Papua New Guinea,multilateral,3099000.0,US$3.1 million
Japan,Paraguay,bilateral,105151611.9,US$105.2 million
Spain,Paraguay,bilateral,40975000.0,US$41.0 million
Plata Basin Financial Dev. Fund,Paraguay,multilateral,379989000.0,US$380.0 million
Bondholders,Paraguay,private,7120738000.0,US$7.1 billion
International Fund for Agricultural Dev.,Paraguay,multilateral,38362395.6,US$38.4 million
European Investment Bank,Paraguay,multilateral,125280000.0,US$125.3 million
Cayman Islands,Paraguay,private,421299000.0,US$421.3 million
"Germany, Fed. Rep. of",Paraguay,bilateral,3582127.2,US$3.6 million
World Bank-IBRD                         ,Paraguay,multilateral,1133716000.0,US$1.1 billion
Inter-American Dev. Bank      ,Paraguay,multilateral,3787914000.0,US$3.8 billion
South Africa,Paraguay,private,19206.2,"US$19,206"
"Venezuela, Republic Bolivarian",Paraguay,bilateral,78923000.0,US$78.9 million
World Bank-IDA                         ,Paraguay,multilateral,300000.0,"US$300,000"
Corporacion Andina de Fomento,Paraguay,multilateral,2335724000.0,US$2.3 billion
OPEC Fund for International Dev.,Paraguay,multilateral,172406000.0,US$172.4 million
International Fund for Agricultural Dev.,Peru,multilateral,53908993.0,US$53.9 million
Inter-American Dev. Bank      ,Peru,multilateral,3706225000.0,US$3.7 billion
Spain,Peru,bilateral,685000.0,"US$685,000"
Netherlands,Peru,bilateral,606717.6,"US$606,718"
Bondholders,Peru,private,32812292891.7,US$32.8 billion
United States,Peru,bilateral,14483000.0,US$14.5 million
Japan,Peru,bilateral,147086215.7,US$147.1 million
United States,Peru,private,588826227.7,US$588.8 million
"Germany, Fed. Rep. of",Peru,private,866667000.0,US$866.7 million
"Germany, Fed. Rep. of",Peru,bilateral,1589569251.0,US$1.6 billion
France,Peru,bilateral,201190257.3,US$201.2 million
Corporacion Andina de Fomento,Peru,multilateral,1631480857.9,US$1.6 billion
World Bank-IBRD                         ,Peru,multilateral,5750082000.0,US$5.8 billion
United States,Philippines,bilateral,59165000.0,US$59.2 million
Japan,Philippines,bilateral,7797409062.6,US$7.8 billion
Bondholders,Philippines,private,37194916222.0,US$37.2 billion
Canada,Philippines,bilateral,3479.5,"US$3,480"
Canada,Philippines,private,0.0,US$0
Austria,Philippines,private,31645932.9,US$31.6 million
Spain,Philippines,bilateral,48369041.2,US$48.4 million
"Germany, Fed. Rep. of",Philippines,bilateral,78539801.1,US$78.5 million
France,Philippines,private,40650660.3,US$40.7 million
World Bank-IDA                         ,Philippines,multilateral,8881000.0,US$8.9 million
World Bank-IBRD                         ,Philippines,multilateral,14594599000.0,US$14.6 billion
Asian Infrastructure Investment Bank,Philippines,multilateral,2980439930.0,US$3.0 billion
Asian Dev. Bank   ,Philippines,multilateral,15670315000.0,US$15.7 billion
Nordic Development Fund,Philippines,multilateral,7650053.7,US$7.7 million
France,Philippines,bilateral,952023026.4,US$952.0 million
"Germany, Fed. Rep. of",Philippines,private,3116.7,"US$3,117"
China,Philippines,bilateral,338617521.3,US$338.6 million
United States,Philippines,private,0.0,US$0
Belgium,Philippines,bilateral,3679783.8,US$3.7 million
"Korea, Republic of",Philippines,bilateral,558506732.6,US$558.5 million
International Fund for Agricultural Dev.,Philippines,multilateral,105123931.0,US$105.1 million
OPEC Fund for International Dev.,Philippines,multilateral,17193000.0,US$17.2 million
Italy,Philippines,bilateral,21078242.1,US$21.1 million
Nordic Development Fund,Rwanda,multilateral,11241936.9,US$11.2 million
World Bank-IDA                         ,Rwanda,multilateral,3720784000.0,US$3.7 billion
Multiple Lenders,Rwanda,private,849815000.0,US$849.8 million
Libya,Rwanda,bilateral,82385.7,"US$82,386"
Spain,Rwanda,bilateral,3344000.0,US$3.3 million
Asian Infrastructure Investment Bank,Rwanda,multilateral,101110942.5,US$101.1 million
United Kingdom,Rwanda,private,207780000.0,US$207.8 million
China,Rwanda,bilateral,361436047.9,US$361.4 million
Hungary,Rwanda,bilateral,11040000.0,US$11.0 million
Kuwait,Rwanda,bilateral,65604805.9,US$65.6 million
Poland,Rwanda,bilateral,0.0,US$0
African Export-Import Bank,Rwanda,multilateral,155835000.0,US$155.8 million
European Economic Community (EEC),Rwanda,multilateral,584900.7,"US$584,901"
Arab Bank for Economic Dev. in Africa (BADEA),Rwanda,multilateral,97545000.0,US$97.5 million
Bondholders,Rwanda,private,631557000.0,US$631.6 million
India,Rwanda,bilateral,64481000.0,US$64.5 million
Italy,Rwanda,bilateral,51945000.0,US$51.9 million
International Fund for Agricultural Dev.,Rwanda,multilateral,190732960.4,US$190.7 million
African Dev. Bank         ,Rwanda,multilateral,1182634925.7,US$1.2 billion
European Investment Bank,Rwanda,multilateral,20047653.3,US$20.0 million
Austria,Rwanda,bilateral,3463692.6,US$3.5 million
France,Rwanda,bilateral,211285248.6,US$211.3 million
United Arab Emirates,Rwanda,bilateral,12144043.5,US$12.1 million
"Korea, Republic of",Rwanda,bilateral,31113595.3,US$31.1 million
Japan,Rwanda,bilateral,196476220.9,US$196.5 million
Saudi Arabia,Rwanda,bilateral,76283999.9,US$76.3 million
OPEC Fund for International Dev.,Rwanda,multilateral,87230000.0,US$87.2 million
Japan,Samoa,bilateral,17280561.7,US$17.3 million
World Bank-IDA                         ,Samoa,multilateral,89874000.0,US$89.9 million
OPEC Fund for International Dev.,Samoa,multilateral,4863000.0,US$4.9 million
China,Samoa,bilateral,90893522.6,US$90.9 million
European Development Fund (EDF),Samoa,multilateral,644118.0,"US$644,118"
International Fund for Agricultural Dev.,Samoa,multilateral,800738.7,"US$800,739"
European Economic Community (EEC),Samoa,multilateral,57000.0,"US$57,000"
Asian Dev. Bank   ,Samoa,multilateral,53918000.0,US$53.9 million
World Bank-IDA                         ,Sao Tome and Principe,multilateral,8967000.0,US$9.0 million
African Dev. Bank         ,Sao Tome and Principe,multilateral,18533057.3,US$18.5 million
Italy,Sao Tome and Principe,bilateral,29413587.1,US$29.4 million
African Export-Import Bank,Sao Tome and Principe,multilateral,12000000.0,US$12 million
Arab Bank for Economic Dev. in Africa (BADEA),Sao Tome and Principe,private,0.0,US$0
Arab Bank for Economic Dev. in Africa (BADEA),Sao Tome and Principe,multilateral,14608000.0,US$14.6 million
OPEC Fund for International Dev.,Sao Tome and Principe,multilateral,3073000.0,US$3.1 million
Brazil,Sao Tome and Principe,bilateral,4564000.0,US$4.6 million
Kuwait,Sao Tome and Principe,bilateral,0.0,US$0
Equatorial Guinea,Sao Tome and Principe,bilateral,1583792.8,US$1.6 million
Belgium,Sao Tome and Principe,bilateral,833197.8,"US$833,198"
Hong Kong,Sao Tome and Principe,private,10000000.0,US$10 million
International Fund for Agricultural Dev.,Sao Tome and Principe,multilateral,4167626.8,US$4.2 million
European Investment Bank,Sao Tome and Principe,multilateral,12466800.0,US$12.5 million
Angola,Sao Tome and Principe,bilateral,67990000.0,US$68.0 million
Portugal,Sao Tome and Principe,bilateral,66339998.4,US$66.3 million
United States,Senegal,private,567239400.0,US$567.2 million
Austria,Senegal,bilateral,1572894.6,US$1.6 million
Japan,Senegal,private,377120700.0,US$377.1 million
Spain,Senegal,bilateral,17100480.0,US$17.1 million
Saudi Arabia,Senegal,bilateral,119441786.9,US$119.4 million
OPEC Fund for International Dev.,Senegal,multilateral,83393608.0,US$83.4 million
Brazil,Senegal,bilateral,2681000.0,US$2.7 million
Belgium,Senegal,bilateral,8018230.2,US$8.0 million
"Korea, Republic of",Senegal,bilateral,149623996.6,US$149.6 million
International Fund for Agricultural Dev.,Senegal,multilateral,177067397.6,US$177.1 million
West African Development Bank - BOAD,Senegal,multilateral,515788100.0,US$515.8 million
France,Senegal,bilateral,1411243837.8,US$1.4 billion
Czechia,Senegal,bilateral,166086865.2,US$166.1 million
France,Senegal,private,2103662376.6,US$2.1 billion
United Kingdom,Senegal,private,906803865.0,US$906.8 million
African Export-Import Bank,Senegal,multilateral,402573750.0,US$402.6 million
"Cote D`Ivoire, Republic Of",Senegal,private,622562134.9,US$622.6 million
Turkiye,Senegal,bilateral,107476010.4,US$107.5 million
African Dev. Bank         ,Senegal,multilateral,1811504293.1,US$1.8 billion
India,Senegal,bilateral,218229000.0,US$218.2 million
Austria,Senegal,private,21585225.3,US$21.6 million
Spain,Senegal,private,191812107.0,US$191.8 million
Japan,Senegal,bilateral,249632939.8,US$249.6 million
Africa Finance Corporation,Senegal,private,51945000.0,US$51.9 million
Arab Bank for Economic Dev. in Africa (BADEA),Senegal,multilateral,205899000.0,US$205.9 million
Economic Community of West African States (ECOWAS),Senegal,multilateral,190311483.1,US$190.3 million
"Germany, Fed. Rep. of",Senegal,bilateral,75571663.8,US$75.6 million
United Arab Emirates,Senegal,private,0.0,US$0
World Bank-IDA                         ,Senegal,multilateral,4421809000.0,US$4.4 billion
Islamic Dev. Bank,Senegal,multilateral,1307715687.1,US$1.3 billion
South Africa,Senegal,private,103890000.0,US$103.9 million
United Arab Emirates,Senegal,bilateral,4435670.6,US$4.4 million
Bondholders,Senegal,private,4953688959.3,US$5.0 billion
European Investment Bank,Senegal,multilateral,351874391.1,US$351.9 million
Kuwait,Senegal,bilateral,174637877.9,US$174.6 million
Italy,Senegal,bilateral,129040730.1,US$129.0 million
Israel,Senegal,private,319192545.0,US$319.2 million
Nordic Development Fund,Senegal,multilateral,37356901.9,US$37.4 million
Multiple Lenders,Senegal,private,124668000.0,US$124.7 million
China,Senegal,bilateral,2197914178.4,US$2.2 billion
China,Senegal,private,21887545.2,US$21.9 million
"Germany, Fed. Rep. of",Senegal,private,189823652.4,US$189.8 million
Spain,Serbia,bilateral,133659017.0,US$133.7 million
Canada,Serbia,bilateral,0.0,US$0
Russian Federation,Serbia,bilateral,763161299.1,US$763.2 million
United Arab Emirates,Serbia,bilateral,1349952076.2,US$1.3 billion
Norway,Serbia,private,0.0,US$0
Finland,Serbia,private,0.0,US$0
United Kingdom,Serbia,bilateral,0.0,US$0
Bulgaria,Serbia,private,104539312.5,US$104.5 million
Austria,Serbia,bilateral,0.0,US$0
Norway,Serbia,bilateral,0.0,US$0
World Bank-IDA                         ,Serbia,multilateral,9974000.0,US$10.0 million
World Bank-IBRD                         ,Serbia,multilateral,2307209000.0,US$2.3 billion
United Kingdom,Serbia,private,369831777.6,US$369.8 million
Slovenia,Serbia,private,0.0,US$0
China,Serbia,bilateral,3207020104.2,US$3.2 billion
Netherlands,Serbia,bilateral,0.0,US$0
Switzerland,Serbia,bilateral,0.0,US$0
Luxembourg,Serbia,private,38219053.2,US$38.2 million
Belgium,Serbia,bilateral,70389630.6,US$70.4 million
Montenegro,Serbia,private,10389.0,"US$10,389"
"Germany, Fed. Rep. of",Serbia,bilateral,551770179.0,US$551.8 million
European Investment Bank,Serbia,multilateral,1896169113.0,US$1.9 billion
Italy,Serbia,bilateral,121240835.3,US$121.2 million
Italy,Serbia,private,207780000.0,US$207.8 million
European Union,Serbia,multilateral,0.0,US$0
Hong Kong,Serbia,private,0.0,US$0
"Germany, Fed. Rep. of",Serbia,private,0.0,US$0
Turkiye,Serbia,bilateral,185172497.1,US$185.2 million
European Bank for Reconstruction and Dev. (EBRD),Serbia,multilateral,719272026.0,US$719.3 million
France,Serbia,private,44461803.3,US$44.5 million
Council of Europe,Serbia,multilateral,797446134.3,US$797.4 million
France,Serbia,bilateral,224053329.6,US$224.1 million
Japan,Serbia,bilateral,89671241.6,US$89.7 million
Denmark,Serbia,bilateral,0.0,US$0
Poland,Serbia,bilateral,0.0,US$0
Saudi Arabia,Serbia,bilateral,0.0,US$0
Multiple Lenders,Serbia,bilateral,34218249.3,US$34.2 million
Bondholders,Serbia,private,9435467451.9,US$9.4 billion
Hungary,Serbia,bilateral,108736468.5,US$108.7 million
Multiple Lenders,Serbia,private,3681967928.9,US$3.7 billion
United States,Serbia,private,311670000.0,US$311.7 million
Sweden,Serbia,bilateral,0.0,US$0
United States,Serbia,bilateral,4337000.0,US$4.3 million
Kuwait,Serbia,bilateral,203857350.5,US$203.9 million
Economic Community of West African States (ECOWAS),Sierra Leone,multilateral,22964000.0,US$23.0 million
European Development Fund (EDF),Sierra Leone,multilateral,1606139.4,US$1.6 million
Islamic Dev. Bank,Sierra Leone,multilateral,101648718.1,US$101.6 million
China,Sierra Leone,bilateral,57871536.7,US$57.9 million
United Arab Emirates,Sierra Leone,bilateral,7598093.9,US$7.6 million
Saudi Arabia,Sierra Leone,bilateral,28406133.4,US$28.4 million
Kuwait,Sierra Leone,bilateral,63912973.0,US$63.9 million
European Investment Bank,Sierra Leone,multilateral,54816519.6,US$54.8 million
India,Sierra Leone,bilateral,19964000.0,US$20.0 million
OPEC Fund for International Dev.,Sierra Leone,multilateral,33020000.0,US$33.0 million
African Dev. Bank         ,Sierra Leone,multilateral,161050193.5,US$161.1 million
International Fund for Agricultural Dev.,Sierra Leone,multilateral,32216423.8,US$32.2 million
World Bank-IDA                         ,Sierra Leone,multilateral,463025000.0,US$463.0 million
Arab Bank for Economic Dev. in Africa (BADEA),Sierra Leone,multilateral,50941000.0,US$50.9 million
Multiple Lenders,Sierra Leone,private,164930000.0,US$164.9 million
"Korea, Republic of",Sierra Leone,bilateral,50120000.0,US$50.1 million
Japan,Solomon Islands,bilateral,15959144.6,US$16.0 million
International Fund for Agricultural Dev.,Solomon Islands,multilateral,2938215.3,US$2.9 million
Asian Dev. Bank   ,Solomon Islands,multilateral,116650000.0,US$116.7 million
China,Solomon Islands,bilateral,17988957.7,US$18.0 million
Multiple Lenders,Solomon Islands,bilateral,1705000.0,US$1.7 million
World Bank-IDA                         ,Solomon Islands,multilateral,124634000.0,US$124.6 million
European Development Fund (EDF),Solomon Islands,multilateral,430104.6,"US$430,105"
"Korea, Republic of",Solomon Islands,bilateral,4535000.0,US$4.5 million
United Kingdom,"Somalia, Fed. Rep.",bilateral,0.0,US$0
Algeria,"Somalia, Fed. Rep.",bilateral,900000.0,"US$900,000"
Japan,"Somalia, Fed. Rep.",bilateral,0.0,US$0
Netherlands,"Somalia, Fed. Rep.",bilateral,0.0,US$0
OPEC Fund for International Dev.,"Somalia, Fed. Rep.",multilateral,36387000.0,US$36.4 million
Libya,"Somalia, Fed. Rep.",bilateral,11750000.0,US$11.8 million
Serbia,"Somalia, Fed. Rep.",bilateral,1512000.0,US$1.5 million
Romania,"Somalia, Fed. Rep.",bilateral,2274000.0,US$2.3 million
World Bank-IDA                         ,"Somalia, Fed. Rep.",multilateral,0.0,US$0
Bulgaria,"Somalia, Fed. Rep.",bilateral,5529000.0,US$5.5 million
United Arab Emirates,"Somalia, Fed. Rep.",bilateral,94222464.3,US$94.2 million
Spain,"Somalia, Fed. Rep.",bilateral,40212000.0,US$40.2 million
International Fund for Agricultural Dev.,"Somalia, Fed. Rep.",multilateral,2055316.2,US$2.1 million
United States,"Somalia, Fed. Rep.",bilateral,0.0,US$0
Saudi Arabia,"Somalia, Fed. Rep.",bilateral,118862133.3,US$118.9 million
Denmark,"Somalia, Fed. Rep.",bilateral,0.0,US$0
Islamic Dev. Bank,"Somalia, Fed. Rep.",multilateral,26674769.7,US$26.7 million
Russian Federation,"Somalia, Fed. Rep.",bilateral,6807000.0,US$6.8 million
African Dev. Bank         ,"Somalia, Fed. Rep.",multilateral,15198385.0,US$15.2 million
Norway,"Somalia, Fed. Rep.",bilateral,0.0,US$0
Arab Fund for Economic & Social Development,"Somalia, Fed. Rep.",multilateral,74554310.6,US$74.6 million
France,"Somalia, Fed. Rep.",bilateral,0.0,US$0
Iraq,"Somalia, Fed. Rep.",bilateral,31223000.0,US$31.2 million
Arab Monetary Fund,"Somalia, Fed. Rep.",multilateral,71859122.2,US$71.9 million
European Economic Community (EEC),"Somalia, Fed. Rep.",multilateral,0.0,US$0
Kuwait,"Somalia, Fed. Rep.",bilateral,123701899.6,US$123.7 million
United States,South Africa,private,1000000000.0,US$1 billion
Bondholders,South Africa,private,77401913569.5,US$77.4 billion
New Development Bank (NDB),South Africa,multilateral,3271954920.8,US$3.3 billion
African Dev. Bank         ,South Africa,multilateral,1997752976.0,US$2.0 billion
Canada,South Africa,bilateral,79331941.5,US$79.3 million
Multiple Lenders,South Africa,private,4604103698.5,US$4.6 billion
United Kingdom,South Africa,private,750000000.0,US$750 million
"Germany, Fed. Rep. of",South Africa,bilateral,655836446.6,US$655.8 million
World Bank-MIGA,South Africa,multilateral,302270032.8,US$302.3 million
European Investment Bank,South Africa,multilateral,178288677.8,US$178.3 million
China,South Africa,bilateral,3330526000.0,US$3.3 billion
France,South Africa,bilateral,502994496.1,US$503.0 million
"Germany, Fed. Rep. of",South Africa,private,311670000.0,US$311.7 million
World Bank-IBRD                         ,South Africa,multilateral,3426756000.0,US$3.4 billion
Asian Dev. Bank   ,South Asia,multilateral,52397193000.0,US$52.4 billion
South Asian Development Fund (SADF),South Asia,multilateral,7222000.0,US$7.2 million
Sri Lanka,South Asia,private,63106000.0,US$63.1 million
Bondholders,South Asia,private,100307289493.8,US$100.3 billion
Austria,South Asia,private,146545156.2,US$146.5 million
United Kingdom,South Asia,bilateral,18382000.0,US$18.4 million
Spain,South Asia,bilateral,77120663.7,US$77.1 million
United Kingdom,South Asia,private,6705305222.0,US$6.7 billion
Spain,South Asia,private,18149583.0,US$18.1 million
Austria,South Asia,bilateral,2584783.2,US$2.6 million
Multiple Lenders,South Asia,private,22148046097.7,US$22.1 billion
Canada,South Asia,bilateral,20704460.7,US$20.7 million
Hong Kong,South Asia,private,4948093827.1,US$4.9 billion
Belgium,South Asia,private,109508012.8,US$109.5 million
Belgium,South Asia,bilateral,4449608.7,US$4.4 million
Italy,South Asia,bilateral,288814.2,"US$288,814"
OPEC Fund for International Dev.,South Asia,multilateral,582547000.0,US$582.5 million
Denmark,South Asia,private,0.0,US$0
"Germany, Fed. Rep. of",South Asia,private,58348779.6,US$58.3 million
Nordic Development Fund,South Asia,multilateral,58152451.7,US$58.2 million
New Development Bank (NDB),South Asia,multilateral,4484906000.0,US$4.5 billion
Switzerland,South Asia,bilateral,0.0,US$0
"Germany, Fed. Rep. of",South Asia,bilateral,3713938524.7,US$3.7 billion
Japan,South Asia,bilateral,38931861835.2,US$38.9 billion
Netherlands,South Asia,private,429932145.4,US$429.9 million
Switzerland,South Asia,private,0.0,US$0
Japan,South Asia,private,981203965.6,US$981.2 million
France,South Asia,private,257442277.0,US$257.4 million
France,South Asia,bilateral,2350046665.2,US$2.4 billion
"Korea, Republic of",South Asia,bilateral,1480650164.2,US$1.5 billion
Multiple Lenders,South Asia,multilateral,13146000.0,US$13.1 million
European Economic Community (EEC),South Asia,multilateral,7101138.2,US$7.1 million
European Investment Bank,South Asia,multilateral,2099831887.4,US$2.1 billion
Mauritius,South Asia,private,625000.0,"US$625,000"
World Bank-IBRD                         ,South Asia,multilateral,25103990000.0,US$25.1 billion
Kuwait,South Asia,bilateral,386786816.2,US$386.8 million
Singapore,South Asia,private,7536085772.1,US$7.5 billion
Islamic Dev. Bank,South Asia,multilateral,877770181.4,US$877.8 million
Hungary,South Asia,bilateral,97333502.1,US$97.3 million
Bahrain,South Asia,private,300000000.0,US$300 million
United Arab Emirates,South Asia,private,1166662942.9,US$1.2 billion
International Finance Corporation,South Asia,multilateral,25000000.0,US$25 million
Australia,South Asia,private,18074000.0,US$18.1 million
Australia,South Asia,bilateral,6882000.0,US$6.9 million
International Fund for Agricultural Dev.,South Asia,multilateral,1407783485.8,US$1.4 billion
Saudi Arabia,South Asia,bilateral,489557600.0,US$489.6 million
United States,South Asia,private,3114283714.1,US$3.1 billion
Russian Federation,South Asia,bilateral,12783439000.0,US$12.8 billion
China,South Asia,bilateral,16300315274.2,US$16.3 billion
China,South Asia,private,286726000.0,US$286.7 million
United Arab Emirates,South Asia,bilateral,61834172.9,US$61.8 million
Asian Infrastructure Investment Bank,South Asia,multilateral,7215035737.0,US$7.2 billion
"Iran, Islamic Republic Of",South Asia,bilateral,32903000.0,US$32.9 million
Belarus,South Asia,bilateral,24322000.0,US$24.3 million
Sweden,South Asia,bilateral,114674199.0,US$114.7 million
United States,South Asia,bilateral,141544000.0,US$141.5 million
Pakistan,South Asia,bilateral,2109000.0,US$2.1 million
India,South Asia,bilateral,8436864957.6,US$8.4 billion
World Bank-IDA                         ,South Asia,multilateral,44029130000.0,US$44.0 billion
Qatar,South Asia,private,0.0,US$0
United Kingdom,Sri Lanka,private,184635848.4,US$184.6 million
Austria,Sri Lanka,private,144505795.5,US$144.5 million
World Bank-IBRD                         ,Sri Lanka,multilateral,1052439000.0,US$1.1 billion
Australia,Sri Lanka,private,18074000.0,US$18.1 million
Hong Kong,Sri Lanka,private,123110000.0,US$123.1 million
Kuwait,Sri Lanka,bilateral,95164799.6,US$95.2 million
"Korea, Republic of",Sri Lanka,bilateral,371795746.5,US$371.8 million
Spain,Sri Lanka,private,18149583.0,US$18.1 million
Spain,Sri Lanka,bilateral,77120663.7,US$77.1 million
France,Sri Lanka,bilateral,201828984.3,US$201.8 million
France,Sri Lanka,private,210025842.1,US$210.0 million
Japan,Sri Lanka,private,46728375.4,US$46.7 million
Japan,Sri Lanka,bilateral,2265043089.7,US$2.3 billion
Asian Infrastructure Investment Bank,Sri Lanka,multilateral,145463000.0,US$145.5 million
World Bank-IDA                         ,Sri Lanka,multilateral,3566305000.0,US$3.6 billion
India,Sri Lanka,bilateral,3235736000.0,US$3.2 billion
"Germany, Fed. Rep. of",Sri Lanka,bilateral,193966785.6,US$194.0 million
"Iran, Islamic Republic Of",Sri Lanka,bilateral,32903000.0,US$32.9 million
International Fund for Agricultural Dev.,Sri Lanka,multilateral,168852660.2,US$168.9 million
Hungary,Sri Lanka,bilateral,45388502.1,US$45.4 million
Bondholders,Sri Lanka,private,10584688000.0,US$10.6 billion
OPEC Fund for International Dev.,Sri Lanka,multilateral,129505000.0,US$129.5 million
Sweden,Sri Lanka,bilateral,34652000.0,US$34.7 million
Russian Federation,Sri Lanka,bilateral,35416000.0,US$35.4 million
Pakistan,Sri Lanka,bilateral,2109000.0,US$2.1 million
United States,Sri Lanka,bilateral,124995000.0,US$125.0 million
United States,Sri Lanka,private,7518000.0,US$7.5 million
Belgium,Sri Lanka,private,9508012.8,US$9.5 million
Saudi Arabia,Sri Lanka,bilateral,167577866.7,US$167.6 million
China,Sri Lanka,private,0.0,US$0
Nordic Development Fund,Sri Lanka,multilateral,12703982.6,US$12.7 million
Netherlands,Sri Lanka,private,329472593.2,US$329.5 million
Australia,Sri Lanka,bilateral,6882000.0,US$6.9 million
China,Sri Lanka,bilateral,8687353759.7,US$8.7 billion
Canada,Sri Lanka,bilateral,17074460.7,US$17.1 million
Multiple Lenders,Sri Lanka,private,0.0,US$0
European Investment Bank,Sri Lanka,multilateral,78607329.6,US$78.6 million
Asian Dev. Bank   ,Sri Lanka,multilateral,7116559000.0,US$7.1 billion
Caribbean Community (CARICOM),St. Lucia,multilateral,1619000.0,US$1.6 million
Bondholders,St. Lucia,private,333444000.0,US$333.4 million
Caribbean Dev. Bank,St. Lucia,multilateral,220656541.0,US$220.7 million
World Bank-IDA                         ,St. Lucia,multilateral,226443000.0,US$226.4 million
European Investment Bank,St. Lucia,multilateral,5065000.0,US$5.1 million
World Bank-IBRD                         ,St. Lucia,multilateral,2480000.0,US$2.5 million
Trinidad & Tobago,St. Lucia,bilateral,5000000.0,US$5 million
Kuwait,St. Lucia,bilateral,2240623.5,US$2.2 million
France,St. Lucia,bilateral,451921.5,"US$451,922"
African Export-Import Bank,St. Lucia,multilateral,2400000.0,US$2.4 million
Multiple Lenders,St. Lucia,bilateral,240722000.0,US$240.7 million
Saudi Arabia,St. Lucia,bilateral,0.0,US$0
Trinidad & Tobago,St. Vincent and the Grenadines,bilateral,3747146.4,US$3.7 million
China,St. Vincent and the Grenadines,bilateral,45000000.0,US$45 million
United Arab Emirates,St. Vincent and the Grenadines,bilateral,0.0,US$0
Caribbean Dev. Bank,St. Vincent and the Grenadines,multilateral,232407635.0,US$232.4 million
World Bank-IDA                         ,St. Vincent and the Grenadines,multilateral,243873000.0,US$243.9 million
Caribbean Community (CARICOM),St. Vincent and the Grenadines,multilateral,9734000.0,US$9.7 million
United Kingdom,St. Vincent and the Grenadines,bilateral,2844000.0,US$2.8 million
Bondholders,St. Vincent and the Grenadines,private,0.0,US$0
United States,St. Vincent and the Grenadines,bilateral,601000.0,"US$601,000"
Kuwait,St. Vincent and the Grenadines,bilateral,7131027.8,US$7.1 million
Multiple Lenders,St. Vincent and the Grenadines,bilateral,82441000.0,US$82.4 million
Guyana,St. Vincent and the Grenadines,private,948000.0,"US$948,000"
Netherlands,St. Vincent and the Grenadines,private,1326000.0,US$1.3 million
OPEC Fund for International Dev.,St. Vincent and the Grenadines,multilateral,4831000.0,US$4.8 million
Bolivarian Alliance for the Americas (ALBA),St. Vincent and the Grenadines,multilateral,50848000.0,US$50.8 million
Saudi Arabia,St. Vincent and the Grenadines,bilateral,0.0,US$0
Multiple Lenders,St. Vincent and the Grenadines,private,4857000.0,US$4.9 million
Asian Infrastructure Investment Bank,Sub-Saharan Africa (excluding high income),multilateral,200143046.1,US$200.1 million
Benin,Sub-Saharan Africa (excluding high income),bilateral,68245.6,"US$68,246"
Belgium,Sub-Saharan Africa (excluding high income),private,1027844704.6,US$1.0 billion
Turkiye,Sub-Saharan Africa (excluding high income),bilateral,479099839.0,US$479.1 million
Sweden,Sub-Saharan Africa (excluding high income),bilateral,3405000.0,US$3.4 million
Sweden,Sub-Saharan Africa (excluding high income),private,145548277.7,US$145.5 million
Uganda,Sub-Saharan Africa (excluding high income),private,681000.0,"US$681,000"
Bahamas,Sub-Saharan Africa (excluding high income),private,750000.0,"US$750,000"
Belgium,Sub-Saharan Africa (excluding high income),bilateral,484936569.8,US$484.9 million
Bahrain,Sub-Saharan Africa (excluding high income),private,0.0,US$0
Switzerland,Sub-Saharan Africa (excluding high income),bilateral,122406505.9,US$122.4 million
Switzerland,Sub-Saharan Africa (excluding high income),private,2360194252.1000004,US$2.4 billion
Togo,Sub-Saharan Africa (excluding high income),private,46533412.7,US$46.5 million
Thailand,Sub-Saharan Africa (excluding high income),bilateral,1293000.0,US$1.3 million
Tanzania,Sub-Saharan Africa (excluding high income),bilateral,35157000.0,US$35.2 million
Turkiye,Sub-Saharan Africa (excluding high income),private,0.0,US$0
United Kingdom,Sub-Saharan Africa (excluding high income),bilateral,973269196.8,US$973.3 million
Nigeria,Sub-Saharan Africa (excluding high income),bilateral,11293290.3,US$11.3 million
United Arab Emirates,Sub-Saharan Africa (excluding high income),bilateral,1667015802.6,US$1.7 billion
Dev. Bank of the Central African States (BDEAC),Sub-Saharan Africa (excluding high income),multilateral,390085257.2,US$390.1 million
Norway,Sub-Saharan Africa (excluding high income),bilateral,74598962.9,US$74.6 million
Kuwait,Sub-Saharan Africa (excluding high income),bilateral,2882895891.8,US$2.9 billion
Arab Bank for Economic Dev. in Africa (BADEA),Sub-Saharan Africa (excluding high income),multilateral,2160203561.6,US$2.2 billion
Arab Bank for Economic Dev. in Africa (BADEA),Sub-Saharan Africa (excluding high income),private,0.0,US$0
World Bank-IBRD                         ,Sub-Saharan Africa (excluding high income),multilateral,14105494000.0,US$14.1 billion
Denmark,Sub-Saharan Africa (excluding high income),private,296788628.5,US$296.8 million
Denmark,Sub-Saharan Africa (excluding high income),bilateral,62484803.4,US$62.5 million
"Korea, Republic of",Sub-Saharan Africa (excluding high income),private,5146859.2,US$5.1 million
Czechia,Sub-Saharan Africa (excluding high income),private,184822387.8,US$184.8 million
Czechia,Sub-Saharan Africa (excluding high income),bilateral,225362662.7,US$225.4 million
"Korea, Republic of",Sub-Saharan Africa (excluding high income),bilateral,1994111944.6,US$2.0 billion
Croatia,Sub-Saharan Africa (excluding high income),bilateral,39903000.0,US$39.9 million
OPEC Fund for International Dev.,Sub-Saharan Africa (excluding high income),multilateral,1702468486.7,US$1.7 billion
France,Sub-Saharan Africa (excluding high income),bilateral,10345768319.6,US$10.3 billion
France,Sub-Saharan Africa (excluding high income),private,6744465585.7,US$6.7 billion
African Export-Import Bank,Sub-Saharan Africa (excluding high income),multilateral,5447253126.1,US$5.4 billion
African Dev. Bank         ,Sub-Saharan Africa (excluding high income),multilateral,36521820778.5,US$36.5 billion
Japan,Sub-Saharan Africa (excluding high income),private,1777631605.8,US$1.8 billion
United States,Sub-Saharan Africa (excluding high income),private,5025502215.8,US$5.0 billion
Japan,Sub-Saharan Africa (excluding high income),bilateral,4237756697.6,US$4.2 billion
United States,Sub-Saharan Africa (excluding high income),bilateral,1058939978.2,US$1.1 billion
Oman,Sub-Saharan Africa (excluding high income),bilateral,89507000.0,US$89.5 million
"Germany, Fed. Rep. of",Sub-Saharan Africa (excluding high income),bilateral,2096970891.6,US$2.1 billion
Org. of Arab Petroleum Exporting Countries (OAPEC),Sub-Saharan Africa (excluding high income),multilateral,7219000.0,US$7.2 million
"Cote D`Ivoire, Republic Of",Sub-Saharan Africa (excluding high income),private,642562134.9,US$642.6 million
Algeria,Sub-Saharan Africa (excluding high income),bilateral,157641377.3,US$157.6 million
Pakistan,Sub-Saharan Africa (excluding high income),bilateral,12189000.0,US$12.2 million
"Germany, Fed. Rep. of",Sub-Saharan Africa (excluding high income),private,4067600405.4,US$4.1 billion
"Venezuela, Republic Bolivarian",Sub-Saharan Africa (excluding high income),bilateral,18749000.0,US$18.7 million
Panama,Sub-Saharan Africa (excluding high income),private,0.0,US$0
Nordic Investment Bank,Sub-Saharan Africa (excluding high income),multilateral,29222465.5,US$29.2 million
Nordic Development Fund,Sub-Saharan Africa (excluding high income),multilateral,269626515.3,US$269.6 million
Malaysia,Sub-Saharan Africa (excluding high income),bilateral,0.0,US$0
Luxembourg,Sub-Saharan Africa (excluding high income),private,30763906.8,US$30.8 million
European Investment Bank,Sub-Saharan Africa (excluding high income),multilateral,3096042833.8,US$3.1 billion
Mauritius,Sub-Saharan Africa (excluding high income),private,99434545.9,US$99.4 million
Morocco,Sub-Saharan Africa (excluding high income),bilateral,7000000.0,US$7 million
Morocco,Sub-Saharan Africa (excluding high income),private,0.0,US$0
European Economic Community (EEC),Sub-Saharan Africa (excluding high income),multilateral,9314568.2,US$9.3 million
Multiple Lenders,Sub-Saharan Africa (excluding high income),bilateral,4151901000.0,US$4.2 billion
Multiple Lenders,Sub-Saharan Africa (excluding high income),multilateral,87693000.0,US$87.7 million
Multiple Lenders,Sub-Saharan Africa (excluding high income),private,12264391856.5,US$12.3 billion
Angola,Sub-Saharan Africa (excluding high income),bilateral,400478000.0,US$400.5 million
Arab African International Bank,Sub-Saharan Africa (excluding high income),multilateral,31149000.0,US$31.1 million
Libya,Sub-Saharan Africa (excluding high income),bilateral,998526714.2,US$998.5 million
Liberia,Sub-Saharan Africa (excluding high income),private,807395.3,"US$807,395"
Finland,Sub-Saharan Africa (excluding high income),bilateral,67157769.0,US$67.2 million
European Development Fund (EDF),Sub-Saharan Africa (excluding high income),multilateral,57101060.7,US$57.1 million
Namibia,Sub-Saharan Africa (excluding high income),bilateral,1146769.0,US$1.1 million
United Kingdom,Sub-Saharan Africa (excluding high income),private,12084080932.6,US$12.1 billion
Netherlands,Sub-Saharan Africa (excluding high income),bilateral,98293078.4,US$98.3 million
Netherlands,Sub-Saharan Africa (excluding high income),private,1443275460.8999999,US$1.4 billion
Finland,Sub-Saharan Africa (excluding high income),private,5667000.0,US$5.7 million
World Bank-MIGA,Sub-Saharan Africa (excluding high income),multilateral,302270032.8,US$302.3 million
West African Development Bank - BOAD,Sub-Saharan Africa (excluding high income),multilateral,2838280334.0,US$2.8 billion
New Development Bank (NDB),Sub-Saharan Africa (excluding high income),multilateral,3271954920.8,US$3.3 billion
Equatorial Guinea,Sub-Saharan Africa (excluding high income),bilateral,30092063.9,US$30.1 million
Kuwait,Sub-Saharan Africa (excluding high income),private,333370211.79999995,US$333.4 million
Egypt,Sub-Saharan Africa (excluding high income),private,76632000.0,US$76.6 million
Egypt,Sub-Saharan Africa (excluding high income),bilateral,187736000.0,US$187.7 million
Economic Community of West African States (ECOWAS),Sub-Saharan Africa (excluding high income),multilateral,755032372.7,US$755.0 million
Eastern & Southern African Trade & Dev. Bank (TDB),Sub-Saharan Africa (excluding high income),multilateral,2234218793.4,US$2.2 billion
"Congo, Rep.",Sub-Saharan Africa (excluding high income),bilateral,89167790.3,US$89.2 million
"Cote D`Ivoire, Republic Of",Sub-Saharan Africa (excluding high income),bilateral,46722094.7,US$46.7 million
Poland,Sub-Saharan Africa (excluding high income),private,6080000.0,US$6.1 million
Saudi Arabia,Sub-Saharan Africa (excluding high income),private,19060000.0,US$19.1 million
Poland,Sub-Saharan Africa (excluding high income),bilateral,244116677.8,US$244.1 million
International Fund for Agricultural Dev.,Sub-Saharan Africa (excluding high income),multilateral,3694909758.5,US$3.7 billion
Arab Monetary Fund,Sub-Saharan Africa (excluding high income),multilateral,576238406.4,US$576.2 million
Ireland,Sub-Saharan Africa (excluding high income),bilateral,1643460.6,US$1.6 million
Iraq,Sub-Saharan Africa (excluding high income),bilateral,387374867.1,US$387.4 million
Senegal,Sub-Saharan Africa (excluding high income),bilateral,240.7,US$241
India,Sub-Saharan Africa (excluding high income),bilateral,4501172880.7,US$4.5 billion
Canada,Sub-Saharan Africa (excluding high income),private,49996000.0,US$50.0 million
Canada,Sub-Saharan Africa (excluding high income),bilateral,332731941.5,US$332.7 million
Serbia,Sub-Saharan Africa (excluding high income),bilateral,138328000.0,US$138.3 million
Serbia,Sub-Saharan Africa (excluding high income),private,27570214.9,US$27.6 million
India,Sub-Saharan Africa (excluding high income),private,19772264.9,US$19.8 million
Saudi Arabia,Sub-Saharan Africa (excluding high income),bilateral,4539646176.7,US$4.5 billion
Argentina,Sub-Saharan Africa (excluding high income),bilateral,10408000.0,US$10.4 million
World Bank-IDA                         ,Sub-Saharan Africa (excluding high income),multilateral,109648647000.0,US$109.6 billion
Bulgaria,Sub-Saharan Africa (excluding high income),bilateral,79398000.0,US$79.4 million
South Africa,Sub-Saharan Africa (excluding high income),bilateral,600669489.3,US$600.7 million
South Africa,Sub-Saharan Africa (excluding high income),private,2220968558.4,US$2.2 billion
Brazil,Sub-Saharan Africa (excluding high income),private,120421000.0,US$120.4 million
Brazil,Sub-Saharan Africa (excluding high income),bilateral,467058000.0,US$467.1 million
International Bank for Economic Cooperation (IBEC),Sub-Saharan Africa (excluding high income),multilateral,0.0,US$0
"Iran, Islamic Republic Of",Sub-Saharan Africa (excluding high income),bilateral,180304000.0,US$180.3 million
Bondholders,Sub-Saharan Africa (excluding high income),private,149430967857.3,US$149.4 billion
Spain,Sub-Saharan Africa (excluding high income),bilateral,310084658.3,US$310.1 million
Spain,Sub-Saharan Africa (excluding high income),private,1102548420.8,US$1.1 billion
Austria,Sub-Saharan Africa (excluding high income),bilateral,219377240.7,US$219.4 million
Austria,Sub-Saharan Africa (excluding high income),private,578023324.3,US$578.0 million
Cameroon,Sub-Saharan Africa (excluding high income),bilateral,22626089.9,US$22.6 million
Hungary,Sub-Saharan Africa (excluding high income),private,5783000.0,US$5.8 million
Ireland,Sub-Saharan Africa (excluding high income),private,697221000.0,US$697.2 million
Islamic Dev. Bank,Sub-Saharan Africa (excluding high income),multilateral,7727753162.2,US$7.7 billion
Portugal,Sub-Saharan Africa (excluding high income),bilateral,833595465.2,US$833.6 million
Portugal,Sub-Saharan Africa (excluding high income),private,1019303488.3000001,US$1.0 billion
Africa Finance Corporation,Sub-Saharan Africa (excluding high income),private,222875733.0,US$222.9 million
Italy,Sub-Saharan Africa (excluding high income),private,1633810601.2,US$1.6 billion
Italy,Sub-Saharan Africa (excluding high income),bilateral,1038121006.1,US$1.0 billion
China,Sub-Saharan Africa (excluding high income),private,17740359175.1,US$17.7 billion
Qatar,Sub-Saharan Africa (excluding high income),bilateral,84117500.0,US$84.1 million
Greece,Sub-Saharan Africa (excluding high income),bilateral,2032000.0,US$2.0 million
China,Sub-Saharan Africa (excluding high income),bilateral,56775669617.7,US$56.8 billion
Hungary,Sub-Saharan Africa (excluding high income),bilateral,19524000.0,US$19.5 million
Greece,Sub-Saharan Africa (excluding high income),private,446000.0,"US$446,000"
Israel,Sub-Saharan Africa (excluding high income),private,4214137606.9,US$4.2 billion
Romania,Sub-Saharan Africa (excluding high income),bilateral,134839000.0,US$134.8 million
Russian Federation,Sub-Saharan Africa (excluding high income),bilateral,396110787.6,US$396.1 million
Central Bank of West African States (BCEAO),Sub-Saharan Africa (excluding high income),multilateral,308906085.0,US$308.9 million
Arab Fund for Economic & Social Development,Sub-Saharan Africa (excluding high income),multilateral,2355641440.6,US$2.4 billion
United Arab Emirates,Sub-Saharan Africa (excluding high income),private,410851457.2,US$410.9 million
Hong Kong,Sub-Saharan Africa (excluding high income),private,314841000.0,US$314.8 million
Russian Federation,Sub-Saharan Africa (excluding high income),private,15766932.6,US$15.8 million
Chad,Sub-Saharan Africa (excluding high income),bilateral,372.2,US$372
Mali,Sub-Saharan Africa (excluding high income),bilateral,53.8,US$54
Malaysia,Sudan,bilateral,0.0,US$0
World Bank-IDA                         ,Sudan,multilateral,217938000.0,US$217.9 million
"Germany, Fed. Rep. of",Sudan,bilateral,67698879.6,US$67.7 million
Kuwait,Sudan,private,309197831.4,US$309.2 million
Turkiye,Sudan,bilateral,40978154.7,US$41.0 million
Hungary,Sudan,bilateral,5936000.0,US$5.9 million
United Arab Emirates,Sudan,bilateral,387658134.8,US$387.7 million
Ireland,Sudan,bilateral,1643460.6,US$1.6 million
India,Sudan,bilateral,526988000.0,US$527.0 million
African Dev. Bank         ,Sudan,multilateral,77255631.1,US$77.3 million
"Iran, Islamic Republic Of",Sudan,bilateral,102575000.0,US$102.6 million
Libya,Sudan,bilateral,302980487.5,US$303.0 million
Kuwait,Sudan,bilateral,1126795405.3,US$1.1 billion
France,Sudan,bilateral,233178793.6,US$233.2 million
France,Sudan,private,53898000.0,US$53.9 million
Iraq,Sudan,bilateral,71558000.0,US$71.6 million
Japan,Sudan,bilateral,132961974.2,US$133.0 million
United Arab Emirates,Sudan,private,74217000.0,US$74.2 million
Islamic Dev. Bank,Sudan,multilateral,155100391.6,US$155.1 million
Italy,Sudan,bilateral,248020736.1,US$248.0 million
United Kingdom,Sudan,bilateral,224435024.1,US$224.4 million
International Fund for Agricultural Dev.,Sudan,multilateral,87336591.9,US$87.3 million
United States,Sudan,private,5185000.0,US$5.2 million
Serbia,Sudan,bilateral,27938000.0,US$27.9 million
Belgium,Sudan,bilateral,132232230.9,US$132.2 million
Austria,Sudan,bilateral,188903187.0,US$188.9 million
Oman,Sudan,bilateral,89507000.0,US$89.5 million
Pakistan,Sudan,bilateral,9978000.0,US$10.0 million
Poland,Sudan,bilateral,20130000.0,US$20.1 million
OPEC Fund for International Dev.,Sudan,multilateral,62964000.0,US$63.0 million
Canada,Sudan,bilateral,9285000.0,US$9.3 million
China,Sudan,bilateral,920679009.4,US$920.7 million
Qatar,Sudan,bilateral,29000000.0,US$29 million
Romania,Sudan,bilateral,125568000.0,US$125.6 million
Russian Federation,Sudan,bilateral,7458364.4,US$7.5 million
Arab Monetary Fund,Sudan,multilateral,504379284.2,US$504.4 million
Arab Fund for Economic & Social Development,Sudan,multilateral,1054132445.8,US$1.1 billion
Saudi Arabia,Sudan,private,16560000.0,US$16.6 million
Algeria,Sudan,bilateral,83021377.3,US$83.0 million
Croatia,Sudan,bilateral,39903000.0,US$39.9 million
United States,Sudan,bilateral,373798000.0,US$373.8 million
Saudi Arabia,Sudan,bilateral,2126926866.8,US$2.1 billion
Switzerland,Sudan,bilateral,122095596.4,US$122.1 million
Netherlands,Sudan,bilateral,70359135.2,US$70.4 million
Switzerland,Sudan,private,1815691524.7,US$1.8 billion
Spain,Sudan,bilateral,19672000.0,US$19.7 million
Austria,Sudan,private,1229000.0,US$1.2 million
Czechia,Sudan,bilateral,25359000.0,US$25.4 million
Norway,Sudan,bilateral,19954889.8,US$20.0 million
Multiple Lenders,Sudan,private,2493897000.0,US$2.5 billion
European Investment Bank,Sudan,multilateral,43858202.4,US$43.9 million
United Kingdom,Sudan,private,1648239.1,US$1.6 million
Denmark,Sudan,bilateral,61076551.8,US$61.1 million
Israel,Suriname,bilateral,2478815.4,US$2.5 million
European Investment Bank,Suriname,multilateral,197391.0,"US$197,391"
Islamic Dev. Bank,Suriname,multilateral,36747000.0,US$36.7 million
Switzerland,Suriname,private,11925533.1,US$11.9 million
China,Suriname,bilateral,442164186.2,US$442.2 million
China,Suriname,private,54414000.0,US$54.4 million
Italy,Suriname,bilateral,11220120.0,US$11.2 million
Caribbean Dev. Bank,Suriname,multilateral,107251000.0,US$107.3 million
Israel,Suriname,private,14188257.3,US$14.2 million
Italy,Suriname,private,18712666.8,US$18.7 million
World Bank-IBRD                         ,Suriname,multilateral,28966000.0,US$29.0 million
Netherlands,Suriname,bilateral,7755388.5,US$7.8 million
India,Suriname,bilateral,42546000.0,US$42.5 million
Kuwait,Suriname,bilateral,0.0,US$0
Netherlands,Suriname,private,19765072.5,US$19.8 million
Belgium,Suriname,private,2225323.8,US$2.2 million
Caribbean Community (CARICOM),Suriname,multilateral,0.0,US$0
OPEC Fund for International Dev.,Suriname,multilateral,27880000.0,US$27.9 million
Bondholders,Suriname,private,660000000.0,US$660 million
Inter-American Dev. Bank      ,Suriname,multilateral,1006768000.0,US$1.0 billion
France,Suriname,bilateral,30240301.2,US$30.2 million
India,Syrian Arab Republic,bilateral,30730000.0,US$30.7 million
Iraq,Syrian Arab Republic,bilateral,4875.4,"US$4,875"
"Iran, Islamic Republic Of",Syrian Arab Republic,bilateral,2855000.0,US$2.9 million
Arab Monetary Fund,Syrian Arab Republic,multilateral,11267723.2,US$11.3 million
Bulgaria,Syrian Arab Republic,bilateral,8210000.0,US$8.2 million
Serbia,Syrian Arab Republic,bilateral,32436000.0,US$32.4 million
Saudi Arabia,Syrian Arab Republic,bilateral,66553866.6,US$66.6 million
Arab Towns Organization (ATO),Syrian Arab Republic,multilateral,207825.9,"US$207,826"
United Arab Emirates,Syrian Arab Republic,bilateral,106692988.4,US$106.7 million
Islamic Dev. Bank,Syrian Arab Republic,multilateral,165815203.3,US$165.8 million
Malaysia,Syrian Arab Republic,bilateral,40939932.3,US$40.9 million
European Investment Bank,Syrian Arab Republic,multilateral,541401957.0,US$541.4 million
Kuwait,Syrian Arab Republic,bilateral,248563078.3,US$248.6 million
World Bank-IDA                         ,Syrian Arab Republic,multilateral,14052000.0,US$14.1 million
OPEC Fund for International Dev.,Syrian Arab Republic,multilateral,39766186.5,US$39.8 million
France,Syrian Arab Republic,private,9065441.4,US$9.1 million
Arab Fund for Economic & Social Development,Syrian Arab Republic,multilateral,589076148.8,US$589.1 million
International Fund for Agricultural Dev.,Syrian Arab Republic,multilateral,26892560.2,US$26.9 million
Japan,Syrian Arab Republic,bilateral,306773060.9,US$306.8 million
"Germany, Fed. Rep. of",Syrian Arab Republic,bilateral,310351154.1,US$310.4 million
China,Syrian Arab Republic,bilateral,66562089.1,US$66.6 million
Italy,Syrian Arab Republic,bilateral,22916056.2,US$22.9 million
Romania,Syrian Arab Republic,private,6450000.0,US$6.5 million
Russian Federation,Syrian Arab Republic,bilateral,525000000.0,US$525 million
United States,Syrian Arab Republic,bilateral,237024000.0,US$237.0 million
International Fund for Agricultural Dev.,Tajikistan,multilateral,21152634.7,US$21.2 million
United Arab Emirates,Tajikistan,bilateral,4707147.7,US$4.7 million
European Bank for Reconstruction and Dev. (EBRD),Tajikistan,multilateral,311199980.7,US$311.2 million
Asian Infrastructure Investment Bank,Tajikistan,multilateral,60312000.0,US$60.3 million
Islamic Dev. Bank,Tajikistan,multilateral,220434869.1,US$220.4 million
"Germany, Fed. Rep. of",Tajikistan,bilateral,14701473.9,US$14.7 million
France,Tajikistan,private,20778000.0,US$20.8 million
Kuwait,Tajikistan,bilateral,40055203.8,US$40.1 million
European Investment Bank,Tajikistan,multilateral,76901844.5,US$76.9 million
Eurasian Development Bank,Tajikistan,multilateral,105461000.0,US$105.5 million
OPEC Fund for International Dev.,Tajikistan,multilateral,74179000.0,US$74.2 million
United States,Tajikistan,bilateral,150000.0,"US$150,000"
China,Tajikistan,bilateral,824891907.2,US$824.9 million
Saudi Arabia,Tajikistan,bilateral,97959733.3,US$98.0 million
Asian Dev. Bank   ,Tajikistan,multilateral,253361000.0,US$253.4 million
Bondholders,Tajikistan,private,500000000.0,US$500 million
World Bank-IDA                         ,Tajikistan,multilateral,369363000.0,US$369.4 million
United Arab Emirates,Tanzania,bilateral,34957794.4,US$35.0 million
Austria,Tanzania,bilateral,0.0,US$0
Nordic Development Fund,Tanzania,multilateral,10450896.1,US$10.5 million
European Investment Bank,Tanzania,multilateral,124206194.5,US$124.2 million
United States,Tanzania,private,3927000.0,US$3.9 million
"Iran, Islamic Republic Of",Tanzania,bilateral,77729000.0,US$77.7 million
African Dev. Bank         ,Tanzania,multilateral,3478861281.4,US$3.5 billion
Hungary,Tanzania,private,5783000.0,US$5.8 million
OPEC Fund for International Dev.,Tanzania,multilateral,128181000.0,US$128.2 million
Arab Bank for Economic Dev. in Africa (BADEA),Tanzania,multilateral,80951000.0,US$81.0 million
Nordic Investment Bank,Tanzania,multilateral,3158256.0,US$3.2 million
United Arab Emirates,Tanzania,private,14667190.2,US$14.7 million
Italy,Tanzania,bilateral,0.0,US$0
Netherlands,Tanzania,private,9216882.7,US$9.2 million
Italy,Tanzania,private,1787000.0,US$1.8 million
Arab African International Bank,Tanzania,multilateral,8304000.0,US$8.3 million
Angola,Tanzania,bilateral,3406000.0,US$3.4 million
Multiple Lenders,Tanzania,private,250000000.0,US$250 million
Austria,Tanzania,private,22417384.2,US$22.4 million
"Germany, Fed. Rep. of",Tanzania,private,544309122.5,US$544.3 million
Liberia,Tanzania,private,807395.3,"US$807,395"
Japan,Tanzania,bilateral,417488166.2,US$417.5 million
Kuwait,Tanzania,bilateral,91457100.2,US$91.5 million
African Export-Import Bank,Tanzania,multilateral,300000000.0,US$300 million
"Korea, Republic of",Tanzania,bilateral,423542282.4,US$423.5 million
France,Tanzania,bilateral,328873145.1,US$328.9 million
France,Tanzania,private,295180000.0,US$295.2 million
Poland,Tanzania,bilateral,71486000.0,US$71.5 million
Poland,Tanzania,private,6080000.0,US$6.1 million
Iraq,Tanzania,bilateral,29996955.0,US$30.0 million
India,Tanzania,private,1281859.6,US$1.3 million
United Kingdom,Tanzania,bilateral,920839.7,"US$920,840"
South Africa,Tanzania,private,784400000.0,US$784.4 million
South Africa,Tanzania,bilateral,86817000.0,US$86.8 million
Serbia,Tanzania,private,6221214.9,US$6.2 million
World Bank-IDA                         ,Tanzania,multilateral,12097217000.0,US$12.1 billion
India,Tanzania,bilateral,599637485.9,US$599.6 million
Sweden,Tanzania,bilateral,3405000.0,US$3.4 million
Saudi Arabia,Tanzania,bilateral,30824000.0,US$30.8 million
Belgium,Tanzania,bilateral,2556732.9,US$2.6 million
Arab Fund for Economic & Social Development,Tanzania,multilateral,10947000.0,US$10.9 million
Russian Federation,Tanzania,bilateral,2052000.0,US$2.1 million
Romania,Tanzania,bilateral,105000.0,"US$105,000"
China,Tanzania,bilateral,1365448930.1,US$1.4 billion
China,Tanzania,private,56515121.1,US$56.5 million
International Fund for Agricultural Dev.,Tanzania,multilateral,192250825.4,US$192.3 million
United Kingdom,Tanzania,private,2269379820.8,US$2.3 billion
Japan,Thailand,bilateral,1894197254.7,US$1.9 billion
World Bank-IBRD                         ,Thailand,multilateral,499600000.0,US$499.6 million
Bondholders,Thailand,private,27922057000.0,US$27.9 billion
"Germany, Fed. Rep. of",Thailand,bilateral,2730229.2,US$2.7 million
Asian Dev. Bank   ,Thailand,multilateral,706644000.0,US$706.6 million
Canada,Thailand,bilateral,2302714.0,US$2.3 million
Australia,Timor-Leste,bilateral,0.0,US$0
World Bank-IBRD                         ,Timor-Leste,multilateral,12660000.0,US$12.7 million
World Bank-IDA                         ,Timor-Leste,multilateral,45137000.0,US$45.1 million
Japan,Timor-Leste,bilateral,23332269.4,US$23.3 million
Asian Dev. Bank   ,Timor-Leste,multilateral,172204000.0,US$172.2 million
World Bank-IDA                         ,Togo,multilateral,796080000.0,US$796.1 million
India,Togo,bilateral,69210000.0,US$69.2 million
International Fund for Agricultural Dev.,Togo,multilateral,13235000.8,US$13.2 million
Israel,Togo,private,63527696.1,US$63.5 million
Islamic Dev. Bank,Togo,multilateral,116974594.9,US$117.0 million
Japan,Togo,private,97362591.3,US$97.4 million
African Dev. Bank         ,Togo,multilateral,60008450.5,US$60.0 million
Austria,Togo,private,7805255.7,US$7.8 million
France,Togo,private,166538786.7,US$166.5 million
Belgium,Togo,bilateral,9230626.5,US$9.2 million
Saudi Arabia,Togo,bilateral,15826666.8,US$15.8 million
China,Togo,bilateral,329568760.4,US$329.6 million
United States,Togo,private,155835000.0,US$155.8 million
OPEC Fund for International Dev.,Togo,multilateral,20470000.0,US$20.5 million
Arab Bank for Economic Dev. in Africa (BADEA),Togo,multilateral,50310000.0,US$50.3 million
Economic Community of West African States (ECOWAS),Togo,multilateral,31699566.7,US$31.7 million
United Arab Emirates,Togo,bilateral,48660992.5,US$48.7 million
European Investment Bank,Togo,multilateral,13102606.8,US$13.1 million
France,Togo,bilateral,53575034.1,US$53.6 million
Kuwait,Togo,bilateral,25146939.5,US$25.1 million
West African Development Bank - BOAD,Togo,multilateral,277213804.3,US$277.2 million
Asian Dev. Bank   ,Tonga,multilateral,19515000.0,US$19.5 million
International Fund for Agricultural Dev.,Tonga,multilateral,3841056.3,US$3.8 million
China,Tonga,bilateral,65755699.2,US$65.8 million
World Bank-IDA                         ,Tonga,multilateral,40235000.0,US$40.2 million
United Kingdom,Tunisia,private,83075638.5,US$83.1 million
African Export-Import Bank,Tunisia,multilateral,1000000000.0,US$1 billion
Arab Fund for Economic & Social Development,Tunisia,multilateral,739198587.4,US$739.2 million
World Bank-IBRD                         ,Tunisia,multilateral,4326806000.0,US$4.3 billion
African Dev. Bank         ,Tunisia,multilateral,2398316623.0,US$2.4 billion
Algeria,Tunisia,bilateral,611000000.0,US$611 million
Arab Bank for Economic Dev. in Africa (BADEA),Tunisia,multilateral,110149407.5,US$110.1 million
Arab Monetary Fund,Tunisia,multilateral,0.0,US$0
United States,Tunisia,bilateral,2784000.0,US$2.8 million
World Trade Organization,Tunisia,multilateral,39166530.0,US$39.2 million
"Korea, Republic of",Tunisia,bilateral,0.0,US$0
European Investment Bank,Tunisia,multilateral,1456746618.9,US$1.5 billion
Turkiye,Tunisia,bilateral,145889000.0,US$145.9 million
European Social Fund (ESF),Tunisia,multilateral,311670000.0,US$311.7 million
Switzerland,Tunisia,private,97366.7,"US$97,367"
Libya,Tunisia,bilateral,50000000.0,US$50 million
European Union,Tunisia,multilateral,1142790000.0,US$1.1 billion
Belgium,Tunisia,bilateral,12453294.3,US$12.5 million
Kuwait,Tunisia,bilateral,359825296.3,US$359.8 million
Belgium,Tunisia,private,873714.9,"US$873,715"
United Arab Emirates,Tunisia,bilateral,34418697.7,US$34.4 million
France,Tunisia,bilateral,935252063.7,US$935.3 million
France,Tunisia,private,62181281.699999996,US$62.2 million
European Bank for Reconstruction and Dev. (EBRD),Tunisia,multilateral,464891127.6,US$464.9 million
Qatar,Tunisia,bilateral,7482000.0,US$7.5 million
Austria,Tunisia,private,918387.6000000001,"US$918,388"
Saudi Arabia,Tunisia,bilateral,679636663.2,US$679.6 million
Bondholders,Tunisia,private,2483677494.4,US$2.5 billion
International Fund for Agricultural Dev.,Tunisia,multilateral,34474685.0,US$34.5 million
Spain,Tunisia,private,0.0,US$0
OPEC Fund for International Dev.,Tunisia,multilateral,29319723.6,US$29.3 million
Islamic Dev. Bank,Tunisia,multilateral,705917257.5,US$705.9 million
Spain,Tunisia,bilateral,279256493.1,US$279.3 million
Italy,Tunisia,bilateral,390552638.1,US$390.6 million
Austria,Tunisia,bilateral,22400761.8,US$22.4 million
China,Tunisia,bilateral,31142256.3,US$31.1 million
Canada,Tunisia,bilateral,1181628.4,US$1.2 million
"Germany, Fed. Rep. of",Tunisia,private,23938333.8,US$23.9 million
"Germany, Fed. Rep. of",Tunisia,bilateral,1049452107.3,US$1.0 billion
Japan,Tunisia,bilateral,786715608.1,US$786.7 million
Nordic Investment Bank,Tunisia,multilateral,2606600.1,US$2.6 million
China,Turkiye,private,250972500.0,US$251.0 million
China,Turkiye,bilateral,950359920.6,US$950.4 million
OPEC Fund for International Dev.,Turkiye,multilateral,33863081.6,US$33.9 million
Council of Europe,Turkiye,multilateral,1492489956.1,US$1.5 billion
United Arab Emirates,Turkiye,bilateral,3853229006.8,US$3.9 billion
Russian Federation,Turkiye,private,30000000.0,US$30 million
Cayman Islands,Turkiye,private,207780000.0,US$207.8 million
Saudi Arabia,Turkiye,bilateral,10469333.4,US$10.5 million
Canada,Turkiye,bilateral,49096000.0,US$49.1 million
Bondholders,Turkiye,private,108134553218.1,US$108.1 billion
United Kingdom,Turkiye,private,5163791757.1,US$5.2 billion
Qatar,Turkiye,private,0.0,US$0
United States,Turkiye,private,1769424137.3,US$1.8 billion
Multiple Lenders,Turkiye,private,1160379078.1,US$1.2 billion
Norway,Turkiye,bilateral,308402000.0,US$308.4 million
International Fund for Agricultural Dev.,Turkiye,multilateral,61681059.1,US$61.7 million
Hungary,Turkiye,bilateral,211935.6,"US$211,936"
Islamic Dev. Bank,Turkiye,multilateral,1420775790.6,US$1.4 billion
Italy,Turkiye,private,66074040.0,US$66.1 million
"Germany, Fed. Rep. of",Turkiye,private,2490227909.6,US$2.5 billion
"Germany, Fed. Rep. of",Turkiye,bilateral,513882534.9,US$513.9 million
Japan,Turkiye,bilateral,2325618576.8,US$2.3 billion
Japan,Turkiye,private,684446000.0,US$684.4 million
France,Turkiye,private,787693671.8,US$787.7 million
France,Turkiye,bilateral,913353090.6,US$913.4 million
"Korea, Republic of",Turkiye,bilateral,127380000.0,US$127.4 million
World Bank-IBRD                         ,Turkiye,multilateral,12065026000.0,US$12.1 billion
Kuwait,Turkiye,bilateral,22036044.9,US$22.0 million
Luxembourg,Turkiye,private,167979741.0,US$168.0 million
European Investment Bank,Turkiye,multilateral,4549546864.4,US$4.5 billion
Multiple Lenders,Turkiye,multilateral,526496010.8,US$526.5 million
Spain,Turkiye,bilateral,186486297.2,US$186.5 million
European Development Fund (EDF),Turkiye,multilateral,608449446.3,US$608.4 million
European Bank for Reconstruction and Dev. (EBRD),Turkiye,multilateral,576705896.8,US$576.7 million
Netherlands,Turkiye,private,58849529.4,US$58.8 million
ECO Trade and Dev. Bank,Turkiye,multilateral,35062875.0,US$35.1 million
Denmark,Turkiye,bilateral,428920254.0,US$428.9 million
Spain,Turkiye,private,227041206.0,US$227.0 million
International Finance Corporation,Turkiye,multilateral,166123673.2,US$166.1 million
Bahrain,Turkiye,private,398354191.7,US$398.4 million
Switzerland,Turkiye,private,762301508.3,US$762.3 million
Belgium,Turkiye,private,198057973.8,US$198.1 million
Belgium,Turkiye,bilateral,3337985.7,US$3.3 million
United Arab Emirates,Turkiye,private,843615000.0,US$843.6 million
Sweden,Turkiye,private,2041438.5,US$2.0 million
Asian Infrastructure Investment Bank,Turkiye,multilateral,2258167686.8,US$2.3 billion
UN-Population Fund (UNFPA),Turkiye,multilateral,84615000.0,US$84.6 million
Italy,Turkmenistan,private,20631515.1,US$20.6 million
Japan,Turkmenistan,bilateral,928343661.0,US$928.3 million
Islamic Dev. Bank,Turkmenistan,multilateral,849050349.8,US$849.1 million
OPEC Fund for International Dev.,Turkmenistan,multilateral,1765000.0,US$1.8 million
United Arab Emirates,Turkmenistan,bilateral,73509326.1,US$73.5 million
Asian Dev. Bank   ,Turkmenistan,multilateral,528397000.0,US$528.4 million
United States,Turkmenistan,private,130713000.0,US$130.7 million
"Germany, Fed. Rep. of",Turkmenistan,private,95550749.7,US$95.6 million
"Korea, Republic of",Turkmenistan,bilateral,0.0,US$0
Netherlands,Turkmenistan,private,67299000.0,US$67.3 million
Saudi Arabia,Turkmenistan,bilateral,18494000.0,US$18.5 million
China,Turkmenistan,bilateral,76443035.0,US$76.4 million
World Bank-IBRD                         ,Turkmenistan,multilateral,20000000.0,US$20 million
Switzerland,Turkmenistan,private,82092000.0,US$82.1 million
"Korea, Republic of",Uganda,bilateral,18961094.6,US$19.0 million
Nigeria,Uganda,bilateral,9000000.0,US$9 million
South Africa,Uganda,private,675285000.0,US$675.3 million
Islamic Dev. Bank,Uganda,multilateral,605586939.3,US$605.6 million
African Export-Import Bank,Uganda,multilateral,340780000.0,US$340.8 million
Eastern & Southern African Trade & Dev. Bank (TDB),Uganda,multilateral,273890401.5,US$273.9 million
United Arab Emirates,Uganda,bilateral,9480190.6,US$9.5 million
China,Uganda,bilateral,2567502162.9,US$2.6 billion
Austria,Uganda,bilateral,7791750.0,US$7.8 million
"Germany, Fed. Rep. of",Uganda,private,6809989.5,US$6.8 million
"Germany, Fed. Rep. of",Uganda,bilateral,21738982.5,US$21.7 million
France,Uganda,bilateral,288910817.2,US$288.9 million
Italy,Uganda,bilateral,5194500.0,US$5.2 million
Arab Bank for Economic Dev. in Africa (BADEA),Uganda,multilateral,72737000.0,US$72.7 million
African Dev. Bank         ,Uganda,multilateral,2018667383.1,US$2.0 billion
OPEC Fund for International Dev.,Uganda,multilateral,55980000.0,US$56.0 million
Japan,Uganda,bilateral,215601659.7,US$215.6 million
Nordic Development Fund,Uganda,multilateral,36206689.7,US$36.2 million
Tanzania,Uganda,bilateral,35157000.0,US$35.2 million
Saudi Arabia,Uganda,bilateral,37020266.7,US$37.0 million
Kuwait,Uganda,bilateral,47088813.1,US$47.1 million
World Bank-IDA                         ,Uganda,multilateral,4898639000.0,US$4.9 billion
Spain,Uganda,bilateral,36731348.4,US$36.7 million
India,Uganda,bilateral,11630000.0,US$11.6 million
European Investment Bank,Uganda,multilateral,91561373.7,US$91.6 million
Bondholders,Uganda,private,873501000.0,US$873.5 million
International Fund for Agricultural Dev.,Uganda,multilateral,267865377.0,US$267.9 million
United Kingdom,Uganda,bilateral,340526486.4,US$340.5 million
Iraq,Uganda,bilateral,593.1,US$593
United Kingdom,Uganda,private,219567839.6,US$219.6 million
Belgium,Uganda,private,10290304.5,US$10.3 million
United Kingdom,Ukraine,bilateral,23048592.6,US$23.0 million
Russian Federation,Ukraine,bilateral,605856000.0,US$605.9 million
United Kingdom,Ukraine,private,173020558.9,US$173.0 million
Norway,Ukraine,private,11396733.0,US$11.4 million
European Investment Bank,Ukraine,multilateral,4095207704.1,US$4.1 billion
World Bank-IBRD                         ,Ukraine,multilateral,16683426000.0,US$16.7 billion
Multiple Lenders,Ukraine,multilateral,114195000.0,US$114.2 million
"Germany, Fed. Rep. of",Ukraine,private,436152036.9,US$436.2 million
"Germany, Fed. Rep. of",Ukraine,bilateral,660811045.2,US$660.8 million
France,Ukraine,bilateral,462391534.2,US$462.4 million
France,Ukraine,private,191777823.3,US$191.8 million
Poland,Ukraine,bilateral,103185625.8,US$103.2 million
European Relief Fund,Ukraine,multilateral,1049289000.0,US$1.0 billion
Italy,Ukraine,bilateral,207780000.0,US$207.8 million
Council of Europe,Ukraine,multilateral,120305658.9,US$120.3 million
European Union,Ukraine,multilateral,43481751790.5,US$43.5 billion
Japan,Ukraine,bilateral,851382062.0,US$851.4 million
China,Ukraine,bilateral,825000000.0,US$825 million
World Bank-IDA                         ,Ukraine,multilateral,5786406000.0,US$5.8 billion
United States,Ukraine,private,857497000.0,US$857.5 million
United States,Ukraine,bilateral,512000.0,"US$512,000"
Netherlands,Ukraine,bilateral,207780000.0,US$207.8 million
European Bank for Reconstruction and Dev. (EBRD),Ukraine,multilateral,764959731.3,US$765.0 million
Canada,Ukraine,bilateral,5090088012.5,US$5.1 billion
"Korea, Republic of",Ukraine,bilateral,100000000.0,US$100 million
Multiple Lenders,Ukraine,private,623340000.0,US$623.3 million
Bondholders,Ukraine,private,21653792923.9,US$21.7 billion
European Economic Community (EEC),Upper middle income,multilateral,11575284.3,US$11.6 million
"Korea, Republic of",Upper middle income,bilateral,1549380915.6,US$1.5 billion
Montenegro,Upper middle income,private,10389.0,"US$10,389"
Czechia,Upper middle income,bilateral,93577000.0,US$93.6 million
Multiple Lenders,Upper middle income,private,168035607196.1,US$168.0 billion
Denmark,Upper middle income,private,0.0,US$0
Denmark,Upper middle income,bilateral,430846254.0,US$430.8 million
France,Upper middle income,private,6690194364.0,US$6.7 billion
Czechia,Upper middle income,private,231677872.5,US$231.7 million
France,Upper middle income,bilateral,15390921252.5,US$15.4 billion
"Korea, Republic of",Upper middle income,private,203980000.0,US$204.0 million
Arab Bank for Economic Dev. in Africa (BADEA),Upper middle income,multilateral,59402594.8,US$59.4 million
Croatia,Upper middle income,private,5629000.0,US$5.6 million
Multiple Lenders,Upper middle income,multilateral,640691010.8,US$640.7 million
African Dev. Bank         ,Upper middle income,multilateral,5816838203.4,US$5.8 billion
Turkiye,Upper middle income,bilateral,188987497.1,US$189.0 million
Kazakhstan,Upper middle income,bilateral,1252000.0,US$1.3 million
Japan,Upper middle income,private,1819293630.4,US$1.8 billion
European Union,Upper middle income,multilateral,44629736290.5,US$44.6 billion
Multiple Lenders,Upper middle income,bilateral,6251330249.3,US$6.3 billion
Japan,Upper middle income,bilateral,27331414475.2,US$27.3 billion
African Export-Import Bank,Upper middle income,multilateral,2400000.0,US$2.4 million
Luxembourg,Upper middle income,private,456947682.6,US$456.9 million
Turkiye,Upper middle income,private,19447169.1,US$19.4 million
United States,Upper middle income,private,18012219095.3,US$18.0 billion
European Social Fund (ESF),Upper middle income,multilateral,67528500.0,US$67.5 million
European Relief Fund,Upper middle income,multilateral,1049289000.0,US$1.0 billion
Finland,Upper middle income,bilateral,130714000.0,US$130.7 million
Malaysia,Upper middle income,bilateral,268000.0,"US$268,000"
Netherlands,Upper middle income,private,72974755340.5,US$73.0 billion
Eurasian Development Bank,Upper middle income,multilateral,2114277164.4,US$2.1 billion
New Development Bank (NDB),Upper middle income,multilateral,6212740350.0,US$6.2 billion
Asian Infrastructure Investment Bank,Upper middle income,multilateral,7470802040.6,US$7.5 billion
Economic Community of West African States (ECOWAS),Upper middle income,multilateral,12175400.8,US$12.2 million
Algeria,Upper middle income,bilateral,612000.0,"US$612,000"
Nordic Development Fund,Upper middle income,multilateral,37521412.5,US$37.5 million
World Bank-IBRD                         ,Upper middle income,multilateral,162685860000.0,US$162.7 billion
Nordic Environment Finance Corporation (NEFCO),Upper middle income,multilateral,3479772.4,US$3.5 million
Turkmenistan,Upper middle income,bilateral,211000.0,"US$211,000"
Netherlands,Upper middle income,bilateral,328127962.3,US$328.1 million
Barbados,Upper middle income,private,582222.2,"US$582,222"
Nordic Investment Bank,Upper middle income,multilateral,13158213.1,US$13.2 million
Austria,Upper middle income,private,7540544928.7,US$7.5 billion
Kuwait,Upper middle income,bilateral,1603482831.0,US$1.6 billion
Finland,Upper middle income,private,6365000.0,US$6.4 million
Azerbaijan,Upper middle income,bilateral,1151000.0,US$1.2 million
Barbados,Upper middle income,bilateral,3355000.0,US$3.4 million
Bahrain,Upper middle income,private,494479191.7,US$494.5 million
"Venezuela, Republic Bolivarian",Upper middle income,bilateral,497810259.3,US$497.8 million
Belarus,Upper middle income,bilateral,10771315.2,US$10.8 million
Trinidad & Tobago,Upper middle income,bilateral,37680146.4,US$37.7 million
Norway,Upper middle income,bilateral,369585002.0,US$369.6 million
European Bank for Reconstruction and Dev. (EBRD),Upper middle income,multilateral,7083076304.9,US$7.1 billion
European Investment Bank,Upper middle income,multilateral,16624371801.5,US$16.6 billion
Austria,Upper middle income,bilateral,298458818.3,US$298.5 million
Trinidad & Tobago,Upper middle income,private,3505185.2,US$3.5 million
European Development Fund (EDF),Upper middle income,multilateral,661537236.3,US$661.5 million
Arab African International Bank,Upper middle income,multilateral,9244000.0,US$9.2 million
EUROFIMA,Upper middle income,multilateral,1687173.6,US$1.7 million
ECO Trade and Dev. Bank,Upper middle income,multilateral,68753363.1,US$68.8 million
Norway,Upper middle income,private,11396733.0,US$11.4 million
Switzerland,Upper middle income,private,2073218625.2,US$2.1 billion
Hungary,Upper middle income,bilateral,853264470.8,US$853.3 million
United Arab Emirates,Upper middle income,bilateral,5422357936.3,US$5.4 billion
United Arab Emirates,Upper middle income,private,843615000.0,US$843.6 million
South Africa,Upper middle income,private,19206.2,"US$19,206"
South Africa,Upper middle income,bilateral,8877000.0,US$8.9 million
Bulgaria,Upper middle income,private,104539312.5,US$104.5 million
Slovenia,Upper middle income,private,0.0,US$0
Armenia,Upper middle income,bilateral,1015000.0,US$1.0 million
Singapore,Upper middle income,private,1309816837.3,US$1.3 billion
Serbia,Upper middle income,bilateral,71197620.8,US$71.2 million
Sweden,Upper middle income,bilateral,2072508777.9,US$2.1 billion
Canada,Upper middle income,bilateral,5555544735.0,US$5.6 billion
Canada,Upper middle income,private,265520000.0,US$265.5 million
Arab Monetary Fund,Upper middle income,multilateral,1356300.0,US$1.4 million
Islamic Dev. Bank,Upper middle income,multilateral,4538451598.6,US$4.5 billion
Hong Kong,Upper middle income,private,1435243219.7,US$1.4 billion
Israel,Upper middle income,bilateral,2996815.4,US$3.0 million
Saudi Arabia,Upper middle income,bilateral,487151333.5,US$487.2 million
United States,Upper middle income,bilateral,564510500.0,US$564.5 million
Brazil,Upper middle income,bilateral,204413000.0,US$204.4 million
Israel,Upper middle income,private,52498733.7,US$52.5 million
Bosnia-Herzegovina,Upper middle income,private,28444000.0,US$28.4 million
"Iran, Islamic Republic Of",Upper middle income,bilateral,839000.0,"US$839,000"
Inter-American Dev. Bank      ,Upper middle income,multilateral,86060513000.0,US$86.1 billion
Belize,Upper middle income,bilateral,1000000.0,US$1 million
St. Vincent & The Grenadines,Upper middle income,private,0.0,US$0
Bolivarian Alliance for the Americas (ALBA),Upper middle income,multilateral,50848000.0,US$50.8 million
St. Lucia,Upper middle income,private,336296.3,"US$336,296"
St. Kitts And Nevis,Upper middle income,private,0.0,US$0
Sri Lanka,Upper middle income,private,63106000.0,US$63.1 million
Indonesia,Upper middle income,bilateral,193000.0,"US$193,000"
World Bank-MIGA,Upper middle income,multilateral,302270032.8,US$302.3 million
International Fund for Agricultural Dev.,Upper middle income,multilateral,1037826726.2,US$1.0 billion
Spain,Upper middle income,private,1210735625.9,US$1.2 billion
Spain,Upper middle income,bilateral,1345650390.7,US$1.3 billion
Belgium,Upper middle income,private,203639876.1,US$203.6 million
Belgium,Upper middle income,bilateral,132440501.2,US$132.4 million
United Kingdom,Upper middle income,bilateral,182517650.2,US$182.5 million
United Kingdom,Upper middle income,private,10705293688.1,US$10.7 billion
World Bank-IDA                         ,Upper middle income,multilateral,12242595000.0,US$12.2 billion
India,Upper middle income,bilateral,1937104768.7,US$1.9 billion
Bondholders,Upper middle income,private,1323299048223.3,US$1.3 trillion
Ireland,Upper middle income,private,1713710000.0,US$1.7 billion
Caribbean Community (CARICOM),Upper middle income,multilateral,14921000.0,US$14.9 million
Sweden,Upper middle income,private,74539438.5,US$74.5 million
Honduras,Upper middle income,private,22059000.0,US$22.1 million
China,Upper middle income,bilateral,32826934272.6,US$32.8 billion
China,Upper middle income,private,723558500.0,US$723.6 million
Caribbean Dev. Bank,Upper middle income,multilateral,1139800330.7,US$1.1 billion
Poland,Upper middle income,private,1411865.1,US$1.4 million
Poland,Upper middle income,bilateral,163358713.8,US$163.4 million
Colombia,Upper middle income,private,308000000.0,US$308 million
Plata Basin Financial Dev. Fund,Upper middle income,multilateral,1323796653.9,US$1.3 billion
International Finance Corporation,Upper middle income,multilateral,304855162.8,US$304.9 million
"Germany, Fed. Rep. of",Upper middle income,bilateral,14301411808.8,US$14.3 billion
Peru,Upper middle income,private,53000000.0,US$53 million
Panama,Upper middle income,private,81275000.0,US$81.3 million
Italy,Upper middle income,bilateral,963502516.8,US$963.5 million
Italy,Upper middle income,private,897004757.8,US$897.0 million
Council of Europe,Upper middle income,multilateral,2893367955.0,US$2.9 billion
Australia,Upper middle income,bilateral,928790105.7,US$928.8 million
Australia,Upper middle income,private,101915281.0,US$101.9 million
UN-Population Fund (UNFPA),Upper middle income,multilateral,84615000.0,US$84.6 million
OPEC Fund for International Dev.,Upper middle income,multilateral,1550678674.4,US$1.6 billion
Libya,Upper middle income,bilateral,5000000.0,US$5 million
Asian Dev. Bank   ,Upper middle income,multilateral,42160256000.0,US$42.2 billion
Corporacion Andina de Fomento,Upper middle income,multilateral,19849467811.0,US$19.8 billion
Portugal,Upper middle income,bilateral,157791036.1,US$157.8 million
Central Bank of West African States (BCEAO),Upper middle income,multilateral,138738102.0,US$138.7 million
Central American Bank for Econ. Integration (BCIE),Upper middle income,multilateral,5399711000.0,US$5.4 billion
Switzerland,Upper middle income,bilateral,142608274.5,US$142.6 million
Cayman Islands,Upper middle income,private,3417928721.4,US$3.4 billion
Greece,Upper middle income,private,7769000.0,US$7.8 million
Greece,Upper middle income,bilateral,94761590.2,US$94.8 million
Grenada,Upper middle income,private,0.0,US$0
"Germany, Fed. Rep. of",Upper middle income,private,8267422648.0,US$8.3 billion
Russian Federation,Upper middle income,bilateral,9885292708.7,US$9.9 billion
Romania,Upper middle income,bilateral,136043000.0,US$136.0 million
Guyana,Upper middle income,private,948000.0,"US$948,000"
Qatar,Upper middle income,private,0.0,US$0
Portugal,Upper middle income,private,408691832.1,US$408.7 million
Russian Federation,Upper middle income,private,37816000.0,US$37.8 million
Turkiye,Uzbekistan,bilateral,0.0,US$0
Japan,Uzbekistan,bilateral,2898266836.9,US$2.9 billion
Asian Infrastructure Investment Bank,Uzbekistan,multilateral,1650743000.0,US$1.7 billion
Japan,Uzbekistan,private,2316367698.7,US$2.3 billion
France,Uzbekistan,private,118009689.9,US$118.0 million
International Fund for Agricultural Dev.,Uzbekistan,multilateral,96036147.4,US$96.0 million
Kuwait,Uzbekistan,bilateral,108904042.8,US$108.9 million
Islamic Dev. Bank,Uzbekistan,multilateral,1080714182.3,US$1.1 billion
World Bank-IBRD                         ,Uzbekistan,multilateral,3348458000.0,US$3.3 billion
World Bank-IDA                         ,Uzbekistan,multilateral,4330169000.0,US$4.3 billion
Austria,Uzbekistan,private,16897708.5,US$16.9 million
"Germany, Fed. Rep. of",Uzbekistan,bilateral,415110156.3,US$415.1 million
"Korea, Republic of",Uzbekistan,bilateral,713449491.2,US$713.4 million
United Arab Emirates,Uzbekistan,private,275109000.0,US$275.1 million
Ireland,Uzbekistan,private,136319000.0,US$136.3 million
France,Uzbekistan,bilateral,858432681.0,US$858.4 million
United Arab Emirates,Uzbekistan,bilateral,74887678.7,US$74.9 million
European Bank for Reconstruction and Dev. (EBRD),Uzbekistan,multilateral,340134978.7,US$340.1 million
Poland,Uzbekistan,bilateral,0.0,US$0
OPEC Fund for International Dev.,Uzbekistan,multilateral,205368000.0,US$205.4 million
Bondholders,Uzbekistan,private,7703979000.0,US$7.7 billion
Spain,Uzbekistan,bilateral,65609651.7,US$65.6 million
United States,Uzbekistan,bilateral,16865000.0,US$16.9 million
United States,Uzbekistan,private,27004000.0,US$27.0 million
Spain,Uzbekistan,private,0.0,US$0
China,Uzbekistan,private,220000000.0,US$220 million
Luxembourg,Uzbekistan,private,49379000.0,US$49.4 million
Asian Dev. Bank   ,Uzbekistan,multilateral,7415382000.0,US$7.4 billion
Russian Federation,Uzbekistan,bilateral,371026529.6,US$371.0 million
China,Uzbekistan,bilateral,3698314024.4,US$3.7 billion
Russian Federation,Uzbekistan,private,374645000.0,US$374.6 million
Brazil,Uzbekistan,bilateral,0.0,US$0
Saudi Arabia,Uzbekistan,bilateral,139272000.0,US$139.3 million
European Investment Bank,Uzbekistan,multilateral,100000000.0,US$100 million
Japan,Vanuatu,bilateral,46919885.1,US$46.9 million
China,Vanuatu,bilateral,157566171.6,US$157.6 million
World Bank-IDA                         ,Vanuatu,multilateral,95493000.0,US$95.5 million
Asian Dev. Bank   ,Vanuatu,multilateral,52916000.0,US$52.9 million
United States,Viet Nam,private,35898000.0,US$35.9 million
Japan,Viet Nam,bilateral,10570938720.7,US$10.6 billion
Switzerland,Viet Nam,bilateral,182562.5,"US$182,562"
India,Viet Nam,bilateral,13371774.9,US$13.4 million
Asian Dev. Bank   ,Viet Nam,multilateral,7191492000.0,US$7.2 billion
France,Viet Nam,private,233191821.0,US$233.2 million
OPEC Fund for International Dev.,Viet Nam,multilateral,68166000.0,US$68.2 million
Austria,Viet Nam,private,135726051.6,US$135.7 million
Italy,Viet Nam,private,17502348.3,US$17.5 million
Italy,Viet Nam,bilateral,8051475.0,US$8.1 million
"Korea, D.P.R. of",Viet Nam,bilateral,0.0,US$0
Poland,Viet Nam,bilateral,7281650.1,US$7.3 million
China,Viet Nam,bilateral,503561552.3,US$503.6 million
"Germany, Fed. Rep. of",Viet Nam,bilateral,348841842.0,US$348.8 million
"Germany, Fed. Rep. of",Viet Nam,private,0.0,US$0
Bondholders,Viet Nam,private,736738000.0,US$736.7 million
Russian Federation,Viet Nam,bilateral,1391744000.0,US$1.4 billion
Sweden,Viet Nam,bilateral,153893000.0,US$153.9 million
Saudi Arabia,Viet Nam,bilateral,38969066.6,US$39.0 million
Hong Kong,Viet Nam,private,21707000.0,US$21.7 million
Australia,Viet Nam,private,0.0,US$0
France,Viet Nam,bilateral,805255545.6,US$805.3 million
Japan,Viet Nam,private,1059967000.0,US$1.1 billion
Belgium,Viet Nam,private,5615254.5,US$5.6 million
Kuwait,Viet Nam,bilateral,46163338.2,US$46.2 million
European Investment Bank,Viet Nam,multilateral,108934898.4,US$108.9 million
Algeria,Viet Nam,bilateral,19061000.0,US$19.1 million
Finland,Viet Nam,private,28643511.9,US$28.6 million
Spain,Viet Nam,bilateral,5561763.2,US$5.6 million
"Korea, Republic of",Viet Nam,bilateral,981077768.5,US$981.1 million
Multiple Lenders,Viet Nam,private,35000000.0,US$35 million
United Kingdom,Viet Nam,private,12067000.0,US$12.1 million
International Fund for Agricultural Dev.,Viet Nam,multilateral,212910460.7,US$212.9 million
Nordic Development Fund,Viet Nam,multilateral,25619092.6,US$25.6 million
World Bank-IBRD                         ,Viet Nam,multilateral,2137499000.0,US$2.1 billion
Austria,Viet Nam,bilateral,3895875.0,US$3.9 million
World Bank-IDA                         ,Viet Nam,multilateral,11447477000.0,US$11.4 billion
Nordic Investment Bank,Viet Nam,multilateral,1032000.0,US$1.0 million
Belgium,Viet Nam,bilateral,6616754.1,US$6.6 million
Hungary,Viet Nam,bilateral,16979781.6,US$17.0 million
Denmark,Viet Nam,private,4072488.0,US$4.1 million
Denmark,Viet Nam,bilateral,9506973.9,US$9.5 million
Denmark,"Yemen, Rep.",bilateral,1682000.0,US$1.7 million
"Korea, Republic of","Yemen, Rep.",bilateral,28241876.1,US$28.2 million
China,"Yemen, Rep.",bilateral,149655382.7,US$149.7 million
International Fund for Agricultural Dev.,"Yemen, Rep.",multilateral,116223173.9,US$116.2 million
"Germany, Fed. Rep. of","Yemen, Rep.",bilateral,742813.5,"US$742,814"
Kuwait,"Yemen, Rep.",bilateral,175224874.1,US$175.2 million
Org. of Arab Petroleum Exporting Countries (OAPEC),"Yemen, Rep.",multilateral,28361000.0,US$28.4 million
Iraq,"Yemen, Rep.",bilateral,6792000.0,US$6.8 million
France,"Yemen, Rep.",bilateral,60457746.6,US$60.5 million
Italy,"Yemen, Rep.",bilateral,39182918.4,US$39.2 million
Netherlands,"Yemen, Rep.",bilateral,1144867.8,US$1.1 million
Spain,"Yemen, Rep.",bilateral,16048000.0,US$16.0 million
Japan,"Yemen, Rep.",bilateral,151809767.1,US$151.8 million
World Bank-IDA                         ,"Yemen, Rep.",multilateral,1042129000.0,US$1.0 billion
United States,"Yemen, Rep.",bilateral,95085000.0,US$95.1 million
Arab Monetary Fund,"Yemen, Rep.",multilateral,277405602.0,US$277.4 million
Arab Fund for Economic & Social Development,"Yemen, Rep.",multilateral,931813605.9,US$931.8 million
Saudi Arabia,"Yemen, Rep.",bilateral,1300820266.5,US$1.3 billion
Islamic Dev. Bank,"Yemen, Rep.",multilateral,129683888.2,US$129.7 million
Russian Federation,"Yemen, Rep.",bilateral,1096861000.0,US$1.1 billion
OPEC Fund for International Dev.,"Yemen, Rep.",multilateral,15251000.0,US$15.3 million
Kuwait,Zambia,bilateral,8339016.1,US$8.3 million
African Export-Import Bank,Zambia,multilateral,44854000.0,US$44.9 million
Saudi Arabia,Zambia,bilateral,79657066.7,US$79.7 million
United Kingdom,Zambia,bilateral,293642000.0,US$293.6 million
Israel,Zambia,private,462970000.0,US$463.0 million
European Investment Bank,Zambia,multilateral,239819180.0,US$239.8 million
Russian Federation,Zambia,bilateral,124759423.2,US$124.8 million
Bondholders,Zambia,private,2738545000.0,US$2.7 billion
South Africa,Zambia,bilateral,241770000.0,US$241.8 million
South Africa,Zambia,private,32894000.0,US$32.9 million
Hong Kong,Zambia,private,304841000.0,US$304.8 million
Iraq,Zambia,bilateral,6152.3,"US$6,152"
United Kingdom,Zambia,private,701406802.2,US$701.4 million
Japan,Zambia,bilateral,35173954.8,US$35.2 million
Denmark,Zambia,private,121147000.0,US$121.1 million
Eastern & Southern African Trade & Dev. Bank (TDB),Zambia,multilateral,493289000.0,US$493.3 million
India,Zambia,bilateral,321865000.0,US$321.9 million
France,Zambia,bilateral,96296950.9,US$96.3 million
Nordic Development Fund,Zambia,multilateral,17665455.6,US$17.7 million
United States,Zambia,bilateral,45364000.0,US$45.4 million
World Bank-IDA                         ,Zambia,multilateral,2509679000.0,US$2.5 billion
OPEC Fund for International Dev.,Zambia,multilateral,23761000.0,US$23.8 million
Arab Bank for Economic Dev. in Africa (BADEA),Zambia,multilateral,32503000.0,US$32.5 million
United Arab Emirates,Zambia,private,0.0,US$0
African Dev. Bank         ,Zambia,multilateral,981970338.5,US$982.0 million
China,Zambia,bilateral,3570963883.3,US$3.6 billion
China,Zambia,private,1758657000.0,US$1.8 billion
International Fund for Agricultural Dev.,Zambia,multilateral,122993172.0,US$123.0 million
Belgium,Zambia,bilateral,729307.8,"US$729,308"
Multiple Lenders,Zambia,multilateral,67693000.0,US$67.7 million
United Arab Emirates,Zambia,bilateral,0.0,US$0
Belgium,Zimbabwe,private,19943763.3,US$19.9 million
United Kingdom,Zimbabwe,private,105254679.9,US$105.3 million
International Fund for Agricultural Dev.,Zimbabwe,multilateral,7888359.1,US$7.9 million
Spain,Zimbabwe,bilateral,20137000.0,US$20.1 million
India,Zimbabwe,bilateral,80787000.0,US$80.8 million
World Bank-IDA                         ,Zimbabwe,multilateral,430166000.0,US$430.2 million
United Kingdom,Zimbabwe,bilateral,31009967.3,US$31.0 million
Bondholders,Zimbabwe,private,25972.5,"US$25,972"
Spain,Zimbabwe,private,11808000.0,US$11.8 million
Italy,Zimbabwe,bilateral,91129367.7,US$91.1 million
Brazil,Zimbabwe,bilateral,34741000.0,US$34.7 million
African Export-Import Bank,Zimbabwe,multilateral,353288000.0,US$353.3 million
European Investment Bank,Zimbabwe,multilateral,131940883.7,US$131.9 million
Kuwait,Zimbabwe,bilateral,15012177.2,US$15.0 million
Austria,Zimbabwe,bilateral,5940430.2,US$5.9 million
Austria,Zimbabwe,private,7203732.6,US$7.2 million
Finland,Zimbabwe,bilateral,65923555.8,US$65.9 million
Finland,Zimbabwe,private,5667000.0,US$5.7 million
European Economic Community (EEC),Zimbabwe,multilateral,1890798.0,US$1.9 million
Multiple Lenders,Zimbabwe,multilateral,20000000.0,US$20 million
European Development Fund (EDF),Zimbabwe,multilateral,15274946.7,US$15.3 million
Netherlands,Zimbabwe,bilateral,26249886.3,US$26.2 million
Netherlands,Zimbabwe,private,26494027.8,US$26.5 million
World Bank-IBRD                         ,Zimbabwe,multilateral,425155000.0,US$425.2 million
Nordic Development Fund,Zimbabwe,multilateral,17850994.8,US$17.9 million
South Africa,Zimbabwe,private,14145000.0,US$14.1 million
Switzerland,Zimbabwe,private,20359592.8,US$20.4 million
Switzerland,Zimbabwe,bilateral,5532.2,"US$5,532"
Arab Bank for Economic Dev. in Africa (BADEA),Zimbabwe,multilateral,9044000.0,US$9.0 million
African Dev. Bank         ,Zimbabwe,multilateral,350753528.9,US$350.8 million
United States,Zimbabwe,private,18750000.0,US$18.8 million
United States,Zimbabwe,bilateral,117526000.0,US$117.5 million
France,Zimbabwe,bilateral,118619524.2,US$118.6 million
France,Zimbabwe,private,75366141.60000001,US$75.4 million
Japan,Zimbabwe,private,7540000.0,US$7.5 million
Japan,Zimbabwe,bilateral,131235237.9,US$131.2 million
OPEC Fund for International Dev.,Zimbabwe,multilateral,33562000.0,US$33.6 million
China,Zimbabwe,bilateral,2006951022.5,US$2.0 billion
"Germany, Fed. Rep. of",Zimbabwe,bilateral,279556562.1,US$279.6 million
"Germany, Fed. Rep. of",Zimbabwe,private,113144549.2,US$113.1 million
Sweden,Zimbabwe,private,41935981.1,US$41.9 million
Norway,Zimbabwe,bilateral,22537907.5,US$22.5 million
Belgium,Zimbabwe,bilateral,1956248.7,US$2.0 million
