counterpart_name,entity_name,category,value
Cayman Islands,Low & middle income,private,3417928721.4
Greece,Low & middle income,private,8215000.0
Greece,Low & middle income,bilateral,96793590.2
Switzerland,Low & middle income,private,4708981951.2
Tanzania,Low & middle income,bilateral,35157000.0
Italy,Low & middle income,bilateral,3089522956.9
Italy,Low & middle income,private,3002909180.3
Belgium,Low & middle income,private,1409589776.8999999
Belgium,Low & middle income,bilateral,638552640.4
Equatorial Guinea,Low & middle income,bilateral,30092063.9
Arab Bank for Economic Dev. in Africa (BADEA),Low & middle income,multilateral,2270352969.1
Arab Bank for Economic Dev. in Africa (BADEA),Low & middle income,private,0.0
Nigeria,Low & middle income,bilateral,11293290.3
Grenada,Low & middle income,private,0.0
Eurasian Development Bank,Low & middle income,multilateral,2479891164.4
New Development Bank (NDB),Low & middle income,multilateral,10697646350.0
European Bank for Reconstruction and Dev. (EBRD),Low & middle income,multilateral,10607739683.8
Netherlands,Low & middle income,private,74757580724.6
Netherlands,Low & middle income,bilateral,591238370.1
Viet Nam,Low & middle income,bilateral,121641000.0
European Development Fund (EDF),Low & middle income,multilateral,914854774.0
"Venezuela, Republic Bolivarian",Low & middle income,bilateral,665341259.3
Thailand,Low & middle income,bilateral,757776063.4
Thailand,Low & middle income,private,12647000.0
Belarus,Low & middle income,bilateral,35093315.2
Togo,Low & middle income,private,46533412.7
Namibia,Low & middle income,bilateral,1146769.0
West African Development Bank - BOAD,Low & middle income,multilateral,2838280334.0
Guyana,Low & middle income,private,948000.0
Switzerland,Low & middle income,bilateral,290319051.3
Honduras,Low & middle income,bilateral,118637000.0
Czechia,Low & middle income,private,476295188.7
St. Lucia,Low & middle income,private,336296.3
Denmark,Low & middle income,bilateral,517853181.1
Israel,Low & middle income,bilateral,2996815.4
Israel,Low & middle income,private,4250194271.7
Denmark,Low & middle income,private,361592093.8
Angola,Low & middle income,bilateral,400478000.0
St. Vincent & The Grenadines,Low & middle income,private,0.0
Bolivarian Alliance for the Americas (ALBA),Low & middle income,multilateral,50848000.0
Hong Kong,Low & middle income,private,7019885046.8
Benin,Low & middle income,bilateral,68245.6
Dev. Bank of the Central African States (BDEAC),Low & middle income,multilateral,390085257.2
Belize,Low & middle income,bilateral,1000000.0
Norway,Low & middle income,private,11396733.0
Norway,Low & middle income,bilateral,445185687.4
Arab African International Bank,Low & middle income,multilateral,31149000.0
ECO Trade and Dev. Bank,Low & middle income,multilateral,156698363.1
EUROFIMA,Low & middle income,multilateral,1687173.6
Eastern & Southern African Trade & Dev. Bank (TDB),Low & middle income,multilateral,2234218793.4
Sweden,Low & middle income,bilateral,2355340416.7
Sweden,Low & middle income,private,228658716.2
Nordic Environment Finance Corporation (NEFCO),Low & middle income,multilateral,3479772.4
Economic Community of West African States (ECOWAS),Low & middle income,multilateral,755032372.7
Nordic Development Fund,Low & middle income,multilateral,508864958.2
Egypt,Low & middle income,bilateral,187736000.0
Egypt,Low & middle income,private,76632000.0
Honduras,Low & middle income,private,22059000.0
Barbados,Low & middle income,private,582222.2
Barbados,Low & middle income,bilateral,3355000.0
Multiple Lenders,Low & middle income,private,205762230207.7
Trinidad & Tobago,Low & middle income,bilateral,37680146.4
"Korea, D.P.R. of",Low & middle income,bilateral,0.0
Malaysia,Low & middle income,private,50000000.0
Malaysia,Low & middle income,bilateral,83207932.3
European Relief Fund,Low & middle income,multilateral,1049289000.0
European Social Fund (ESF),Low & middle income,multilateral,586978500.0
Argentina,Low & middle income,bilateral,10408000.0
Luxembourg,Low & middle income,private,600916589.4
European Union,Low & middle income,multilateral,47554239790.5
Armenia,Low & middle income,bilateral,1015000.0
Libya,Low & middle income,bilateral,1113172532.7
Finland,Low & middle income,bilateral,203815684.8
Finland,Low & middle income,private,40675511.9
United Arab Emirates,Low & middle income,bilateral,7813881653.1
United Arab Emirates,Low & middle income,private,6315337400.099999
"Korea, Republic of",Low & middle income,bilateral,9599106755.6
"Korea, Republic of",Low & middle income,private,209126859.2
Australia,Low & middle income,private,119989281.0
Australia,Low & middle income,bilateral,2770175411.1
Liberia,Low & middle income,private,807395.3
Kuwait,Low & middle income,private,333370211.79999995
Asian Dev. Bank   ,Low & middle income,multilateral,149192461000.0
Kuwait,Low & middle income,bilateral,12845091825.5
Asian Infrastructure Investment Bank,Low & middle income,multilateral,22261485968.9
France,Low & middle income,bilateral,37710730801.0
France,Low & middle income,private,17415253725.3
United Kingdom,Low & middle income,bilateral,1244677807.4
United Kingdom,Low & middle income,private,30625990481.2
Kazakhstan,Low & middle income,bilateral,1252000.0
Czechia,Low & middle income,bilateral,393560662.7
Arab Towns Organization (ATO),Low & middle income,multilateral,207825.9
Austria,Low & middle income,bilateral,617092565.0
Multiple Lenders,Low & middle income,multilateral,825522010.8
Multiple Lenders,Low & middle income,bilateral,18875220249.3
European Economic Community (EEC),Low & middle income,multilateral,34256034.9
Trinidad & Tobago,Low & middle income,private,3505185.2
United States,Low & middle income,private,24229136025.199997
Arab Fund for Economic & Social Development,Low & middle income,multilateral,9137828402.3
United States,Low & middle income,bilateral,3069004478.2
Bahrain,Low & middle income,private,1537628517.4
"Germany, Fed. Rep. of",Low & middle income,private,12306509326.2
"Germany, Fed. Rep. of",Low & middle income,bilateral,30152736270.5
Japan,Low & middle income,bilateral,105904619944.4
Japan,Low & middle income,private,7954463900.5
Bahamas,Low & middle income,private,750000.0
European Investment Bank,Low & middle income,multilateral,31865773899.7
Azerbaijan,Low & middle income,bilateral,1151000.0
Turkiye,Low & middle income,bilateral,879167336.1
Turkiye,Low & middle income,private,19447169.1
Turkmenistan,Low & middle income,bilateral,211000.0
UN-General Assembly (UNGA),Low & middle income,multilateral,3571000.0
UN-Population Fund (UNFPA),Low & middle income,multilateral,84615000.0
Uganda,Low & middle income,private,681000.0
Arab Monetary Fund,Low & middle income,multilateral,2676086161.1
Morocco,Low & middle income,private,0.0
Morocco,Low & middle income,bilateral,7000000.0
Montenegro,Low & middle income,private,10389.0
Mauritius,Low & middle income,private,100059545.9
Austria,Low & middle income,private,8550916877.0
Mali,Low & middle income,bilateral,53.8
Hungary,Low & middle income,bilateral,1814423781.7
Nordic Investment Bank,Low & middle income,multilateral,40106507.5
St. Kitts And Nevis,Low & middle income,private,0.0
Inter-American Dev. Bank      ,Low & middle income,multilateral,95886700000.0
Qatar,Low & middle income,private,240000000.0
Qatar,Low & middle income,bilateral,91599500.0
Portugal,Low & middle income,private,1035276575.8000001
Indonesia,Low & middle income,bilateral,193000.0
International Fund for Agricultural Dev.,Low & middle income,multilateral,7855009510.5
Portugal,Low & middle income,bilateral,1002934087.4
"Iran, Islamic Republic Of",Low & middle income,bilateral,291106654.0
Bulgaria,Low & middle income,private,104539312.5
Bulgaria,Low & middle income,bilateral,91809000.0
Iraq,Low & middle income,bilateral,394171985.6
Hungary,Low & middle income,private,5783000.0
Ireland,Low & middle income,bilateral,1643460.6
Ireland,Low & middle income,private,2579611471.6
South Africa,Low & middle income,private,2720987764.6
South Asian Development Fund (SADF),Low & middle income,multilateral,7222000.0
Brazil,Low & middle income,private,120421000.0
Brazil,Low & middle income,bilateral,703952000.0
Poland,Low & middle income,private,7491865.1
Poland,Low & middle income,bilateral,466510884.1
Colombia,Low & middle income,private,308000000.0
"Congo, Rep.",Low & middle income,bilateral,89167790.3
India,Low & middle income,private,19772264.9
Romania,Low & middle income,bilateral,270882000.0
International Bank for Economic Cooperation (IBEC),Low & middle income,multilateral,0.0
African Dev. Bank         ,Low & middle income,multilateral,47102010713.1
Romania,Low & middle income,private,6450000.0
Central American Bank for Econ. Integration (BCIE),Low & middle income,multilateral,9594806206.3
Central Bank of West African States (BCEAO),Low & middle income,multilateral,308906085.0
World Trade Organization,Low & middle income,multilateral,39166530.0
Africa Finance Corporation,Low & middle income,private,1222875733.0
Caribbean Dev. Bank,Low & middle income,multilateral,1139800330.7
World Bank-MIGA,Low & middle income,multilateral,302270032.8
Chad,Low & middle income,bilateral,372.2
World Bank-IDA                         ,Low & middle income,multilateral,209337619000.0
Saudi Arabia,Low & middle income,bilateral,20178362906.2
Saudi Arabia,Low & middle income,private,19060000.0
Caribbean Community (CARICOM),Low & middle income,multilateral,14921000.0
India,Low & middle income,bilateral,13745202381.9
Senegal,Low & middle income,bilateral,240.7
Serbia,Low & middle income,private,260991214.9
Canada,Low & middle income,private,265520000.0
Canada,Low & middle income,bilateral,6254857629.1
Singapore,Low & middle income,private,8945793464.5
Slovenia,Low & middle income,private,0.0
China,Low & middle income,bilateral,147554187164.3
China,Low & middle income,private,22393002524.7
Russian Federation,Low & middle income,private,428227932.6
Russian Federation,Low & middle income,bilateral,32122507497.5
Cameroon,Low & middle income,bilateral,22626089.9
International Finance Corporation,Low & middle income,multilateral,584605162.8
Serbia,Low & middle income,bilateral,541961620.8
Bosnia-Herzegovina,Low & middle income,private,28444000.0
South Africa,Low & middle income,bilateral,609546489.3
Algeria,Low & middle income,bilateral,788314377.3
"Cote D`Ivoire, Republic Of",Low & middle income,private,642562134.9
Pakistan,Low & middle income,bilateral,14298000.0
Council of Europe,Low & middle income,multilateral,2893367955.0
Sri Lanka,Low & middle income,private,63106000.0
Panama,Low & middle income,private,81275000.0
Spain,Low & middle income,private,2344063841.9
Spain,Low & middle income,bilateral,2952526574.5
Islamic Dev. Bank,Low & middle income,multilateral,18937455478.8
World Bank-IBRD                         ,Low & middle income,multilateral,253755222000.0
OPEC Fund for International Dev.,Low & middle income,multilateral,5430128318.0
Costa Rica,Low & middle income,bilateral,315316000.0
Org. of Arab Petroleum Exporting Countries (OAPEC),Low & middle income,multilateral,35580000.0
Croatia,Low & middle income,private,5629000.0
Croatia,Low & middle income,bilateral,39903000.0
Plata Basin Financial Dev. Fund,Low & middle income,multilateral,1757805653.9
Peru,Low & middle income,bilateral,16563000.0
African Export-Import Bank,Low & middle income,multilateral,10346941126.1
Corporacion Andina de Fomento,Low & middle income,multilateral,22542704811.0
Islamic Solidarity Fund for Dev. (ISFD),Low & middle income,multilateral,18718516.0
Oman,Low & middle income,bilateral,89507000.0
Peru,Low & middle income,private,53000000.0
Bondholders,Low & middle income,private,1637230691530.6
"Cote D`Ivoire, Republic Of",Low & middle income,bilateral,46722094.7
Russian Federation,Afghanistan,bilateral,849119000.0
World Bank-IDA                         ,Afghanistan,multilateral,279735000.0
"Iran, Islamic Republic Of",Afghanistan,bilateral,9139000.0
Saudi Arabia,Afghanistan,bilateral,79376533.4
Asian Dev. Bank   ,Afghanistan,multilateral,491072000.0
Bulgaria,Afghanistan,bilateral,4201000.0
OPEC Fund for International Dev.,Afghanistan,multilateral,1484000.0
Islamic Dev. Bank,Afghanistan,multilateral,36104967.2
Italy,Afghanistan,bilateral,22128570.0
Kuwait,Afghanistan,bilateral,22360772.9
Denmark,Africa (excluding high income),private,297105493.0
Dev. Bank of the Central African States (BDEAC),Africa (excluding high income),multilateral,390085257.2
South Africa,Africa (excluding high income),bilateral,600669489.3
Saudi Arabia,Africa (excluding high income),private,19060000.0
Denmark,Africa (excluding high income),bilateral,74191953.2
France,Africa (excluding high income),bilateral,15239669221.7
France,Africa (excluding high income),private,10116231491.199999
Chad,Africa (excluding high income),bilateral,372.2
Mali,Africa (excluding high income),bilateral,53.8
Benin,Africa (excluding high income),bilateral,68245.6
Asian Infrastructure Investment Bank,Africa (excluding high income),multilateral,736214046.1
Saudi Arabia,Africa (excluding high income),bilateral,12031213239.6
Mauritius,Africa (excluding high income),private,99434545.9
Central Bank of West African States (BCEAO),Africa (excluding high income),multilateral,308906085.0
OPEC Fund for International Dev.,Africa (excluding high income),multilateral,2359828010.3
Czechia,Africa (excluding high income),private,184822387.8
Canada,Africa (excluding high income),private,49996000.0
Morocco,Africa (excluding high income),bilateral,7000000.0
Liberia,Africa (excluding high income),private,807395.3
European Social Fund (ESF),Africa (excluding high income),multilateral,311670000.0
Czechia,Africa (excluding high income),bilateral,225362662.7
Malaysia,Africa (excluding high income),bilateral,0.0
United Kingdom,Africa (excluding high income),bilateral,1023269196.8
Austria,Africa (excluding high income),bilateral,241778002.5
Austria,Africa (excluding high income),private,599612705.2
Senegal,Africa (excluding high income),bilateral,240.7
Morocco,Africa (excluding high income),private,0.0
Finland,Africa (excluding high income),private,5667000.0
China,Africa (excluding high income),private,20064353175.1
Finland,Africa (excluding high income),bilateral,71470242.89999999
Bondholders,Africa (excluding high income),private,192799972775.9
Serbia,Africa (excluding high income),bilateral,138328000.0
Luxembourg,Africa (excluding high income),private,94589906.8
Oman,Africa (excluding high income),bilateral,89507000.0
United Kingdom,Africa (excluding high income),private,13728384571.1
China,Africa (excluding high income),bilateral,62153310834.0
Libya,Africa (excluding high income),bilateral,1048526714.2
European Union,Africa (excluding high income),multilateral,2181690000.0
Sweden,Africa (excluding high income),bilateral,3405000.0
Sweden,Africa (excluding high income),private,145548277.7
Serbia,Africa (excluding high income),private,27570214.9
Canada,Africa (excluding high income),bilateral,677951914.2
Tanzania,Africa (excluding high income),bilateral,35157000.0
Multiple Lenders,Africa (excluding high income),bilateral,4151901000.0
Netherlands,Africa (excluding high income),bilateral,191132299.1
Netherlands,Africa (excluding high income),private,1443275460.8999999
Togo,Africa (excluding high income),private,46533412.7
Egypt,Africa (excluding high income),bilateral,187736000.0
Portugal,Africa (excluding high income),private,1035276575.8000001
Belgium,Africa (excluding high income),bilateral,513115693.4
Belgium,Africa (excluding high income),private,1091595419.5
Portugal,Africa (excluding high income),bilateral,979924530.1999999
European Development Fund (EDF),Africa (excluding high income),multilateral,57301568.4
Egypt,Africa (excluding high income),private,76632000.0
Spain,Africa (excluding high income),bilateral,1136886196.8000002
Spain,Africa (excluding high income),private,1206140256.5
New Development Bank (NDB),Africa (excluding high income),multilateral,3271954920.8
European Bank for Reconstruction and Dev. (EBRD),Africa (excluding high income),multilateral,2545629953.5
"Cote D`Ivoire, Republic Of",Africa (excluding high income),private,642562134.9
Nigeria,Africa (excluding high income),bilateral,11293290.3
"Cote D`Ivoire, Republic Of",Africa (excluding high income),bilateral,46722094.699999996
"Congo, Rep.",Africa (excluding high income),bilateral,89167790.3
Nordic Development Fund,Africa (excluding high income),multilateral,269626515.3
Poland,Africa (excluding high income),private,6080000.0
Equatorial Guinea,Africa (excluding high income),bilateral,30092063.900000002
Brazil,Africa (excluding high income),private,120421000.0
Thailand,Africa (excluding high income),bilateral,1293000.0
Brazil,Africa (excluding high income),bilateral,467058000.0
Poland,Africa (excluding high income),bilateral,244116677.8
Namibia,Africa (excluding high income),bilateral,1146769.0
South Africa,Africa (excluding high income),private,2720968558.4
European Economic Community (EEC),Africa (excluding high income),multilateral,9314568.2
Panama,Africa (excluding high income),private,0.0
Multiple Lenders,Africa (excluding high income),multilateral,171685000.0
United Arab Emirates,Africa (excluding high income),private,4029950457.2
United Arab Emirates,Africa (excluding high income),bilateral,1871233868.6000001
Croatia,Africa (excluding high income),bilateral,39903000.0
Cameroon,Africa (excluding high income),bilateral,22626089.9
Uganda,Africa (excluding high income),private,681000.0
Russian Federation,Africa (excluding high income),private,15766932.6
UN-General Assembly (UNGA),Africa (excluding high income),multilateral,3571000.0
Russian Federation,Africa (excluding high income),bilateral,4478315084.3
Org. of Arab Petroleum Exporting Countries (OAPEC),Africa (excluding high income),multilateral,7219000.0
Bahamas,Africa (excluding high income),private,750000.0
Pakistan,Africa (excluding high income),bilateral,12189000.0
Bahrain,Africa (excluding high income),private,514350325.7
Romania,Africa (excluding high income),bilateral,134839000.0
Eastern & Southern African Trade & Dev. Bank (TDB),Africa (excluding high income),multilateral,2234218793.4
Norway,Africa (excluding high income),bilateral,74598962.9
Qatar,Africa (excluding high income),bilateral,91599500.0
Turkiye,Africa (excluding high income),private,0.0
Turkiye,Africa (excluding high income),bilateral,631942839.0
United States,Africa (excluding high income),bilateral,1161217978.2
European Investment Bank,Africa (excluding high income),multilateral,11581801967.7
Switzerland,Africa (excluding high income),bilateral,122406505.9
Switzerland,Africa (excluding high income),private,2633021569.0
Economic Community of West African States (ECOWAS),Africa (excluding high income),multilateral,755032372.6999999
Nordic Investment Bank,Africa (excluding high income),multilateral,31829065.6
Bulgaria,Africa (excluding high income),bilateral,79398000.0
United States,Africa (excluding high income),private,5603055215.8
Africa Finance Corporation,Africa (excluding high income),private,1222875733.0
Multiple Lenders,Africa (excluding high income),private,20055990544.2
Hong Kong,Africa (excluding high income),private,614841000.0
International Finance Corporation,Africa (excluding high income),multilateral,254750000.0
International Bank for Economic Cooperation (IBEC),Africa (excluding high income),multilateral,0.0
Arab African International Bank,Africa (excluding high income),multilateral,31149000.0
"Iran, Islamic Republic Of",Africa (excluding high income),bilateral,189508654.0
Iraq,Africa (excluding high income),bilateral,387374867.1
Ireland,Africa (excluding high income),bilateral,1643460.6
Ireland,Africa (excluding high income),private,729582471.6
Islamic Dev. Bank,Africa (excluding high income),multilateral,10454166157.199999
Italy,Africa (excluding high income),private,2037041974.9
Italy,Africa (excluding high income),bilateral,1682462838.9
Arab Monetary Fund,Africa (excluding high income),multilateral,2138163904.2
Hungary,Africa (excluding high income),bilateral,740986027.2
African Export-Import Bank,Africa (excluding high income),multilateral,10344541126.1
Hungary,Africa (excluding high income),private,5783000.0
Angola,Africa (excluding high income),bilateral,400478000.0
Kuwait,Africa (excluding high income),bilateral,9479697969.9
Israel,Africa (excluding high income),private,4214137606.9
India,Africa (excluding high income),bilateral,4539743880.7
India,Africa (excluding high income),private,19772264.900000002
Algeria,Africa (excluding high income),bilateral,768641377.3
World Bank-IDA                         ,Africa (excluding high income),multilateral,110045093000.0
Kuwait,Africa (excluding high income),private,333370211.79999995
Arab Bank for Economic Dev. in Africa (BADEA),Africa (excluding high income),multilateral,2270352969.1
Arab Bank for Economic Dev. in Africa (BADEA),Africa (excluding high income),private,0.0
International Fund for Agricultural Dev.,Africa (excluding high income),multilateral,3911099352.4
Japan,Africa (excluding high income),private,1777631605.8
West African Development Bank - BOAD,Africa (excluding high income),multilateral,2838280334.0
Japan,Africa (excluding high income),bilateral,8317120725.6
Greece,Africa (excluding high income),bilateral,2032000.0
African Dev. Bank         ,Africa (excluding high income),multilateral,47102010713.1
Greece,Africa (excluding high income),private,446000.0
World Bank-MIGA,Africa (excluding high income),multilateral,302270032.8
Arab Fund for Economic & Social Development,Africa (excluding high income),multilateral,6719146848.9
World Trade Organization,Africa (excluding high income),multilateral,39166530.0
"Germany, Fed. Rep. of",Africa (excluding high income),private,4292404781.9
"Venezuela, Republic Bolivarian",Africa (excluding high income),bilateral,18749000.0
"Germany, Fed. Rep. of",Africa (excluding high income),bilateral,9304359796.2
Argentina,Africa (excluding high income),bilateral,10408000.0
"Korea, Republic of",Africa (excluding high income),bilateral,2420677665.8
"Korea, Republic of",Africa (excluding high income),private,5146859.2
World Bank-IBRD                         ,Africa (excluding high income),multilateral,40828886000.0
European Bank for Reconstruction and Dev. (EBRD),Albania,multilateral,234975038.2
Kuwait,Albania,bilateral,63468095.5
United Kingdom,Albania,private,207780000.0
United Arab Emirates,Albania,bilateral,22499387.3
European Investment Bank,Albania,multilateral,103237570.8
"Korea, Republic of",Albania,bilateral,9858435.4
Austria,Albania,bilateral,5638110.3
World Bank-IBRD                         ,Albania,multilateral,967091000.0
European Union,Albania,multilateral,187002000.0
Bondholders,Albania,private,1453254876.0
Italy,Albania,bilateral,143478323.4
Italy,Albania,private,107049294.89999999
OPEC Fund for International Dev.,Albania,multilateral,32988000.0
"Germany, Fed. Rep. of",Albania,private,1420176.3
"Germany, Fed. Rep. of",Albania,bilateral,351759073.2
Greece,Albania,bilateral,122590.2
Council of Europe,Albania,multilateral,109810528.2
Japan,Albania,bilateral,40727737.0
World Bank-IDA                         ,Albania,multilateral,338405000.0
Austria,Albania,private,21318228.0
Islamic Dev. Bank,Albania,multilateral,386808067.3
International Fund for Agricultural Dev.,Albania,multilateral,20594894.0
Saudi Arabia,Albania,bilateral,44676266.7
China,Albania,bilateral,1858000.0
France,Albania,bilateral,219041676.0
Spain,Albania,bilateral,6877000.0
African Dev. Bank         ,Algeria,multilateral,717117549.5
Belgium,Algeria,bilateral,15446365.2
China,Algeria,bilateral,64137564.0
Japan,Algeria,bilateral,2821576.8
Saudi Arabia,Algeria,bilateral,1093600.0
Canada,Algeria,bilateral,85595.0
France,Algeria,bilateral,19218611.1
Italy,Algeria,bilateral,31591910.1
"Germany, Fed. Rep. of",Algeria,bilateral,38439.3
Multiple Lenders,Angola,private,1580000000.0
Italy,Angola,private,559164030.3
Italy,Angola,bilateral,14961198.9
Netherlands,Angola,private,620615788.1
Luxembourg,Angola,private,30763906.8
Portugal,Angola,private,543516031.2
Belgium,Angola,private,48062000.0
"Korea, Republic of",Angola,bilateral,212779000.0
South Africa,Angola,private,3931000.0
Serbia,Angola,bilateral,7546000.0
United States,Angola,private,1643000.0
World Bank-IDA                         ,Angola,multilateral,283421000.0
Egypt,Angola,private,76550000.0
South Africa,Angola,bilateral,197355626.2
United States,Angola,bilateral,5467000.0
Canada,Angola,bilateral,244115000.0
Canada,Angola,private,0.0
Netherlands,Angola,bilateral,1684056.9
Portugal,Angola,bilateral,251441000.0
International Fund for Agricultural Dev.,Angola,multilateral,7340973.8
Mauritius,Angola,private,21874039.5
Belgium,Angola,bilateral,0.0
United Arab Emirates,Angola,private,227211585.6
India,Angola,bilateral,2500000.0
France,Angola,bilateral,249162503.7
France,Angola,private,232639301.3
United Kingdom,Angola,private,3900336202.5
Japan,Angola,private,195688000.3
Israel,Angola,private,2731933000.0
China,Angola,bilateral,2596005403.6
Poland,Angola,bilateral,53583677.8
Ireland,Angola,private,657681000.0
Japan,Angola,bilateral,265015376.9
African Export-Import Bank,Angola,multilateral,116254808.6
Spain,Angola,private,707782446.6
Bondholders,Angola,private,11042413000.0
World Bank-IBRD                         ,Angola,multilateral,4491170000.0
European Investment Bank,Angola,multilateral,4196117.1
OPEC Fund for International Dev.,Angola,multilateral,506000.0
China,Angola,private,11805826000.0
"Germany, Fed. Rep. of",Angola,private,656717517.2
Spain,Angola,bilateral,15175000.0
Austria,Angola,private,149829280.1
African Dev. Bank         ,Angola,multilateral,1295689052.5
United Arab Emirates,Argentina,bilateral,65053778.1
Central American Bank for Econ. Integration (BCIE),Argentina,multilateral,736018000.0
Netherlands,Argentina,bilateral,97430119.8
China,Argentina,bilateral,5238433000.0
World Bank-IBRD                         ,Argentina,multilateral,10737718000.0
"Germany, Fed. Rep. of",Argentina,bilateral,417895447.2
Japan,Argentina,bilateral,218455154.8
"Germany, Fed. Rep. of",Argentina,private,22734248.7
Russian Federation,Argentina,private,7816000.0
Honduras,Argentina,private,22059000.0
Kuwait,Argentina,bilateral,95288196.1
Plata Basin Financial Dev. Fund,Argentina,multilateral,643729000.0
Brazil,Argentina,bilateral,26279000.0
Corporacion Andina de Fomento,Argentina,multilateral,4800426000.0
Australia,Argentina,private,0.0
United Kingdom,Argentina,bilateral,10365000.0
France,Argentina,bilateral,78370498.3
France,Argentina,private,143247687.6
Israel,Argentina,bilateral,518000.0
Denmark,Argentina,bilateral,1926000.0
Spain,Argentina,private,104878897.4
Canada,Argentina,bilateral,26099000.0
Spain,Argentina,bilateral,101298922.2
European Investment Bank,Argentina,multilateral,228971000.0
OPEC Fund for International Dev.,Argentina,multilateral,145968000.0
Bondholders,Argentina,private,68693386526.9
Sweden,Argentina,bilateral,2324000.0
Finland,Argentina,private,1332000.0
Italy,Argentina,bilateral,136923773.3
Inter-American Dev. Bank      ,Argentina,multilateral,17572667000.0
Hong Kong,Argentina,private,9866000.0
United States,Argentina,bilateral,93583000.0
Switzerland,Argentina,bilateral,77059083.9
International Fund for Agricultural Dev.,Argentina,multilateral,40440706.6
Austria,Argentina,bilateral,8322627.9
Belgium,Argentina,bilateral,1603022.7
World Bank-IDA                         ,Armenia,multilateral,648662000.0
Japan,Armenia,bilateral,121289498.8
European Bank for Reconstruction and Dev. (EBRD),Armenia,multilateral,40369374.5
Eurasian Development Bank,Armenia,multilateral,380096000.0
World Bank-IBRD                         ,Armenia,multilateral,1074773000.0
China,Armenia,bilateral,14906839.1
International Fund for Agricultural Dev.,Armenia,multilateral,47037527.8
United States,Armenia,private,3402746.1
Russian Federation,Armenia,bilateral,239332000.0
Bondholders,Armenia,private,1563166000.0
OPEC Fund for International Dev.,Armenia,multilateral,134387000.0
Belgium,Armenia,private,508022.1
European Investment Bank,Armenia,multilateral,227650104.9
United States,Armenia,bilateral,5175000.0
"Germany, Fed. Rep. of",Armenia,bilateral,461443018.5
United Arab Emirates,Armenia,bilateral,1543090.5
Asian Dev. Bank   ,Armenia,multilateral,966680000.0
France,Armenia,bilateral,282313802.7
European Social Fund (ESF),Armenia,multilateral,67528500.0
France,Armenia,private,18693966.6
Austria,Armenia,private,15263518.8
United Kingdom,Azerbaijan,private,349666000.0
France,Azerbaijan,private,16570455.0
World Bank-IDA                         ,Azerbaijan,multilateral,132895000.0
Kuwait,Azerbaijan,bilateral,0.0
Switzerland,Azerbaijan,private,95598583.8
International Fund for Agricultural Dev.,Azerbaijan,multilateral,35969337.2
Asian Infrastructure Investment Bank,Azerbaijan,multilateral,620860000.0
Islamic Dev. Bank,Azerbaijan,multilateral,323306799.5
Russian Federation,Azerbaijan,bilateral,0.0
France,Azerbaijan,bilateral,261386201.1
"Germany, Fed. Rep. of",Azerbaijan,bilateral,51175175.1
"Korea, Republic of",Azerbaijan,bilateral,63254000.0
Bondholders,Azerbaijan,private,2300000000.0
United Arab Emirates,Azerbaijan,bilateral,4956569.1
World Bank-IBRD                         ,Azerbaijan,multilateral,1032787000.0
OPEC Fund for International Dev.,Azerbaijan,multilateral,715802.1
Asian Dev. Bank   ,Azerbaijan,multilateral,2049012000.0
European Bank for Reconstruction and Dev. (EBRD),Azerbaijan,multilateral,629709397.5
Saudi Arabia,Azerbaijan,bilateral,21948000.0
Japan,Azerbaijan,bilateral,397969996.9
"Germany, Fed. Rep. of",Azerbaijan,private,38871000.0
Multiple Lenders,Azerbaijan,private,1049124853.8
United Arab Emirates,Bangladesh,bilateral,27568958.5
Multiple Lenders,Bangladesh,private,5568510000.0
Russian Federation,Bangladesh,bilateral,7838630000.0
Belarus,Bangladesh,bilateral,24322000.0
Kuwait,Bangladesh,bilateral,166627699.3
Japan,Bangladesh,bilateral,11667322055.3
World Bank-IDA                         ,Bangladesh,multilateral,20730695000.0
"Germany, Fed. Rep. of",Bangladesh,bilateral,152030548.2
Nordic Development Fund,Bangladesh,multilateral,26875830.1
Multiple Lenders,Bangladesh,multilateral,13146000.0
Islamic Dev. Bank,Bangladesh,multilateral,736884844.8
China,Bangladesh,bilateral,6629628481.1
OPEC Fund for International Dev.,Bangladesh,multilateral,270764000.0
Bondholders,Bangladesh,private,770440000.0
Saudi Arabia,Bangladesh,bilateral,120841333.2
France,Bangladesh,bilateral,865127352.6
Denmark,Bangladesh,private,0.0
International Fund for Agricultural Dev.,Bangladesh,multilateral,620460948.7
European Investment Bank,Bangladesh,multilateral,236453640.0
Asian Dev. Bank   ,Bangladesh,multilateral,16267939000.0
India,Bangladesh,bilateral,1553179000.0
"Korea, Republic of",Bangladesh,bilateral,974573186.4
Switzerland,Bangladesh,bilateral,0.0
Asian Infrastructure Investment Bank,Bangladesh,multilateral,2319659737.0
OPEC Fund for International Dev.,Belarus,multilateral,20000000.0
China,Belarus,bilateral,2757275569.3
Eurasian Development Bank,Belarus,multilateral,1734181164.4
European Bank for Reconstruction and Dev. (EBRD),Belarus,multilateral,349527819.1
World Bank-IBRD                         ,Belarus,multilateral,975447000.0
Bondholders,Belarus,private,2683241591.6
Nordic Investment Bank,Belarus,multilateral,7245441.9
"Germany, Fed. Rep. of",Belarus,private,0.0
Russian Federation,Belarus,bilateral,7624706949.8
Kuwait,Belarus,bilateral,19115657.4
European Investment Bank,Belarus,multilateral,137257042.7
United Arab Emirates,Belarus,bilateral,16402449.0
United States,Belarus,bilateral,826500.0
World Bank-IBRD                         ,Belize,multilateral,40552000.0
Kuwait,Belize,bilateral,20880013.0
Bondholders,Belize,private,6616000.0
International Fund for Agricultural Dev.,Belize,multilateral,2720255.1
Saudi Arabia,Belize,bilateral,0.0
European Development Fund (EDF),Belize,multilateral,1711068.3
OPEC Fund for International Dev.,Belize,multilateral,92609000.0
United States,Belize,private,364000000.0
Caribbean Dev. Bank,Belize,multilateral,226069000.0
Inter-American Dev. Bank      ,Belize,multilateral,160474000.0
Central American Bank for Econ. Integration (BCIE),Belize,multilateral,13160000.0
Caribbean Community (CARICOM),Belize,multilateral,2555000.0
Multiple Lenders,Belize,private,22143000.0
Multiple Lenders,Belize,bilateral,229590000.0
"Venezuela, Republic Bolivarian",Belize,bilateral,215339000.0
European Investment Bank,Belize,multilateral,500000.0
Economic Community of West African States (ECOWAS),Benin,multilateral,73007109.3
World Bank-IDA                         ,Benin,multilateral,2317489000.0
Netherlands,Benin,private,112215744.6
Islamic Dev. Bank,Benin,multilateral,369926451.2
India,Benin,bilateral,13322000.0
African Dev. Bank         ,Benin,multilateral,606395215.7
Arab Bank for Economic Dev. in Africa (BADEA),Benin,multilateral,91756000.0
United Kingdom,Benin,bilateral,82734879.3
United Kingdom,Benin,private,159612440.4
Japan,Benin,private,0.0
European Investment Bank,Benin,multilateral,137221028.7
International Fund for Agricultural Dev.,Benin,multilateral,79858570.5
Denmark,Benin,bilateral,0.0
France,Benin,bilateral,331342610.4
France,Benin,private,601398432.0
Saudi Arabia,Benin,bilateral,79505908.3
Bondholders,Benin,private,2222489680.8
Norway,Benin,bilateral,11723986.5
Japan,Benin,bilateral,6025620.0
OPEC Fund for International Dev.,Benin,multilateral,46653000.0
Brazil,Benin,bilateral,153185000.0
United Arab Emirates,Benin,bilateral,296800.5
Kuwait,Benin,bilateral,36567624.5
"Germany, Fed. Rep. of",Benin,private,691850260.5
Nordic Development Fund,Benin,multilateral,12569651.1
West African Development Bank - BOAD,Benin,multilateral,317749024.5
China,Benin,bilateral,293856587.1
China,Benin,private,71765134.2
Austria,Bhutan,private,2039360.7
World Bank-IDA                         ,Bhutan,multilateral,419599000.0
India,Bhutan,bilateral,2234237957.6
Austria,Bhutan,bilateral,2584783.2
Japan,Bhutan,bilateral,88349824.5
South Asian Development Fund (SADF),Bhutan,multilateral,7222000.0
Asian Dev. Bank   ,Bhutan,multilateral,532399000.0
International Fund for Agricultural Dev.,Bhutan,multilateral,36486973.6
Inter-American Dev. Bank      ,Bolivia,multilateral,4287810000.0
European Investment Bank,Bolivia,multilateral,111514000.0
World Bank-IBRD                         ,Bolivia,multilateral,925767000.0
Plata Basin Financial Dev. Fund,Bolivia,multilateral,434009000.0
Denmark,Bolivia,private,60414112.8
Spain,Bolivia,bilateral,5038000.0
France,Bolivia,bilateral,646342284.9
France,Bolivia,private,362576.1
China,Bolivia,bilateral,1286820081.0
Bondholders,Bolivia,private,1850000000.0
International Fund for Agricultural Dev.,Bolivia,multilateral,62546245.1
"Korea, Republic of",Bolivia,bilateral,32346000.0
Italy,Bolivia,bilateral,9928767.3
Corporacion Andina de Fomento,Bolivia,multilateral,2693237000.0
"Venezuela, Republic Bolivarian",Bolivia,bilateral,481000.0
World Bank-IDA                         ,Bolivia,multilateral,700044000.0
India,Bolivia,bilateral,90909000.0
"Germany, Fed. Rep. of",Bolivia,private,0.0
OPEC Fund for International Dev.,Bolivia,multilateral,113322000.0
Multiple Lenders,Bolivia,private,3838068.2
Japan,Bolivia,bilateral,2968400.9
"Germany, Fed. Rep. of",Bolivia,bilateral,75292199.7
Brazil,Bolivia,bilateral,10213000.0
Nordic Development Fund,Bolivia,multilateral,11635639.5
Portugal,Bosnia and Herzegovina,bilateral,23009557.2
Austria,Bosnia and Herzegovina,private,16376180.7
"Germany, Fed. Rep. of",Bosnia and Herzegovina,bilateral,56214879.0
European Investment Bank,Bosnia and Herzegovina,multilateral,1336559243.7
United States,Bosnia and Herzegovina,bilateral,1292000.0
Kuwait,Bosnia and Herzegovina,bilateral,63240785.9
Japan,Bosnia and Herzegovina,bilateral,85497275.2
Serbia,Bosnia and Herzegovina,bilateral,3729651.0
Council of Europe,Bosnia and Herzegovina,multilateral,99226846.1
European Bank for Reconstruction and Dev. (EBRD),Bosnia and Herzegovina,multilateral,616550788.5
Bondholders,Bosnia and Herzegovina,private,621967730.6
Saudi Arabia,Bosnia and Herzegovina,bilateral,52243200.0
OPEC Fund for International Dev.,Bosnia and Herzegovina,multilateral,99169237.5
Switzerland,Bosnia and Herzegovina,bilateral,18831599.9
International Fund for Agricultural Dev.,Bosnia and Herzegovina,multilateral,49119174.9
Poland,Bosnia and Herzegovina,bilateral,7144515.3
World Bank-IDA                         ,Bosnia and Herzegovina,multilateral,507750000.0
Spain,Bosnia and Herzegovina,bilateral,9038645.3
European Union,Bosnia and Herzegovina,multilateral,129862500.0
France,Bosnia and Herzegovina,bilateral,100846749.9
Italy,Bosnia and Herzegovina,bilateral,24423177.1
Austria,Bosnia and Herzegovina,bilateral,56796452.7
World Bank-IBRD                         ,Bosnia and Herzegovina,multilateral,743296000.0
China,Bosnia and Herzegovina,bilateral,29981615.1
Hungary,Bosnia and Herzegovina,bilateral,128233066.7
"Korea, Republic of",Bosnia and Herzegovina,bilateral,43336509.5
Belgium,Bosnia and Herzegovina,bilateral,3358879.1
International Fund for Agricultural Dev.,Botswana,multilateral,236000.0
Kuwait,Botswana,bilateral,2964767.0
World Bank-IBRD                         ,Botswana,multilateral,678077000.0
OPEC Fund for International Dev.,Botswana,multilateral,136993000.0
France,Botswana,bilateral,0.0
Nordic Investment Bank,Botswana,multilateral,5912771.2
World Bank-IDA                         ,Botswana,multilateral,0.0
Arab Bank for Economic Dev. in Africa (BADEA),Botswana,multilateral,7960000.0
Japan,Botswana,bilateral,116769869.1
European Development Fund (EDF),Botswana,multilateral,1693407.0
African Dev. Bank         ,Botswana,multilateral,900971841.2
Nordic Development Fund,Botswana,multilateral,355303.8
International Finance Corporation,Brazil,multilateral,27646688.3
Spain,Brazil,private,66685000.0
Canada,Brazil,private,215524000.0
Corporacion Andina de Fomento,Brazil,multilateral,2563550953.1
Inter-American Dev. Bank      ,Brazil,multilateral,15194274000.0
Plata Basin Financial Dev. Fund,Brazil,multilateral,300078653.9
Spain,Brazil,bilateral,304519000.0
United Kingdom,Brazil,private,2322116133.5
France,Brazil,private,808092671.9
Bondholders,Brazil,private,49634461938.3
Italy,Brazil,private,11874881.9
Japan,Brazil,private,415934630.4
Japan,Brazil,bilateral,429855569.8
World Bank-IBRD                         ,Brazil,multilateral,15130827000.0
"Germany, Fed. Rep. of",Brazil,private,377020965.6
China,Brazil,private,50734000.0
France,Brazil,bilateral,1442865656.3
Luxembourg,Brazil,private,250748888.4
China,Brazil,bilateral,2594778299.9
European Investment Bank,Brazil,multilateral,269485168.8
Multiple Lenders,Brazil,private,15516656000.0
Asian Infrastructure Investment Bank,Brazil,multilateral,30000000.0
Sweden,Brazil,bilateral,2055207777.9
"Germany, Fed. Rep. of",Brazil,bilateral,556657113.3
International Fund for Agricultural Dev.,Brazil,multilateral,74838305.6
Austria,Brazil,private,7072654496.8
Cayman Islands,Brazil,private,99000.0
Netherlands,Brazil,private,72605332000.0
New Development Bank (NDB),Brazil,multilateral,2940785429.2
United States,Brazil,private,1105870347.5
Nordic Development Fund,Burkina Faso,multilateral,8602092.0
West African Development Bank - BOAD,Burkina Faso,multilateral,378749465.5
World Bank-IDA                         ,Burkina Faso,multilateral,2616134000.0
"Cote D`Ivoire, Republic Of",Burkina Faso,private,0.0
"Cote D`Ivoire, Republic Of",Burkina Faso,bilateral,46721888.8
Togo,Burkina Faso,private,46533412.7
African Dev. Bank         ,Burkina Faso,multilateral,619257895.1
Belgium,Burkina Faso,bilateral,7797983.4
China,Burkina Faso,bilateral,98843965.4
United Arab Emirates,Burkina Faso,private,0.0
Islamic Dev. Bank,Burkina Faso,multilateral,520831221.2
United Arab Emirates,Burkina Faso,bilateral,2669026.5
Japan,Burkina Faso,bilateral,6664538.8
India,Burkina Faso,bilateral,3922000.0
Saudi Arabia,Burkina Faso,bilateral,33894933.2
Austria,Burkina Faso,private,8053552.8
OPEC Fund for International Dev.,Burkina Faso,multilateral,76229000.0
France,Burkina Faso,bilateral,178870529.7
International Fund for Agricultural Dev.,Burkina Faso,multilateral,131697580.2
Libya,Burkina Faso,bilateral,6460000.0
European Investment Bank,Burkina Faso,multilateral,45301234.5
Kuwait,Burkina Faso,bilateral,38110082.9
Multiple Lenders,Burkina Faso,private,3683000.0
Spain,Burkina Faso,bilateral,1614450.6
"Germany, Fed. Rep. of",Burkina Faso,private,0.0
United States,Burkina Faso,private,0.0
Economic Community of West African States (ECOWAS),Burkina Faso,multilateral,35612043.8
France,Burkina Faso,private,39840776.1
Arab Bank for Economic Dev. in Africa (BADEA),Burkina Faso,multilateral,165153977.6
Saudi Arabia,Burundi,bilateral,69717600.0
India,Burundi,bilateral,59567000.0
European Investment Bank,Burundi,multilateral,71894996.7
International Fund for Agricultural Dev.,Burundi,multilateral,26984131.8
Libya,Burundi,bilateral,4375000.0
African Dev. Bank         ,Burundi,multilateral,26202672.8
Kuwait,Burundi,bilateral,31290794.1
China,Burundi,bilateral,37242746.1
Arab Bank for Economic Dev. in Africa (BADEA),Burundi,multilateral,70682000.0
World Bank-IDA                         ,Burundi,multilateral,109468000.0
OPEC Fund for International Dev.,Burundi,multilateral,93805000.0
Belgium,Cabo Verde,bilateral,6630259.8
Belgium,Cabo Verde,private,1105389.6
Portugal,Cabo Verde,private,408691832.1
Portugal,Cabo Verde,bilateral,134781478.9
European Investment Bank,Cabo Verde,multilateral,26504416.8
France,Cabo Verde,bilateral,36143331.0
Japan,Cabo Verde,bilateral,62355569.7
African Dev. Bank         ,Cabo Verde,multilateral,359962023.3
Spain,Cabo Verde,bilateral,26468055.3
OPEC Fund for International Dev.,Cabo Verde,multilateral,16130553.2
World Bank-IDA                         ,Cabo Verde,multilateral,581941000.0
World Bank-IBRD                         ,Cabo Verde,multilateral,34472000.0
Austria,Cabo Verde,bilateral,6296772.9
Arab Bank for Economic Dev. in Africa (BADEA),Cabo Verde,multilateral,49403000.0
Austria,Cabo Verde,private,6168988.2
Nordic Development Fund,Cabo Verde,multilateral,1068086.3
Economic Community of West African States (ECOWAS),Cabo Verde,multilateral,12175400.8
Kuwait,Cabo Verde,bilateral,9761324.8
International Fund for Agricultural Dev.,Cabo Verde,multilateral,29763927.2
China,Cabo Verde,bilateral,20699665.8
Saudi Arabia,Cabo Verde,bilateral,14639733.3
"Germany, Fed. Rep. of",Cambodia,bilateral,14828219.7
Japan,Cambodia,bilateral,1252646026.0
European Investment Bank,Cambodia,multilateral,110088735.5
OPEC Fund for International Dev.,Cambodia,multilateral,14369000.0
International Fund for Agricultural Dev.,Cambodia,multilateral,167074924.0
"Korea, Republic of",Cambodia,bilateral,672022017.2
Asian Infrastructure Investment Bank,Cambodia,multilateral,53902000.0
Asian Dev. Bank   ,Cambodia,multilateral,2572017000.0
Russian Federation,Cambodia,bilateral,457776000.0
World Bank-IDA                         ,Cambodia,multilateral,1654182000.0
Viet Nam,Cambodia,bilateral,8326000.0
United States,Cambodia,bilateral,162269000.0
Thailand,Cambodia,bilateral,54490245.1
Nordic Development Fund,Cambodia,multilateral,7312817.1
France,Cambodia,bilateral,641891812.3
China,Cambodia,bilateral,4067674232.1
India,Cambodia,bilateral,7096000.0
Saudi Arabia,Cameroon,bilateral,10700533.4
Kuwait,Cameroon,bilateral,15330410.9
China,Cameroon,bilateral,3236293722.7
African Dev. Bank         ,Cameroon,multilateral,1786743993.1
United States,Cameroon,bilateral,25933000.0
France,Cameroon,private,10410816.9
International Fund for Agricultural Dev.,Cameroon,multilateral,109994131.7
China,Cameroon,private,68899000.0
United States,Cameroon,private,0.0
France,Cameroon,bilateral,954224455.5
Arab Bank for Economic Dev. in Africa (BADEA),Cameroon,multilateral,64216293.0
Dev. Bank of the Central African States (BDEAC),Cameroon,multilateral,34237451.6
United Arab Emirates,Cameroon,bilateral,0.0
European Development Fund (EDF),Cameroon,multilateral,5336829.3
United Kingdom,Cameroon,private,702164566.3
Belgium,Cameroon,private,43060327.2
Belgium,Cameroon,bilateral,9435289.8
Japan,Cameroon,bilateral,74701563.9
Turkiye,Cameroon,bilateral,84927000.0
"Germany, Fed. Rep. of",Cameroon,bilateral,22561791.3
European Investment Bank,Cameroon,multilateral,24193903.2
United Arab Emirates,Cameroon,private,67570056.0
OPEC Fund for International Dev.,Cameroon,multilateral,9759000.0
Switzerland,Cameroon,bilateral,305377.3
Bondholders,Cameroon,private,777479500.0
India,Cameroon,bilateral,126473000.0
Spain,Cameroon,bilateral,1395242.7
Austria,Cameroon,private,14240202.3
World Bank-IBRD                         ,Cameroon,multilateral,541936000.0
World Bank-IDA                         ,Cameroon,multilateral,2323469000.0
African Export-Import Bank,Cameroon,multilateral,331885000.0
Norway,Cameroon,bilateral,20382179.1
Islamic Dev. Bank,Cameroon,multilateral,837405659.6
"Korea, Republic of",Cameroon,bilateral,65868247.6
"Germany, Fed. Rep. of",Cameroon,private,72991591.4
Spain,Cameroon,private,42014154.900000006
Russian Federation,Central African Republic,private,252000.0
Serbia,Central African Republic,private,981000.0
Dev. Bank of the Central African States (BDEAC),Central African Republic,multilateral,10818104.9
Equatorial Guinea,Central African Republic,bilateral,4751378.5
China,Central African Republic,bilateral,19180184.1
Mali,Central African Republic,bilateral,53.8
Argentina,Central African Republic,bilateral,10408000.0
Arab Bank for Economic Dev. in Africa (BADEA),Central African Republic,multilateral,15201000.0
Libya,Central African Republic,bilateral,11105841.0
Angola,Central African Republic,bilateral,20000000.0
OPEC Fund for International Dev.,Central African Republic,multilateral,9300000.0
Kuwait,Central African Republic,bilateral,20568274.1
Senegal,Central African Republic,bilateral,240.7
World Bank-IDA                         ,Central African Republic,multilateral,116762000.0
Iraq,Central African Republic,bilateral,2652000.0
"Congo, Rep.",Central African Republic,bilateral,253.4
International Fund for Agricultural Dev.,Central African Republic,multilateral,13689501.2
Chad,Central African Republic,bilateral,372.2
Saudi Arabia,Central African Republic,bilateral,72002400.0
India,Central African Republic,bilateral,42829000.0
France,Central African Republic,private,345953.7
Cameroon,Central African Republic,bilateral,479.9
France,Central African Republic,bilateral,3167606.1
Multiple Lenders,Central African Republic,bilateral,60000000.0
"Cote D`Ivoire, Republic Of",Central African Republic,bilateral,205.9
Benin,Central African Republic,bilateral,68245.6
African Dev. Bank         ,Central African Republic,multilateral,4693580.6
European Investment Bank,Chad,multilateral,15583500.0
Arab Fund for Economic & Social Development,Chad,multilateral,299000.0
Saudi Arabia,Chad,bilateral,50981866.7
Saudi Arabia,Chad,private,2500000.0
Belgium,Chad,bilateral,14237085.6
International Fund for Agricultural Dev.,Chad,multilateral,15058745.4
Equatorial Guinea,Chad,bilateral,23756892.6
China,Chad,bilateral,208267677.9
United Arab Emirates,Chad,bilateral,650000000.0
Arab Bank for Economic Dev. in Africa (BADEA),Chad,multilateral,85094000.0
World Bank-IDA                         ,Chad,multilateral,139732000.0
Dev. Bank of the Central African States (BDEAC),Chad,multilateral,267219363.5
Kuwait,Chad,bilateral,11631758.4
France,Chad,bilateral,96117989.1
Cameroon,Chad,bilateral,22625610.0
United Kingdom,Chad,private,190837000.0
Multiple Lenders,Chad,bilateral,8000000.0
India,Chad,bilateral,34427000.0
Angola,Chad,bilateral,74603000.0
OPEC Fund for International Dev.,Chad,multilateral,23808000.0
Libya,Chad,bilateral,245780000.0
African Dev. Bank         ,Chad,multilateral,108394453.8
"Congo, Rep.",Chad,bilateral,49572715.9
Islamic Dev. Bank,Chad,multilateral,105209708.1
"Germany, Fed. Rep. of",China,bilateral,172752032.1
United States,China,private,8699000.0
World Bank-IBRD                         ,China,multilateral,14685262000.0
"Germany, Fed. Rep. of",China,private,0.0
Spain,China,bilateral,16528034.1
European Investment Bank,China,multilateral,543122375.4
Multiple Lenders,China,private,126515238475.5
France,China,bilateral,5654732.7
France,China,private,345425.2
Japan,China,private,10130000.0
Spain,China,private,3609603.5
Japan,China,bilateral,4451394829.3
Multiple Lenders,China,bilateral,5615525000.0
Kuwait,China,bilateral,915606429.6
World Bank-IDA                         ,China,multilateral,1421000.0
Bondholders,China,private,333548462739.7
Belgium,China,private,660633.0
Netherlands,China,bilateral,0.0
United Kingdom,China,private,9029000.0
Italy,China,private,0.0
Canada,China,bilateral,130932589.4
Denmark,China,private,0.0
Asian Dev. Bank   ,China,multilateral,17478157000.0
Central American Bank for Econ. Integration (BCIE),Colombia,multilateral,500000000.0
International Fund for Agricultural Dev.,Colombia,multilateral,22112756.3
OPEC Fund for International Dev.,Colombia,multilateral,158667000.0
Nordic Development Fund,Colombia,multilateral,535000.0
Inter-American Dev. Bank      ,Colombia,multilateral,11838717000.0
France,Colombia,private,11750000.0
"Korea, Republic of",Colombia,bilateral,24955000.0
Peru,Colombia,private,53000000.0
"Korea, Republic of",Colombia,private,9000000.0
"Germany, Fed. Rep. of",Colombia,bilateral,1812915979.9
"Germany, Fed. Rep. of",Colombia,private,21340000.0
Japan,Colombia,private,139075000.0
France,Colombia,bilateral,2711955180.4
Japan,Colombia,bilateral,13334000.0
Panama,Colombia,private,81275000.0
European Investment Bank,Colombia,multilateral,0.0
International Finance Corporation,Colombia,multilateral,111084801.3
Corporacion Andina de Fomento,Colombia,multilateral,3569278000.0
Brazil,Colombia,bilateral,92393000.0
World Bank-IBRD                         ,Colombia,multilateral,16238346000.0
Bondholders,Colombia,private,61780620171.4
Switzerland,Colombia,private,1113941000.0
Spain,Colombia,bilateral,10971000.0
United States,Colombia,private,5938917710.8
United States,Colombia,bilateral,370575000.0
Arab Bank for Economic Dev. in Africa (BADEA),Comoros,multilateral,28347000.0
France,Comoros,bilateral,2160912.0
Eastern & Southern African Trade & Dev. Bank (TDB),Comoros,multilateral,14303575.2
China,Comoros,bilateral,89859025.7
India,Comoros,bilateral,28883000.0
Islamic Dev. Bank,Comoros,multilateral,13814696.5
World Bank-IDA                         ,Comoros,multilateral,56828000.0
Saudi Arabia,Comoros,bilateral,38897866.7
Kuwait,Comoros,bilateral,22666017.2
Bahrain,Comoros,private,0.0
African Dev. Bank         ,Comoros,multilateral,13986843.8
OPEC Fund for International Dev.,Comoros,multilateral,6569000.0
International Fund for Agricultural Dev.,Comoros,multilateral,7658766.9
Kuwait,"Congo, Dem. Rep.",bilateral,29866960.4
United Kingdom,"Congo, Dem. Rep.",private,0.0
International Fund for Agricultural Dev.,"Congo, Dem. Rep.",multilateral,5133000.0
Islamic Dev. Bank,"Congo, Dem. Rep.",multilateral,205363000.0
Uganda,"Congo, Dem. Rep.",private,681000.0
India,"Congo, Dem. Rep.",bilateral,122850000.0
China,"Congo, Dem. Rep.",bilateral,3520536189.8
Netherlands,"Congo, Dem. Rep.",private,30000000.0
Panama,"Congo, Dem. Rep.",private,0.0
Greece,"Congo, Dem. Rep.",bilateral,2032000.0
Dev. Bank of the Central African States (BDEAC),"Congo, Dem. Rep.",multilateral,4949190.9
Greece,"Congo, Dem. Rep.",private,446000.0
"Cote D`Ivoire, Republic Of","Congo, Dem. Rep.",private,20000000.0
European Investment Bank,"Congo, Dem. Rep.",multilateral,34157993.1
France,"Congo, Dem. Rep.",bilateral,8816105.4
Arab Bank for Economic Dev. in Africa (BADEA),"Congo, Dem. Rep.",multilateral,26933000.0
Angola,"Congo, Dem. Rep.",bilateral,20000000.0
World Bank-IDA                         ,"Congo, Dem. Rep.",multilateral,3452865000.0
Belgium,"Congo, Dem. Rep.",private,19409000.0
Namibia,"Congo, Dem. Rep.",bilateral,1146769.0
African Dev. Bank         ,"Congo, Dem. Rep.",multilateral,326320566.6
"Korea, Republic of","Congo, Dem. Rep.",bilateral,51411146.3
Saudi Arabia,"Congo, Dem. Rep.",bilateral,10271200.0
OPEC Fund for International Dev.,"Congo, Dem. Rep.",multilateral,31443000.0
Romania,"Congo, Dem. Rep.",bilateral,254000.0
United States,"Congo, Dem. Rep.",private,0.0
France,"Congo, Rep.",private,4491597.7
Turkiye,"Congo, Rep.",private,0.0
China,"Congo, Rep.",bilateral,1592656609.1
China,"Congo, Rep.",private,1380691000.0
Kuwait,"Congo, Rep.",bilateral,53937327.6
Dev. Bank of the Central African States (BDEAC),"Congo, Rep.",multilateral,72861146.3
European Development Fund (EDF),"Congo, Rep.",multilateral,1694445.9
Switzerland,"Congo, Rep.",private,0.0
Saudi Arabia,"Congo, Rep.",bilateral,78802666.7
Libya,"Congo, Rep.",bilateral,7000000.0
Bondholders,"Congo, Rep.",private,158865000.0
Angola,"Congo, Rep.",bilateral,28636000.0
Netherlands,"Congo, Rep.",private,175000000.0
OPEC Fund for International Dev.,"Congo, Rep.",multilateral,2535000.0
World Bank-IBRD                         ,"Congo, Rep.",multilateral,221576000.0
European Investment Bank,"Congo, Rep.",multilateral,197391.0
World Bank-IDA                         ,"Congo, Rep.",multilateral,523900000.0
European Economic Community (EEC),"Congo, Rep.",multilateral,0.0
African Export-Import Bank,"Congo, Rep.",multilateral,0.0
African Dev. Bank         ,"Congo, Rep.",multilateral,483809168.7
India,"Congo, Rep.",bilateral,78021000.0
Brazil,"Congo, Rep.",bilateral,75685000.0
Arab Bank for Economic Dev. in Africa (BADEA),"Congo, Rep.",multilateral,9607000.0
France,"Congo, Rep.",bilateral,212273242.5
United Arab Emirates,"Congo, Rep.",bilateral,9534377.1
United Arab Emirates,"Congo, Rep.",private,371926.2
Belgium,"Congo, Rep.",bilateral,75005463.3
International Fund for Agricultural Dev.,"Congo, Rep.",multilateral,21844255.0
Russian Federation,"Congo, Rep.",bilateral,31939000.0
Turkiye,"Congo, Rep.",bilateral,33401673.9
Asian Infrastructure Investment Bank,Cote d'Ivoire,multilateral,99032103.6
United States,Cote d'Ivoire,bilateral,954000.0
United States,Cote d'Ivoire,private,136355625.0
"Germany, Fed. Rep. of",Cote d'Ivoire,private,455218968.6
Japan,Cote d'Ivoire,bilateral,239451005.4
South Africa,Cote d'Ivoire,private,75840738.9
South Africa,Cote d'Ivoire,bilateral,73810728.3
Belgium,Cote d'Ivoire,private,285172855.5
"Korea, Republic of",Cote d'Ivoire,bilateral,35171000.0
Russian Federation,Cote d'Ivoire,private,15514932.6
Spain,Cote d'Ivoire,bilateral,14370064.8
West African Development Bank - BOAD,Cote d'Ivoire,multilateral,388747443.3
Czechia,Cote d'Ivoire,private,104701380.9
"Germany, Fed. Rep. of",Cote d'Ivoire,bilateral,224500056.6
United Kingdom,Cote d'Ivoire,private,1189718151.9
Economic Community of West African States (ECOWAS),Cote d'Ivoire,multilateral,195360613.6
France,Cote d'Ivoire,private,2607991187.1
France,Cote d'Ivoire,bilateral,1278558646.5
Japan,Cote d'Ivoire,private,846992314.2
Kuwait,Cote d'Ivoire,bilateral,36691021.3
Austria,Cote d'Ivoire,bilateral,0.0
Mauritius,Cote d'Ivoire,private,9948506.4
Africa Finance Corporation,Cote d'Ivoire,private,170930733.0
Saudi Arabia,Cote d'Ivoire,bilateral,24254737.2
China,Cote d'Ivoire,private,338079876.9
China,Cote d'Ivoire,bilateral,3771748998.2
United Arab Emirates,Cote d'Ivoire,private,25897699.2
Bondholders,Cote d'Ivoire,private,10612870429.4
India,Cote d'Ivoire,bilateral,130239000.0
United Arab Emirates,Cote d'Ivoire,bilateral,0.0
Israel,Cote d'Ivoire,private,319056579.0
Islamic Dev. Bank,Cote d'Ivoire,multilateral,850006368.4
Arab Bank for Economic Dev. in Africa (BADEA),Cote d'Ivoire,multilateral,97679000.0
European Investment Bank,Cote d'Ivoire,multilateral,134462749.2
African Dev. Bank         ,Cote d'Ivoire,multilateral,1383725964.7
International Fund for Agricultural Dev.,Cote d'Ivoire,multilateral,39462764.5
OPEC Fund for International Dev.,Cote d'Ivoire,multilateral,158591000.0
African Export-Import Bank,Cote d'Ivoire,multilateral,0.0
World Bank-IBRD                         ,Cote d'Ivoire,multilateral,161496000.0
World Bank-IDA                         ,Cote d'Ivoire,multilateral,4716407000.0
Morocco,Cote d'Ivoire,private,0.0
"Iran, Islamic Republic Of",Djibouti,bilateral,9204654.0
Netherlands,Djibouti,bilateral,78255142.5
OPEC Fund for International Dev.,Djibouti,multilateral,23444000.0
European Investment Bank,Djibouti,multilateral,232713.6
African Export-Import Bank,Djibouti,multilateral,141663000.0
India,Djibouti,bilateral,38571000.0
World Bank-IDA                         ,Djibouti,multilateral,295538000.0
Islamic Dev. Bank,Djibouti,multilateral,129158054.1
Kuwait,Djibouti,bilateral,163263516.8
African Dev. Bank         ,Djibouti,multilateral,109311260.5
Spain,Djibouti,bilateral,3904000.0
Saudi Arabia,Djibouti,bilateral,102756533.3
Belgium,Djibouti,bilateral,279464.1
Turkiye,Djibouti,bilateral,6954000.0
China,Djibouti,bilateral,1412431582.2
Italy,Djibouti,bilateral,47696937.9
Arab Fund for Economic & Social Development,Djibouti,multilateral,197068197.4
International Fund for Agricultural Dev.,Djibouti,multilateral,21015860.9
United Arab Emirates,Djibouti,bilateral,11748672.6
France,Djibouti,bilateral,2040399.6
International Fund for Agricultural Dev.,Dominica,multilateral,220398.8
Caribbean Dev. Bank,Dominica,multilateral,98099588.0
Kuwait,Dominica,bilateral,0.0
OPEC Fund for International Dev.,Dominica,multilateral,9643000.0
World Bank-IDA                         ,Dominica,multilateral,166614000.0
Belize,Dominica,bilateral,1000000.0
Bondholders,Dominica,private,25093999.9
European Investment Bank,Dominica,multilateral,599000.0
Grenada,Dominica,private,0.0
France,Dominica,bilateral,8589956.3
"Venezuela, Republic Bolivarian",Dominica,bilateral,4018000.0
St. Vincent & The Grenadines,Dominica,private,0.0
Trinidad & Tobago,Dominica,private,3505185.2
Multiple Lenders,Dominica,bilateral,131000.0
China,Dominica,bilateral,17067486.8
St. Kitts And Nevis,Dominica,private,0.0
Saudi Arabia,Dominica,bilateral,0.0
United Kingdom,Dominica,bilateral,1142000.0
Barbados,Dominica,private,582222.2
United States,Dominica,private,2465925.9
Barbados,Dominica,bilateral,0.0
St. Lucia,Dominica,private,336296.3
Caribbean Community (CARICOM),Dominica,multilateral,499000.0
International Fund for Agricultural Dev.,Dominican Republic,multilateral,20139273.0
France,Dominican Republic,private,37279887.6
France,Dominican Republic,bilateral,1269716232.5
European Investment Bank,Dominican Republic,multilateral,23795000.0
United Kingdom,Dominican Republic,private,48903000.0
Bondholders,Dominican Republic,private,30459217425.0
Central American Bank for Econ. Integration (BCIE),Dominican Republic,multilateral,724297000.0
Italy,Dominican Republic,private,139052000.0
Brazil,Dominican Republic,bilateral,29817000.0
Japan,Dominican Republic,bilateral,200044685.6
Norway,Dominican Republic,bilateral,0.0
Inter-American Dev. Bank      ,Dominican Republic,multilateral,4211829000.0
Nordic Development Fund,Dominican Republic,multilateral,3711544.6
"Venezuela, Republic Bolivarian",Dominican Republic,bilateral,61701000.0
World Bank-IBRD                         ,Dominican Republic,multilateral,1929510000.0
China,Dominican Republic,bilateral,303000.0
Spain,Dominican Republic,private,67191651.0
"Germany, Fed. Rep. of",Dominican Republic,bilateral,16633827.9
Belgium,Dominican Republic,private,1082533.8
OPEC Fund for International Dev.,Dominican Republic,multilateral,117165000.0
Denmark,Dominican Republic,private,0.0
Canada,Dominican Republic,bilateral,135699.4
Corporacion Andina de Fomento,Dominican Republic,multilateral,442637000.0
"Korea, Republic of",Dominican Republic,bilateral,23273942.8
Spain,Dominican Republic,bilateral,78132664.8
Finland,East Asia & Pacific (excluding high income),private,33676511.9
Malaysia,East Asia & Pacific (excluding high income),private,50000000.0
United Arab Emirates,East Asia & Pacific (excluding high income),bilateral,0.0
Malaysia,East Asia & Pacific (excluding high income),bilateral,42000000.0
European Economic Community (EEC),East Asia & Pacific (excluding high income),multilateral,5612475.5
Poland,East Asia & Pacific (excluding high income),bilateral,85684316.4
Multiple Lenders,East Asia & Pacific (excluding high income),private,127023248948.4
Spain,East Asia & Pacific (excluding high income),private,43869248.0
United Kingdom,East Asia & Pacific (excluding high income),private,475562545.6
United Kingdom,East Asia & Pacific (excluding high income),bilateral,34145868.1
Austria,East Asia & Pacific (excluding high income),private,549544855.2
Austria,East Asia & Pacific (excluding high income),bilateral,189222129.3
Spain,East Asia & Pacific (excluding high income),bilateral,163559303.8
Multiple Lenders,East Asia & Pacific (excluding high income),bilateral,5617230000.0
Australia,East Asia & Pacific (excluding high income),private,101915281.0
Australia,East Asia & Pacific (excluding high income),bilateral,2708375411.1
Belarus,East Asia & Pacific (excluding high income),bilateral,10771315.2
Finland,East Asia & Pacific (excluding high income),bilateral,1320441.9
"Germany, Fed. Rep. of",East Asia & Pacific (excluding high income),private,221758399.5
France,East Asia & Pacific (excluding high income),private,4142018306.1
Viet Nam,East Asia & Pacific (excluding high income),bilateral,121641000.0
Singapore,East Asia & Pacific (excluding high income),private,1337833692.4
Norway,East Asia & Pacific (excluding high income),bilateral,60996000.0
Denmark,East Asia & Pacific (excluding high income),bilateral,9506973.9
Italy,East Asia & Pacific (excluding high income),private,17502348.3
Italy,East Asia & Pacific (excluding high income),bilateral,57699467.1
Hong Kong,East Asia & Pacific (excluding high income),private,1447084219.7
Denmark,East Asia & Pacific (excluding high income),private,4072488.0
World Bank-IBRD                         ,East Asia & Pacific (excluding high income),multilateral,53653591000.0
Sweden,East Asia & Pacific (excluding high income),private,8571000.0
Hungary,East Asia & Pacific (excluding high income),bilateral,207060781.6
Sweden,East Asia & Pacific (excluding high income),bilateral,156335905.2
Israel,East Asia & Pacific (excluding high income),private,7142000.0
Algeria,East Asia & Pacific (excluding high income),bilateral,19061000.0
China,East Asia & Pacific (excluding high income),private,1326816849.6
China,East Asia & Pacific (excluding high income),bilateral,15749952287.2
India,East Asia & Pacific (excluding high income),bilateral,522983774.9
OPEC Fund for International Dev.,East Asia & Pacific (excluding high income),multilateral,145547000.0
Islamic Dev. Bank,East Asia & Pacific (excluding high income),multilateral,1099082385.0
Serbia,East Asia & Pacific (excluding high income),private,33421000.0
World Bank-IDA                         ,East Asia & Pacific (excluding high income),multilateral,17646231000.0
Saudi Arabia,East Asia & Pacific (excluding high income),bilateral,125539999.9
Bondholders,East Asia & Pacific (excluding high income),private,580997888959.5
Cayman Islands,East Asia & Pacific (excluding high income),private,2788750721.4
International Fund for Agricultural Dev.,East Asia & Pacific (excluding high income),multilateral,921729768.0
France,East Asia & Pacific (excluding high income),bilateral,4188428534.2
Japan,East Asia & Pacific (excluding high income),private,1254926000.0
Japan,East Asia & Pacific (excluding high income),bilateral,39322741322.7
Switzerland,East Asia & Pacific (excluding high income),bilateral,14323965.5
Czechia,East Asia & Pacific (excluding high income),bilateral,152906000.0
Czechia,East Asia & Pacific (excluding high income),private,247861800.9
Kuwait,East Asia & Pacific (excluding high income),bilateral,988335768.8
Netherlands,East Asia & Pacific (excluding high income),bilateral,15433898.4
Asian Infrastructure Investment Bank,East Asia & Pacific (excluding high income),multilateral,6492554342.4
Netherlands,East Asia & Pacific (excluding high income),private,104696186.4
"Korea, Republic of",East Asia & Pacific (excluding high income),private,9562000.0
"Korea, Republic of",East Asia & Pacific (excluding high income),bilateral,3879292928.3
Asian Dev. Bank   ,East Asia & Pacific (excluding high income),multilateral,64270856000.0
United States,East Asia & Pacific (excluding high income),bilateral,262065000.0
United States,East Asia & Pacific (excluding high income),private,432734000.0
European Development Fund (EDF),East Asia & Pacific (excluding high income),multilateral,15172568.5
Nordic Investment Bank,East Asia & Pacific (excluding high income),multilateral,1032000.0
Canada,East Asia & Pacific (excluding high income),bilateral,153555414.8
Belgium,East Asia & Pacific (excluding high income),bilateral,16223462.4
Russian Federation,East Asia & Pacific (excluding high income),bilateral,2161617000.0
Belgium,East Asia & Pacific (excluding high income),private,6275887.5
"Korea, D.P.R. of",East Asia & Pacific (excluding high income),bilateral,0.0
European Bank for Reconstruction and Dev. (EBRD),East Asia & Pacific (excluding high income),multilateral,101403000.0
Thailand,East Asia & Pacific (excluding high income),private,12647000.0
"Germany, Fed. Rep. of",East Asia & Pacific (excluding high income),bilateral,4967671083.4
European Investment Bank,East Asia & Pacific (excluding high income),multilateral,964274384.0
Thailand,East Asia & Pacific (excluding high income),bilateral,756483063.4
Nordic Development Fund,East Asia & Pacific (excluding high income),multilateral,109344478.3
Canada,East Asia & Pacific (excluding high income),private,0.0
Belgium,Ecuador,bilateral,1490821.5
Norway,Ecuador,bilateral,187002.0
Bondholders,Ecuador,private,14496740000.0
European Investment Bank,Ecuador,multilateral,529085167.0
Asian Infrastructure Investment Bank,Ecuador,multilateral,50000000.0
France,Ecuador,bilateral,870912929.0
Ireland,Ecuador,private,1656022000.0
Russian Federation,Ecuador,bilateral,80090000.0
Canada,Ecuador,bilateral,56316631.9
United States,Ecuador,bilateral,3337000.0
"Korea, Republic of",Ecuador,bilateral,72850642.9
Japan,Ecuador,private,0.0
Japan,Ecuador,bilateral,235871521.9
International Fund for Agricultural Dev.,Ecuador,multilateral,43174037.7
Inter-American Dev. Bank      ,Ecuador,multilateral,8983731000.0
Colombia,Ecuador,private,308000000.0
Italy,Ecuador,private,404132.1
United Kingdom,Ecuador,private,23167066.8
Italy,Ecuador,bilateral,9083102.7
Corporacion Andina de Fomento,Ecuador,multilateral,4068088000.0
"Germany, Fed. Rep. of",Ecuador,bilateral,18402035.7
Austria,Ecuador,private,12531211.8
Spain,Ecuador,private,22227000.0
China,Ecuador,bilateral,2712107438.8
World Bank-IBRD                         ,Ecuador,multilateral,6284835000.0
Spain,Ecuador,bilateral,216473114.9
"Germany, Fed. Rep. of","Egypt, Arab Rep.",private,197373260.9
African Dev. Bank         ,"Egypt, Arab Rep.",multilateral,2621534914.6
African Export-Import Bank,"Egypt, Arab Rep.",multilateral,3755625000.0
Islamic Dev. Bank,"Egypt, Arab Rep.",multilateral,1203134562.3
Switzerland,"Egypt, Arab Rep.",private,272729950.2
Switzerland,"Egypt, Arab Rep.",bilateral,0.0
International Finance Corporation,"Egypt, Arab Rep.",multilateral,254750000.0
Japan,"Egypt, Arab Rep.",private,0.0
China,"Egypt, Arab Rep.",bilateral,3582890244.3
China,"Egypt, Arab Rep.",private,2323994000.0
Japan,"Egypt, Arab Rep.",bilateral,2449322534.5
Hungary,"Egypt, Arab Rep.",bilateral,721462027.2
World Bank-IBRD                         ,"Egypt, Arab Rep.",multilateral,12194251000.0
Arab Fund for Economic & Social Development,"Egypt, Arab Rep.",multilateral,2116795369.5
Denmark,"Egypt, Arab Rep.",private,316864.5
Italy,"Egypt, Arab Rep.",private,403231373.7
"Germany, Fed. Rep. of","Egypt, Arab Rep.",bilateral,3494553124.5
Denmark,"Egypt, Arab Rep.",bilateral,11707149.8
Italy,"Egypt, Arab Rep.",bilateral,31166430.4
Hong Kong,"Egypt, Arab Rep.",private,300000000.0
OPEC Fund for International Dev.,"Egypt, Arab Rep.",multilateral,300957000.0
Arab Monetary Fund,"Egypt, Arab Rep.",multilateral,930471987.7
Russian Federation,"Egypt, Arab Rep.",bilateral,4082204296.7
Saudi Arabia,"Egypt, Arab Rep.",bilateral,6488493599.8
Multiple Lenders,"Egypt, Arab Rep.",private,7116245885.3
Multiple Lenders,"Egypt, Arab Rep.",multilateral,83992000.0
UN-General Assembly (UNGA),"Egypt, Arab Rep.",multilateral,3571000.0
United Arab Emirates,"Egypt, Arab Rep.",bilateral,90711553.4
United Arab Emirates,"Egypt, Arab Rep.",private,3619099000.0
European Union,"Egypt, Arab Rep.",multilateral,1038900000.0
Luxembourg,"Egypt, Arab Rep.",private,63826000.0
Bahrain,"Egypt, Arab Rep.",private,514350325.7
Austria,"Egypt, Arab Rep.",private,20670993.3
Spain,"Egypt, Arab Rep.",private,134018.1
Spain,"Egypt, Arab Rep.",bilateral,284444556.6
International Fund for Agricultural Dev.,"Egypt, Arab Rep.",multilateral,126669207.5
United Kingdom,"Egypt, Arab Rep.",bilateral,50000000.0
European Investment Bank,"Egypt, Arab Rep.",multilateral,4121052277.4
United Kingdom,"Egypt, Arab Rep.",private,522328000.0
France,"Egypt, Arab Rep.",private,1808633848.8
European Bank for Reconstruction and Dev. (EBRD),"Egypt, Arab Rep.",multilateral,1364832835.9
Belgium,"Egypt, Arab Rep.",private,62877000.0
Africa Finance Corporation,"Egypt, Arab Rep.",private,1000000000.0
Canada,"Egypt, Arab Rep.",bilateral,317179297.6
United States,"Egypt, Arab Rep.",private,574500000.0
United States,"Egypt, Arab Rep.",bilateral,94749000.0
France,"Egypt, Arab Rep.",bilateral,1574585180.3
World Bank-IDA                         ,"Egypt, Arab Rep.",multilateral,100810000.0
South Africa,"Egypt, Arab Rep.",private,500000000.0
Netherlands,"Egypt, Arab Rep.",bilateral,14584078.2
"Korea, Republic of","Egypt, Arab Rep.",bilateral,426565721.2
Bondholders,"Egypt, Arab Rep.",private,27307602259.0
Asian Infrastructure Investment Bank,"Egypt, Arab Rep.",multilateral,536071000.0
Kuwait,"Egypt, Arab Rep.",bilateral,5850930345.7
Inter-American Dev. Bank      ,El Salvador,multilateral,2289599000.0
World Bank-IDA                         ,El Salvador,multilateral,360000.0
European Investment Bank,El Salvador,multilateral,18571000.0
Italy,El Salvador,bilateral,12466800.0
Japan,El Salvador,bilateral,161228992.6
"Germany, Fed. Rep. of",El Salvador,private,11040390.3
"Germany, Fed. Rep. of",El Salvador,bilateral,67685114.6
United States,El Salvador,private,1000000000.0
United States,El Salvador,bilateral,11246000.0
France,El Salvador,private,15154434.3
World Bank-IBRD                         ,El Salvador,multilateral,918459000.0
Bondholders,El Salvador,private,6217318000.0
International Fund for Agricultural Dev.,El Salvador,multilateral,38394603.6
China,El Salvador,bilateral,0.0
China,El Salvador,private,0.0
OPEC Fund for International Dev.,El Salvador,multilateral,56516000.0
Panama,El Salvador,private,0.0
Corporacion Andina de Fomento,El Salvador,multilateral,438283000.0
Central American Bank for Econ. Integration (BCIE),El Salvador,multilateral,2811867000.0
Spain,El Salvador,bilateral,61611757.6
Saudi Arabia,El Salvador,bilateral,0.0
China,Equatorial Guinea,bilateral,829399049.0
Arab Bank for Economic Dev. in Africa (BADEA),Equatorial Guinea,multilateral,2000000.0
World Bank-IDA                         ,Equatorial Guinea,multilateral,12491000.0
International Fund for Agricultural Dev.,Equatorial Guinea,multilateral,734227.8
Spain,Equatorial Guinea,bilateral,0.0
Russian Federation,Equatorial Guinea,bilateral,29000.0
African Dev. Bank         ,Equatorial Guinea,multilateral,51145551.9
African Dev. Bank         ,Eritrea,multilateral,79570470.3
China,Eritrea,bilateral,3407533.7
Arab Bank for Economic Dev. in Africa (BADEA),Eritrea,multilateral,2694300.0
OPEC Fund for International Dev.,Eritrea,multilateral,1174933.3
Italy,Eritrea,bilateral,42555454.5
World Bank-IDA                         ,Eritrea,multilateral,407398000.0
United States,Eritrea,bilateral,8455916.6
India,Eritrea,bilateral,1657200.0
Kuwait,Eritrea,bilateral,-129891.3
United Arab Emirates,Eritrea,bilateral,5331735.9
Saudi Arabia,Eritrea,bilateral,3183750.0
International Fund for Agricultural Dev.,Eritrea,multilateral,26579606.0
World Bank-IDA                         ,Eswatini,multilateral,0.0
Italy,Eswatini,bilateral,8142898.2
OPEC Fund for International Dev.,Eswatini,multilateral,15772000.0
Nigeria,Eswatini,bilateral,1690290.3
Japan,Eswatini,bilateral,18391318.2
Multiple Lenders,Eswatini,bilateral,3241000.0
Arab Bank for Economic Dev. in Africa (BADEA),Eswatini,multilateral,23057000.0
"Germany, Fed. Rep. of",Eswatini,bilateral,1891836.9
Arab African International Bank,Eswatini,multilateral,4885000.0
United Arab Emirates,Eswatini,bilateral,4434581.3
World Bank-IBRD                         ,Eswatini,multilateral,221826000.0
Bondholders,Eswatini,private,21340200.0
China,Eswatini,bilateral,212983000.0
United Kingdom,Eswatini,private,8002575.0
European Development Fund (EDF),Eswatini,multilateral,147523.8
Kuwait,Eswatini,bilateral,20957947.7
International Fund for Agricultural Dev.,Eswatini,multilateral,12626150.8
African Dev. Bank         ,Eswatini,multilateral,252227462.0
South Africa,Eswatini,bilateral,916134.8
India,Eswatini,bilateral,553000.0
European Investment Bank,Eswatini,multilateral,33833856.3
United Arab Emirates,Ethiopia,private,916000.0
European Investment Bank,Ethiopia,multilateral,167621320.5
Egypt,Ethiopia,private,82000.0
United Arab Emirates,Ethiopia,bilateral,3008305.0
Multiple Lenders,Ethiopia,bilateral,4000000000.0
China,Ethiopia,private,1399838000.0
Nordic Development Fund,Ethiopia,multilateral,6619870.8
Israel,Ethiopia,private,88711000.0
China,Ethiopia,bilateral,6041153598.4
Poland,Ethiopia,bilateral,92000000.0
Italy,Ethiopia,bilateral,244982600.6
United Kingdom,Ethiopia,private,118705000.0
Bulgaria,Ethiopia,bilateral,8066000.0
France,Ethiopia,bilateral,219380357.4
France,Ethiopia,private,168341000.0
Czechia,Ethiopia,bilateral,65279.9
Kuwait,Ethiopia,bilateral,73170969.4
"Korea, Republic of",Ethiopia,bilateral,384180172.1
Arab Bank for Economic Dev. in Africa (BADEA),Ethiopia,multilateral,88698000.0
South Africa,Ethiopia,private,59972000.0
Turkiye,Ethiopia,bilateral,150000000.0
United States,Ethiopia,bilateral,344441061.6
United States,Ethiopia,private,1581284190.8
"Germany, Fed. Rep. of",Ethiopia,bilateral,8559497.1
Libya,Ethiopia,bilateral,237287000.0
Japan,Ethiopia,bilateral,50628790.3
Italy,Ethiopia,private,353374623.5
Russian Federation,Ethiopia,bilateral,162200000.0
Canada,Ethiopia,bilateral,0.0
Japan,Ethiopia,private,252928000.0
Sweden,Ethiopia,private,85230000.0
OPEC Fund for International Dev.,Ethiopia,multilateral,66715414.4
Denmark,Ethiopia,private,102873955.8
Switzerland,Ethiopia,private,454617000.0
Saudi Arabia,Ethiopia,bilateral,103046133.3
Serbia,Ethiopia,private,4203000.0
African Dev. Bank         ,Ethiopia,multilateral,2213312084.6
World Bank-IDA                         ,Ethiopia,multilateral,12761932000.0
Bondholders,Ethiopia,private,1000000000.0
India,Ethiopia,private,18490405.3
Serbia,Ethiopia,bilateral,101332000.0
Nordic Investment Bank,Ethiopia,multilateral,11840238.3
India,Ethiopia,bilateral,302103000.0
International Fund for Agricultural Dev.,Ethiopia,multilateral,415943306.5
Eastern & Southern African Trade & Dev. Bank (TDB),Ethiopia,multilateral,2397000.0
Luxembourg,Europe & Central Asia (excluding high income),private,255577794.2
"Iran, Islamic Republic Of",Europe & Central Asia (excluding high income),bilateral,839000.0
Belgium,Europe & Central Asia (excluding high income),private,198565995.9
Belgium,Europe & Central Asia (excluding high income),bilateral,78422520.8
EUROFIMA,Europe & Central Asia (excluding high income),multilateral,1687173.6
Russian Federation,Europe & Central Asia (excluding high income),bilateral,9635926778.5
Denmark,Europe & Central Asia (excluding high income),bilateral,430546254.0
Spain,Europe & Central Asia (excluding high income),bilateral,425077028.2
World Bank-IDA                         ,Europe & Central Asia (excluding high income),multilateral,14546279000.0
Austria,Europe & Central Asia (excluding high income),private,120459416.1
United States,Europe & Central Asia (excluding high income),bilateral,42087500.0
Netherlands,Europe & Central Asia (excluding high income),private,126148529.4
Russian Federation,Europe & Central Asia (excluding high income),private,404645000.0
Austria,Europe & Central Asia (excluding high income),bilateral,66288563.0
United States,Europe & Central Asia (excluding high income),private,3099710883.4
Finland,Europe & Central Asia (excluding high income),private,0.0
Kazakhstan,Europe & Central Asia (excluding high income),bilateral,1252000.0
Islamic Solidarity Fund for Dev. (ISFD),Europe & Central Asia (excluding high income),multilateral,18718516.0
"Germany, Fed. Rep. of",Europe & Central Asia (excluding high income),bilateral,3929921046.1
ECO Trade and Dev. Bank,Europe & Central Asia (excluding high income),multilateral,35062875.0
International Fund for Agricultural Dev.,Europe & Central Asia (excluding high income),multilateral,479939709.9
United Kingdom,Europe & Central Asia (excluding high income),private,6427481013.3
United Kingdom,Europe & Central Asia (excluding high income),bilateral,23048592.6
Kuwait,Europe & Central Asia (excluding high income),bilateral,541930631.1
International Finance Corporation,Europe & Central Asia (excluding high income),multilateral,166123673.2
Sweden,Europe & Central Asia (excluding high income),private,2041438.5
Bulgaria,Europe & Central Asia (excluding high income),private,104539312.5
Netherlands,Europe & Central Asia (excluding high income),bilateral,207803894.7
Portugal,Europe & Central Asia (excluding high income),bilateral,23009557.2
Asian Infrastructure Investment Bank,Europe & Central Asia (excluding high income),multilateral,5724197628.2
Qatar,Europe & Central Asia (excluding high income),private,0.0
Poland,Europe & Central Asia (excluding high income),private,1411865.1
Poland,Europe & Central Asia (excluding high income),bilateral,136709889.9
Sweden,Europe & Central Asia (excluding high income),bilateral,0.0
European Development Fund (EDF),Europe & Central Asia (excluding high income),multilateral,651059929.8
Brazil,Europe & Central Asia (excluding high income),bilateral,0.0
"Korea, Republic of",Europe & Central Asia (excluding high income),bilateral,1066546704.1
Norway,Europe & Central Asia (excluding high income),private,11396733.0
Asian Dev. Bank   ,Europe & Central Asia (excluding high income),multilateral,16100088000.0
Norway,Europe & Central Asia (excluding high income),bilateral,308402000.0
Armenia,Europe & Central Asia (excluding high income),bilateral,1015000.0
"Germany, Fed. Rep. of",Europe & Central Asia (excluding high income),private,3256501367.0
United Arab Emirates,Europe & Central Asia (excluding high income),private,1118724000.0
European Bank for Reconstruction and Dev. (EBRD),Europe & Central Asia (excluding high income),multilateral,7690468492.1
Saudi Arabia,Europe & Central Asia (excluding high income),bilateral,465647866.8
Bahrain,Europe & Central Asia (excluding high income),private,398354191.7
UN-Population Fund (UNFPA),Europe & Central Asia (excluding high income),multilateral,84615000.0
China,Europe & Central Asia (excluding high income),private,470972500.0
China,Europe & Central Asia (excluding high income),bilateral,17145887977.6
Turkiye,Europe & Central Asia (excluding high income),private,19447169.1
Turkmenistan,Europe & Central Asia (excluding high income),bilateral,211000.0
Azerbaijan,Europe & Central Asia (excluding high income),bilateral,1151000.0
Council of Europe,Europe & Central Asia (excluding high income),multilateral,2893367955.0
Spain,Europe & Central Asia (excluding high income),private,227041206.0
Hungary,Europe & Central Asia (excluding high income),bilateral,756631470.8
Israel,Europe & Central Asia (excluding high income),private,14726407.5
World Bank-IBRD                         ,Europe & Central Asia (excluding high income),multilateral,45982306000.0
Switzerland,Europe & Central Asia (excluding high income),bilateral,18831599.9
Multiple Lenders,Europe & Central Asia (excluding high income),multilateral,640691010.8
Switzerland,Europe & Central Asia (excluding high income),private,939992092.1
Nordic Development Fund,Europe & Central Asia (excluding high income),multilateral,2625300.3
Nordic Environment Finance Corporation (NEFCO),Europe & Central Asia (excluding high income),multilateral,3479772.4
Multiple Lenders,Europe & Central Asia (excluding high income),private,15668808586.2
Bondholders,Europe & Central Asia (excluding high income),private,177943182599.0
Multiple Lenders,Europe & Central Asia (excluding high income),bilateral,74535249.3
European Union,Europe & Central Asia (excluding high income),multilateral,44645319790.5
Hong Kong,Europe & Central Asia (excluding high income),private,0.0
Islamic Dev. Bank,Europe & Central Asia (excluding high income),multilateral,4589721424.7
European Social Fund (ESF),Europe & Central Asia (excluding high income),multilateral,67528500.0
European Relief Fund,Europe & Central Asia (excluding high income),multilateral,1049289000.0
France,Europe & Central Asia (excluding high income),bilateral,4249234706.1
United Arab Emirates,Europe & Central Asia (excluding high income),bilateral,5408510421.0
Japan,Europe & Central Asia (excluding high income),private,3001071698.7
Japan,Europe & Central Asia (excluding high income),bilateral,8296947543.9
European Investment Bank,Europe & Central Asia (excluding high income),multilateral,14685696940.0
Ireland,Europe & Central Asia (excluding high income),private,136319000.0
Montenegro,Europe & Central Asia (excluding high income),private,10389.0
OPEC Fund for International Dev.,Europe & Central Asia (excluding high income),multilateral,758239121.2
Canada,Europe & Central Asia (excluding high income),bilateral,5195744680.1
Greece,Europe & Central Asia (excluding high income),bilateral,122590.2
Cayman Islands,Europe & Central Asia (excluding high income),private,207780000.0
Eurasian Development Bank,Europe & Central Asia (excluding high income),multilateral,2479891164.4
Turkiye,Europe & Central Asia (excluding high income),bilateral,247224497.1
Italy,Europe & Central Asia (excluding high income),private,407510289.8
Italy,Europe & Central Asia (excluding high income),bilateral,503190019.5
Serbia,Europe & Central Asia (excluding high income),bilateral,4022620.8
Nordic Investment Bank,Europe & Central Asia (excluding high income),multilateral,7245441.9
Slovenia,Europe & Central Asia (excluding high income),private,0.0
France,Europe & Central Asia (excluding high income),private,1286295026.6000001
Australia,Fiji,bilateral,36740000.0
European Investment Bank,Fiji,multilateral,17176000.0
China,Fiji,bilateral,123161716.5
Japan,Fiji,bilateral,159834025.0
World Bank-IBRD                         ,Fiji,multilateral,183012000.0
Asian Infrastructure Investment Bank,Fiji,multilateral,92110000.0
India,Fiji,bilateral,29414000.0
World Bank-IDA                         ,Fiji,multilateral,391688000.0
Asian Dev. Bank   ,Fiji,multilateral,662880000.0
African Dev. Bank         ,Gabon,multilateral,859320389.3
African Export-Import Bank,Gabon,multilateral,0.0
Central Bank of West African States (BCEAO),Gabon,multilateral,138738102.0
Arab Bank for Economic Dev. in Africa (BADEA),Gabon,multilateral,39594.8
Spain,Gabon,private,90961623.5
China,Gabon,private,80712000.0
France,Gabon,private,19757800.2
Islamic Dev. Bank,Gabon,multilateral,144550733.0
India,Gabon,bilateral,725000.0
Israel,Gabon,private,23584068.9
World Bank-IBRD                         ,Gabon,multilateral,619906000.0
European Investment Bank,Gabon,multilateral,1850280.9
Bondholders,Gabon,private,1710000000.0
China,Gabon,bilateral,802335099.4
Austria,Gabon,private,52912215.9
European Development Fund (EDF),Gabon,multilateral,753202.5
France,Gabon,bilateral,499800245.4
International Fund for Agricultural Dev.,Gabon,multilateral,5488548.1
United States,Gabon,private,500000000.0
Islamic Dev. Bank,"Gambia, The",multilateral,223640509.2
European Investment Bank,"Gambia, The",multilateral,53930337.9
Multiple Lenders,"Gambia, The",bilateral,4565000.0
Kuwait,"Gambia, The",private,20149000.0
Saudi Arabia,"Gambia, The",bilateral,134542933.4
International Fund for Agricultural Dev.,"Gambia, The",multilateral,28604066.7
India,"Gambia, The",bilateral,69421000.0
Kuwait,"Gambia, The",bilateral,92391622.0
Economic Community of West African States (ECOWAS),"Gambia, The",multilateral,27955565.9
International Bank for Economic Cooperation (IBEC),"Gambia, The",multilateral,0.0
China,"Gambia, The",bilateral,23975230.2
OPEC Fund for International Dev.,"Gambia, The",multilateral,36160000.0
Arab Bank for Economic Dev. in Africa (BADEA),"Gambia, The",multilateral,82818000.0
Belgium,"Gambia, The",bilateral,352187.1
"Venezuela, Republic Bolivarian","Gambia, The",bilateral,18749000.0
World Bank-IDA                         ,"Gambia, The",multilateral,122358000.0
Libya,"Gambia, The",bilateral,3950000.0
African Dev. Bank         ,"Gambia, The",multilateral,49176308.5
United Arab Emirates,"Gambia, The",bilateral,16950034.0
Russian Federation,Georgia,bilateral,7869000.0
World Bank-IBRD                         ,Georgia,multilateral,1635744000.0
France,Georgia,private,69717462.3
European Investment Bank,Georgia,multilateral,1097819135.7
Multiple Lenders,Georgia,private,1427175000.0
Austria,Georgia,bilateral,3854000.0
Asian Infrastructure Investment Bank,Georgia,multilateral,211002193.3
Austria,Georgia,private,10336016.1
Kuwait,Georgia,bilateral,8968988.5
"Iran, Islamic Republic Of",Georgia,bilateral,839000.0
Council of Europe,Georgia,multilateral,14544600.0
World Bank-IDA                         ,Georgia,multilateral,479504000.0
"Germany, Fed. Rep. of",Georgia,bilateral,554995178.8
Azerbaijan,Georgia,bilateral,1151000.0
Japan,Georgia,private,258000.0
Japan,Georgia,bilateral,118653048.2
Turkmenistan,Georgia,bilateral,211000.0
International Fund for Agricultural Dev.,Georgia,multilateral,35024780.4
Asian Dev. Bank   ,Georgia,multilateral,2264995000.0
France,Georgia,bilateral,692545284.6
Kazakhstan,Georgia,bilateral,1252000.0
Armenia,Georgia,bilateral,1015000.0
European Union,Georgia,multilateral,114279000.0
United States,Georgia,bilateral,6727000.0
Bondholders,Georgia,private,1000000000.0
Turkiye,Georgia,bilateral,3815000.0
Nordic Environment Finance Corporation (NEFCO),Georgia,multilateral,3191500.8
European Bank for Reconstruction and Dev. (EBRD),Georgia,multilateral,214649206.8
Netherlands,Georgia,bilateral,23894.7
France,Ghana,bilateral,282422887.2
World Bank-IDA                         ,Ghana,multilateral,6372715000.0
Sweden,Ghana,private,18382296.6
Italy,Ghana,private,220127326.5
Spain,Ghana,private,46558303.5
International Fund for Agricultural Dev.,Ghana,multilateral,193448878.2
Italy,Ghana,bilateral,30384708.3
Spain,Ghana,bilateral,10584313.2
China,Ghana,private,249162000.0
United Kingdom,Ghana,private,595344719.8
China,Ghana,bilateral,1605393781.2
Saudi Arabia,Ghana,bilateral,24671733.4
France,Ghana,private,132094847.4
OPEC Fund for International Dev.,Ghana,multilateral,21868000.0
Israel,Ghana,private,169268244.8
Egypt,Ghana,bilateral,187736000.0
Nordic Development Fund,Ghana,multilateral,40384068.6
Mauritius,Ghana,private,67612000.0
India,Ghana,bilateral,448753000.0
Austria,Ghana,private,235189298.7
Economic Community of West African States (ECOWAS),Ghana,multilateral,81781193.0
Luxembourg,Ghana,private,0.0
African Export-Import Bank,Ghana,multilateral,754360000.0
Brazil,Ghana,private,120421000.0
Brazil,Ghana,bilateral,855000.0
Arab Bank for Economic Dev. in Africa (BADEA),Ghana,multilateral,34414000.0
"Germany, Fed. Rep. of",Ghana,bilateral,300562081.2
United States,Ghana,bilateral,131831000.0
"Korea, Republic of",Ghana,private,5146859.2
Multiple Lenders,Ghana,private,0.0
"Korea, Republic of",Ghana,bilateral,150254476.8
"Germany, Fed. Rep. of",Ghana,private,786157300.5
South Africa,Ghana,private,275685119.5
Japan,Ghana,bilateral,1327800.8
Belgium,Ghana,bilateral,80447578.5
European Investment Bank,Ghana,multilateral,39250680.9
United States,Ghana,private,182472000.0
Bondholders,Ghana,private,9236087000.0
Belgium,Ghana,private,513021286.8
Czechia,Ghana,private,80121006.9
Czechia,Ghana,bilateral,33851517.6
Kuwait,Ghana,bilateral,50482221.1
Denmark,Ghana,private,51685275.0
Nigeria,Ghana,bilateral,603000.0
African Dev. Bank         ,Ghana,multilateral,1212512650.1
Turkiye,Ghana,bilateral,62317000.0
Netherlands,Ghana,private,446312478.9
Caribbean Community (CARICOM),Grenada,multilateral,514000.0
Caribbean Dev. Bank,Grenada,multilateral,118717566.7
Barbados,Grenada,bilateral,3355000.0
Libya,Grenada,bilateral,5000000.0
France,Grenada,bilateral,1945420.5
World Bank-IBRD                         ,Grenada,multilateral,13003000.0
United States,Grenada,bilateral,1049000.0
United States,Grenada,private,337000.0
Russian Federation,Grenada,bilateral,0.0
"Venezuela, Republic Bolivarian",Grenada,bilateral,137829259.3
"Germany, Fed. Rep. of",Grenada,bilateral,3395000.0
United Kingdom,Grenada,bilateral,843057.6
China,Grenada,bilateral,58539566.0
Trinidad & Tobago,Grenada,bilateral,28933000.0
Kuwait,Grenada,bilateral,6075661.7
Algeria,Grenada,bilateral,612000.0
World Bank-IDA                         ,Grenada,multilateral,259989000.0
OPEC Fund for International Dev.,Grenada,multilateral,11363000.0
International Fund for Agricultural Dev.,Grenada,multilateral,5863675.6
Multiple Lenders,Grenada,private,14582963.0
Multiple Lenders,Grenada,bilateral,8386000.0
Bondholders,Grenada,private,106653037.0
Saudi Arabia,Grenada,bilateral,0.0
United States,Guatemala,bilateral,0.0
Canada,Guatemala,bilateral,160055.6
Japan,Guatemala,bilateral,89090328.7
Spain,Guatemala,private,1885000.0
International Fund for Agricultural Dev.,Guatemala,multilateral,163016.8
World Bank-IBRD                         ,Guatemala,multilateral,1920887000.0
Spain,Guatemala,bilateral,3916000.0
Inter-American Dev. Bank      ,Guatemala,multilateral,1765632000.0
Central American Bank for Econ. Integration (BCIE),Guatemala,multilateral,614369000.0
OPEC Fund for International Dev.,Guatemala,multilateral,1944000.0
"Germany, Fed. Rep. of",Guatemala,private,13482844.2
"Germany, Fed. Rep. of",Guatemala,bilateral,35454540.3
Bondholders,Guatemala,private,9095000000.0
China,Guatemala,bilateral,44000000.0
Brazil,Guatemala,bilateral,55924000.0
Arab Bank for Economic Dev. in Africa (BADEA),Guinea,multilateral,118912288.0
International Fund for Agricultural Dev.,Guinea,multilateral,30349821.1
Kuwait,Guinea,bilateral,78126319.3
African Dev. Bank         ,Guinea,multilateral,260403082.0
Islamic Dev. Bank,Guinea,multilateral,518738669.6
Angola,Guinea,bilateral,72243000.0
European Economic Community (EEC),Guinea,multilateral,860000.0
United Kingdom,Guinea,private,4804912.5
Saudi Arabia,Guinea,bilateral,84189866.6
OPEC Fund for International Dev.,Guinea,multilateral,27615000.0
Libya,Guinea,bilateral,20000000.0
Thailand,Guinea,bilateral,1293000.0
Belgium,Guinea,bilateral,1457576.7
China,Guinea,bilateral,1141314285.7
China,Guinea,private,508326497.7
"Congo, Rep.",Guinea,bilateral,0.0
Italy,Guinea,bilateral,3665239.2
Italy,Guinea,private,79442605.2
Bulgaria,Guinea,bilateral,8003000.0
France,Guinea,bilateral,114203160.3
Qatar,Guinea,bilateral,42500000.0
World Bank-IDA                         ,Guinea,multilateral,700201000.0
Morocco,Guinea,bilateral,7000000.0
African Export-Import Bank,Guinea,multilateral,100000000.0
"Korea, Republic of",Guinea,bilateral,999876.4
Iraq,Guinea,bilateral,3000000.0
India,Guinea,bilateral,400000.0
Economic Community of West African States (ECOWAS),Guinea,multilateral,14564759.3
Netherlands,Guinea,private,0.0
Serbia,Guinea,private,16165000.0
European Investment Bank,Guinea,multilateral,132970888.8
Romania,Guinea,bilateral,1252000.0
Brazil,Guinea-Bissau,bilateral,1900000.0
Pakistan,Guinea-Bissau,bilateral,2211000.0
Saudi Arabia,Guinea-Bissau,bilateral,13083200.0
African Dev. Bank         ,Guinea-Bissau,multilateral,39929993.8
Central Bank of West African States (BCEAO),Guinea-Bissau,multilateral,170167983.0
International Fund for Agricultural Dev.,Guinea-Bissau,multilateral,11043267.3
Spain,Guinea-Bissau,bilateral,5282000.0
West African Development Bank - BOAD,Guinea-Bissau,multilateral,210101371.5
Russian Federation,Guinea-Bissau,bilateral,0.0
Bondholders,Guinea-Bissau,private,495233000.0
Arab Bank for Economic Dev. in Africa (BADEA),Guinea-Bissau,multilateral,9146000.0
Angola,Guinea-Bissau,bilateral,49146000.0
Economic Community of West African States (ECOWAS),Guinea-Bissau,multilateral,2399607.7
Kuwait,Guinea-Bissau,bilateral,27579152.5
India,Guinea-Bissau,bilateral,20707000.0
Islamic Dev. Bank,Guinea-Bissau,multilateral,23863213.6
World Bank-IDA                         ,Guinea-Bissau,multilateral,215294000.0
OPEC Fund for International Dev.,Guinea-Bissau,multilateral,9315000.0
Libya,Guinea-Bissau,bilateral,3770000.0
China,Guyana,bilateral,492900312.6
Saudi Arabia,Guyana,bilateral,0.0
United Kingdom,Guyana,private,3436110.2
OPEC Fund for International Dev.,Guyana,multilateral,5895000.0
United Arab Emirates,Guyana,bilateral,3241388.7
Austria,Guyana,private,23531085.0
United Kingdom,Guyana,bilateral,72883541.5
Bondholders,Guyana,private,26345.6
Caribbean Community (CARICOM),Guyana,multilateral,7327000.0
India,Guyana,bilateral,77902000.0
Caribbean Dev. Bank,Guyana,multilateral,186923000.0
International Fund for Agricultural Dev.,Guyana,multilateral,11873523.8
Argentina,Guyana,bilateral,4515000.0
Trinidad & Tobago,Guyana,private,11173000.0
Serbia,Guyana,bilateral,588000.0
Inter-American Dev. Bank      ,Guyana,multilateral,852110000.0
Kuwait,Guyana,bilateral,17907000.0
Libya,Guyana,bilateral,15000000.0
United States,Guyana,bilateral,241000.0
Italy,Guyana,bilateral,1451343.3
Multiple Lenders,Guyana,private,12539000.0
World Bank-IDA                         ,Guyana,multilateral,185972000.0
"Venezuela, Republic Bolivarian",Guyana,bilateral,84687000.0
European Development Fund (EDF),Guyana,multilateral,2594133.3
Canada,Guyana,bilateral,75156576.2
Islamic Dev. Bank,Guyana,multilateral,37536000.0
Multiple Lenders,Haiti,bilateral,124581000.0
International Fund for Agricultural Dev.,Haiti,multilateral,35110499.5
Multiple Lenders,Haiti,private,33718000.0
OPEC Fund for International Dev.,Haiti,multilateral,30393000.0
"Venezuela, Republic Bolivarian",Haiti,bilateral,26799000.0
Japan,Honduras,bilateral,178972231.0
Switzerland,Honduras,bilateral,1571144.1
Italy,Honduras,private,12918721.5
France,Honduras,private,233000.0
Belgium,Honduras,private,336603.6
"Venezuela, Republic Bolivarian",Honduras,bilateral,121502000.0
Kuwait,Honduras,bilateral,24357850.3
Italy,Honduras,bilateral,59226799.6
Netherlands,Honduras,private,10077330.0
European Investment Bank,Honduras,multilateral,67745000.0
Corporacion Andina de Fomento,Honduras,multilateral,0.0
Bondholders,Honduras,private,2000000000.0
Inter-American Dev. Bank      ,Honduras,multilateral,3249025000.0
United States,Honduras,bilateral,903000.0
OPEC Fund for International Dev.,Honduras,multilateral,34221000.0
Nordic Development Fund,Honduras,multilateral,16629672.3
International Fund for Agricultural Dev.,Honduras,multilateral,69822689.1
India,Honduras,bilateral,9699000.0
Central American Bank for Econ. Integration (BCIE),Honduras,multilateral,1797519206.3
Austria,Honduras,private,35610375.3
World Bank-IDA                         ,Honduras,multilateral,1114159000.0
"Korea, Republic of",Honduras,bilateral,44795000.0
Spain,Honduras,bilateral,59535528.0
Brazil,Honduras,bilateral,22268000.0
Multiple Lenders,Honduras,private,0.0
Multiple Lenders,Honduras,bilateral,309519000.0
China,Honduras,bilateral,134500000.0
China,Honduras,private,138986000.0
"Germany, Fed. Rep. of",Honduras,bilateral,50871816.3
United States,IDA only,bilateral,1524556978.2
Cameroon,IDA only,bilateral,22626089.9
Belgium,IDA only,bilateral,312520725.8
Denmark,IDA only,bilateral,64384551.8
Bondholders,IDA only,private,38508798448.7
Arab Monetary Fund,IDA only,multilateral,864911731.6
"Germany, Fed. Rep. of",IDA only,private,2370712769.2
Pakistan,IDA only,bilateral,14298000.0
Netherlands,IDA only,bilateral,165193043.9
Belgium,IDA only,private,552565207.7
"Germany, Fed. Rep. of",IDA only,bilateral,1725074268.0
Denmark,IDA only,private,296788628.5
Russian Federation,IDA only,bilateral,11382940962.5
Central Bank of West African States (BCEAO),IDA only,multilateral,170167983.0
Argentina,IDA only,bilateral,14923000.0
Russian Federation,IDA only,private,252000.0
European Bank for Reconstruction and Dev. (EBRD),IDA only,multilateral,398250158.3
Japan,IDA only,private,774139666.7
Netherlands,IDA only,private,1044351173.8
Arab Towns Organization (ATO),IDA only,multilateral,207825.9
Central American Bank for Econ. Integration (BCIE),IDA only,multilateral,4195095206.3
Africa Finance Corporation,IDA only,private,51945000.0
United States,IDA only,private,2708460590.8
Japan,IDA only,bilateral,22338582367.5
Honduras,IDA only,bilateral,118637000.0
Canada,IDA only,bilateral,101516036.9
International Fund for Agricultural Dev.,IDA only,multilateral,4455728619.1
Nordic Development Fund,IDA only,multilateral,395848773.3
Islamic Solidarity Fund for Dev. (ISFD),IDA only,multilateral,18718516.0
World Bank-IBRD                         ,IDA only,multilateral,1134633000.0
Islamic Dev. Bank,IDA only,multilateral,7405907153.4
Algeria,IDA only,bilateral,157641377.3
Inter-American Dev. Bank      ,IDA only,multilateral,6390487000.0
Serbia,IDA only,private,60991214.9
Serbia,IDA only,bilateral,163806000.0
Switzerland,IDA only,bilateral,123666740.5
Economic Community of West African States (ECOWAS),IDA only,multilateral,547496358.3
India,IDA only,bilateral,12439466838.3
India,IDA only,private,19772264.9
Switzerland,IDA only,private,2270308524.7
Nordic Investment Bank,IDA only,multilateral,14998494.3
Senegal,IDA only,bilateral,240.7
Saudi Arabia,IDA only,bilateral,6550281039.2
Caribbean Community (CARICOM),IDA only,multilateral,7327000.0
Saudi Arabia,IDA only,private,19060000.0
Ireland,IDA only,private,39540000.0
Ireland,IDA only,bilateral,1643460.6
Caribbean Dev. Bank,IDA only,multilateral,186923000.0
Iraq,IDA only,bilateral,394171742.5
Eastern & Southern African Trade & Dev. Bank (TDB),IDA only,multilateral,801845976.7
"Iran, Islamic Republic Of",IDA only,bilateral,273390654.0
Chad,IDA only,bilateral,372.2
Sweden,IDA only,private,112183296.6
Sweden,IDA only,bilateral,40499905.2
African Export-Import Bank,IDA only,multilateral,2258465750.0
Egypt,IDA only,bilateral,187736000.0
Egypt,IDA only,private,82000.0
Israel,IDA only,private,1137904959.0
Arab Fund for Economic & Social Development,IDA only,multilateral,4073599392.7
Nigeria,IDA only,bilateral,9603000.0
"Venezuela, Republic Bolivarian",IDA only,bilateral,251737000.0
Viet Nam,IDA only,bilateral,121641000.0
West African Development Bank - BOAD,IDA only,multilateral,2449532890.7
Arab Bank for Economic Dev. in Africa (BADEA),IDA only,private,0.0
Arab Bank for Economic Dev. in Africa (BADEA),IDA only,multilateral,1848124673.8
Italy,IDA only,private,667650276.7
Italy,IDA only,bilateral,1042208816.7
African Dev. Bank         ,IDA only,multilateral,18961495423.5
Dev. Bank of the Central African States (BDEAC),IDA only,multilateral,282986659.3
Singapore,IDA only,private,28016855.1
Greece,IDA only,bilateral,2032000.0
Greece,IDA only,private,446000.0
Eurasian Development Bank,IDA only,multilateral,365614000.0
World Bank-IDA                         ,IDA only,multilateral,111282828000.0
Thailand,IDA only,private,12647000.0
Thailand,IDA only,bilateral,757776063.4
China,IDA only,private,5818680147.8
China,IDA only,bilateral,58726993134.5
Equatorial Guinea,IDA only,bilateral,30092063.9
Arab African International Bank,IDA only,multilateral,8304000.0
Hong Kong,IDA only,private,437951000.0
International Bank for Economic Cooperation (IBEC),IDA only,multilateral,0.0
Norway,IDA only,bilateral,31678876.3
Tanzania,IDA only,bilateral,35157000.0
Angola,IDA only,bilateral,371842000.0
Hungary,IDA only,bilateral,272114502.1
Hungary,IDA only,private,5783000.0
Benin,IDA only,bilateral,68245.6
OPEC Fund for International Dev.,IDA only,multilateral,2334004120.0
Spain,IDA only,bilateral,450237696.4
South Asian Development Fund (SADF),IDA only,multilateral,7222000.0
Mali,IDA only,bilateral,53.8
United Arab Emirates,IDA only,bilateral,1839982719.0
Trinidad & Tobago,IDA only,private,11173000.0
United Arab Emirates,IDA only,private,89800190.2
Costa Rica,IDA only,bilateral,315316000.0
United Kingdom,IDA only,bilateral,1035281639.1
United Kingdom,IDA only,private,5563962598.0
Uganda,IDA only,private,681000.0
Asian Infrastructure Investment Bank,IDA only,multilateral,2824451679.5
Brazil,IDA only,bilateral,378900000.0
Peru,IDA only,bilateral,16563000.0
Qatar,IDA only,bilateral,84117500.0
Poland,IDA only,bilateral,242286842.4
Finland,IDA only,bilateral,1320441.9
Libya,IDA only,bilateral,1065053714.2
Brazil,IDA only,private,120421000.0
"Congo, Rep.",IDA only,bilateral,89167790.3
Council of Europe,IDA only,multilateral,47209693.8
Oman,IDA only,bilateral,89507000.0
Bahamas,IDA only,private,750000.0
Corporacion Andina de Fomento,IDA only,multilateral,0.0
Czechia,IDA only,bilateral,299983662.7
Czechia,IDA only,private,80121006.9
Bulgaria,IDA only,bilateral,91809000.0
Croatia,IDA only,bilateral,39903000.0
Portugal,IDA only,bilateral,447372986.3
Portugal,IDA only,private,67095625.0
Kuwait,IDA only,bilateral,3842035234.8
Australia,IDA only,bilateral,6882000.0
Australia,IDA only,private,18074000.0
Kuwait,IDA only,private,333370211.79999995
European Economic Community (EEC),IDA only,multilateral,7738982.0
Turkiye,IDA only,bilateral,425962165.1
Sri Lanka,IDA only,private,63106000.0
Liberia,IDA only,private,807395.3
Panama,IDA only,private,0.0
Mauritius,IDA only,private,67612000.0
Multiple Lenders,IDA only,private,9520894000.0
Multiple Lenders,IDA only,multilateral,80839000.0
Poland,IDA only,private,6080000.0
Austria,IDA only,private,670723171.4
Malaysia,IDA only,private,50000000.0
"Cote D`Ivoire, Republic Of",IDA only,private,642562134.9
Austria,IDA only,bilateral,281594883.9
"Cote D`Ivoire, Republic Of",IDA only,bilateral,46722094.7
"Korea, Republic of",IDA only,private,5146859.2
"Korea, Republic of",IDA only,bilateral,4504800719.6
France,IDA only,private,3888092427.6
European Union,IDA only,multilateral,119473500.0
France,IDA only,bilateral,6699986825.2
South Africa,IDA only,bilateral,328587000.0
Romania,IDA only,bilateral,134839000.0
Romania,IDA only,private,6450000.0
Namibia,IDA only,bilateral,1146769.0
Belarus,IDA only,bilateral,24322000.0
Malaysia,IDA only,bilateral,82939932.3
European Investment Bank,IDA only,multilateral,4145856119.9
South Africa,IDA only,private,1932126119.5
Spain,IDA only,private,256519993.5
Togo,IDA only,private,46533412.7
Org. of Arab Petroleum Exporting Countries (OAPEC),IDA only,multilateral,35580000.0
Asian Dev. Bank   ,IDA only,multilateral,32979484000.0
Multiple Lenders,IDA only,bilateral,4620384000.0
Bahrain,IDA only,private,0.0
Morocco,IDA only,bilateral,7000000.0
European Development Fund (EDF),IDA only,multilateral,5274495.3
Luxembourg,IDA only,private,0.0
European Economic Community (EEC),IDA total,multilateral,15608649.5
Panama,IDA total,private,0.0
Equatorial Guinea,IDA total,bilateral,30092063.9
China,IDA total,bilateral,108130295219.4
China,IDA total,private,7880764024.7
Grenada,IDA total,private,0.0
Arab African International Bank,IDA total,multilateral,21905000.0
Namibia,IDA total,bilateral,1146769.0
Israel,IDA total,private,1479950795.3
International Bank for Economic Cooperation (IBEC),IDA total,multilateral,0.0
Israel,IDA total,bilateral,2478815.4
Thailand,IDA total,bilateral,757776063.4
Guyana,IDA total,private,948000.0
Egypt,IDA total,private,82000.0
Eastern & Southern African Trade & Dev. Bank (TDB),IDA total,multilateral,2234218793.4
Honduras,IDA total,bilateral,118637000.0
International Fund for Agricultural Dev.,IDA total,multilateral,5781617312.9
Croatia,IDA total,bilateral,39903000.0
United Kingdom,IDA total,private,7846756688.7
United Kingdom,IDA total,bilateral,1071490756.3
Hong Kong,IDA total,private,437951000.0
"Congo, Rep.",IDA total,bilateral,89167790.3
Morocco,IDA total,bilateral,7000000.0
Thailand,IDA total,private,12647000.0
Angola,IDA total,bilateral,400478000.0
Trinidad & Tobago,IDA total,bilateral,37680146.4
Morocco,IDA total,private,0.0
Nigeria,IDA total,bilateral,11293290.3
Poland,IDA total,private,6080000.0
Brazil,IDA total,bilateral,489326000.0
Brazil,IDA total,private,120421000.0
South Asian Development Fund (SADF),IDA total,multilateral,7222000.0
Asian Infrastructure Investment Bank,IDA total,multilateral,6424596998.3
Tanzania,IDA total,bilateral,35157000.0
Poland,IDA total,bilateral,242286842.4
Liberia,IDA total,private,807395.3
Trinidad & Tobago,IDA total,private,14678185.2
Multiple Lenders,IDA total,multilateral,100839000.0
Multiple Lenders,IDA total,bilateral,13185160000.0
Libya,IDA total,bilateral,1078172532.7
India,IDA total,bilateral,12996857838.3
India,IDA total,private,19772264.9
St. Vincent & The Grenadines,IDA total,private,0.0
Nordic Investment Bank,IDA total,multilateral,23309694.3
Senegal,IDA total,bilateral,240.7
Luxembourg,IDA total,private,49379000.0
Malaysia,IDA total,bilateral,82939932.3
European Union,IDA total,multilateral,119473500.0
Caribbean Community (CARICOM),IDA total,multilateral,22248000.0
Saudi Arabia,IDA total,private,19060000.0
Austria,IDA total,bilateral,298633882.8
Austria,IDA total,private,729907226.6
Sweden,IDA total,bilateral,48916439.8
Ireland,IDA total,private,175859000.0
Ireland,IDA total,bilateral,1643460.6
"Cote D`Ivoire, Republic Of",IDA total,bilateral,46722094.7
"Cote D`Ivoire, Republic Of",IDA total,private,642562134.9
Caribbean Dev. Bank,IDA total,multilateral,1190124330.7
Sweden,IDA total,private,154119277.7
Saudi Arabia,IDA total,bilateral,12166761309.8
Chad,IDA total,bilateral,372.2
Iraq,IDA total,bilateral,394171742.5
Multiple Lenders,IDA total,private,11790772121.0
Egypt,IDA total,bilateral,187736000.0
Economic Community of West African States (ECOWAS),IDA total,multilateral,755032372.7
Finland,IDA total,private,5667000.0
Hungary,IDA total,bilateral,274662502.1
Hungary,IDA total,private,5783000.0
Australia,IDA total,bilateral,1878125305.4
Inter-American Dev. Bank      ,IDA total,multilateral,7557729000.0
Mauritius,IDA total,private,77560506.4
Switzerland,IDA total,private,2372119785.2000003
Switzerland,IDA total,bilateral,147528214.3
Australia,IDA total,private,18074000.0
Islamic Solidarity Fund for Dev. (ISFD),IDA total,multilateral,18718516.0
Corporacion Andina de Fomento,IDA total,multilateral,0.0
Nordic Development Fund,IDA total,multilateral,432255658.1
Mali,IDA total,bilateral,53.8
Islamic Dev. Bank,IDA total,multilateral,11492918467.5
Costa Rica,IDA total,bilateral,315316000.0
Peru,IDA total,bilateral,16563000.0
World Bank-IBRD                         ,IDA total,multilateral,12183304000.0
United Arab Emirates,IDA total,bilateral,1951476502.4
Algeria,IDA total,bilateral,158253377.3
Barbados,IDA total,private,582222.2
Barbados,IDA total,bilateral,3355000.0
United Arab Emirates,IDA total,private,458748871.6
Malaysia,IDA total,private,50000000.0
African Export-Import Bank,IDA total,multilateral,5475061317.5
Serbia,IDA total,private,260991214.9
Serbia,IDA total,bilateral,463806000.0
Finland,IDA total,bilateral,68789210.9
Bahrain,IDA total,private,228799000.0
Sri Lanka,IDA total,private,63106000.0
Greece,IDA total,bilateral,2032000.0
South Africa,IDA total,private,2217037558.4
Oman,IDA total,bilateral,89507000.0
"Germany, Fed. Rep. of",IDA total,bilateral,3859748099.7
"Germany, Fed. Rep. of",IDA total,private,3099212888.2
Portugal,IDA total,private,475787457.1
Denmark,IDA total,bilateral,65792803.4
Turkiye,IDA total,bilateral,544290839.0
Council of Europe,IDA total,multilateral,47209693.8
Bolivarian Alliance for the Americas (ALBA),IDA total,multilateral,50848000.0
Greece,IDA total,private,446000.0
Benin,IDA total,bilateral,68245.6
Turkiye,IDA total,private,0.0
Japan,IDA total,private,3945039679.6
Japan,IDA total,bilateral,30550499592.7
Portugal,IDA total,bilateral,582154465.2
Bulgaria,IDA total,bilateral,91809000.0
Czechia,IDA total,bilateral,299983662.7
St. Kitts And Nevis,IDA total,private,0.0
OPEC Fund for International Dev.,IDA total,multilateral,3086624673.2
Pakistan,IDA total,bilateral,14298000.0
Belgium,IDA total,bilateral,491343136.8
Togo,IDA total,private,46533412.7
Kuwait,IDA total,bilateral,4278943823.9
South Africa,IDA total,bilateral,403313863.1
Denmark,IDA total,private,296788628.5
European Development Fund (EDF),IDA total,multilateral,70949031.7
Qatar,IDA total,bilateral,84117500.0
Romania,IDA total,private,6450000.0
Cameroon,IDA total,bilateral,22626089.9
Argentina,IDA total,bilateral,14923000.0
Romania,IDA total,bilateral,134839000.0
Czechia,IDA total,private,244617316.2
Netherlands,IDA total,bilateral,254597661.2
Arab Towns Organization (ATO),IDA total,multilateral,207825.9
Netherlands,IDA total,private,1283760220.7
European Investment Bank,IDA total,multilateral,4889886469.7
St. Lucia,IDA total,private,336296.3
"Korea, Republic of",IDA total,bilateral,5594444988.4
Canada,IDA total,bilateral,106430036.9
"Korea, Republic of",IDA total,private,5146859.2
Org. of Arab Petroleum Exporting Countries (OAPEC),IDA total,multilateral,35580000.0
Arab Monetary Fund,IDA total,multilateral,864911731.6
Central American Bank for Econ. Integration (BCIE),IDA total,multilateral,4208255206.3
United States,IDA total,bilateral,2313187978.2
United States,IDA total,private,3257373141.7
Asian Dev. Bank   ,IDA total,multilateral,59750156000.0
Spain,IDA total,private,321953933.7
Russian Federation,IDA total,bilateral,11853873492.1
Russian Federation,IDA total,private,390411932.6
Africa Finance Corporation,IDA total,private,222875733.0
European Bank for Reconstruction and Dev. (EBRD),IDA total,multilateral,738385137.0
Spain,IDA total,bilateral,702608992.1
African Dev. Bank         ,IDA total,multilateral,30595684355.9
Bahamas,IDA total,private,750000.0
"Iran, Islamic Republic Of",IDA total,bilateral,273390654.0
World Bank-IDA                         ,IDA total,multilateral,172140801000.0
France,IDA total,private,6717208898.2
Italy,IDA total,bilateral,1381459041.0
Norway,IDA total,bilateral,75600685.4
Italy,IDA total,private,1106277959.2
"Venezuela, Republic Bolivarian",IDA total,bilateral,608923259.3
Arab Bank for Economic Dev. in Africa (BADEA),IDA total,multilateral,2150203966.8
Belgium,IDA total,private,991852644.8
ECO Trade and Dev. Bank,IDA total,multilateral,87945000.0
Singapore,IDA total,private,99890855.1
Bondholders,IDA total,private,91360747587.5
France,IDA total,bilateral,12524998109.3
Viet Nam,IDA total,bilateral,121641000.0
Arab Bank for Economic Dev. in Africa (BADEA),IDA total,private,0.0
West African Development Bank - BOAD,IDA total,multilateral,2838280334.0
Kuwait,IDA total,private,333370211.79999995
Arab Fund for Economic & Social Development,IDA total,multilateral,4073599392.7
Belize,IDA total,bilateral,1000000.0
Dev. Bank of the Central African States (BDEAC),IDA total,multilateral,390085257.2
Uganda,IDA total,private,681000.0
Eurasian Development Bank,IDA total,multilateral,365614000.0
Central Bank of West African States (BCEAO),IDA total,multilateral,170167983.0
Belarus,IDA total,bilateral,24322000.0
"Germany, Fed. Rep. of",India,bilateral,3367941190.9
"Korea, Republic of",India,bilateral,100000000.0
World Bank-IBRD                         ,India,multilateral,24051551000.0
United States,India,bilateral,16549000.0
Singapore,India,private,7536085772.1
France,India,bilateral,1281894554.4
Bondholders,India,private,88352161493.8
France,India,private,47009186.1
"Germany, Fed. Rep. of",India,private,58348779.6
United States,India,private,2901765714.1
Asian Dev. Bank   ,India,multilateral,25253988000.0
Bahrain,India,private,300000000.0
Qatar,India,private,0.0
Russian Federation,India,bilateral,4909393000.0
New Development Bank (NDB),India,multilateral,4484906000.0
World Bank-IDA                         ,India,multilateral,14688140000.0
Italy,India,bilateral,288814.2
Multiple Lenders,India,private,16579536097.7
Japan,India,bilateral,24494421682.2
Hong Kong,India,private,4824983827.1
United Kingdom,India,bilateral,18382000.0
United Kingdom,India,private,6520669373.6
United Arab Emirates,India,private,1166662942.9
Japan,India,private,934475590.2
Belgium,India,private,100000000.0
Sweden,India,bilateral,80022199.0
International Fund for Agricultural Dev.,India,multilateral,495007535.6
Switzerland,India,private,0.0
Mauritius,India,private,625000.0
European Investment Bank,India,multilateral,1620171213.4
European Economic Community (EEC),India,multilateral,6419532.4
International Finance Corporation,India,multilateral,25000000.0
Canada,India,bilateral,3630000.0
Asian Infrastructure Investment Bank,India,multilateral,4712073000.0
OPEC Fund for International Dev.,India,multilateral,17698000.0
Asian Dev. Bank   ,Indonesia,multilateral,13267279000.0
Czechia,Indonesia,private,188066872.5
Austria,Indonesia,private,289599608.4
Belgium,Indonesia,bilateral,2718801.3
Austria,Indonesia,bilateral,12403427.1
Netherlands,Indonesia,private,104696186.4
"Korea, Republic of",Indonesia,private,9562000.0
"Korea, Republic of",Indonesia,bilateral,755417429.9
Russian Federation,Indonesia,bilateral,108818000.0
Saudi Arabia,Indonesia,bilateral,86212000.0
Italy,Indonesia,private,0.0
Czechia,Indonesia,bilateral,78285000.0
Cayman Islands,Indonesia,private,2788750721.4
International Fund for Agricultural Dev.,Indonesia,multilateral,288806372.9
Multiple Lenders,Indonesia,private,453876472.9
"Germany, Fed. Rep. of",Indonesia,bilateral,3863696499.9
World Bank-IDA                         ,Indonesia,multilateral,72671000.0
Islamic Dev. Bank,Indonesia,multilateral,1099082385.0
United States,Indonesia,bilateral,40631000.0
United States,Indonesia,private,388137000.0
Asian Infrastructure Investment Bank,Indonesia,multilateral,3207593412.4
Australia,Indonesia,private,101915281.0
Nordic Development Fund,Indonesia,multilateral,6467152.5
Australia,Indonesia,bilateral,837132105.7
Japan,Indonesia,bilateral,7968971686.4
Spain,Indonesia,private,40259644.5
Hungary,Indonesia,bilateral,32276000.0
Norway,Indonesia,bilateral,60996000.0
Hong Kong,Indonesia,private,1425377219.7
Switzerland,Indonesia,bilateral,14141403.0
Canada,Indonesia,bilateral,20316631.9
Japan,Indonesia,private,184829000.0
World Bank-IBRD                         ,Indonesia,multilateral,21495586000.0
"Germany, Fed. Rep. of",Indonesia,private,221755282.8
Spain,Indonesia,bilateral,92444919.4
Singapore,Indonesia,private,1309816837.3
China,Indonesia,bilateral,1446778149.9
Finland,Indonesia,private,5033000.0
Bondholders,Indonesia,private,177448110066.9
United Kingdom,Indonesia,bilateral,14007000.0
United Kingdom,Indonesia,private,379466545.6
France,Indonesia,bilateral,1420643963.1
France,Indonesia,private,3863975041.7
Canada,"Iran, Islamic Rep.",bilateral,5649965.2
China,"Iran, Islamic Rep.",bilateral,6073000.0
India,"Iran, Islamic Rep.",bilateral,21706768.7
World Bank-IBRD                         ,"Iran, Islamic Rep.",multilateral,124094000.0
Italy,"Iran, Islamic Rep.",private,20564787.2
ECO Trade and Dev. Bank,"Iran, Islamic Rep.",multilateral,33690488.1
"Germany, Fed. Rep. of","Iran, Islamic Rep.",private,102436578.9
Russian Federation,"Iran, Islamic Rep.",bilateral,4552459.8
France,"Iran, Islamic Rep.",private,1706912.7
Japan,"Iran, Islamic Rep.",bilateral,3013086.5
Croatia,Iraq,private,5629000.0
World Bank-IDA                         ,Iraq,multilateral,203054000.0
International Fund for Agricultural Dev.,Iraq,multilateral,0.0
Indonesia,Iraq,bilateral,193000.0
Malaysia,Iraq,bilateral,268000.0
Bahrain,Iraq,private,96125000.0
Austria,Iraq,bilateral,106386476.7
Spain,Iraq,bilateral,31504000.0
Czechia,Iraq,private,43611000.0
"Germany, Fed. Rep. of",Iraq,bilateral,533594623.5
Switzerland,Iraq,bilateral,32576187.7
United States,Iraq,private,3515000.0
Czechia,Iraq,bilateral,15292000.0
United Kingdom,Iraq,private,670130928.9
China,Iraq,bilateral,410868000.0
United Kingdom,Iraq,bilateral,130268000.0
Belgium,Iraq,bilateral,20528000.0
South Africa,Iraq,bilateral,8877000.0
Greece,Iraq,private,7769000.0
Greece,Iraq,bilateral,94639000.0
Italy,Iraq,bilateral,259026791.2
Italy,Iraq,private,298886000.0
"Germany, Fed. Rep. of",Iraq,private,235281970.5
France,Iraq,bilateral,681334728.5
France,Iraq,private,93801000.0
Kuwait,Iraq,bilateral,28576067.5
Canada,Iraq,bilateral,29892000.0
Japan,Iraq,private,181321000.0
Japan,Iraq,bilateral,4657566242.2
United States,Iraq,bilateral,3177000.0
Russian Federation,Iraq,bilateral,426903000.0
Hungary,Iraq,bilateral,12412000.0
Australia,Iraq,bilateral,54918000.0
Switzerland,Iraq,private,7360000.0
Ireland,Iraq,private,57688000.0
Serbia,Iraq,bilateral,67175000.0
"Korea, Republic of",Iraq,bilateral,10879000.0
Sweden,Iraq,bilateral,14977000.0
Netherlands,Iraq,private,17028000.0
Finland,Iraq,bilateral,130714000.0
World Bank-IBRD                         ,Iraq,multilateral,2809857000.0
Bosnia-Herzegovina,Iraq,private,28444000.0
Sweden,Iraq,private,72498000.0
Islamic Dev. Bank,Iraq,multilateral,0.0
Arab Monetary Fund,Iraq,multilateral,1356300.0
Netherlands,Iraq,bilateral,14269000.0
"Korea, Republic of",Iraq,private,185418000.0
Romania,Iraq,bilateral,136043000.0
Canada,Jamaica,bilateral,2562000.0
Japan,Jamaica,bilateral,2598000.0
United States,Jamaica,bilateral,756000.0
Kuwait,Jamaica,bilateral,0.0
Bondholders,Jamaica,private,4780261626.9
Netherlands,Jamaica,bilateral,262841.7
Caribbean Dev. Bank,Jamaica,multilateral,136599000.0
European Investment Bank,Jamaica,multilateral,236869.2
European Development Fund (EDF),Jamaica,multilateral,2492321.1
OPEC Fund for International Dev.,Jamaica,multilateral,5518000.0
Belgium,Jamaica,bilateral,1004616.3
World Bank-IBRD                         ,Jamaica,multilateral,965843000.0
China,Jamaica,bilateral,532018178.8
Nordic Development Fund,Jamaica,multilateral,3050370.9
European Economic Community (EEC),Jamaica,multilateral,11518284.3
Inter-American Dev. Bank      ,Jamaica,multilateral,1494892000.0
"Germany, Fed. Rep. of",Jamaica,bilateral,4402858.2
"Korea, Republic of",Jordan,bilateral,144005629.3
"Germany, Fed. Rep. of",Jordan,bilateral,918679530.9
Japan,Jordan,bilateral,1096061315.1
European Investment Bank,Jordan,multilateral,185306737.6
Arab Monetary Fund,Jordan,multilateral,247892631.7
World Bank-IDA                         ,Jordan,multilateral,194032000.0
European Bank for Reconstruction and Dev. (EBRD),Jordan,multilateral,270238238.2
Qatar,Jordan,private,240000000.0
"Iran, Islamic Republic Of",Jordan,bilateral,16877000.0
United States,Jordan,bilateral,9738000.0
European Social Fund (ESF),Jordan,multilateral,207780000.0
Iraq,Jordan,bilateral,243.1
Saudi Arabia,Jordan,bilateral,242913866.7
European Union,Jordan,multilateral,727230000.0
International Fund for Agricultural Dev.,Jordan,multilateral,20157043.9
World Bank-IBRD                         ,Jordan,multilateral,5228000000.0
Islamic Dev. Bank,Jordan,multilateral,294207573.7
United Arab Emirates,Jordan,bilateral,283751000.0
Spain,Jordan,bilateral,33693904.1
European Development Fund (EDF),Jordan,multilateral,187002000.0
Switzerland,Jordan,private,2741757.0
Kuwait,Jordan,bilateral,394229582.7
China,Jordan,bilateral,56460048.3
OPEC Fund for International Dev.,Jordan,multilateral,271763000.0
Bondholders,Jordan,private,10450000000.0
Italy,Jordan,private,3948858.9
France,Jordan,bilateral,1018892277.2
France,Jordan,private,50403272.4
Canada,Jordan,bilateral,75156576.2
Arab Fund for Economic & Social Development,Jordan,multilateral,453097530.1
United States,Jordan,private,14487000.0
Asian Infrastructure Investment Bank,Jordan,multilateral,255224000.0
Italy,Jordan,bilateral,113760588.9
Kuwait,Kazakhstan,bilateral,357200.8
World Bank-IBRD                         ,Kazakhstan,multilateral,3831067000.0
Multiple Lenders,Kazakhstan,private,7618479000.0
Japan,Kazakhstan,bilateral,158014682.4
Islamic Dev. Bank,Kazakhstan,multilateral,124019939.8
China,Kazakhstan,bilateral,1895803277.1
Asian Infrastructure Investment Bank,Kazakhstan,multilateral,876945748.1
Bondholders,Kazakhstan,private,15825687274.8
"Germany, Fed. Rep. of",Kazakhstan,bilateral,5166449.7
European Bank for Reconstruction and Dev. (EBRD),Kazakhstan,multilateral,1838497810.4
Asian Dev. Bank   ,Kazakhstan,multilateral,1857791000.0
"Germany, Fed. Rep. of",Kenya,private,32273428.5
Belgium,Kenya,bilateral,84117655.2
Japan,Kenya,bilateral,1166466645.4
European Investment Bank,Kenya,multilateral,188757741.0
"Germany, Fed. Rep. of",Kenya,bilateral,330883872.7
African Export-Import Bank,Kenya,multilateral,279022567.5
South Africa,Kenya,private,194925700.0
Spain,Kenya,private,11611785.3
Nordic Investment Bank,Kenya,multilateral,8311200.0
Spain,Kenya,bilateral,86247281.2
World Bank-IBRD                         ,Kenya,multilateral,1947156000.0
African Dev. Bank         ,Kenya,multilateral,3892767530.0
OPEC Fund for International Dev.,Kenya,multilateral,21555000.0
France,Kenya,private,12847037.4
Eastern & Southern African Trade & Dev. Bank (TDB),Kenya,multilateral,1432372816.7
France,Kenya,bilateral,742253602.9
Kuwait,Kenya,bilateral,10641337.9
Belgium,Kenya,private,87779777.7
Bondholders,Kenya,private,6600000000.0
Denmark,Kenya,bilateral,1408251.6
Finland,Kenya,bilateral,1234213.2
"Korea, Republic of",Kenya,bilateral,64918957.2
World Bank-IDA                         ,Kenya,multilateral,11872969000.0
Switzerland,Kenya,private,69526134.6
United Arab Emirates,Kenya,bilateral,7165146.3
Hungary,Kenya,bilateral,2548000.0
Arab Bank for Economic Dev. in Africa (BADEA),Kenya,multilateral,44292000.0
European Economic Community (EEC),Kenya,multilateral,5978869.5
Netherlands,Kenya,private,16823946.6
Arab African International Bank,Kenya,multilateral,8716000.0
Austria,Kenya,bilateral,2291813.4
Israel,Kenya,private,8801000.0
Saudi Arabia,Kenya,bilateral,25136266.7
United Kingdom,Kenya,private,52714117.6
International Fund for Agricultural Dev.,Kenya,multilateral,279485695.0
United States,Kenya,bilateral,5170000.0
Austria,Kenya,private,14673423.6
China,Kenya,bilateral,5367181239.9
India,Kenya,bilateral,49644000.0
Italy,Kenya,bilateral,118688091.6
Italy,Kenya,private,419915015.7
Nordic Development Fund,Kenya,multilateral,13271947.5
France,Kosovo,bilateral,190118.7
Islamic Dev. Bank,Kosovo,multilateral,13225197.0
Bondholders,Kosovo,private,6637532.1
World Bank-IBRD                         ,Kosovo,multilateral,82194000.0
World Bank-IDA                         ,Kosovo,multilateral,276567000.0
European Investment Bank,Kosovo,multilateral,79183919.1
Saudi Arabia,Kosovo,bilateral,4899466.7
European Union,Kosovo,multilateral,103890000.0
"Germany, Fed. Rep. of",Kosovo,bilateral,12829376.1
Council of Europe,Kosovo,multilateral,47209693.8
European Bank for Reconstruction and Dev. (EBRD),Kosovo,multilateral,29589949.8
OPEC Fund for International Dev.,Kosovo,multilateral,47182000.0
Austria,Kosovo,private,28625850.6
World Bank-IDA                         ,Kyrgyz Republic,multilateral,749695000.0
Denmark,Kyrgyz Republic,bilateral,1626000.0
Turkiye,Kyrgyz Republic,bilateral,58237000.0
China,Kyrgyz Republic,bilateral,1653692685.6
OPEC Fund for International Dev.,Kyrgyz Republic,multilateral,4732000.0
Islamic Solidarity Fund for Dev. (ISFD),Kyrgyz Republic,multilateral,18718516.0
"Korea, Republic of",Kyrgyz Republic,bilateral,9268268.0
Saudi Arabia,Kyrgyz Republic,bilateral,75685866.7
Japan,Kyrgyz Republic,bilateral,137012448.3
"Germany, Fed. Rep. of",Kyrgyz Republic,bilateral,61921556.7
Kuwait,Kyrgyz Republic,bilateral,11927261.0
France,Kyrgyz Republic,bilateral,3524987.7
Islamic Dev. Bank,Kyrgyz Republic,multilateral,171386229.3
European Union,Kyrgyz Republic,multilateral,15583500.0
Asian Dev. Bank   ,Kyrgyz Republic,multilateral,764470000.0
European Investment Bank,Kyrgyz Republic,multilateral,76618875.0
European Bank for Reconstruction and Dev. (EBRD),Kyrgyz Republic,multilateral,57460227.8
Nordic Development Fund,Kyrgyz Republic,multilateral,2625300.3
United Arab Emirates,Kyrgyz Republic,bilateral,6823689.6
International Fund for Agricultural Dev.,Kyrgyz Republic,multilateral,29256956.2
Eurasian Development Bank,Kyrgyz Republic,multilateral,260153000.0
Asian Infrastructure Investment Bank,Kyrgyz Republic,multilateral,46167000.0
Austria,Lao PDR,private,89456562.3
European Investment Bank,Lao PDR,multilateral,115733584.4
Japan,Lao PDR,bilateral,151471433.1
Asian Infrastructure Investment Bank,Lao PDR,multilateral,52828000.0
Multiple Lenders,Lao PDR,private,19134000.0
European Economic Community (EEC),Lao PDR,multilateral,281000.0
World Bank-IDA                         ,Lao PDR,multilateral,886793000.0
Thailand,Lao PDR,bilateral,564178037.2
Singapore,Lao PDR,private,476855.1
Russian Federation,Lao PDR,bilateral,203279000.0
Sweden,Lao PDR,bilateral,2442905.2
Hungary,Lao PDR,bilateral,157805000.0
India,Lao PDR,bilateral,41422000.0
China,Lao PDR,private,69173000.0
China,Lao PDR,bilateral,5239809936.3
Netherlands,Lao PDR,bilateral,11132852.4
Asian Dev. Bank   ,Lao PDR,multilateral,791010000.0
International Fund for Agricultural Dev.,Lao PDR,multilateral,54188064.4
Malaysia,Lao PDR,private,50000000.0
Nordic Development Fund,Lao PDR,multilateral,45553806.7
"Korea, Republic of",Lao PDR,bilateral,282449632.6
OPEC Fund for International Dev.,Lao PDR,multilateral,16169000.0
Bondholders,Lao PDR,private,995904930.9
Malaysia,Lao PDR,bilateral,42000000.0
Viet Nam,Lao PDR,bilateral,113315000.0
Kuwait,Lao PDR,bilateral,15934405.0
Thailand,Lao PDR,private,12647000.0
Grenada,Latin America & Caribbean (excluding high income),private,0.0
Luxembourg,Latin America & Caribbean (excluding high income),private,250748888.4
Belgium,Latin America & Caribbean (excluding high income),bilateral,4098460.5
United Kingdom,Latin America & Caribbean (excluding high income),bilateral,15194057.6
Belgium,Latin America & Caribbean (excluding high income),private,3644461.2
Honduras,Latin America & Caribbean (excluding high income),bilateral,118637000.0
Honduras,Latin America & Caribbean (excluding high income),private,22059000.0
Switzerland,Latin America & Caribbean (excluding high income),private,1125866533.1
Italy,Latin America & Caribbean (excluding high income),bilateral,254686354.5
Russian Federation,Latin America & Caribbean (excluding high income),bilateral,92807174.9
Russian Federation,Latin America & Caribbean (excluding high income),private,7816000.0
Hong Kong,Latin America & Caribbean (excluding high income),private,9866000.0
Norway,Latin America & Caribbean (excluding high income),bilateral,187002.0
Italy,Latin America & Caribbean (excluding high income),private,182962402.3
Guyana,Latin America & Caribbean (excluding high income),private,948000.0
Israel,Latin America & Caribbean (excluding high income),private,14188257.3
United Kingdom,Latin America & Caribbean (excluding high income),private,2394186200.3
Cayman Islands,Latin America & Caribbean (excluding high income),private,421398000.0
Central American Bank for Econ. Integration (BCIE),Latin America & Caribbean (excluding high income),multilateral,9594806206.3
Netherlands,Latin America & Caribbean (excluding high income),private,72636500402.5
Netherlands,Latin America & Caribbean (excluding high income),bilateral,106055067.6
"Venezuela, Republic Bolivarian",Latin America & Caribbean (excluding high income),bilateral,646592259.3
Austria,Latin America & Caribbean (excluding high income),private,7134754744.3
Denmark,Latin America & Caribbean (excluding high income),private,60414112.8
Denmark,Latin America & Caribbean (excluding high income),bilateral,1926000.0
China,Latin America & Caribbean (excluding high income),bilateral,13123332643.7
European Development Fund (EDF),Latin America & Caribbean (excluding high income),multilateral,4203389.4
Finland,Latin America & Caribbean (excluding high income),private,1332000.0
China,Latin America & Caribbean (excluding high income),private,244134000.0
Libya,Latin America & Caribbean (excluding high income),bilateral,63527000.0
Kuwait,Latin America & Caribbean (excluding high income),bilateral,185578827.8
New Development Bank (NDB),Latin America & Caribbean (excluding high income),multilateral,2940785429.2
Israel,Latin America & Caribbean (excluding high income),bilateral,2996815.4
United States,Latin America & Caribbean (excluding high income),bilateral,496533000.0
United States,Latin America & Caribbean (excluding high income),private,11961350211.9
World Bank-IDA                         ,Latin America & Caribbean (excluding high income),multilateral,3685730000.0
Corporacion Andina de Fomento,Latin America & Caribbean (excluding high income),multilateral,22542704811.0
Spain,Latin America & Caribbean (excluding high income),private,848863548.4
Barbados,Latin America & Caribbean (excluding high income),private,582222.2
Plata Basin Financial Dev. Fund,Latin America & Caribbean (excluding high income),multilateral,1757805653.9
Costa Rica,Latin America & Caribbean (excluding high income),bilateral,315316000.0
Peru,Latin America & Caribbean (excluding high income),private,53000000.0
Belarus,Latin America & Caribbean (excluding high income),bilateral,0.0
Panama,Latin America & Caribbean (excluding high income),private,81275000.0
European Investment Bank,Latin America & Caribbean (excluding high income),multilateral,1736087596.0
"Korea, Republic of",Latin America & Caribbean (excluding high income),private,9000000.0
African Export-Import Bank,Latin America & Caribbean (excluding high income),multilateral,2400000.0
Spain,Latin America & Caribbean (excluding high income),bilateral,1030493477.9
Asian Infrastructure Investment Bank,Latin America & Caribbean (excluding high income),multilateral,80000000.0
"Korea, Republic of",Latin America & Caribbean (excluding high income),bilateral,358576215.0
United Arab Emirates,Latin America & Caribbean (excluding high income),bilateral,65053778.1
Colombia,Latin America & Caribbean (excluding high income),private,308000000.0
St. Kitts And Nevis,Latin America & Caribbean (excluding high income),private,0.0
OPEC Fund for International Dev.,Latin America & Caribbean (excluding high income),multilateral,1128853000.0
Japan,Latin America & Caribbean (excluding high income),private,758309630.4
World Bank-IBRD                         ,Latin America & Caribbean (excluding high income),multilateral,76285942000.0
France,Latin America & Caribbean (excluding high income),bilateral,8886138023.6
European Economic Community (EEC),Latin America & Caribbean (excluding high income),multilateral,11518284.3
Multiple Lenders,Latin America & Caribbean (excluding high income),private,20831136031.2
Multiple Lenders,Latin America & Caribbean (excluding high income),bilateral,1031289000.0
Barbados,Latin America & Caribbean (excluding high income),bilateral,3355000.0
Trinidad & Tobago,Latin America & Caribbean (excluding high income),private,3505185.2
Sweden,Latin America & Caribbean (excluding high income),bilateral,2057531777.9
Trinidad & Tobago,Latin America & Caribbean (excluding high income),bilateral,37680146.4
"Germany, Fed. Rep. of",Latin America & Caribbean (excluding high income),bilateral,5715586642.4
France,Latin America & Caribbean (excluding high income),private,1426462257.5
Switzerland,Latin America & Caribbean (excluding high income),bilateral,78630228.0
Nordic Development Fund,Latin America & Caribbean (excluding high income),multilateral,64900356.4
Algeria,Latin America & Caribbean (excluding high income),bilateral,612000.0
Austria,Latin America & Caribbean (excluding high income),bilateral,8322627.9
Japan,Latin America & Caribbean (excluding high income),bilateral,1898720576.6
"Germany, Fed. Rep. of",Latin America & Caribbean (excluding high income),private,4139777448.7999997
Peru,Latin America & Caribbean (excluding high income),bilateral,16563000.0
Brazil,Latin America & Caribbean (excluding high income),bilateral,236894000.0
"Iran, Islamic Republic Of",Latin America & Caribbean (excluding high income),bilateral,38985000.0
Islamic Dev. Bank,Latin America & Caribbean (excluding high income),multilateral,36747000.0
Ireland,Latin America & Caribbean (excluding high income),private,1656022000.0
India,Latin America & Caribbean (excluding high income),bilateral,193173000.0
Caribbean Community (CARICOM),Latin America & Caribbean (excluding high income),multilateral,14921000.0
Caribbean Dev. Bank,Latin America & Caribbean (excluding high income),multilateral,1139800330.7
Inter-American Dev. Bank      ,Latin America & Caribbean (excluding high income),multilateral,95886700000.0
Bolivarian Alliance for the Americas (ALBA),Latin America & Caribbean (excluding high income),multilateral,50848000.0
St. Lucia,Latin America & Caribbean (excluding high income),private,336296.3
Bondholders,Latin America & Caribbean (excluding high income),private,536118224702.4
Canada,Latin America & Caribbean (excluding high income),private,215524000.0
South Africa,Latin America & Caribbean (excluding high income),private,19206.2
International Fund for Agricultural Dev.,Latin America & Caribbean (excluding high income),multilateral,566863408.2
Canada,Latin America & Caribbean (excluding high income),bilateral,91288617.9
Australia,Latin America & Caribbean (excluding high income),private,0.0
Belize,Latin America & Caribbean (excluding high income),bilateral,1000000.0
International Finance Corporation,Latin America & Caribbean (excluding high income),multilateral,138731489.6
St. Vincent & The Grenadines,Latin America & Caribbean (excluding high income),private,0.0
Saudi Arabia,Latin America & Caribbean (excluding high income),bilateral,0.0
Ireland,Least developed countries: UN classification,bilateral,1643460.6
Dev. Bank of the Central African States (BDEAC),Least developed countries: UN classification,multilateral,282986659.3
Ireland,Least developed countries: UN classification,private,697221000.0
United States,Least developed countries: UN classification,bilateral,1034879978.2
Saudi Arabia,Least developed countries: UN classification,private,19060000.0
Denmark,Least developed countries: UN classification,private,245103353.5
Australia,Least developed countries: UN classification,bilateral,0.0
World Bank-IDA                         ,Least developed countries: UN classification,multilateral,97241174000.0
Denmark,Least developed countries: UN classification,bilateral,62758551.8
Serbia,Least developed countries: UN classification,bilateral,138328000.0
Thailand,Least developed countries: UN classification,bilateral,757776063.4
Thailand,Least developed countries: UN classification,private,12647000.0
United States,Least developed countries: UN classification,private,2315113590.8
"Venezuela, Republic Bolivarian",Least developed countries: UN classification,bilateral,45548000.0
Libya,Least developed countries: UN classification,bilateral,991526714.2
Romania,Least developed countries: UN classification,bilateral,134839000.0
Greece,Least developed countries: UN classification,private,446000.0
Greece,Least developed countries: UN classification,bilateral,2032000.0
Mali,Least developed countries: UN classification,bilateral,53.8
United Arab Emirates,Least developed countries: UN classification,private,317011775.8
Belgium,Least developed countries: UN classification,private,77761304.5
Belgium,Least developed countries: UN classification,bilateral,229851979.1
Malaysia,Least developed countries: UN classification,private,50000000.0
Malaysia,Least developed countries: UN classification,bilateral,42000000.0
Saudi Arabia,Least developed countries: UN classification,bilateral,5934256772.4
Liberia,Least developed countries: UN classification,private,807395.3
Switzerland,Least developed countries: UN classification,private,2270308524.7
Italy,Least developed countries: UN classification,private,993768259.0
Algeria,Least developed countries: UN classification,bilateral,157641377.3
World Bank-IBRD                         ,Least developed countries: UN classification,multilateral,4503830000.0
Luxembourg,Least developed countries: UN classification,private,30763906.8
Switzerland,Least developed countries: UN classification,bilateral,122095596.4
Sweden,Least developed countries: UN classification,private,93801000.0
Norway,Least developed countries: UN classification,bilateral,31678876.3
Finland,Least developed countries: UN classification,bilateral,1320441.9
Serbia,Least developed countries: UN classification,private,60991214.9
Italy,Least developed countries: UN classification,bilateral,897940529.5
Austria,Least developed countries: UN classification,bilateral,279010100.7
Islamic Dev. Bank,Least developed countries: UN classification,multilateral,6656624318.1
Austria,Least developed countries: UN classification,private,337092025.3
Japan,Least developed countries: UN classification,bilateral,19526751271.4
Japan,Least developed countries: UN classification,private,923099291.5999999
Togo,Least developed countries: UN classification,private,46533412.7
Belarus,Least developed countries: UN classification,bilateral,24322000.0
Asian Dev. Bank   ,Least developed countries: UN classification,multilateral,24261117000.0
African Export-Import Bank,Least developed countries: UN classification,multilateral,1608360558.6
Benin,Least developed countries: UN classification,bilateral,68245.6
"Cote D`Ivoire, Republic Of",Least developed countries: UN classification,private,642562134.9
Pakistan,Least developed countries: UN classification,bilateral,12189000.0
Iraq,Least developed countries: UN classification,bilateral,394166867.1
"Cote D`Ivoire, Republic Of",Least developed countries: UN classification,bilateral,46722094.7
Brazil,Least developed countries: UN classification,bilateral,351213000.0
South Africa,Least developed countries: UN classification,bilateral,525942626.2
South Africa,Least developed countries: UN classification,private,1660372000.0
Spain,Least developed countries: UN classification,bilateral,170834701.1
Spain,Least developed countries: UN classification,private,899594553.5999999
Poland,Least developed countries: UN classification,private,6080000.0
Poland,Least developed countries: UN classification,bilateral,295870520.2
Panama,Least developed countries: UN classification,private,0.0
"Korea, Republic of",Least developed countries: UN classification,bilateral,3981110599.0
Org. of Arab Petroleum Exporting Countries (OAPEC),Least developed countries: UN classification,multilateral,35580000.0
"Germany, Fed. Rep. of",Least developed countries: UN classification,bilateral,744728192.7
Kuwait,Least developed countries: UN classification,private,333370211.79999995
Kuwait,Least developed countries: UN classification,bilateral,3212239941.2
Qatar,Least developed countries: UN classification,bilateral,84117500.0
Angola,Least developed countries: UN classification,bilateral,303852000.0
"Iran, Islamic Republic Of",Least developed countries: UN classification,bilateral,198647654.0
Argentina,Least developed countries: UN classification,bilateral,10408000.0
France,Least developed countries: UN classification,bilateral,6460210979.5
France,Least developed countries: UN classification,private,3748534598.0
Czechia,Least developed countries: UN classification,bilateral,266132145.1
Arab Fund for Economic & Social Development,Least developed countries: UN classification,multilateral,3484523243.9
Senegal,Least developed countries: UN classification,bilateral,240.7
Portugal,Least developed countries: UN classification,private,610611656.2
Portugal,Least developed countries: UN classification,bilateral,632473987.9
OPEC Fund for International Dev.,Least developed countries: UN classification,multilateral,1708596933.5
Uganda,Least developed countries: UN classification,private,681000.0
United Kingdom,Least developed countries: UN classification,private,8680882122.1
Croatia,Least developed countries: UN classification,bilateral,39903000.0
Oman,Least developed countries: UN classification,bilateral,89507000.0
"Germany, Fed. Rep. of",Least developed countries: UN classification,private,2241272985.9
African Dev. Bank         ,Least developed countries: UN classification,multilateral,19026138768.6
Asian Infrastructure Investment Bank,Least developed countries: UN classification,multilateral,2546898679.5
Sweden,Least developed countries: UN classification,bilateral,5847905.2
"Congo, Rep.",Least developed countries: UN classification,bilateral,89167790.3
United Kingdom,Least developed countries: UN classification,bilateral,962398097.6
Hong Kong,Least developed countries: UN classification,private,304841000.0
Central Bank of West African States (BCEAO),Least developed countries: UN classification,multilateral,170167983.0
Arab African International Bank,Least developed countries: UN classification,multilateral,8304000.0
European Development Fund (EDF),Least developed countries: UN classification,multilateral,2036244.0
Canada,Least developed countries: UN classification,bilateral,253400000.0
Russian Federation,Least developed countries: UN classification,private,252000.0
International Fund for Agricultural Dev.,Least developed countries: UN classification,multilateral,3828221905.4
Nordic Development Fund,Least developed countries: UN classification,multilateral,289418808.5
Chad,Least developed countries: UN classification,bilateral,372.2
Hungary,Least developed countries: UN classification,private,5783000.0
European Economic Community (EEC),Least developed countries: UN classification,multilateral,7681982.0
Multiple Lenders,Least developed countries: UN classification,bilateral,4274946000.0
Multiple Lenders,Least developed countries: UN classification,multilateral,80839000.0
Multiple Lenders,Least developed countries: UN classification,private,11088355000.0
Hungary,Least developed countries: UN classification,bilateral,174781000.0
India,Least developed countries: UN classification,private,19772264.9
Africa Finance Corporation,Least developed countries: UN classification,private,51945000.0
Nigeria,Least developed countries: UN classification,bilateral,9000000.0
Cameroon,Least developed countries: UN classification,bilateral,22626089.9
International Bank for Economic Cooperation (IBEC),Least developed countries: UN classification,multilateral,0.0
Israel,Least developed countries: UN classification,private,3700569714.2
Egypt,Least developed countries: UN classification,private,76632000.0
Turkiye,Least developed countries: UN classification,bilateral,305408165.1
Bahrain,Least developed countries: UN classification,private,0.0
Equatorial Guinea,Least developed countries: UN classification,bilateral,28508271.1
Bahamas,Least developed countries: UN classification,private,750000.0
Arab Bank for Economic Dev. in Africa (BADEA),Least developed countries: UN classification,multilateral,1799102673.8
Namibia,Least developed countries: UN classification,bilateral,1146769.0
European Investment Bank,Least developed countries: UN classification,multilateral,2878343235.9
Russian Federation,Least developed countries: UN classification,bilateral,10809807787.6
United Arab Emirates,Least developed countries: UN classification,bilateral,1684252290.2
Eastern & Southern African Trade & Dev. Bank (TDB),Least developed countries: UN classification,multilateral,801845976.7
Arab Monetary Fund,Least developed countries: UN classification,multilateral,853644008.4
Tanzania,Least developed countries: UN classification,bilateral,35157000.0
West African Development Bank - BOAD,Least developed countries: UN classification,multilateral,2449532890.7
Netherlands,Least developed countries: UN classification,private,778645007.5999999
Mauritius,Least developed countries: UN classification,private,21874039.5
Nordic Investment Bank,Least developed countries: UN classification,multilateral,14998494.3
Netherlands,Least developed countries: UN classification,bilateral,166877100.8
Bondholders,Least developed countries: UN classification,private,26623772571.0
Bulgaria,Least developed countries: UN classification,bilateral,83599000.0
Viet Nam,Least developed countries: UN classification,bilateral,121641000.0
Economic Community of West African States (ECOWAS),Least developed countries: UN classification,multilateral,465715165.3
Singapore,Least developed countries: UN classification,private,28016855.1
China,Least developed countries: UN classification,private,16949632147.8
Morocco,Least developed countries: UN classification,bilateral,7000000.0
India,Least developed countries: UN classification,bilateral,5209210880.7
Canada,Least developed countries: UN classification,private,0.0
China,Least developed countries: UN classification,bilateral,46789640288.7
Islamic Dev. Bank,Lebanon,multilateral,243016431.7
European Investment Bank,Lebanon,multilateral,38152563.6
China,Lebanon,bilateral,6850065.8
European Development Fund (EDF),Lebanon,multilateral,115317.9
Bondholders,Lebanon,private,31314133000.0
Belgium,Lebanon,bilateral,37400.4
International Fund for Agricultural Dev.,Lebanon,multilateral,1594956.7
World Bank-IDA                         ,Lebanon,multilateral,87784000.0
OPEC Fund for International Dev.,Lebanon,multilateral,4880000.0
Arab Fund for Economic & Social Development,Lebanon,multilateral,444694268.6
Italy,Lebanon,private,34492518.9
Italy,Lebanon,bilateral,24110791.2
World Bank-IBRD                         ,Lebanon,multilateral,1118759000.0
France,Lebanon,bilateral,47066325.6
France,Lebanon,private,31827740.4
"Germany, Fed. Rep. of",Lebanon,bilateral,11155708.2
United Arab Emirates,Lebanon,bilateral,1333424.1
European Economic Community (EEC),Lebanon,multilateral,709568.7
Saudi Arabia,Lebanon,bilateral,53065333.4
Kuwait,Lebanon,bilateral,264461763.3
France,Lesotho,private,2414403.6
OPEC Fund for International Dev.,Lesotho,multilateral,15517000.0
South Africa,Lesotho,bilateral,0.0
India,Lesotho,bilateral,1132000.0
Saudi Arabia,Lesotho,bilateral,13805600.0
Kuwait,Lesotho,bilateral,18951128.5
World Bank-IDA                         ,Lesotho,multilateral,504651000.0
China,Lesotho,bilateral,181579762.1
African Dev. Bank         ,Lesotho,multilateral,147217237.7
International Fund for Agricultural Dev.,Lesotho,multilateral,31528828.3
European Investment Bank,Lesotho,multilateral,62749944.2
United Arab Emirates,Lesotho,bilateral,4544588.2
Arab Bank for Economic Dev. in Africa (BADEA),Lesotho,multilateral,31967000.0
Economic Community of West African States (ECOWAS),Liberia,multilateral,1207000.0
World Bank-IDA                         ,Liberia,multilateral,929174000.0
OPEC Fund for International Dev.,Liberia,multilateral,11564000.0
European Investment Bank,Liberia,multilateral,35712187.5
Arab Bank for Economic Dev. in Africa (BADEA),Liberia,multilateral,31195000.0
African Export-Import Bank,Liberia,multilateral,6400000.0
Kuwait,Liberia,bilateral,21386491.5
United Arab Emirates,Liberia,bilateral,0.0
African Dev. Bank         ,Liberia,multilateral,213492055.1
Saudi Arabia,Liberia,bilateral,40169333.3
China,Liberia,bilateral,49604203.2
India,Liberia,bilateral,1080000.0
Israel,Liberia,private,27093473.1
International Fund for Agricultural Dev.,Liberia,multilateral,40029293.9
"Korea, Republic of",Low income,bilateral,919195983.7
Netherlands,Low income,private,36596592.2
Netherlands,Low income,bilateral,71504003.0
Panama,Low income,private,0.0
Asian Dev. Bank   ,Low income,multilateral,491072000.0
Brazil,Low income,bilateral,158900000.0
Oman,Low income,bilateral,89507000.0
Pakistan,Low income,bilateral,12189000.0
Uganda,Low income,private,681000.0
West African Development Bank - BOAD,Low income,multilateral,1615995766.2
United Kingdom,Low income,bilateral,564961510.5
Iraq,Low income,bilateral,322195635.2
International Bank for Economic Cooperation (IBEC),Low income,multilateral,0.0
Arab Bank for Economic Dev. in Africa (BADEA),Low income,multilateral,1208767385.8
European Development Fund (EDF),Low income,multilateral,1606139.4
Cameroon,Low income,bilateral,22626089.9
Org. of Arab Petroleum Exporting Countries (OAPEC),Low income,multilateral,28361000.0
United Kingdom,Low income,private,738538078.7
Togo,Low income,private,46533412.7
"Cote D`Ivoire, Republic Of",Low income,bilateral,46722094.7
"Cote D`Ivoire, Republic Of",Low income,private,20000000.0
Bulgaria,Low income,bilateral,83806000.0
Benin,Low income,bilateral,68245.6
African Export-Import Bank,Low income,multilateral,503015000.0
Mali,Low income,bilateral,53.8
Bondholders,Low income,private,3900291000.0
International Fund for Agricultural Dev.,Low income,multilateral,2150806377.0
Dev. Bank of the Central African States (BDEAC),Low income,multilateral,282986659.3
"Venezuela, Republic Bolivarian",Low income,bilateral,18749000.0
European Economic Community (EEC),Low income,multilateral,584900.7
Nordic Development Fund,Low income,multilateral,117809622.8
Libya,Low income,bilateral,968181714.2
Norway,Low income,bilateral,19954889.8
"Congo, Rep.",Low income,bilateral,89167790.3
Serbia,Low income,bilateral,163218000.0
Asian Infrastructure Investment Bank,Low income,multilateral,101110942.5
Serbia,Low income,private,5184000.0
Economic Community of West African States (ECOWAS),Low income,multilateral,187831813.6
Algeria,Low income,bilateral,157641377.3
Eastern & Southern African Trade & Dev. Bank (TDB),Low income,multilateral,294253401.5
Malaysia,Low income,bilateral,40939932.3
Nordic Investment Bank,Low income,multilateral,11840238.3
Belgium,Low income,bilateral,213749029.1
Belgium,Low income,private,29699304.5
Tanzania,Low income,bilateral,35157000.0
Canada,Low income,bilateral,9285000.0
European Investment Bank,Low income,multilateral,1795258151.8
Croatia,Low income,bilateral,39903000.0
Denmark,Low income,private,123956353.5
Multiple Lenders,Low income,bilateral,4148660000.0
United Arab Emirates,Low income,private,75133000.0
United Arab Emirates,Low income,bilateral,1688410765.1
Austria,Low income,private,53803573.4
OPEC Fund for International Dev.,Low income,multilateral,978894512.0
Namibia,Low income,bilateral,1146769.0
Arab Towns Organization (ATO),Low income,multilateral,207825.9
France,Low income,private,521626085.3
France,Low income,bilateral,2087418099.5
"Iran, Islamic Republic Of",Low income,bilateral,114569000.0
Denmark,Low income,bilateral,62758551.8
Senegal,Low income,bilateral,240.7
Nigeria,Low income,bilateral,9000000.0
Argentina,Low income,bilateral,10408000.0
Angola,Low income,bilateral,228203000.0
Kuwait,Low income,bilateral,2432198881.6
Kuwait,Low income,private,333370211.79999995
Switzerland,Low income,private,2270308524.7
Egypt,Low income,private,82000.0
Switzerland,Low income,bilateral,122095596.4
Multiple Lenders,Low income,private,3512325000.0
Czechia,Low income,bilateral,25424279.9
Equatorial Guinea,Low income,bilateral,28508271.1
Austria,Low income,bilateral,203275329.6
Russian Federation,Low income,bilateral,2708311364.4
Ireland,Low income,bilateral,1643460.6
World Bank-IDA                         ,Low income,multilateral,44199424000.0
Arab Monetary Fund,Low income,multilateral,864911731.6
China,Low income,bilateral,17070658343.5
China,Low income,private,1399838000.0
Sweden,Low income,private,85230000.0
Greece,Low income,bilateral,2032000.0
Greece,Low income,private,446000.0
Turkiye,Low income,bilateral,190978154.7
African Dev. Bank         ,Low income,multilateral,10213846778.3
Japan,Low income,private,350290591.3
Japan,Low income,bilateral,1660520225.1
India,Low income,bilateral,1914168394.8
Qatar,Low income,bilateral,41617500.0
Spain,Low income,bilateral,128649354.8
India,Low income,private,18490405.3
Israel,Low income,private,179332169.2
Arab Fund for Economic & Social Development,Low income,multilateral,2650568511.1
Portugal,Low income,private,67095625.0
Portugal,Low income,bilateral,381032987.9
United States,Low income,bilateral,1058803978.2
Saudi Arabia,Low income,private,19060000.0
Saudi Arabia,Low income,bilateral,4651639477.3
United States,Low income,private,1742304190.8
"Germany, Fed. Rep. of",Low income,bilateral,409091326.8
"Germany, Fed. Rep. of",Low income,private,158572433.3
Russian Federation,Low income,private,252000.0
Bahamas,Low income,private,750000.0
South Africa,Low income,private,735257000.0
Hungary,Low income,bilateral,16976000.0
Central Bank of West African States (BCEAO),Low income,multilateral,170167983.0
Chad,Low income,bilateral,372.2
Islamic Dev. Bank,Low income,multilateral,3430719289.8
Ireland,Low income,private,39540000.0
Romania,Low income,bilateral,133482000.0
Poland,Low income,bilateral,119047000.0
Romania,Low income,private,6450000.0
Italy,Low income,private,353374623.5
Italy,Low income,bilateral,696922729.6
France,Lower middle income,bilateral,20232391449.0
UN-General Assembly (UNGA),Lower middle income,multilateral,3571000.0
Portugal,Lower middle income,bilateral,464110063.4
Portugal,Lower middle income,private,559489118.7
"Iran, Islamic Republic Of",Lower middle income,bilateral,175698654.0
Finland,Lower middle income,bilateral,73101684.8
Singapore,Lower middle income,private,7635976627.2
Honduras,Lower middle income,bilateral,118637000.0
Economic Community of West African States (ECOWAS),Lower middle income,multilateral,555025158.3
Czechia,Lower middle income,bilateral,274559382.8
Sweden,Lower middle income,private,68889277.7
Sweden,Lower middle income,bilateral,282831638.8
France,Lower middle income,private,10203433276.0
European Investment Bank,Lower middle income,multilateral,13446143946.4
Nordic Development Fund,Lower middle income,multilateral,353533922.9
Serbia,Lower middle income,bilateral,307546000.0
Austria,Lower middle income,bilateral,115358417.1
Russian Federation,Lower middle income,private,390159932.6
Russian Federation,Lower middle income,bilateral,19528903424.4
OPEC Fund for International Dev.,Lower middle income,multilateral,2900555131.6
Libya,Lower middle income,bilateral,139990818.5
European Economic Community (EEC),Lower middle income,multilateral,22095849.9
United States,Lower middle income,private,4474612739.1
Norway,Lower middle income,bilateral,55645795.6
Romania,Lower middle income,bilateral,1357000.0
United States,Lower middle income,bilateral,1445690000.0
ECO Trade and Dev. Bank,Lower middle income,multilateral,87945000.0
World Bank-IBRD                         ,Lower middle income,multilateral,91069362000.0
China,Lower middle income,bilateral,97656594548.2
European Union,Lower middle income,multilateral,2924503500.0
China,Lower middle income,private,20269606024.7
Hong Kong,Lower middle income,private,5584641827.1
Morocco,Lower middle income,private,0.0
Morocco,Lower middle income,bilateral,7000000.0
Spain,Lower middle income,bilateral,1478226829.0
Mauritius,Lower middle income,private,100059545.9
Belgium,Lower middle income,private,1176250596.3
Belgium,Lower middle income,bilateral,292363110.1
Thailand,Lower middle income,private,12647000.0
Thailand,Lower middle income,bilateral,757776063.4
Nordic Investment Bank,Lower middle income,multilateral,15108056.1
European Social Fund (ESF),Lower middle income,multilateral,519450000.0
Denmark,Lower middle income,private,237635740.3
Malaysia,Lower middle income,private,50000000.0
Liberia,Lower middle income,private,807395.3
"Venezuela, Republic Bolivarian",Lower middle income,bilateral,148782000.0
Ireland,Lower middle income,private,826361471.6
World Bank-IDA                         ,Lower middle income,multilateral,152895600000.0
Algeria,Lower middle income,bilateral,630061000.0
Canada,Lower middle income,private,0.0
Canada,Lower middle income,bilateral,690027894.1
Malaysia,Lower middle income,bilateral,42000000.0
Finland,Lower middle income,private,34310511.9
Denmark,Lower middle income,bilateral,24248375.3
Africa Finance Corporation,Lower middle income,private,1222875733.0
Serbia,Lower middle income,private,255807214.9
Italy,Lower middle income,private,1752529799.0
Qatar,Lower middle income,bilateral,49982000.0
Czechia,Lower middle income,private,244617316.2
Qatar,Lower middle income,private,240000000.0
African Dev. Bank         ,Lower middle income,multilateral,31071325731.4
Kuwait,Lower middle income,bilateral,8809410112.9
Spain,Lower middle income,private,1133328216.0
Viet Nam,Lower middle income,bilateral,121641000.0
Italy,Lower middle income,bilateral,1429097710.5
Luxembourg,Lower middle income,private,143968906.8
Eastern & Southern African Trade & Dev. Bank (TDB),Lower middle income,multilateral,1939965391.9
Australia,Lower middle income,bilateral,1841385305.4
Austria,Lower middle income,private,956568374.9000001
Australia,Lower middle income,private,18074000.0
Bondholders,Lower middle income,private,310031352307.3
Angola,Lower middle income,bilateral,172275000.0
International Fund for Agricultural Dev.,Lower middle income,multilateral,4666376407.3
Dev. Bank of the Central African States (BDEAC),Lower middle income,multilateral,107098597.9
"Korea, Republic of",Lower middle income,private,5146859.2
Arab Monetary Fund,Lower middle income,multilateral,1809818129.5
India,Lower middle income,bilateral,9893929218.4
Arab African International Bank,Lower middle income,multilateral,21905000.0
Switzerland,Lower middle income,bilateral,25615180.4
Bulgaria,Lower middle income,bilateral,8003000.0
Islamic Solidarity Fund for Dev. (ISFD),Lower middle income,multilateral,18718516.0
Equatorial Guinea,Lower middle income,bilateral,1583792.8
Egypt,Lower middle income,private,76550000.0
"Korea, D.P.R. of",Lower middle income,bilateral,0.0
New Development Bank (NDB),Lower middle income,multilateral,4484906000.0
Egypt,Lower middle income,bilateral,187736000.0
"Korea, Republic of",Lower middle income,bilateral,7130529856.3
Belarus,Lower middle income,bilateral,24322000.0
Arab Bank for Economic Dev. in Africa (BADEA),Lower middle income,private,0.0
Brazil,Lower middle income,private,120421000.0
Inter-American Dev. Bank      ,Lower middle income,multilateral,9826187000.0
African Export-Import Bank,Lower middle income,multilateral,9841526126.1
Eurasian Development Bank,Lower middle income,multilateral,365614000.0
Hungary,Lower middle income,bilateral,944183310.9
Japan,Lower middle income,private,5784879678.8
Hungary,Lower middle income,private,5783000.0
United Arab Emirates,Lower middle income,bilateral,703112951.7
"Cote D`Ivoire, Republic Of",Lower middle income,private,622562134.9
Turkiye,Lower middle income,private,0.0
Asian Dev. Bank   ,Lower middle income,multilateral,106541133000.0
Turkiye,Lower middle income,bilateral,499201684.3
World Trade Organization,Lower middle income,multilateral,39166530.0
Arab Fund for Economic & Social Development,Lower middle income,multilateral,6487259891.2
Pakistan,Lower middle income,bilateral,2109000.0
United Kingdom,Lower middle income,private,19182158714.4
Nigeria,Lower middle income,bilateral,2293290.3
United Kingdom,Lower middle income,bilateral,497198646.7
Switzerland,Lower middle income,private,365454801.3
European Development Fund (EDF),Lower middle income,multilateral,251711398.3
Asian Infrastructure Investment Bank,Lower middle income,multilateral,14689572985.8
Japan,Lower middle income,bilateral,76912685244.1
Israel,Lower middle income,private,4018363368.8
Poland,Lower middle income,bilateral,184105170.3
Multiple Lenders,Lower middle income,bilateral,8475230000.0
South Asian Development Fund (SADF),Lower middle income,multilateral,7222000.0
Poland,Lower middle income,private,6080000.0
Netherlands,Lower middle income,bilateral,191606404.8
Corporacion Andina de Fomento,Lower middle income,multilateral,2693237000.0
Multiple Lenders,Lower middle income,multilateral,184831000.0
Plata Basin Financial Dev. Fund,Lower middle income,multilateral,434009000.0
"Germany, Fed. Rep. of",Lower middle income,private,3880514244.9
Islamic Dev. Bank,Lower middle income,multilateral,10968284590.4
European Bank for Reconstruction and Dev. (EBRD),Lower middle income,multilateral,3524663378.9
"Germany, Fed. Rep. of",Lower middle income,bilateral,15442233134.9
Multiple Lenders,Lower middle income,private,34214298011.6
South Africa,Lower middle income,private,1985711558.4
Netherlands,Lower middle income,private,1746228791.8999999
South Africa,Lower middle income,bilateral,600669489.3
International Finance Corporation,Lower middle income,multilateral,279750000.0
Costa Rica,Lower middle income,bilateral,315316000.0
Arab Bank for Economic Dev. in Africa (BADEA),Lower middle income,multilateral,1002182988.5
United Arab Emirates,Lower middle income,private,5396589400.099999
Iraq,Lower middle income,bilateral,71976350.4
"Congo, Rep.",Lower middle income,bilateral,0.0
Saudi Arabia,Lower middle income,bilateral,15039572095.4
Central American Bank for Econ. Integration (BCIE),Lower middle income,multilateral,4195095206.3
West African Development Bank - BOAD,Lower middle income,multilateral,1222284567.8
India,Lower middle income,private,1281859.6
Org. of Arab Petroleum Exporting Countries (OAPEC),Lower middle income,multilateral,7219000.0
Brazil,Lower middle income,bilateral,340639000.0
Peru,Lower middle income,bilateral,16563000.0
Bahrain,Lower middle income,private,1043149325.7
Spain,Madagascar,bilateral,1093961.7
Belgium,Madagascar,bilateral,6157560.3
Japan,Madagascar,bilateral,187309288.2
African Dev. Bank         ,Madagascar,multilateral,497669511.4
Bahamas,Madagascar,private,750000.0
Arab Bank for Economic Dev. in Africa (BADEA),Madagascar,multilateral,52386000.0
World Bank-IDA                         ,Madagascar,multilateral,2649927000.0
Algeria,Madagascar,bilateral,73720000.0
Ireland,Madagascar,private,39540000.0
Netherlands,Madagascar,private,6596592.2
Russian Federation,Madagascar,bilateral,8891000.0
Kuwait,Madagascar,private,4023380.4
France,Madagascar,bilateral,175705001.4
United Arab Emirates,Madagascar,bilateral,6503744.0
International Fund for Agricultural Dev.,Madagascar,multilateral,208044968.9
Eastern & Southern African Trade & Dev. Bank (TDB),Madagascar,multilateral,17966000.0
European Investment Bank,Madagascar,multilateral,273638987.7
OPEC Fund for International Dev.,Madagascar,multilateral,60573000.0
"Germany, Fed. Rep. of",Madagascar,private,3260000.0
"Korea, Republic of",Madagascar,bilateral,35572000.0
Saudi Arabia,Madagascar,bilateral,29441866.7
France,Madagascar,private,83596127.39999999
Kuwait,Madagascar,bilateral,15648644.3
China,Madagascar,bilateral,317480528.4
Angola,Madagascar,bilateral,3000000.0
India,Madagascar,bilateral,7258000.0
Saudi Arabia,Malawi,bilateral,27717866.6
Nordic Development Fund,Malawi,multilateral,13374798.6
European Investment Bank,Malawi,multilateral,156431328.6
African Dev. Bank         ,Malawi,multilateral,460671211.8
OPEC Fund for International Dev.,Malawi,multilateral,85856000.0
International Fund for Agricultural Dev.,Malawi,multilateral,142794310.2
India,Malawi,bilateral,91627000.0
World Bank-IDA                         ,Malawi,multilateral,1701516000.0
United Arab Emirates,Malawi,bilateral,1469026.5
China,Malawi,bilateral,203427499.0
Arab Bank for Economic Dev. in Africa (BADEA),Malawi,multilateral,70847000.0
Belgium,Malawi,bilateral,985916.1
Kuwait,Malawi,bilateral,47036856.6
United Arab Emirates,Maldives,bilateral,34265214.4
Netherlands,Maldives,private,100459552.2
International Fund for Agricultural Dev.,Maldives,multilateral,9205832.9
OPEC Fund for International Dev.,Maldives,multilateral,114222000.0
China,Maldives,private,286726000.0
Asian Infrastructure Investment Bank,Maldives,multilateral,25611000.0
United States,Maldives,private,205000000.0
Islamic Dev. Bank,Maldives,multilateral,140885336.6
United States,Maldives,bilateral,0.0
Japan,Maldives,bilateral,41180976.7
Kuwait,Maldives,bilateral,111732424.1
Sri Lanka,Maldives,private,63106000.0
World Bank-IDA                         ,Maldives,multilateral,93268000.0
European Investment Bank,Maldives,multilateral,73060595.0
Bondholders,Maldives,private,600000000.0
Nordic Development Fund,Maldives,multilateral,4748811.9
Saudi Arabia,Maldives,bilateral,178675733.4
Hungary,Maldives,bilateral,51945000.0
India,Maldives,bilateral,1145679000.0
Belgium,Maldives,bilateral,1387970.4
Asian Dev. Bank   ,Maldives,multilateral,97433000.0
France,Maldives,bilateral,905920.8
China,Maldives,bilateral,736246914.4
European Investment Bank,Mali,multilateral,75049609.6
Italy,Mali,bilateral,5814723.3
Arab Bank for Economic Dev. in Africa (BADEA),Mali,multilateral,55420031.7
West African Development Bank - BOAD,Mali,multilateral,340107525.9
Arab Fund for Economic & Social Development,Mali,multilateral,693000.0
International Fund for Agricultural Dev.,Mali,multilateral,116986303.9
India,Mali,bilateral,115657094.8
China,Mali,bilateral,499995446.8
Islamic Dev. Bank,Mali,multilateral,569791894.8
World Bank-IDA                         ,Mali,multilateral,2189934000.0
Belgium,Mali,bilateral,9815020.3
Economic Community of West African States (ECOWAS),Mali,multilateral,45256296.0
Libya,Mali,bilateral,18406000.0
Austria,Mali,bilateral,3116700.0
"Korea, Republic of",Mali,bilateral,83615578.7
United Arab Emirates,Mali,bilateral,333138118.6
Kuwait,Mali,bilateral,54382204.8
Saudi Arabia,Mali,bilateral,124406994.0
African Dev. Bank         ,Mali,multilateral,691456092.1
France,Mali,bilateral,239607225.4
Qatar,Mali,bilateral,12617500.0
OPEC Fund for International Dev.,Mali,multilateral,33023977.8
Iraq,Mauritania,bilateral,38973000.0
World Bank-IDA                         ,Mauritania,multilateral,450760000.0
Libya,Mauritania,bilateral,3345000.0
Saudi Arabia,Mauritania,bilateral,656429600.0
United Arab Emirates,Mauritania,bilateral,18982028.7
India,Mauritania,bilateral,87328000.0
Spain,Mauritania,bilateral,6005866.3
Kuwait,Mauritania,bilateral,238771539.9
Arab Fund for Economic & Social Development,Mauritania,multilateral,1215015684.2
Brazil,Mauritania,bilateral,36447000.0
European Investment Bank,Mauritania,multilateral,17401513.8
"Germany, Fed. Rep. of",Mauritania,bilateral,1805608.2
China,Mauritania,bilateral,262993802.2
International Fund for Agricultural Dev.,Mauritania,multilateral,53178822.5
France,Mauritania,bilateral,62351661.3
OPEC Fund for International Dev.,Mauritania,multilateral,28041000.0
African Dev. Bank         ,Mauritania,multilateral,106953385.1
Org. of Arab Petroleum Exporting Countries (OAPEC),Mauritania,multilateral,7219000.0
Islamic Dev. Bank,Mauritania,multilateral,315481828.3
China,Mauritius,bilateral,125728374.9
Saudi Arabia,Mauritius,bilateral,53800000.0
Japan,Mauritius,bilateral,192633258.9
United States,Mauritius,private,872811000.0
India,Mauritius,bilateral,409823000.0
Kuwait,Mauritius,bilateral,11550576.4
"Germany, Fed. Rep. of",Mauritius,bilateral,20778.0
World Bank-IDA                         ,Mauritius,multilateral,0.0
Arab African International Bank,Mauritius,multilateral,9244000.0
International Fund for Agricultural Dev.,Mauritius,multilateral,112155.6
Arab Bank for Economic Dev. in Africa (BADEA),Mauritius,multilateral,0.0
African Dev. Bank         ,Mauritius,multilateral,930567872.2
France,Mauritius,private,133651000.0
United Arab Emirates,Mauritius,bilateral,947038.8
France,Mauritius,bilateral,502067125.2
European Development Fund (EDF),Mauritius,multilateral,3183189.6
Bondholders,Mauritius,private,9376545.8
World Bank-IBRD                         ,Mauritius,multilateral,92941000.0
European Investment Bank,Mauritius,multilateral,0.0
Canada,Mauritius,private,49996000.0
Nordic Development Fund,Mauritius,multilateral,843586.8
Multiple Lenders,Mexico,private,5235341000.0
Corporacion Andina de Fomento,Mexico,multilateral,0.0
European Investment Bank,Mexico,multilateral,128571000.0
World Bank-IBRD                         ,Mexico,multilateral,14264951000.0
"Germany, Fed. Rep. of",Mexico,private,2827492000.0
France,Mexico,bilateral,1623491934.7
France,Mexico,private,410342000.0
"Germany, Fed. Rep. of",Mexico,bilateral,1027687499.7
Spain,Mexico,private,585996000.0
Canada,Mexico,bilateral,6015231.0
Inter-American Dev. Bank      ,Mexico,multilateral,14047791000.0
Japan,Mexico,private,203300000.0
Japan,Mexico,bilateral,96745000.0
United States,Mexico,private,2960933000.0
Bondholders,Mexico,private,246046381085.3
Arab Towns Organization (ATO),"Middle East, North Africa, Afghanistan & Pakistan (excluding high income)",multilateral,207825.9
European Economic Community (EEC),"Middle East, North Africa, Afghanistan & Pakistan (excluding high income)",multilateral,709568.7
"Germany, Fed. Rep. of","Middle East, North Africa, Afghanistan & Pakistan (excluding high income)",bilateral,9728648082.3
"Iran, Islamic Republic Of","Middle East, North Africa, Afghanistan & Pakistan (excluding high income)",bilateral,38075654.0
International Fund for Agricultural Dev.,"Middle East, North Africa, Afghanistan & Pakistan (excluding high income)",multilateral,783783380.1
"Germany, Fed. Rep. of","Middle East, North Africa, Afghanistan & Pakistan (excluding high income)",private,562522925.9
Croatia,"Middle East, North Africa, Afghanistan & Pakistan (excluding high income)",private,5629000.0
France,"Middle East, North Africa, Afghanistan & Pakistan (excluding high income)",private,3558570272.4
France,"Middle East, North Africa, Afghanistan & Pakistan (excluding high income)",bilateral,7691114552.3
OPEC Fund for International Dev.,"Middle East, North Africa, Afghanistan & Pakistan (excluding high income)",multilateral,1112473710.1
Singapore,"Middle East, North Africa, Afghanistan & Pakistan (excluding high income)",private,71874000.0
Libya,"Middle East, North Africa, Afghanistan & Pakistan (excluding high income)",bilateral,51118818.5
Bahrain,"Middle East, North Africa, Afghanistan & Pakistan (excluding high income)",private,839274325.7
United Arab Emirates,"Middle East, North Africa, Afghanistan & Pakistan (excluding high income)",bilateral,611467478.5
World Trade Organization,"Middle East, North Africa, Afghanistan & Pakistan (excluding high income)",multilateral,39166530.0
United Arab Emirates,"Middle East, North Africa, Afghanistan & Pakistan (excluding high income)",private,3619099000.0
European Development Fund (EDF),"Middle East, North Africa, Afghanistan & Pakistan (excluding high income)",multilateral,187317825.6
Austria,"Middle East, North Africa, Afghanistan & Pakistan (excluding high income)",private,21589380.9
Austria,"Middle East, North Africa, Afghanistan & Pakistan (excluding high income)",bilateral,131297220.9
Turkiye,"Middle East, North Africa, Afghanistan & Pakistan (excluding high income)",bilateral,152843000.0
African Dev. Bank         ,"Middle East, North Africa, Afghanistan & Pakistan (excluding high income)",multilateral,10580189934.6
Islamic Dev. Bank,"Middle East, North Africa, Afghanistan & Pakistan (excluding high income)",multilateral,4606381325.5
International Finance Corporation,"Middle East, North Africa, Afghanistan & Pakistan (excluding high income)",multilateral,254750000.0
European Bank for Reconstruction and Dev. (EBRD),"Middle East, North Africa, Afghanistan & Pakistan (excluding high income)",multilateral,2815868191.7
Iraq,"Middle East, North Africa, Afghanistan & Pakistan (excluding high income)",bilateral,6797118.5
Bondholders,"Middle East, North Africa, Afghanistan & Pakistan (excluding high income)",private,92433137918.6
Netherlands,"Middle East, North Africa, Afghanistan & Pakistan (excluding high income)",bilateral,163652431.0
Netherlands,"Middle East, North Africa, Afghanistan & Pakistan (excluding high income)",private,17028000.0
United States,"Middle East, North Africa, Afghanistan & Pakistan (excluding high income)",private,595555000.0
United States,"Middle East, North Africa, Afghanistan & Pakistan (excluding high income)",bilateral,1067835000.0
Bosnia-Herzegovina,"Middle East, North Africa, Afghanistan & Pakistan (excluding high income)",private,28444000.0
Arab Fund for Economic & Social Development,"Middle East, North Africa, Afghanistan & Pakistan (excluding high income)",multilateral,6782186961.7
Multiple Lenders,"Middle East, North Africa, Afghanistan & Pakistan (excluding high income)",bilateral,8000265000.0
Multiple Lenders,"Middle East, North Africa, Afghanistan & Pakistan (excluding high income)",multilateral,83992000.0
Multiple Lenders,"Middle East, North Africa, Afghanistan & Pakistan (excluding high income)",private,7826598687.7
Asian Dev. Bank   ,"Middle East, North Africa, Afghanistan & Pakistan (excluding high income)",multilateral,16424324000.0
"Korea, Republic of","Middle East, North Africa, Afghanistan & Pakistan (excluding high income)",private,185418000.0
"Korea, Republic of","Middle East, North Africa, Afghanistan & Pakistan (excluding high income)",bilateral,819928799.4
Org. of Arab Petroleum Exporting Countries (OAPEC),"Middle East, North Africa, Afghanistan & Pakistan (excluding high income)",multilateral,28361000.0
Russian Federation,"Middle East, North Africa, Afghanistan & Pakistan (excluding high income)",bilateral,7052606756.5
Arab Monetary Fund,"Middle East, North Africa, Afghanistan & Pakistan (excluding high income)",multilateral,2099847754.7
United Kingdom,"Middle East, North Africa, Afghanistan & Pakistan (excluding high income)",bilateral,180638092.3
Indonesia,"Middle East, North Africa, Afghanistan & Pakistan (excluding high income)",bilateral,193000.0
African Export-Import Bank,"Middle East, North Africa, Afghanistan & Pakistan (excluding high income)",multilateral,4897288000.0
Hungary,"Middle East, North Africa, Afghanistan & Pakistan (excluding high income)",bilateral,733874027.2
Japan,"Middle East, North Africa, Afghanistan & Pakistan (excluding high income)",bilateral,13216591968.4
Switzerland,"Middle East, North Africa, Afghanistan & Pakistan (excluding high income)",private,282929073.9
Japan,"Middle East, North Africa, Afghanistan & Pakistan (excluding high income)",private,181321000.0
Switzerland,"Middle East, North Africa, Afghanistan & Pakistan (excluding high income)",bilateral,56126752.0
Portugal,"Middle East, North Africa, Afghanistan & Pakistan (excluding high income)",bilateral,146329065.0
Hong Kong,"Middle East, North Africa, Afghanistan & Pakistan (excluding high income)",private,300000000.0
Malaysia,"Middle East, North Africa, Afghanistan & Pakistan (excluding high income)",bilateral,41207932.3
Ireland,"Middle East, North Africa, Afghanistan & Pakistan (excluding high income)",private,90049471.6
United Kingdom,"Middle East, North Africa, Afghanistan & Pakistan (excluding high income)",private,2539374567.4
Africa Finance Corporation,"Middle East, North Africa, Afghanistan & Pakistan (excluding high income)",private,1000000000.0
Belgium,"Middle East, North Africa, Afghanistan & Pakistan (excluding high income)",bilateral,50422018.2
Algeria,"Middle East, North Africa, Afghanistan & Pakistan (excluding high income)",bilateral,611000000.0
Belgium,"Middle East, North Africa, Afghanistan & Pakistan (excluding high income)",private,63750714.9
South Africa,"Middle East, North Africa, Afghanistan & Pakistan (excluding high income)",private,500000000.0
Portugal,"Middle East, North Africa, Afghanistan & Pakistan (excluding high income)",private,15973087.5
World Bank-IDA                         ,"Middle East, North Africa, Afghanistan & Pakistan (excluding high income)",multilateral,19781602000.0
Greece,"Middle East, North Africa, Afghanistan & Pakistan (excluding high income)",bilateral,94639000.0
Greece,"Middle East, North Africa, Afghanistan & Pakistan (excluding high income)",private,7769000.0
China,"Middle East, North Africa, Afghanistan & Pakistan (excluding high income)",private,2323994000.0
China,"Middle East, North Africa, Afghanistan & Pakistan (excluding high income)",bilateral,28459029363.9
Spain,"Middle East, North Africa, Afghanistan & Pakistan (excluding high income)",bilateral,946191442.6
Nordic Investment Bank,"Middle East, North Africa, Afghanistan & Pakistan (excluding high income)",multilateral,2606600.1
Denmark,"Middle East, North Africa, Afghanistan & Pakistan (excluding high income)",private,316864.5
European Social Fund (ESF),"Middle East, North Africa, Afghanistan & Pakistan (excluding high income)",multilateral,519450000.0
South Africa,"Middle East, North Africa, Afghanistan & Pakistan (excluding high income)",bilateral,8877000.0
Romania,"Middle East, North Africa, Afghanistan & Pakistan (excluding high income)",private,6450000.0
Canada,"Middle East, North Africa, Afghanistan & Pakistan (excluding high income)",bilateral,460832514.1
Romania,"Middle East, North Africa, Afghanistan & Pakistan (excluding high income)",bilateral,136043000.0
Italy,"Middle East, North Africa, Afghanistan & Pakistan (excluding high income)",private,761123538.6999999
Italy,"Middle East, North Africa, Afghanistan & Pakistan (excluding high income)",bilateral,1235537295.5
ECO Trade and Dev. Bank,"Middle East, North Africa, Afghanistan & Pakistan (excluding high income)",multilateral,121635488.1
Australia,"Middle East, North Africa, Afghanistan & Pakistan (excluding high income)",bilateral,54918000.0
European Union,"Middle East, North Africa, Afghanistan & Pakistan (excluding high income)",multilateral,2908920000.0
UN-General Assembly (UNGA),"Middle East, North Africa, Afghanistan & Pakistan (excluding high income)",multilateral,3571000.0
Finland,"Middle East, North Africa, Afghanistan & Pakistan (excluding high income)",bilateral,135337473.9
Serbia,"Middle East, North Africa, Afghanistan & Pakistan (excluding high income)",bilateral,399611000.0
Norway,"Middle East, North Africa, Afghanistan & Pakistan (excluding high income)",bilateral,1001722.5
Luxembourg,"Middle East, North Africa, Afghanistan & Pakistan (excluding high income)",private,63826000.0
Serbia,"Middle East, North Africa, Afghanistan & Pakistan (excluding high income)",private,200000000.0
World Bank-IBRD                         ,"Middle East, North Africa, Afghanistan & Pakistan (excluding high income)",multilateral,38623899000.0
Denmark,"Middle East, North Africa, Afghanistan & Pakistan (excluding high income)",bilateral,13389149.8
Saudi Arabia,"Middle East, North Africa, Afghanistan & Pakistan (excluding high income)",bilateral,14557971262.8
Qatar,"Middle East, North Africa, Afghanistan & Pakistan (excluding high income)",private,240000000.0
European Investment Bank,"Middle East, North Africa, Afghanistan & Pakistan (excluding high income)",multilateral,9283840258.5
Nordic Development Fund,"Middle East, North Africa, Afghanistan & Pakistan (excluding high income)",multilateral,4215856.2
Arab Bank for Economic Dev. in Africa (BADEA),"Middle East, North Africa, Afghanistan & Pakistan (excluding high income)",multilateral,110149407.5
Sweden,"Middle East, North Africa, Afghanistan & Pakistan (excluding high income)",bilateral,23393534.6
Asian Infrastructure Investment Bank,"Middle East, North Africa, Afghanistan & Pakistan (excluding high income)",multilateral,2549555215.2
Czechia,"Middle East, North Africa, Afghanistan & Pakistan (excluding high income)",bilateral,15292000.0
Spain,"Middle East, North Africa, Afghanistan & Pakistan (excluding high income)",private,103591835.7
Kuwait,"Middle East, North Africa, Afghanistan & Pakistan (excluding high income)",bilateral,7859563889.8
Czechia,"Middle East, North Africa, Afghanistan & Pakistan (excluding high income)",private,43611000.0
Sweden,"Middle East, North Africa, Afghanistan & Pakistan (excluding high income)",private,72498000.0
India,"Middle East, North Africa, Afghanistan & Pakistan (excluding high income)",bilateral,91007768.7
Bulgaria,"Middle East, North Africa, Afghanistan & Pakistan (excluding high income)",bilateral,12411000.0
Qatar,"Middle East, North Africa, Afghanistan & Pakistan (excluding high income)",bilateral,7482000.0
Singapore,Middle income,private,8945793464.5
Central American Bank for Econ. Integration (BCIE),Middle income,multilateral,9594806206.3
Poland,Middle income,private,7491865.1
Costa Rica,Middle income,bilateral,315316000.0
Central Bank of West African States (BCEAO),Middle income,multilateral,138738102.0
Panama,Middle income,private,81275000.0
Bulgaria,Middle income,private,104539312.5
Peru,Middle income,bilateral,16563000.0
Czechia,Middle income,private,476295188.7
Caribbean Dev. Bank,Middle income,multilateral,1139800330.7
United States,Middle income,private,22486831834.399998
Arab Bank for Economic Dev. in Africa (BADEA),Middle income,multilateral,1061585583.3
Norway,Middle income,bilateral,425230797.6
Norway,Middle income,private,11396733.0
Arab Bank for Economic Dev. in Africa (BADEA),Middle income,private,0.0
United States,Middle income,bilateral,2010200500.0
Belize,Middle income,bilateral,1000000.0
Sweden,Middle income,bilateral,2355340416.7
Denmark,Middle income,bilateral,455094629.3
Armenia,Middle income,bilateral,1015000.0
Sweden,Middle income,private,143428716.2
West African Development Bank - BOAD,Middle income,multilateral,1222284567.8
Portugal,Middle income,private,968180950.8000001
Colombia,Middle income,private,308000000.0
"Congo, Rep.",Middle income,bilateral,0.0
Saudi Arabia,Middle income,bilateral,15526723428.9
Dev. Bank of the Central African States (BDEAC),Middle income,multilateral,107098597.9
Poland,Middle income,bilateral,347463884.1
Romania,Middle income,bilateral,137400000.0
Russian Federation,Middle income,private,427975932.6
Corporacion Andina de Fomento,Middle income,multilateral,22542704811.0
Serbia,Middle income,bilateral,378743620.8
South Asian Development Fund (SADF),Middle income,multilateral,7222000.0
Canada,Middle income,bilateral,6245572629.1
Nordic Development Fund,Middle income,multilateral,391055335.4
St. Kitts And Nevis,Middle income,private,0.0
Brazil,Middle income,bilateral,545052000.0
Austria,Middle income,private,8497113303.599999
ECO Trade and Dev. Bank,Middle income,multilateral,156698363.1
EUROFIMA,Middle income,multilateral,1687173.6
Cayman Islands,Middle income,private,3417928721.4
Switzerland,Middle income,private,2438673426.5
Peru,Middle income,private,53000000.0
Serbia,Middle income,private,255807214.9
St. Lucia,Middle income,private,336296.3
Economic Community of West African States (ECOWAS),Middle income,multilateral,567200559.1
Belgium,Middle income,private,1379890472.3999999
Nigeria,Middle income,bilateral,2293290.3
Bolivarian Alliance for the Americas (ALBA),Middle income,multilateral,50848000.0
Council of Europe,Middle income,multilateral,2893367955.0
Equatorial Guinea,Middle income,bilateral,1583792.8
Qatar,Middle income,private,240000000.0
Org. of Arab Petroleum Exporting Countries (OAPEC),Middle income,multilateral,7219000.0
Czechia,Middle income,bilateral,368136382.8
Caribbean Community (CARICOM),Middle income,multilateral,14921000.0
Arab Monetary Fund,Middle income,multilateral,1811174429.5
Egypt,Middle income,private,76550000.0
Egypt,Middle income,bilateral,187736000.0
China,Middle income,private,20993164524.7
China,Middle income,bilateral,130483528820.8
Qatar,Middle income,bilateral,49982000.0
United Kingdom,Middle income,private,29887452402.5
Brazil,Middle income,private,120421000.0
OPEC Fund for International Dev.,Middle income,multilateral,4451233806.0
St. Vincent & The Grenadines,Middle income,private,0.0
Pakistan,Middle income,bilateral,2109000.0
Nordic Investment Bank,Middle income,multilateral,28266269.2
Belgium,Middle income,bilateral,424803611.3
Arab Fund for Economic & Social Development,Middle income,multilateral,6487259891.2
Switzerland,Middle income,bilateral,168223454.9
Austria,Middle income,bilateral,413817235.4
Croatia,Middle income,private,5629000.0
Russian Federation,Middle income,bilateral,29414196133.1
Slovenia,Middle income,private,0.0
"Venezuela, Republic Bolivarian",Middle income,bilateral,646592259.3
Viet Nam,Middle income,bilateral,121641000.0
South Africa,Middle income,bilateral,609546489.3
Asian Dev. Bank   ,Middle income,multilateral,148701389000.0
Canada,Middle income,private,265520000.0
South Africa,Middle income,private,1985730764.6
United Kingdom,Middle income,bilateral,679716296.9
Denmark,Middle income,private,237635740.3
Eurasian Development Bank,Middle income,multilateral,2479891164.4
Nordic Environment Finance Corporation (NEFCO),Middle income,multilateral,3479772.4
"Cote D`Ivoire, Republic Of",Middle income,private,622562134.9
Eastern & Southern African Trade & Dev. Bank (TDB),Middle income,multilateral,1939965391.9
Bulgaria,Middle income,bilateral,8003000.0
New Development Bank (NDB),Middle income,multilateral,10697646350.0
Portugal,Middle income,bilateral,621901099.5
Plata Basin Financial Dev. Fund,Middle income,multilateral,1757805653.9
Mauritius,Middle income,private,100059545.9
Honduras,Middle income,bilateral,118637000.0
Honduras,Middle income,private,22059000.0
Hong Kong,Middle income,private,7019885046.8
Spain,Middle income,bilateral,2823877219.7
Spain,Middle income,private,2344063841.9
Bahrain,Middle income,private,1537628517.4
Barbados,Middle income,bilateral,3355000.0
Israel,Middle income,private,4070862102.5
Israel,Middle income,bilateral,2996815.4
European Investment Bank,Middle income,multilateral,30070515747.9
Barbados,Middle income,private,582222.2
Morocco,Middle income,private,0.0
Angola,Middle income,bilateral,172275000.0
Hungary,Middle income,bilateral,1797447781.7
Islamic Solidarity Fund for Dev. (ISFD),Middle income,multilateral,18718516.0
Hungary,Middle income,private,5783000.0
United Arab Emirates,Middle income,private,6240204400.099999
United Arab Emirates,Middle income,bilateral,6125470888.0
European Economic Community (EEC),Middle income,multilateral,33671134.2
Multiple Lenders,Middle income,bilateral,14726560249.3
Multiple Lenders,Middle income,multilateral,825522010.8
Multiple Lenders,Middle income,private,202249905207.7
African Dev. Bank         ,Middle income,multilateral,36888163934.8
Kazakhstan,Middle income,bilateral,1252000.0
World Bank-IBRD                         ,Middle income,multilateral,253755222000.0
Morocco,Middle income,bilateral,7000000.0
Guyana,Middle income,private,948000.0
Thailand,Middle income,bilateral,757776063.4
Finland,Middle income,private,40675511.9
Finland,Middle income,bilateral,203815684.8
Trinidad & Tobago,Middle income,bilateral,37680146.4
Libya,Middle income,bilateral,144990818.5
Trinidad & Tobago,Middle income,private,3505185.2
Asian Infrastructure Investment Bank,Middle income,multilateral,22160375026.4
"Germany, Fed. Rep. of",Middle income,private,12147936892.900002
"Germany, Fed. Rep. of",Middle income,bilateral,29743644943.7
European Union,Middle income,multilateral,47554239790.5
Japan,Middle income,bilateral,104244099719.3
Italy,Middle income,private,2649534556.8
Luxembourg,Middle income,private,600916589.4
Italy,Middle income,bilateral,2392600227.3
Japan,Middle income,private,7604173309.2
European Social Fund (ESF),Middle income,multilateral,586978500.0
European Relief Fund,Middle income,multilateral,1049289000.0
Malaysia,Middle income,bilateral,42268000.0
Malaysia,Middle income,private,50000000.0
Algeria,Middle income,bilateral,630673000.0
Sri Lanka,Middle income,private,63106000.0
Montenegro,Middle income,private,10389.0
World Bank-IDA                         ,Middle income,multilateral,165138195000.0
Greece,Middle income,bilateral,94761590.2
Greece,Middle income,private,7769000.0
Grenada,Middle income,private,0.0
"Korea, D.P.R. of",Middle income,bilateral,0.0
Kuwait,Middle income,bilateral,10412892943.9
Liberia,Middle income,private,807395.3
Australia,Middle income,bilateral,2770175411.1
Thailand,Middle income,private,12647000.0
World Bank-MIGA,Middle income,multilateral,302270032.8
Iraq,Middle income,bilateral,71976350.4
Turkiye,Middle income,bilateral,688189181.4
Turkiye,Middle income,private,19447169.1
European Development Fund (EDF),Middle income,multilateral,913248634.6
"Korea, Republic of",Middle income,private,209126859.2
Netherlands,Middle income,private,74720984132.40001
Arab African International Bank,Middle income,multilateral,31149000.0
African Export-Import Bank,Middle income,multilateral,9843926126.1
Netherlands,Middle income,bilateral,519734367.1
Bosnia-Herzegovina,Middle income,private,28444000.0
"Iran, Islamic Republic Of",Middle income,bilateral,176537654.0
Turkmenistan,Middle income,bilateral,211000.0
Africa Finance Corporation,Middle income,private,1222875733.0
International Fund for Agricultural Dev.,Middle income,multilateral,5704203133.5
UN-General Assembly (UNGA),Middle income,multilateral,3571000.0
European Bank for Reconstruction and Dev. (EBRD),Middle income,multilateral,10607739683.8
Inter-American Dev. Bank      ,Middle income,multilateral,95886700000.0
Belarus,Middle income,bilateral,35093315.2
Islamic Dev. Bank,Middle income,multilateral,15506736189.0
World Trade Organization,Middle income,multilateral,39166530.0
UN-Population Fund (UNFPA),Middle income,multilateral,84615000.0
Australia,Middle income,private,119989281.0
"Korea, Republic of",Middle income,bilateral,8679910771.9
Bondholders,Middle income,private,1633330400530.6
Indonesia,Middle income,bilateral,193000.0
Azerbaijan,Middle income,bilateral,1151000.0
France,Middle income,bilateral,35623312701.5
France,Middle income,private,16893627640.0
Ireland,Middle income,private,2540071471.6
India,Middle income,bilateral,11831033987.1
India,Middle income,private,1281859.6
International Finance Corporation,Middle income,multilateral,584605162.8
European Bank for Reconstruction and Dev. (EBRD),Moldova,multilateral,444532279.6
Japan,Moldova,bilateral,131133099.3
World Bank-IDA                         ,Moldova,multilateral,792251000.0
Nordic Environment Finance Corporation (NEFCO),Moldova,multilateral,288271.6
Council of Europe,Moldova,multilateral,60566831.1
European Development Fund (EDF),Moldova,multilateral,41556000.0
United States,Moldova,bilateral,5910000.0
"Germany, Fed. Rep. of",Moldova,bilateral,4476620.1
European Investment Bank,Moldova,multilateral,440498794.5
European Union,Moldova,multilateral,332448000.0
Turkiye,Moldova,private,19447169.1
Russian Federation,Moldova,bilateral,14500000.0
Poland,Moldova,bilateral,26379748.8
Austria,Moldova,private,11641913.4
World Bank-IBRD                         ,Moldova,multilateral,291099000.0
International Fund for Agricultural Dev.,Moldova,multilateral,74390906.3
Canada,Moldova,bilateral,56367432.2
France,Moldova,bilateral,166224000.0
Austria,Mongolia,bilateral,98760950.7
"Korea, Republic of",Mongolia,bilateral,318175955.1
Italy,Mongolia,bilateral,0.0
Asian Dev. Bank   ,Mongolia,multilateral,2207555000.0
International Fund for Agricultural Dev.,Mongolia,multilateral,25005477.4
Asian Infrastructure Investment Bank,Mongolia,multilateral,98512000.0
"Germany, Fed. Rep. of",Mongolia,bilateral,80274106.0
World Bank-IBRD                         ,Mongolia,multilateral,42274000.0
Austria,Mongolia,private,3116700.0
Kuwait,Mongolia,bilateral,10631596.0
European Bank for Reconstruction and Dev. (EBRD),Mongolia,multilateral,101403000.0
Belarus,Mongolia,bilateral,10771315.2
Spain,Mongolia,bilateral,655545.9
Hungary,Mongolia,bilateral,0.0
India,Mongolia,bilateral,287211000.0
Bondholders,Mongolia,private,2651700000.0
France,Mongolia,bilateral,95150773.2
European Investment Bank,Mongolia,multilateral,21836639.1
Nordic Development Fund,Mongolia,multilateral,16741555.7
United Kingdom,Mongolia,private,75000000.0
United Arab Emirates,Mongolia,bilateral,0.0
Belgium,Mongolia,bilateral,3208123.2
France,Mongolia,private,3583166.1
Japan,Mongolia,bilateral,802266198.5
China,Mongolia,bilateral,2120931000.0
World Bank-IDA                         ,Mongolia,multilateral,761321000.0
Poland,Mongolia,bilateral,26648823.9
Netherlands,Montenegro,bilateral,0.0
"Germany, Fed. Rep. of",Montenegro,private,62334000.0
Belgium,Montenegro,bilateral,1336025.4
France,Montenegro,private,18592154.4
United States,Montenegro,bilateral,292000.0
France,Montenegro,bilateral,51945000.0
Poland,Montenegro,private,1411865.1
Council of Europe,Montenegro,multilateral,70679483.7
"Germany, Fed. Rep. of",Montenegro,bilateral,58379946.6
Bondholders,Montenegro,private,2568075000.0
World Bank-IBRD                         ,Montenegro,multilateral,264050000.0
OPEC Fund for International Dev.,Montenegro,multilateral,51945000.0
Spain,Montenegro,bilateral,19577031.6
Multiple Lenders,Montenegro,private,108342725.4
United Kingdom,Montenegro,private,163390919.7
Israel,Montenegro,private,14726407.5
Russian Federation,Montenegro,bilateral,9475000.0
European Investment Bank,Montenegro,multilateral,141158459.7
World Bank-IDA                         ,Montenegro,multilateral,3849000.0
Austria,Montenegro,bilateral,0.0
Canada,Montenegro,bilateral,193235.4
EUROFIMA,Montenegro,multilateral,1687173.6
European Union,Montenegro,multilateral,62334000.0
China,Montenegro,bilateral,717162000.0
Italy,Montenegro,private,3293000.0
International Fund for Agricultural Dev.,Montenegro,multilateral,2611794.6
Switzerland,Montenegro,bilateral,0.0
European Bank for Reconstruction and Dev. (EBRD),Montenegro,multilateral,109624728.0
Norway,Montenegro,bilateral,0.0
Italy,Montenegro,bilateral,6267683.7
International Fund for Agricultural Dev.,Morocco,multilateral,34029840.5
African Dev. Bank         ,Morocco,multilateral,4733909587.0
Multiple Lenders,Morocco,private,675352802.4
Kuwait,Morocco,bilateral,222782919.3
Islamic Dev. Bank,Morocco,multilateral,688203121.1
Austria,Morocco,private,0.0
Spain,Morocco,bilateral,259196488.8
Ireland,Morocco,private,32361471.6
European Bank for Reconstruction and Dev. (EBRD),Morocco,multilateral,715905990.0
Saudi Arabia,Morocco,bilateral,219586666.6
Arab Monetary Fund,Morocco,multilateral,631453510.1
European Development Fund (EDF),Morocco,multilateral,200507.7
Canada,Morocco,bilateral,26773451.7
Bondholders,Morocco,private,13577725165.2
France,Morocco,private,1500950775.0
France,Morocco,bilateral,2362804647.4
Spain,Morocco,private,103457817.6
Portugal,Morocco,bilateral,146329065.0
"Germany, Fed. Rep. of",Morocco,private,3492781.8
Arab Fund for Economic & Social Development,Morocco,multilateral,1310443254.0
Portugal,Morocco,private,15973087.5
"Germany, Fed. Rep. of",Morocco,bilateral,2663345233.5
Finland,Morocco,bilateral,4312473.9
World Bank-IBRD                         ,Morocco,multilateral,10202335000.0
Italy,Morocco,bilateral,143333916.3
China,Morocco,bilateral,287039569.5
OPEC Fund for International Dev.,Morocco,multilateral,303638800.0
United Kingdom,Morocco,private,1038900000.0
Japan,Morocco,bilateral,840504308.6
World Bank-IDA                         ,Morocco,multilateral,98000.0
Netherlands,Morocco,bilateral,0.0
European Investment Bank,Morocco,multilateral,2907727524.0
United Arab Emirates,Morocco,bilateral,67339142.3
United States,Morocco,private,3053000.0
United States,Morocco,bilateral,4745000.0
OPEC Fund for International Dev.,Mozambique,multilateral,35485000.0
Brazil,Mozambique,bilateral,157000000.0
Bondholders,Mozambique,private,900000000.0
Russian Federation,Mozambique,bilateral,51975000.0
"Korea, Republic of",Mozambique,bilateral,235980520.6
International Fund for Agricultural Dev.,Mozambique,multilateral,137103436.6
Portugal,Mozambique,bilateral,381032987.9
Portugal,Mozambique,private,67095625.0
African Dev. Bank         ,Mozambique,multilateral,936223904.3
World Bank-IDA                         ,Mozambique,multilateral,2922510000.0
United Kingdom,Mozambique,private,0.0
Romania,Mozambique,bilateral,5386000.0
China,Mozambique,bilateral,1429835347.2
Poland,Mozambique,bilateral,6917000.0
Islamic Dev. Bank,Mozambique,multilateral,224980285.7
Japan,Mozambique,bilateral,412294925.0
Saudi Arabia,Mozambique,bilateral,31993600.0
India,Mozambique,bilateral,254333100.0
Austria,Mozambique,private,36715764.9
Spain,Mozambique,bilateral,4651594.1
Italy,Mozambique,bilateral,14182170.5
Iraq,Mozambique,bilateral,207965166.7
Bulgaria,Mozambique,bilateral,57800000.0
Multiple Lenders,Mozambique,bilateral,67470000.0
Kuwait,Mozambique,bilateral,27770742.0
Belgium,Mozambique,bilateral,5455280.5
France,Mozambique,bilateral,132252682.4
Libya,Mozambique,bilateral,105335000.0
Nordic Development Fund,Mozambique,multilateral,41764234.8
Denmark,Mozambique,private,21082397.7
Angola,Mozambique,bilateral,61454000.0
Arab Bank for Economic Dev. in Africa (BADEA),Mozambique,multilateral,105763000.0
European Investment Bank,Mozambique,multilateral,70338724.5
Thailand,Myanmar,bilateral,137814781.1
Thailand,Myanmar,private,0.0
France,Myanmar,bilateral,267808680.9
European Economic Community (EEC),Myanmar,multilateral,5274475.5
Israel,Myanmar,private,7142000.0
World Bank-IDA                         ,Myanmar,multilateral,1445645000.0
Sweden,Myanmar,private,8571000.0
Serbia,Myanmar,private,33421000.0
"Germany, Fed. Rep. of",Myanmar,bilateral,401751980.1
France,Myanmar,private,272191.8
"Korea, Republic of",Myanmar,bilateral,307108392.4
Finland,Myanmar,bilateral,1320441.9
Asian Dev. Bank   ,Myanmar,multilateral,721350000.0
Japan,Myanmar,bilateral,3713392914.3
India,Myanmar,bilateral,144175000.0
Czechia,Myanmar,bilateral,74621000.0
United Kingdom,Myanmar,bilateral,20138868.1
International Fund for Agricultural Dev.,Myanmar,multilateral,23522862.9
Poland,Myanmar,bilateral,51753842.4
OPEC Fund for International Dev.,Myanmar,multilateral,3735000.0
Singapore,Myanmar,private,27540000.0
Italy,Myanmar,bilateral,28569750.0
Austria,Myanmar,bilateral,74161876.5
Asian Infrastructure Investment Bank,Myanmar,multilateral,7169000.0
China,Myanmar,bilateral,470988867.7
Saudi Arabia,Myanmar,bilateral,358933.3
China,Myanmar,private,1257643849.6
Netherlands,Myanmar,bilateral,4301046.0
Belgium,Nepal,bilateral,3061638.3
Saudi Arabia,Nepal,bilateral,22462666.7
Japan,Nepal,bilateral,375544206.8
European Economic Community (EEC),Nepal,multilateral,681605.8
France,Nepal,bilateral,289853.1
Asian Dev. Bank   ,Nepal,multilateral,3128875000.0
Asian Infrastructure Investment Bank,Nepal,multilateral,12229000.0
India,Nepal,bilateral,268033000.0
France,Nepal,private,407248.8
Kuwait,Nepal,bilateral,13261893.2
World Bank-IDA                         ,Nepal,multilateral,4531123000.0
"Korea, Republic of",Nepal,bilateral,34281231.3
OPEC Fund for International Dev.,Nepal,multilateral,50358000.0
Nordic Development Fund,Nepal,multilateral,13823827.1
China,Nepal,bilateral,247086119.0
International Fund for Agricultural Dev.,Nepal,multilateral,77769534.8
European Investment Bank,Nepal,multilateral,91539109.4
Kuwait,Nicaragua,bilateral,29605455.4
Central American Bank for Econ. Integration (BCIE),Nicaragua,multilateral,2397576000.0
Inter-American Dev. Bank      ,Nicaragua,multilateral,2289352000.0
Multiple Lenders,Nicaragua,bilateral,35919000.0
China,Nicaragua,bilateral,17601406.2
India,Nicaragua,bilateral,50019000.0
"Germany, Fed. Rep. of",Nicaragua,bilateral,35141831.4
Saudi Arabia,Nicaragua,bilateral,0.0
Spain,Nicaragua,bilateral,147337490.4
China,Nicaragua,private,0.0
Italy,Nicaragua,bilateral,15836991.6
OPEC Fund for International Dev.,Nicaragua,multilateral,146407000.0
Peru,Nicaragua,bilateral,16563000.0
Costa Rica,Nicaragua,bilateral,315316000.0
Austria,Nicaragua,private,13958660.4
France,Nicaragua,bilateral,65450.7
"Iran, Islamic Republic Of",Nicaragua,bilateral,38985000.0
Japan,Nicaragua,bilateral,17318863.7
Belarus,Nicaragua,bilateral,0.0
International Fund for Agricultural Dev.,Nicaragua,multilateral,59045556.8
"Korea, Republic of",Nicaragua,bilateral,160355629.3
Nordic Development Fund,Nicaragua,multilateral,29338129.1
Honduras,Nicaragua,bilateral,118637000.0
Russian Federation,Nicaragua,bilateral,12717174.9
European Investment Bank,Nicaragua,multilateral,226472000.0
Libya,Nicaragua,bilateral,58527000.0
World Bank-IDA                         ,Nicaragua,multilateral,973948000.0
Kuwait,Niger,bilateral,43094658.2
"Germany, Fed. Rep. of",Niger,private,148502443.8
World Bank-IDA                         ,Niger,multilateral,2432038000.0
Italy,Niger,bilateral,0.0
India,Niger,bilateral,63727000.0
Economic Community of West African States (ECOWAS),Niger,multilateral,20737733.5
"Congo, Rep.",Niger,bilateral,39594821.0
European Investment Bank,Niger,multilateral,30809618.4
Arab Bank for Economic Dev. in Africa (BADEA),Niger,multilateral,75203076.5
Multiple Lenders,Niger,bilateral,8625000.0
United Arab Emirates,Niger,bilateral,2883866.6
Islamic Dev. Bank,Niger,multilateral,219449984.9
Spain,Niger,bilateral,0.0
Libya,Niger,bilateral,16900000.0
China,Niger,bilateral,164433204.2
Iraq,Niger,bilateral,2000000.0
African Dev. Bank         ,Niger,multilateral,432661008.6
OPEC Fund for International Dev.,Niger,multilateral,51890000.0
International Fund for Agricultural Dev.,Niger,multilateral,94557454.2
Belgium,Niger,bilateral,27485138.4
Saudi Arabia,Niger,bilateral,57109066.7
West African Development Bank - BOAD,Niger,multilateral,409823599.0
France,Niger,bilateral,186092962.5
"Germany, Fed. Rep. of",Nigeria,bilateral,105782835.0
Islamic Dev. Bank,Nigeria,multilateral,270997837.4
United Kingdom,Nigeria,private,0.0
European Development Fund (EDF),Nigeria,multilateral,27411376.5
World Bank-IBRD                         ,Nigeria,multilateral,1243027000.0
France,Nigeria,bilateral,593815628.7
"Germany, Fed. Rep. of",Nigeria,private,54871581.3
African Export-Import Bank,Nigeria,multilateral,2250000000.0
International Fund for Agricultural Dev.,Nigeria,multilateral,279739217.7
Bondholders,Nigeria,private,18045582000.0
Italy,Nigeria,private,0.0
China,Nigeria,bilateral,5319396325.1
World Bank-IDA                         ,Nigeria,multilateral,16600059000.0
Japan,Nigeria,bilateral,59150973.5
Arab Bank for Economic Dev. in Africa (BADEA),Nigeria,multilateral,4781000.0
India,Nigeria,bilateral,19420000.0
Multiple Lenders,Nigeria,private,2193295158.0
African Dev. Bank         ,Nigeria,multilateral,3124199261.7
Spain,North Macedonia,bilateral,3829385.4
World Bank-IBRD                         ,North Macedonia,multilateral,660639000.0
Switzerland,North Macedonia,private,0.0
Serbia,North Macedonia,bilateral,292969.8
European Investment Bank,North Macedonia,multilateral,327888267.9
Bondholders,North Macedonia,private,2493360000.0
European Bank for Reconstruction and Dev. (EBRD),North Macedonia,multilateral,412709258.4
Council of Europe,North Macedonia,multilateral,81088222.8
Hungary,North Macedonia,bilateral,519450000.0
France,North Macedonia,bilateral,12986250.0
United States,North Macedonia,bilateral,1000.0
Netherlands,North Macedonia,private,0.0
European Development Fund (EDF),North Macedonia,multilateral,1054483.5
International Fund for Agricultural Dev.,North Macedonia,multilateral,7064497.3
Multiple Lenders,North Macedonia,bilateral,40317000.0
Italy,North Macedonia,private,2682439.8
"Germany, Fed. Rep. of",North Macedonia,bilateral,155284383.0
OPEC Fund for International Dev.,North Macedonia,multilateral,51945000.0
"Germany, Fed. Rep. of",North Macedonia,private,131945494.5
China,North Macedonia,bilateral,493179000.0
European Union,North Macedonia,multilateral,218169000.0
Japan,North Macedonia,bilateral,13367379.5
World Bank-IDA                         ,North Macedonia,multilateral,120789000.0
Saudi Arabia,Pakistan,bilateral,5323674333.3
Norway,Pakistan,bilateral,1001722.5
International Fund for Agricultural Dev.,Pakistan,multilateral,402726051.5
Russian Federation,Pakistan,bilateral,67967000.0
Bondholders,Pakistan,private,7300000000.0
Singapore,Pakistan,private,71874000.0
United Arab Emirates,Pakistan,bilateral,15472000.0
United Arab Emirates,Pakistan,private,0.0
Switzerland,Pakistan,bilateral,23550564.3
Sweden,Pakistan,bilateral,8416534.6
European Investment Bank,Pakistan,multilateral,33219866.4
Netherlands,Pakistan,bilateral,55399342.5
Bahrain,Pakistan,private,228799000.0
Italy,Pakistan,bilateral,110069746.8
OPEC Fund for International Dev.,Pakistan,multilateral,121970000.0
Libya,Pakistan,bilateral,1118818.5
Kuwait,Pakistan,bilateral,129345672.9
ECO Trade and Dev. Bank,Pakistan,multilateral,87945000.0
China,Pakistan,bilateral,22384919561.7
France,Pakistan,bilateral,989462572.3
"Korea, Republic of",Pakistan,bilateral,210236572.8
Nordic Development Fund,Pakistan,multilateral,4215856.2
Multiple Lenders,Pakistan,bilateral,8000265000.0
United Kingdom,Pakistan,bilateral,370092.3
Islamic Dev. Bank,Pakistan,multilateral,1011140266.4
Japan,Pakistan,bilateral,2922004468.6
Austria,Pakistan,bilateral,2509982.4
Canada,Pakistan,bilateral,4914000.0
Belgium,Pakistan,bilateral,1677494.2
United States,Pakistan,bilateral,620533000.0
United Kingdom,Pakistan,private,224940000.0
World Bank-IBRD                         ,Pakistan,multilateral,2619797000.0
Multiple Lenders,Pakistan,private,35000000.0
World Bank-IDA                         ,Pakistan,multilateral,17564370000.0
Asian Infrastructure Investment Bank,Pakistan,multilateral,1758260215.2
Asian Dev. Bank   ,Pakistan,multilateral,15933252000.0
Serbia,Pakistan,bilateral,300000000.0
Serbia,Pakistan,private,200000000.0
Finland,Pakistan,bilateral,311000.0
Spain,Pakistan,bilateral,38144000.0
"Germany, Fed. Rep. of",Pakistan,bilateral,746735347.5
Asian Dev. Bank   ,Papua New Guinea,multilateral,2586954000.0
OPEC Fund for International Dev.,Papua New Guinea,multilateral,21052000.0
China,Papua New Guinea,bilateral,1106224960.0
European Development Fund (EDF),Papua New Guinea,multilateral,14098345.9
International Fund for Agricultural Dev.,Papua New Guinea,multilateral,37517664.4
World Bank-IDA                         ,Papua New Guinea,multilateral,580779000.0
European Investment Bank,Papua New Guinea,multilateral,47382151.2
"Germany, Fed. Rep. of",Papua New Guinea,bilateral,4256373.3
Japan,Papua New Guinea,bilateral,456727311.3
Czechia,Papua New Guinea,private,59794928.4
Bondholders,Papua New Guinea,private,500000000.0
Australia,Papua New Guinea,bilateral,1834503305.4
India,Papua New Guinea,bilateral,294000.0
World Bank-IBRD                         ,Papua New Guinea,multilateral,3099000.0
Japan,Paraguay,bilateral,105151611.9
Spain,Paraguay,bilateral,40975000.0
Plata Basin Financial Dev. Fund,Paraguay,multilateral,379989000.0
Bondholders,Paraguay,private,7120738000.0
International Fund for Agricultural Dev.,Paraguay,multilateral,38362395.6
European Investment Bank,Paraguay,multilateral,125280000.0
Cayman Islands,Paraguay,private,421299000.0
"Germany, Fed. Rep. of",Paraguay,bilateral,3582127.2
World Bank-IBRD                         ,Paraguay,multilateral,1133716000.0
Inter-American Dev. Bank      ,Paraguay,multilateral,3787914000.0
South Africa,Paraguay,private,19206.2
"Venezuela, Republic Bolivarian",Paraguay,bilateral,78923000.0
World Bank-IDA                         ,Paraguay,multilateral,300000.0
Corporacion Andina de Fomento,Paraguay,multilateral,2335724000.0
OPEC Fund for International Dev.,Paraguay,multilateral,172406000.0
International Fund for Agricultural Dev.,Peru,multilateral,53908993.0
Inter-American Dev. Bank      ,Peru,multilateral,3706225000.0
Spain,Peru,bilateral,685000.0
Netherlands,Peru,bilateral,606717.6
Bondholders,Peru,private,32812292891.7
United States,Peru,bilateral,14483000.0
Japan,Peru,bilateral,147086215.7
United States,Peru,private,588826227.7
"Germany, Fed. Rep. of",Peru,private,866667000.0
"Germany, Fed. Rep. of",Peru,bilateral,1589569251.0
France,Peru,bilateral,201190257.3
Corporacion Andina de Fomento,Peru,multilateral,1631480857.9
World Bank-IBRD                         ,Peru,multilateral,5750082000.0
United States,Philippines,bilateral,59165000.0
Japan,Philippines,bilateral,7797409062.6
Bondholders,Philippines,private,37194916222.0
Canada,Philippines,bilateral,3479.5
Canada,Philippines,private,0.0
Austria,Philippines,private,31645932.9
Spain,Philippines,bilateral,48369041.2
"Germany, Fed. Rep. of",Philippines,bilateral,78539801.1
France,Philippines,private,40650660.3
World Bank-IDA                         ,Philippines,multilateral,8881000.0
World Bank-IBRD                         ,Philippines,multilateral,14594599000.0
Asian Infrastructure Investment Bank,Philippines,multilateral,2980439930.0
Asian Dev. Bank   ,Philippines,multilateral,15670315000.0
Nordic Development Fund,Philippines,multilateral,7650053.7
France,Philippines,bilateral,952023026.4
"Germany, Fed. Rep. of",Philippines,private,3116.7
China,Philippines,bilateral,338617521.3
United States,Philippines,private,0.0
Belgium,Philippines,bilateral,3679783.8
"Korea, Republic of",Philippines,bilateral,558506732.6
International Fund for Agricultural Dev.,Philippines,multilateral,105123931.0
OPEC Fund for International Dev.,Philippines,multilateral,17193000.0
Italy,Philippines,bilateral,21078242.1
Nordic Development Fund,Rwanda,multilateral,11241936.9
World Bank-IDA                         ,Rwanda,multilateral,3720784000.0
Multiple Lenders,Rwanda,private,849815000.0
Libya,Rwanda,bilateral,82385.7
Spain,Rwanda,bilateral,3344000.0
Asian Infrastructure Investment Bank,Rwanda,multilateral,101110942.5
United Kingdom,Rwanda,private,207780000.0
China,Rwanda,bilateral,361436047.9
Hungary,Rwanda,bilateral,11040000.0
Kuwait,Rwanda,bilateral,65604805.9
Poland,Rwanda,bilateral,0.0
African Export-Import Bank,Rwanda,multilateral,155835000.0
European Economic Community (EEC),Rwanda,multilateral,584900.7
Arab Bank for Economic Dev. in Africa (BADEA),Rwanda,multilateral,97545000.0
Bondholders,Rwanda,private,631557000.0
India,Rwanda,bilateral,64481000.0
Italy,Rwanda,bilateral,51945000.0
International Fund for Agricultural Dev.,Rwanda,multilateral,190732960.4
African Dev. Bank         ,Rwanda,multilateral,1182634925.7
European Investment Bank,Rwanda,multilateral,20047653.3
Austria,Rwanda,bilateral,3463692.6
France,Rwanda,bilateral,211285248.6
United Arab Emirates,Rwanda,bilateral,12144043.5
"Korea, Republic of",Rwanda,bilateral,31113595.3
Japan,Rwanda,bilateral,196476220.9
Saudi Arabia,Rwanda,bilateral,76283999.9
OPEC Fund for International Dev.,Rwanda,multilateral,87230000.0
Japan,Samoa,bilateral,17280561.7
World Bank-IDA                         ,Samoa,multilateral,89874000.0
OPEC Fund for International Dev.,Samoa,multilateral,4863000.0
China,Samoa,bilateral,90893522.6
European Development Fund (EDF),Samoa,multilateral,644118.0
International Fund for Agricultural Dev.,Samoa,multilateral,800738.7
European Economic Community (EEC),Samoa,multilateral,57000.0
Asian Dev. Bank   ,Samoa,multilateral,53918000.0
World Bank-IDA                         ,Sao Tome and Principe,multilateral,8967000.0
African Dev. Bank         ,Sao Tome and Principe,multilateral,18533057.3
Italy,Sao Tome and Principe,bilateral,29413587.1
African Export-Import Bank,Sao Tome and Principe,multilateral,12000000.0
Arab Bank for Economic Dev. in Africa (BADEA),Sao Tome and Principe,private,0.0
Arab Bank for Economic Dev. in Africa (BADEA),Sao Tome and Principe,multilateral,14608000.0
OPEC Fund for International Dev.,Sao Tome and Principe,multilateral,3073000.0
Brazil,Sao Tome and Principe,bilateral,4564000.0
Kuwait,Sao Tome and Principe,bilateral,0.0
Equatorial Guinea,Sao Tome and Principe,bilateral,1583792.8
Belgium,Sao Tome and Principe,bilateral,833197.8
Hong Kong,Sao Tome and Principe,private,10000000.0
International Fund for Agricultural Dev.,Sao Tome and Principe,multilateral,4167626.8
European Investment Bank,Sao Tome and Principe,multilateral,12466800.0
Angola,Sao Tome and Principe,bilateral,67990000.0
Portugal,Sao Tome and Principe,bilateral,66339998.4
United States,Senegal,private,567239400.0
Austria,Senegal,bilateral,1572894.6
Japan,Senegal,private,377120700.0
Spain,Senegal,bilateral,17100480.0
Saudi Arabia,Senegal,bilateral,119441786.9
OPEC Fund for International Dev.,Senegal,multilateral,83393608.0
Brazil,Senegal,bilateral,2681000.0
Belgium,Senegal,bilateral,8018230.2
"Korea, Republic of",Senegal,bilateral,149623996.6
International Fund for Agricultural Dev.,Senegal,multilateral,177067397.6
West African Development Bank - BOAD,Senegal,multilateral,515788100.0
France,Senegal,bilateral,1411243837.8
Czechia,Senegal,bilateral,166086865.2
France,Senegal,private,2103662376.6
United Kingdom,Senegal,private,906803865.0
African Export-Import Bank,Senegal,multilateral,402573750.0
"Cote D`Ivoire, Republic Of",Senegal,private,622562134.9
Turkiye,Senegal,bilateral,107476010.4
African Dev. Bank         ,Senegal,multilateral,1811504293.1
India,Senegal,bilateral,218229000.0
Austria,Senegal,private,21585225.3
Spain,Senegal,private,191812107.0
Japan,Senegal,bilateral,249632939.8
Africa Finance Corporation,Senegal,private,51945000.0
Arab Bank for Economic Dev. in Africa (BADEA),Senegal,multilateral,205899000.0
Economic Community of West African States (ECOWAS),Senegal,multilateral,190311483.1
"Germany, Fed. Rep. of",Senegal,bilateral,75571663.8
United Arab Emirates,Senegal,private,0.0
World Bank-IDA                         ,Senegal,multilateral,4421809000.0
Islamic Dev. Bank,Senegal,multilateral,1307715687.1
South Africa,Senegal,private,103890000.0
United Arab Emirates,Senegal,bilateral,4435670.6
Bondholders,Senegal,private,4953688959.3
European Investment Bank,Senegal,multilateral,351874391.1
Kuwait,Senegal,bilateral,174637877.9
Italy,Senegal,bilateral,129040730.1
Israel,Senegal,private,319192545.0
Nordic Development Fund,Senegal,multilateral,37356901.9
Multiple Lenders,Senegal,private,124668000.0
China,Senegal,bilateral,2197914178.4
China,Senegal,private,21887545.2
"Germany, Fed. Rep. of",Senegal,private,189823652.4
Spain,Serbia,bilateral,133659017.0
Canada,Serbia,bilateral,0.0
Russian Federation,Serbia,bilateral,763161299.1
United Arab Emirates,Serbia,bilateral,1349952076.2
Norway,Serbia,private,0.0
Finland,Serbia,private,0.0
United Kingdom,Serbia,bilateral,0.0
Bulgaria,Serbia,private,104539312.5
Austria,Serbia,bilateral,0.0
Norway,Serbia,bilateral,0.0
World Bank-IDA                         ,Serbia,multilateral,9974000.0
World Bank-IBRD                         ,Serbia,multilateral,2307209000.0
United Kingdom,Serbia,private,369831777.6
Slovenia,Serbia,private,0.0
China,Serbia,bilateral,3207020104.2
Netherlands,Serbia,bilateral,0.0
Switzerland,Serbia,bilateral,0.0
Luxembourg,Serbia,private,38219053.2
Belgium,Serbia,bilateral,70389630.6
Montenegro,Serbia,private,10389.0
"Germany, Fed. Rep. of",Serbia,bilateral,551770179.0
European Investment Bank,Serbia,multilateral,1896169113.0
Italy,Serbia,bilateral,121240835.3
Italy,Serbia,private,207780000.0
European Union,Serbia,multilateral,0.0
Hong Kong,Serbia,private,0.0
"Germany, Fed. Rep. of",Serbia,private,0.0
Turkiye,Serbia,bilateral,185172497.1
European Bank for Reconstruction and Dev. (EBRD),Serbia,multilateral,719272026.0
France,Serbia,private,44461803.3
Council of Europe,Serbia,multilateral,797446134.3
France,Serbia,bilateral,224053329.6
Japan,Serbia,bilateral,89671241.6
Denmark,Serbia,bilateral,0.0
Poland,Serbia,bilateral,0.0
Saudi Arabia,Serbia,bilateral,0.0
Multiple Lenders,Serbia,bilateral,34218249.3
Bondholders,Serbia,private,9435467451.9
Hungary,Serbia,bilateral,108736468.5
Multiple Lenders,Serbia,private,3681967928.9
United States,Serbia,private,311670000.0
Sweden,Serbia,bilateral,0.0
United States,Serbia,bilateral,4337000.0
Kuwait,Serbia,bilateral,203857350.5
Economic Community of West African States (ECOWAS),Sierra Leone,multilateral,22964000.0
European Development Fund (EDF),Sierra Leone,multilateral,1606139.4
Islamic Dev. Bank,Sierra Leone,multilateral,101648718.1
China,Sierra Leone,bilateral,57871536.7
United Arab Emirates,Sierra Leone,bilateral,7598093.9
Saudi Arabia,Sierra Leone,bilateral,28406133.4
Kuwait,Sierra Leone,bilateral,63912973.0
European Investment Bank,Sierra Leone,multilateral,54816519.6
India,Sierra Leone,bilateral,19964000.0
OPEC Fund for International Dev.,Sierra Leone,multilateral,33020000.0
African Dev. Bank         ,Sierra Leone,multilateral,161050193.5
International Fund for Agricultural Dev.,Sierra Leone,multilateral,32216423.8
World Bank-IDA                         ,Sierra Leone,multilateral,463025000.0
Arab Bank for Economic Dev. in Africa (BADEA),Sierra Leone,multilateral,50941000.0
Multiple Lenders,Sierra Leone,private,164930000.0
"Korea, Republic of",Sierra Leone,bilateral,50120000.0
Japan,Solomon Islands,bilateral,15959144.6
International Fund for Agricultural Dev.,Solomon Islands,multilateral,2938215.3
Asian Dev. Bank   ,Solomon Islands,multilateral,116650000.0
China,Solomon Islands,bilateral,17988957.7
Multiple Lenders,Solomon Islands,bilateral,1705000.0
World Bank-IDA                         ,Solomon Islands,multilateral,124634000.0
European Development Fund (EDF),Solomon Islands,multilateral,430104.6
"Korea, Republic of",Solomon Islands,bilateral,4535000.0
United Kingdom,"Somalia, Fed. Rep.",bilateral,0.0
Algeria,"Somalia, Fed. Rep.",bilateral,900000.0
Japan,"Somalia, Fed. Rep.",bilateral,0.0
Netherlands,"Somalia, Fed. Rep.",bilateral,0.0
OPEC Fund for International Dev.,"Somalia, Fed. Rep.",multilateral,36387000.0
Libya,"Somalia, Fed. Rep.",bilateral,11750000.0
Serbia,"Somalia, Fed. Rep.",bilateral,1512000.0
Romania,"Somalia, Fed. Rep.",bilateral,2274000.0
World Bank-IDA                         ,"Somalia, Fed. Rep.",multilateral,0.0
Bulgaria,"Somalia, Fed. Rep.",bilateral,5529000.0
United Arab Emirates,"Somalia, Fed. Rep.",bilateral,94222464.3
Spain,"Somalia, Fed. Rep.",bilateral,40212000.0
International Fund for Agricultural Dev.,"Somalia, Fed. Rep.",multilateral,2055316.2
United States,"Somalia, Fed. Rep.",bilateral,0.0
Saudi Arabia,"Somalia, Fed. Rep.",bilateral,118862133.3
Denmark,"Somalia, Fed. Rep.",bilateral,0.0
Islamic Dev. Bank,"Somalia, Fed. Rep.",multilateral,26674769.7
Russian Federation,"Somalia, Fed. Rep.",bilateral,6807000.0
African Dev. Bank         ,"Somalia, Fed. Rep.",multilateral,15198385.0
Norway,"Somalia, Fed. Rep.",bilateral,0.0
Arab Fund for Economic & Social Development,"Somalia, Fed. Rep.",multilateral,74554310.6
France,"Somalia, Fed. Rep.",bilateral,0.0
Iraq,"Somalia, Fed. Rep.",bilateral,31223000.0
Arab Monetary Fund,"Somalia, Fed. Rep.",multilateral,71859122.2
European Economic Community (EEC),"Somalia, Fed. Rep.",multilateral,0.0
Kuwait,"Somalia, Fed. Rep.",bilateral,123701899.6
United States,South Africa,private,1000000000.0
Bondholders,South Africa,private,77401913569.5
New Development Bank (NDB),South Africa,multilateral,3271954920.8
African Dev. Bank         ,South Africa,multilateral,1997752976.0
Canada,South Africa,bilateral,79331941.5
Multiple Lenders,South Africa,private,4604103698.5
United Kingdom,South Africa,private,750000000.0
"Germany, Fed. Rep. of",South Africa,bilateral,655836446.6
World Bank-MIGA,South Africa,multilateral,302270032.8
European Investment Bank,South Africa,multilateral,178288677.8
China,South Africa,bilateral,3330526000.0
France,South Africa,bilateral,502994496.1
"Germany, Fed. Rep. of",South Africa,private,311670000.0
World Bank-IBRD                         ,South Africa,multilateral,3426756000.0
Asian Dev. Bank   ,South Asia,multilateral,52397193000.0
South Asian Development Fund (SADF),South Asia,multilateral,7222000.0
Sri Lanka,South Asia,private,63106000.0
Bondholders,South Asia,private,100307289493.8
Austria,South Asia,private,146545156.2
United Kingdom,South Asia,bilateral,18382000.0
Spain,South Asia,bilateral,77120663.7
United Kingdom,South Asia,private,6705305222.0
Spain,South Asia,private,18149583.0
Austria,South Asia,bilateral,2584783.2
Multiple Lenders,South Asia,private,22148046097.7
Canada,South Asia,bilateral,20704460.7
Hong Kong,South Asia,private,4948093827.1
Belgium,South Asia,private,109508012.8
Belgium,South Asia,bilateral,4449608.7
Italy,South Asia,bilateral,288814.2
OPEC Fund for International Dev.,South Asia,multilateral,582547000.0
Denmark,South Asia,private,0.0
"Germany, Fed. Rep. of",South Asia,private,58348779.6
Nordic Development Fund,South Asia,multilateral,58152451.7
New Development Bank (NDB),South Asia,multilateral,4484906000.0
Switzerland,South Asia,bilateral,0.0
"Germany, Fed. Rep. of",South Asia,bilateral,3713938524.7
Japan,South Asia,bilateral,38931861835.2
Netherlands,South Asia,private,429932145.4
Switzerland,South Asia,private,0.0
Japan,South Asia,private,981203965.6
France,South Asia,private,257442277.0
France,South Asia,bilateral,2350046665.2
"Korea, Republic of",South Asia,bilateral,1480650164.2
Multiple Lenders,South Asia,multilateral,13146000.0
European Economic Community (EEC),South Asia,multilateral,7101138.2
European Investment Bank,South Asia,multilateral,2099831887.4
Mauritius,South Asia,private,625000.0
World Bank-IBRD                         ,South Asia,multilateral,25103990000.0
Kuwait,South Asia,bilateral,386786816.2
Singapore,South Asia,private,7536085772.1
Islamic Dev. Bank,South Asia,multilateral,877770181.4
Hungary,South Asia,bilateral,97333502.1
Bahrain,South Asia,private,300000000.0
United Arab Emirates,South Asia,private,1166662942.9
International Finance Corporation,South Asia,multilateral,25000000.0
Australia,South Asia,private,18074000.0
Australia,South Asia,bilateral,6882000.0
International Fund for Agricultural Dev.,South Asia,multilateral,1407783485.8
Saudi Arabia,South Asia,bilateral,489557600.0
United States,South Asia,private,3114283714.1
Russian Federation,South Asia,bilateral,12783439000.0
China,South Asia,bilateral,16300315274.2
China,South Asia,private,286726000.0
United Arab Emirates,South Asia,bilateral,61834172.9
Asian Infrastructure Investment Bank,South Asia,multilateral,7215035737.0
"Iran, Islamic Republic Of",South Asia,bilateral,32903000.0
Belarus,South Asia,bilateral,24322000.0
Sweden,South Asia,bilateral,114674199.0
United States,South Asia,bilateral,141544000.0
Pakistan,South Asia,bilateral,2109000.0
India,South Asia,bilateral,8436864957.6
World Bank-IDA                         ,South Asia,multilateral,44029130000.0
Qatar,South Asia,private,0.0
United Kingdom,Sri Lanka,private,184635848.4
Austria,Sri Lanka,private,144505795.5
World Bank-IBRD                         ,Sri Lanka,multilateral,1052439000.0
Australia,Sri Lanka,private,18074000.0
Hong Kong,Sri Lanka,private,123110000.0
Kuwait,Sri Lanka,bilateral,95164799.6
"Korea, Republic of",Sri Lanka,bilateral,371795746.5
Spain,Sri Lanka,private,18149583.0
Spain,Sri Lanka,bilateral,77120663.7
France,Sri Lanka,bilateral,201828984.3
France,Sri Lanka,private,210025842.1
Japan,Sri Lanka,private,46728375.4
Japan,Sri Lanka,bilateral,2265043089.7
Asian Infrastructure Investment Bank,Sri Lanka,multilateral,145463000.0
World Bank-IDA                         ,Sri Lanka,multilateral,3566305000.0
India,Sri Lanka,bilateral,3235736000.0
"Germany, Fed. Rep. of",Sri Lanka,bilateral,193966785.6
"Iran, Islamic Republic Of",Sri Lanka,bilateral,32903000.0
International Fund for Agricultural Dev.,Sri Lanka,multilateral,168852660.2
Hungary,Sri Lanka,bilateral,45388502.1
Bondholders,Sri Lanka,private,10584688000.0
OPEC Fund for International Dev.,Sri Lanka,multilateral,129505000.0
Sweden,Sri Lanka,bilateral,34652000.0
Russian Federation,Sri Lanka,bilateral,35416000.0
Pakistan,Sri Lanka,bilateral,2109000.0
United States,Sri Lanka,bilateral,124995000.0
United States,Sri Lanka,private,7518000.0
Belgium,Sri Lanka,private,9508012.8
Saudi Arabia,Sri Lanka,bilateral,167577866.7
China,Sri Lanka,private,0.0
Nordic Development Fund,Sri Lanka,multilateral,12703982.6
Netherlands,Sri Lanka,private,329472593.2
Australia,Sri Lanka,bilateral,6882000.0
China,Sri Lanka,bilateral,8687353759.7
Canada,Sri Lanka,bilateral,17074460.7
Multiple Lenders,Sri Lanka,private,0.0
European Investment Bank,Sri Lanka,multilateral,78607329.6
Asian Dev. Bank   ,Sri Lanka,multilateral,7116559000.0
Caribbean Community (CARICOM),St. Lucia,multilateral,1619000.0
Bondholders,St. Lucia,private,333444000.0
Caribbean Dev. Bank,St. Lucia,multilateral,220656541.0
World Bank-IDA                         ,St. Lucia,multilateral,226443000.0
European Investment Bank,St. Lucia,multilateral,5065000.0
World Bank-IBRD                         ,St. Lucia,multilateral,2480000.0
Trinidad & Tobago,St. Lucia,bilateral,5000000.0
Kuwait,St. Lucia,bilateral,2240623.5
France,St. Lucia,bilateral,451921.5
African Export-Import Bank,St. Lucia,multilateral,2400000.0
Multiple Lenders,St. Lucia,bilateral,240722000.0
Saudi Arabia,St. Lucia,bilateral,0.0
Trinidad & Tobago,St. Vincent and the Grenadines,bilateral,3747146.4
China,St. Vincent and the Grenadines,bilateral,45000000.0
United Arab Emirates,St. Vincent and the Grenadines,bilateral,0.0
Caribbean Dev. Bank,St. Vincent and the Grenadines,multilateral,232407635.0
World Bank-IDA                         ,St. Vincent and the Grenadines,multilateral,243873000.0
Caribbean Community (CARICOM),St. Vincent and the Grenadines,multilateral,9734000.0
United Kingdom,St. Vincent and the Grenadines,bilateral,2844000.0
Bondholders,St. Vincent and the Grenadines,private,0.0
United States,St. Vincent and the Grenadines,bilateral,601000.0
Kuwait,St. Vincent and the Grenadines,bilateral,7131027.8
Multiple Lenders,St. Vincent and the Grenadines,bilateral,82441000.0
Guyana,St. Vincent and the Grenadines,private,948000.0
Netherlands,St. Vincent and the Grenadines,private,1326000.0
OPEC Fund for International Dev.,St. Vincent and the Grenadines,multilateral,4831000.0
Bolivarian Alliance for the Americas (ALBA),St. Vincent and the Grenadines,multilateral,50848000.0
Saudi Arabia,St. Vincent and the Grenadines,bilateral,0.0
Multiple Lenders,St. Vincent and the Grenadines,private,4857000.0
Asian Infrastructure Investment Bank,Sub-Saharan Africa (excluding high income),multilateral,200143046.1
Benin,Sub-Saharan Africa (excluding high income),bilateral,68245.6
Belgium,Sub-Saharan Africa (excluding high income),private,1027844704.6
Turkiye,Sub-Saharan Africa (excluding high income),bilateral,479099839.0
Sweden,Sub-Saharan Africa (excluding high income),bilateral,3405000.0
Sweden,Sub-Saharan Africa (excluding high income),private,145548277.7
Uganda,Sub-Saharan Africa (excluding high income),private,681000.0
Bahamas,Sub-Saharan Africa (excluding high income),private,750000.0
Belgium,Sub-Saharan Africa (excluding high income),bilateral,484936569.8
Bahrain,Sub-Saharan Africa (excluding high income),private,0.0
Switzerland,Sub-Saharan Africa (excluding high income),bilateral,122406505.9
Switzerland,Sub-Saharan Africa (excluding high income),private,2360194252.1000004
Togo,Sub-Saharan Africa (excluding high income),private,46533412.7
Thailand,Sub-Saharan Africa (excluding high income),bilateral,1293000.0
Tanzania,Sub-Saharan Africa (excluding high income),bilateral,35157000.0
Turkiye,Sub-Saharan Africa (excluding high income),private,0.0
United Kingdom,Sub-Saharan Africa (excluding high income),bilateral,973269196.8
Nigeria,Sub-Saharan Africa (excluding high income),bilateral,11293290.3
United Arab Emirates,Sub-Saharan Africa (excluding high income),bilateral,1667015802.6
Dev. Bank of the Central African States (BDEAC),Sub-Saharan Africa (excluding high income),multilateral,390085257.2
Norway,Sub-Saharan Africa (excluding high income),bilateral,74598962.9
Kuwait,Sub-Saharan Africa (excluding high income),bilateral,2882895891.8
Arab Bank for Economic Dev. in Africa (BADEA),Sub-Saharan Africa (excluding high income),multilateral,2160203561.6
Arab Bank for Economic Dev. in Africa (BADEA),Sub-Saharan Africa (excluding high income),private,0.0
World Bank-IBRD                         ,Sub-Saharan Africa (excluding high income),multilateral,14105494000.0
Denmark,Sub-Saharan Africa (excluding high income),private,296788628.5
Denmark,Sub-Saharan Africa (excluding high income),bilateral,62484803.4
"Korea, Republic of",Sub-Saharan Africa (excluding high income),private,5146859.2
Czechia,Sub-Saharan Africa (excluding high income),private,184822387.8
Czechia,Sub-Saharan Africa (excluding high income),bilateral,225362662.7
"Korea, Republic of",Sub-Saharan Africa (excluding high income),bilateral,1994111944.6
Croatia,Sub-Saharan Africa (excluding high income),bilateral,39903000.0
OPEC Fund for International Dev.,Sub-Saharan Africa (excluding high income),multilateral,1702468486.7
France,Sub-Saharan Africa (excluding high income),bilateral,10345768319.6
France,Sub-Saharan Africa (excluding high income),private,6744465585.7
African Export-Import Bank,Sub-Saharan Africa (excluding high income),multilateral,5447253126.1
African Dev. Bank         ,Sub-Saharan Africa (excluding high income),multilateral,36521820778.5
Japan,Sub-Saharan Africa (excluding high income),private,1777631605.8
United States,Sub-Saharan Africa (excluding high income),private,5025502215.8
Japan,Sub-Saharan Africa (excluding high income),bilateral,4237756697.6
United States,Sub-Saharan Africa (excluding high income),bilateral,1058939978.2
Oman,Sub-Saharan Africa (excluding high income),bilateral,89507000.0
"Germany, Fed. Rep. of",Sub-Saharan Africa (excluding high income),bilateral,2096970891.6
Org. of Arab Petroleum Exporting Countries (OAPEC),Sub-Saharan Africa (excluding high income),multilateral,7219000.0
"Cote D`Ivoire, Republic Of",Sub-Saharan Africa (excluding high income),private,642562134.9
Algeria,Sub-Saharan Africa (excluding high income),bilateral,157641377.3
Pakistan,Sub-Saharan Africa (excluding high income),bilateral,12189000.0
"Germany, Fed. Rep. of",Sub-Saharan Africa (excluding high income),private,4067600405.4
"Venezuela, Republic Bolivarian",Sub-Saharan Africa (excluding high income),bilateral,18749000.0
Panama,Sub-Saharan Africa (excluding high income),private,0.0
Nordic Investment Bank,Sub-Saharan Africa (excluding high income),multilateral,29222465.5
Nordic Development Fund,Sub-Saharan Africa (excluding high income),multilateral,269626515.3
Malaysia,Sub-Saharan Africa (excluding high income),bilateral,0.0
Luxembourg,Sub-Saharan Africa (excluding high income),private,30763906.8
European Investment Bank,Sub-Saharan Africa (excluding high income),multilateral,3096042833.8
Mauritius,Sub-Saharan Africa (excluding high income),private,99434545.9
Morocco,Sub-Saharan Africa (excluding high income),bilateral,7000000.0
Morocco,Sub-Saharan Africa (excluding high income),private,0.0
European Economic Community (EEC),Sub-Saharan Africa (excluding high income),multilateral,9314568.2
Multiple Lenders,Sub-Saharan Africa (excluding high income),bilateral,4151901000.0
Multiple Lenders,Sub-Saharan Africa (excluding high income),multilateral,87693000.0
Multiple Lenders,Sub-Saharan Africa (excluding high income),private,12264391856.5
Angola,Sub-Saharan Africa (excluding high income),bilateral,400478000.0
Arab African International Bank,Sub-Saharan Africa (excluding high income),multilateral,31149000.0
Libya,Sub-Saharan Africa (excluding high income),bilateral,998526714.2
Liberia,Sub-Saharan Africa (excluding high income),private,807395.3
Finland,Sub-Saharan Africa (excluding high income),bilateral,67157769.0
European Development Fund (EDF),Sub-Saharan Africa (excluding high income),multilateral,57101060.7
Namibia,Sub-Saharan Africa (excluding high income),bilateral,1146769.0
United Kingdom,Sub-Saharan Africa (excluding high income),private,12084080932.6
Netherlands,Sub-Saharan Africa (excluding high income),bilateral,98293078.4
Netherlands,Sub-Saharan Africa (excluding high income),private,1443275460.8999999
Finland,Sub-Saharan Africa (excluding high income),private,5667000.0
World Bank-MIGA,Sub-Saharan Africa (excluding high income),multilateral,302270032.8
West African Development Bank - BOAD,Sub-Saharan Africa (excluding high income),multilateral,2838280334.0
New Development Bank (NDB),Sub-Saharan Africa (excluding high income),multilateral,3271954920.8
Equatorial Guinea,Sub-Saharan Africa (excluding high income),bilateral,30092063.9
Kuwait,Sub-Saharan Africa (excluding high income),private,333370211.79999995
Egypt,Sub-Saharan Africa (excluding high income),private,76632000.0
Egypt,Sub-Saharan Africa (excluding high income),bilateral,187736000.0
Economic Community of West African States (ECOWAS),Sub-Saharan Africa (excluding high income),multilateral,755032372.7
Eastern & Southern African Trade & Dev. Bank (TDB),Sub-Saharan Africa (excluding high income),multilateral,2234218793.4
"Congo, Rep.",Sub-Saharan Africa (excluding high income),bilateral,89167790.3
"Cote D`Ivoire, Republic Of",Sub-Saharan Africa (excluding high income),bilateral,46722094.7
Poland,Sub-Saharan Africa (excluding high income),private,6080000.0
Saudi Arabia,Sub-Saharan Africa (excluding high income),private,19060000.0
Poland,Sub-Saharan Africa (excluding high income),bilateral,244116677.8
International Fund for Agricultural Dev.,Sub-Saharan Africa (excluding high income),multilateral,3694909758.5
Arab Monetary Fund,Sub-Saharan Africa (excluding high income),multilateral,576238406.4
Ireland,Sub-Saharan Africa (excluding high income),bilateral,1643460.6
Iraq,Sub-Saharan Africa (excluding high income),bilateral,387374867.1
Senegal,Sub-Saharan Africa (excluding high income),bilateral,240.7
India,Sub-Saharan Africa (excluding high income),bilateral,4501172880.7
Canada,Sub-Saharan Africa (excluding high income),private,49996000.0
Canada,Sub-Saharan Africa (excluding high income),bilateral,332731941.5
Serbia,Sub-Saharan Africa (excluding high income),bilateral,138328000.0
Serbia,Sub-Saharan Africa (excluding high income),private,27570214.9
India,Sub-Saharan Africa (excluding high income),private,19772264.9
Saudi Arabia,Sub-Saharan Africa (excluding high income),bilateral,4539646176.7
Argentina,Sub-Saharan Africa (excluding high income),bilateral,10408000.0
World Bank-IDA                         ,Sub-Saharan Africa (excluding high income),multilateral,109648647000.0
Bulgaria,Sub-Saharan Africa (excluding high income),bilateral,79398000.0
South Africa,Sub-Saharan Africa (excluding high income),bilateral,600669489.3
South Africa,Sub-Saharan Africa (excluding high income),private,2220968558.4
Brazil,Sub-Saharan Africa (excluding high income),private,120421000.0
Brazil,Sub-Saharan Africa (excluding high income),bilateral,467058000.0
International Bank for Economic Cooperation (IBEC),Sub-Saharan Africa (excluding high income),multilateral,0.0
"Iran, Islamic Republic Of",Sub-Saharan Africa (excluding high income),bilateral,180304000.0
Bondholders,Sub-Saharan Africa (excluding high income),private,149430967857.3
Spain,Sub-Saharan Africa (excluding high income),bilateral,310084658.3
Spain,Sub-Saharan Africa (excluding high income),private,1102548420.8
Austria,Sub-Saharan Africa (excluding high income),bilateral,219377240.7
Austria,Sub-Saharan Africa (excluding high income),private,578023324.3
Cameroon,Sub-Saharan Africa (excluding high income),bilateral,22626089.9
Hungary,Sub-Saharan Africa (excluding high income),private,5783000.0
Ireland,Sub-Saharan Africa (excluding high income),private,697221000.0
Islamic Dev. Bank,Sub-Saharan Africa (excluding high income),multilateral,7727753162.2
Portugal,Sub-Saharan Africa (excluding high income),bilateral,833595465.2
Portugal,Sub-Saharan Africa (excluding high income),private,1019303488.3000001
Africa Finance Corporation,Sub-Saharan Africa (excluding high income),private,222875733.0
Italy,Sub-Saharan Africa (excluding high income),private,1633810601.2
Italy,Sub-Saharan Africa (excluding high income),bilateral,1038121006.1
China,Sub-Saharan Africa (excluding high income),private,17740359175.1
Qatar,Sub-Saharan Africa (excluding high income),bilateral,84117500.0
Greece,Sub-Saharan Africa (excluding high income),bilateral,2032000.0
China,Sub-Saharan Africa (excluding high income),bilateral,56775669617.7
Hungary,Sub-Saharan Africa (excluding high income),bilateral,19524000.0
Greece,Sub-Saharan Africa (excluding high income),private,446000.0
Israel,Sub-Saharan Africa (excluding high income),private,4214137606.9
Romania,Sub-Saharan Africa (excluding high income),bilateral,134839000.0
Russian Federation,Sub-Saharan Africa (excluding high income),bilateral,396110787.6
Central Bank of West African States (BCEAO),Sub-Saharan Africa (excluding high income),multilateral,308906085.0
Arab Fund for Economic & Social Development,Sub-Saharan Africa (excluding high income),multilateral,2355641440.6
United Arab Emirates,Sub-Saharan Africa (excluding high income),private,410851457.2
Hong Kong,Sub-Saharan Africa (excluding high income),private,314841000.0
Russian Federation,Sub-Saharan Africa (excluding high income),private,15766932.6
Chad,Sub-Saharan Africa (excluding high income),bilateral,372.2
Mali,Sub-Saharan Africa (excluding high income),bilateral,53.8
Malaysia,Sudan,bilateral,0.0
World Bank-IDA                         ,Sudan,multilateral,217938000.0
"Germany, Fed. Rep. of",Sudan,bilateral,67698879.6
Kuwait,Sudan,private,309197831.4
Turkiye,Sudan,bilateral,40978154.7
Hungary,Sudan,bilateral,5936000.0
United Arab Emirates,Sudan,bilateral,387658134.8
Ireland,Sudan,bilateral,1643460.6
India,Sudan,bilateral,526988000.0
African Dev. Bank         ,Sudan,multilateral,77255631.1
"Iran, Islamic Republic Of",Sudan,bilateral,102575000.0
Libya,Sudan,bilateral,302980487.5
Kuwait,Sudan,bilateral,1126795405.3
France,Sudan,bilateral,233178793.6
France,Sudan,private,53898000.0
Iraq,Sudan,bilateral,71558000.0
Japan,Sudan,bilateral,132961974.2
United Arab Emirates,Sudan,private,74217000.0
Islamic Dev. Bank,Sudan,multilateral,155100391.6
Italy,Sudan,bilateral,248020736.1
United Kingdom,Sudan,bilateral,224435024.1
International Fund for Agricultural Dev.,Sudan,multilateral,87336591.9
United States,Sudan,private,5185000.0
Serbia,Sudan,bilateral,27938000.0
Belgium,Sudan,bilateral,132232230.9
Austria,Sudan,bilateral,188903187.0
Oman,Sudan,bilateral,89507000.0
Pakistan,Sudan,bilateral,9978000.0
Poland,Sudan,bilateral,20130000.0
OPEC Fund for International Dev.,Sudan,multilateral,62964000.0
Canada,Sudan,bilateral,9285000.0
China,Sudan,bilateral,920679009.4
Qatar,Sudan,bilateral,29000000.0
Romania,Sudan,bilateral,125568000.0
Russian Federation,Sudan,bilateral,7458364.4
Arab Monetary Fund,Sudan,multilateral,504379284.2
Arab Fund for Economic & Social Development,Sudan,multilateral,1054132445.8
Saudi Arabia,Sudan,private,16560000.0
Algeria,Sudan,bilateral,83021377.3
Croatia,Sudan,bilateral,39903000.0
United States,Sudan,bilateral,373798000.0
Saudi Arabia,Sudan,bilateral,2126926866.8
Switzerland,Sudan,bilateral,122095596.4
Netherlands,Sudan,bilateral,70359135.2
Switzerland,Sudan,private,1815691524.7
Spain,Sudan,bilateral,19672000.0
Austria,Sudan,private,1229000.0
Czechia,Sudan,bilateral,25359000.0
Norway,Sudan,bilateral,19954889.8
Multiple Lenders,Sudan,private,2493897000.0
European Investment Bank,Sudan,multilateral,43858202.4
United Kingdom,Sudan,private,1648239.1
Denmark,Sudan,bilateral,61076551.8
Israel,Suriname,bilateral,2478815.4
European Investment Bank,Suriname,multilateral,197391.0
Islamic Dev. Bank,Suriname,multilateral,36747000.0
Switzerland,Suriname,private,11925533.1
China,Suriname,bilateral,442164186.2
China,Suriname,private,54414000.0
Italy,Suriname,bilateral,11220120.0
Caribbean Dev. Bank,Suriname,multilateral,107251000.0
Israel,Suriname,private,14188257.3
Italy,Suriname,private,18712666.8
World Bank-IBRD                         ,Suriname,multilateral,28966000.0
Netherlands,Suriname,bilateral,7755388.5
India,Suriname,bilateral,42546000.0
Kuwait,Suriname,bilateral,0.0
Netherlands,Suriname,private,19765072.5
Belgium,Suriname,private,2225323.8
Caribbean Community (CARICOM),Suriname,multilateral,0.0
OPEC Fund for International Dev.,Suriname,multilateral,27880000.0
Bondholders,Suriname,private,660000000.0
Inter-American Dev. Bank      ,Suriname,multilateral,1006768000.0
France,Suriname,bilateral,30240301.2
India,Syrian Arab Republic,bilateral,30730000.0
Iraq,Syrian Arab Republic,bilateral,4875.4
"Iran, Islamic Republic Of",Syrian Arab Republic,bilateral,2855000.0
Arab Monetary Fund,Syrian Arab Republic,multilateral,11267723.2
Bulgaria,Syrian Arab Republic,bilateral,8210000.0
Serbia,Syrian Arab Republic,bilateral,32436000.0
Saudi Arabia,Syrian Arab Republic,bilateral,66553866.6
Arab Towns Organization (ATO),Syrian Arab Republic,multilateral,207825.9
United Arab Emirates,Syrian Arab Republic,bilateral,106692988.4
Islamic Dev. Bank,Syrian Arab Republic,multilateral,165815203.3
Malaysia,Syrian Arab Republic,bilateral,40939932.3
European Investment Bank,Syrian Arab Republic,multilateral,541401957.0
Kuwait,Syrian Arab Republic,bilateral,248563078.3
World Bank-IDA                         ,Syrian Arab Republic,multilateral,14052000.0
OPEC Fund for International Dev.,Syrian Arab Republic,multilateral,39766186.5
France,Syrian Arab Republic,private,9065441.4
Arab Fund for Economic & Social Development,Syrian Arab Republic,multilateral,589076148.8
International Fund for Agricultural Dev.,Syrian Arab Republic,multilateral,26892560.2
Japan,Syrian Arab Republic,bilateral,306773060.9
"Germany, Fed. Rep. of",Syrian Arab Republic,bilateral,310351154.1
China,Syrian Arab Republic,bilateral,66562089.1
Italy,Syrian Arab Republic,bilateral,22916056.2
Romania,Syrian Arab Republic,private,6450000.0
Russian Federation,Syrian Arab Republic,bilateral,525000000.0
United States,Syrian Arab Republic,bilateral,237024000.0
International Fund for Agricultural Dev.,Tajikistan,multilateral,21152634.7
United Arab Emirates,Tajikistan,bilateral,4707147.7
European Bank for Reconstruction and Dev. (EBRD),Tajikistan,multilateral,311199980.7
Asian Infrastructure Investment Bank,Tajikistan,multilateral,60312000.0
Islamic Dev. Bank,Tajikistan,multilateral,220434869.1
"Germany, Fed. Rep. of",Tajikistan,bilateral,14701473.9
France,Tajikistan,private,20778000.0
Kuwait,Tajikistan,bilateral,40055203.8
European Investment Bank,Tajikistan,multilateral,76901844.5
Eurasian Development Bank,Tajikistan,multilateral,105461000.0
OPEC Fund for International Dev.,Tajikistan,multilateral,74179000.0
United States,Tajikistan,bilateral,150000.0
China,Tajikistan,bilateral,824891907.2
Saudi Arabia,Tajikistan,bilateral,97959733.3
Asian Dev. Bank   ,Tajikistan,multilateral,253361000.0
Bondholders,Tajikistan,private,500000000.0
World Bank-IDA                         ,Tajikistan,multilateral,369363000.0
United Arab Emirates,Tanzania,bilateral,34957794.4
Austria,Tanzania,bilateral,0.0
Nordic Development Fund,Tanzania,multilateral,10450896.1
European Investment Bank,Tanzania,multilateral,124206194.5
United States,Tanzania,private,3927000.0
"Iran, Islamic Republic Of",Tanzania,bilateral,77729000.0
African Dev. Bank         ,Tanzania,multilateral,3478861281.4
Hungary,Tanzania,private,5783000.0
OPEC Fund for International Dev.,Tanzania,multilateral,128181000.0
Arab Bank for Economic Dev. in Africa (BADEA),Tanzania,multilateral,80951000.0
Nordic Investment Bank,Tanzania,multilateral,3158256.0
United Arab Emirates,Tanzania,private,14667190.2
Italy,Tanzania,bilateral,0.0
Netherlands,Tanzania,private,9216882.7
Italy,Tanzania,private,1787000.0
Arab African International Bank,Tanzania,multilateral,8304000.0
Angola,Tanzania,bilateral,3406000.0
Multiple Lenders,Tanzania,private,250000000.0
Austria,Tanzania,private,22417384.2
"Germany, Fed. Rep. of",Tanzania,private,544309122.5
Liberia,Tanzania,private,807395.3
Japan,Tanzania,bilateral,417488166.2
Kuwait,Tanzania,bilateral,91457100.2
African Export-Import Bank,Tanzania,multilateral,300000000.0
"Korea, Republic of",Tanzania,bilateral,423542282.4
France,Tanzania,bilateral,328873145.1
France,Tanzania,private,295180000.0
Poland,Tanzania,bilateral,71486000.0
Poland,Tanzania,private,6080000.0
Iraq,Tanzania,bilateral,29996955.0
India,Tanzania,private,1281859.6
United Kingdom,Tanzania,bilateral,920839.7
South Africa,Tanzania,private,784400000.0
South Africa,Tanzania,bilateral,86817000.0
Serbia,Tanzania,private,6221214.9
World Bank-IDA                         ,Tanzania,multilateral,12097217000.0
India,Tanzania,bilateral,599637485.9
Sweden,Tanzania,bilateral,3405000.0
Saudi Arabia,Tanzania,bilateral,30824000.0
Belgium,Tanzania,bilateral,2556732.9
Arab Fund for Economic & Social Development,Tanzania,multilateral,10947000.0
Russian Federation,Tanzania,bilateral,2052000.0
Romania,Tanzania,bilateral,105000.0
China,Tanzania,bilateral,1365448930.1
China,Tanzania,private,56515121.1
International Fund for Agricultural Dev.,Tanzania,multilateral,192250825.4
United Kingdom,Tanzania,private,2269379820.8
Japan,Thailand,bilateral,1894197254.7
World Bank-IBRD                         ,Thailand,multilateral,499600000.0
Bondholders,Thailand,private,27922057000.0
"Germany, Fed. Rep. of",Thailand,bilateral,2730229.2
Asian Dev. Bank   ,Thailand,multilateral,706644000.0
Canada,Thailand,bilateral,2302714.0
Australia,Timor-Leste,bilateral,0.0
World Bank-IBRD                         ,Timor-Leste,multilateral,12660000.0
World Bank-IDA                         ,Timor-Leste,multilateral,45137000.0
Japan,Timor-Leste,bilateral,23332269.4
Asian Dev. Bank   ,Timor-Leste,multilateral,172204000.0
World Bank-IDA                         ,Togo,multilateral,796080000.0
India,Togo,bilateral,69210000.0
International Fund for Agricultural Dev.,Togo,multilateral,13235000.8
Israel,Togo,private,63527696.1
Islamic Dev. Bank,Togo,multilateral,116974594.9
Japan,Togo,private,97362591.3
African Dev. Bank         ,Togo,multilateral,60008450.5
Austria,Togo,private,7805255.7
France,Togo,private,166538786.7
Belgium,Togo,bilateral,9230626.5
Saudi Arabia,Togo,bilateral,15826666.8
China,Togo,bilateral,329568760.4
United States,Togo,private,155835000.0
OPEC Fund for International Dev.,Togo,multilateral,20470000.0
Arab Bank for Economic Dev. in Africa (BADEA),Togo,multilateral,50310000.0
Economic Community of West African States (ECOWAS),Togo,multilateral,31699566.7
United Arab Emirates,Togo,bilateral,48660992.5
European Investment Bank,Togo,multilateral,13102606.8
France,Togo,bilateral,53575034.1
Kuwait,Togo,bilateral,25146939.5
West African Development Bank - BOAD,Togo,multilateral,277213804.3
Asian Dev. Bank   ,Tonga,multilateral,19515000.0
International Fund for Agricultural Dev.,Tonga,multilateral,3841056.3
China,Tonga,bilateral,65755699.2
World Bank-IDA                         ,Tonga,multilateral,40235000.0
United Kingdom,Tunisia,private,83075638.5
African Export-Import Bank,Tunisia,multilateral,1000000000.0
Arab Fund for Economic & Social Development,Tunisia,multilateral,739198587.4
World Bank-IBRD                         ,Tunisia,multilateral,4326806000.0
African Dev. Bank         ,Tunisia,multilateral,2398316623.0
Algeria,Tunisia,bilateral,611000000.0
Arab Bank for Economic Dev. in Africa (BADEA),Tunisia,multilateral,110149407.5
Arab Monetary Fund,Tunisia,multilateral,0.0
United States,Tunisia,bilateral,2784000.0
World Trade Organization,Tunisia,multilateral,39166530.0
"Korea, Republic of",Tunisia,bilateral,0.0
European Investment Bank,Tunisia,multilateral,1456746618.9
Turkiye,Tunisia,bilateral,145889000.0
European Social Fund (ESF),Tunisia,multilateral,311670000.0
Switzerland,Tunisia,private,97366.7
Libya,Tunisia,bilateral,50000000.0
European Union,Tunisia,multilateral,1142790000.0
Belgium,Tunisia,bilateral,12453294.3
Kuwait,Tunisia,bilateral,359825296.3
Belgium,Tunisia,private,873714.9
United Arab Emirates,Tunisia,bilateral,34418697.7
France,Tunisia,bilateral,935252063.7
France,Tunisia,private,62181281.699999996
European Bank for Reconstruction and Dev. (EBRD),Tunisia,multilateral,464891127.6
Qatar,Tunisia,bilateral,7482000.0
Austria,Tunisia,private,918387.6000000001
Saudi Arabia,Tunisia,bilateral,679636663.2
Bondholders,Tunisia,private,2483677494.4
International Fund for Agricultural Dev.,Tunisia,multilateral,34474685.0
Spain,Tunisia,private,0.0
OPEC Fund for International Dev.,Tunisia,multilateral,29319723.6
Islamic Dev. Bank,Tunisia,multilateral,705917257.5
Spain,Tunisia,bilateral,279256493.1
Italy,Tunisia,bilateral,390552638.1
Austria,Tunisia,bilateral,22400761.8
China,Tunisia,bilateral,31142256.3
Canada,Tunisia,bilateral,1181628.4
"Germany, Fed. Rep. of",Tunisia,private,23938333.8
"Germany, Fed. Rep. of",Tunisia,bilateral,1049452107.3
Japan,Tunisia,bilateral,786715608.1
Nordic Investment Bank,Tunisia,multilateral,2606600.1
China,Turkiye,private,250972500.0
China,Turkiye,bilateral,950359920.6
OPEC Fund for International Dev.,Turkiye,multilateral,33863081.6
Council of Europe,Turkiye,multilateral,1492489956.1
United Arab Emirates,Turkiye,bilateral,3853229006.8
Russian Federation,Turkiye,private,30000000.0
Cayman Islands,Turkiye,private,207780000.0
Saudi Arabia,Turkiye,bilateral,10469333.4
Canada,Turkiye,bilateral,49096000.0
Bondholders,Turkiye,private,108134553218.1
United Kingdom,Turkiye,private,5163791757.1
Qatar,Turkiye,private,0.0
United States,Turkiye,private,1769424137.3
Multiple Lenders,Turkiye,private,1160379078.1
Norway,Turkiye,bilateral,308402000.0
International Fund for Agricultural Dev.,Turkiye,multilateral,61681059.1
Hungary,Turkiye,bilateral,211935.6
Islamic Dev. Bank,Turkiye,multilateral,1420775790.6
Italy,Turkiye,private,66074040.0
"Germany, Fed. Rep. of",Turkiye,private,2490227909.6
"Germany, Fed. Rep. of",Turkiye,bilateral,513882534.9
Japan,Turkiye,bilateral,2325618576.8
Japan,Turkiye,private,684446000.0
France,Turkiye,private,787693671.8
France,Turkiye,bilateral,913353090.6
"Korea, Republic of",Turkiye,bilateral,127380000.0
World Bank-IBRD                         ,Turkiye,multilateral,12065026000.0
Kuwait,Turkiye,bilateral,22036044.9
Luxembourg,Turkiye,private,167979741.0
European Investment Bank,Turkiye,multilateral,4549546864.4
Multiple Lenders,Turkiye,multilateral,526496010.8
Spain,Turkiye,bilateral,186486297.2
European Development Fund (EDF),Turkiye,multilateral,608449446.3
European Bank for Reconstruction and Dev. (EBRD),Turkiye,multilateral,576705896.8
Netherlands,Turkiye,private,58849529.4
ECO Trade and Dev. Bank,Turkiye,multilateral,35062875.0
Denmark,Turkiye,bilateral,428920254.0
Spain,Turkiye,private,227041206.0
International Finance Corporation,Turkiye,multilateral,166123673.2
Bahrain,Turkiye,private,398354191.7
Switzerland,Turkiye,private,762301508.3
Belgium,Turkiye,private,198057973.8
Belgium,Turkiye,bilateral,3337985.7
United Arab Emirates,Turkiye,private,843615000.0
Sweden,Turkiye,private,2041438.5
Asian Infrastructure Investment Bank,Turkiye,multilateral,2258167686.8
UN-Population Fund (UNFPA),Turkiye,multilateral,84615000.0
Italy,Turkmenistan,private,20631515.1
Japan,Turkmenistan,bilateral,928343661.0
Islamic Dev. Bank,Turkmenistan,multilateral,849050349.8
OPEC Fund for International Dev.,Turkmenistan,multilateral,1765000.0
United Arab Emirates,Turkmenistan,bilateral,73509326.1
Asian Dev. Bank   ,Turkmenistan,multilateral,528397000.0
United States,Turkmenistan,private,130713000.0
"Germany, Fed. Rep. of",Turkmenistan,private,95550749.7
"Korea, Republic of",Turkmenistan,bilateral,0.0
Netherlands,Turkmenistan,private,67299000.0
Saudi Arabia,Turkmenistan,bilateral,18494000.0
China,Turkmenistan,bilateral,76443035.0
World Bank-IBRD                         ,Turkmenistan,multilateral,20000000.0
Switzerland,Turkmenistan,private,82092000.0
"Korea, Republic of",Uganda,bilateral,18961094.6
Nigeria,Uganda,bilateral,9000000.0
South Africa,Uganda,private,675285000.0
Islamic Dev. Bank,Uganda,multilateral,605586939.3
African Export-Import Bank,Uganda,multilateral,340780000.0
Eastern & Southern African Trade & Dev. Bank (TDB),Uganda,multilateral,273890401.5
United Arab Emirates,Uganda,bilateral,9480190.6
China,Uganda,bilateral,2567502162.9
Austria,Uganda,bilateral,7791750.0
"Germany, Fed. Rep. of",Uganda,private,6809989.5
"Germany, Fed. Rep. of",Uganda,bilateral,21738982.5
France,Uganda,bilateral,288910817.2
Italy,Uganda,bilateral,5194500.0
Arab Bank for Economic Dev. in Africa (BADEA),Uganda,multilateral,72737000.0
African Dev. Bank         ,Uganda,multilateral,2018667383.1
OPEC Fund for International Dev.,Uganda,multilateral,55980000.0
Japan,Uganda,bilateral,215601659.7
Nordic Development Fund,Uganda,multilateral,36206689.7
Tanzania,Uganda,bilateral,35157000.0
Saudi Arabia,Uganda,bilateral,37020266.7
Kuwait,Uganda,bilateral,47088813.1
World Bank-IDA                         ,Uganda,multilateral,4898639000.0
Spain,Uganda,bilateral,36731348.4
India,Uganda,bilateral,11630000.0
European Investment Bank,Uganda,multilateral,91561373.7
Bondholders,Uganda,private,873501000.0
International Fund for Agricultural Dev.,Uganda,multilateral,267865377.0
United Kingdom,Uganda,bilateral,340526486.4
Iraq,Uganda,bilateral,593.1
United Kingdom,Uganda,private,219567839.6
Belgium,Uganda,private,10290304.5
United Kingdom,Ukraine,bilateral,23048592.6
Russian Federation,Ukraine,bilateral,605856000.0
United Kingdom,Ukraine,private,173020558.9
Norway,Ukraine,private,11396733.0
European Investment Bank,Ukraine,multilateral,4095207704.1
World Bank-IBRD                         ,Ukraine,multilateral,16683426000.0
Multiple Lenders,Ukraine,multilateral,114195000.0
"Germany, Fed. Rep. of",Ukraine,private,436152036.9
"Germany, Fed. Rep. of",Ukraine,bilateral,660811045.2
France,Ukraine,bilateral,462391534.2
France,Ukraine,private,191777823.3
Poland,Ukraine,bilateral,103185625.8
European Relief Fund,Ukraine,multilateral,1049289000.0
Italy,Ukraine,bilateral,207780000.0
Council of Europe,Ukraine,multilateral,120305658.9
European Union,Ukraine,multilateral,43481751790.5
Japan,Ukraine,bilateral,851382062.0
China,Ukraine,bilateral,825000000.0
World Bank-IDA                         ,Ukraine,multilateral,5786406000.0
United States,Ukraine,private,857497000.0
United States,Ukraine,bilateral,512000.0
Netherlands,Ukraine,bilateral,207780000.0
European Bank for Reconstruction and Dev. (EBRD),Ukraine,multilateral,764959731.3
Canada,Ukraine,bilateral,5090088012.5
"Korea, Republic of",Ukraine,bilateral,100000000.0
Multiple Lenders,Ukraine,private,623340000.0
Bondholders,Ukraine,private,21653792923.9
European Economic Community (EEC),Upper middle income,multilateral,11575284.3
"Korea, Republic of",Upper middle income,bilateral,1549380915.6
Montenegro,Upper middle income,private,10389.0
Czechia,Upper middle income,bilateral,93577000.0
Multiple Lenders,Upper middle income,private,168035607196.1
Denmark,Upper middle income,private,0.0
Denmark,Upper middle income,bilateral,430846254.0
France,Upper middle income,private,6690194364.0
Czechia,Upper middle income,private,231677872.5
France,Upper middle income,bilateral,15390921252.5
"Korea, Republic of",Upper middle income,private,203980000.0
Arab Bank for Economic Dev. in Africa (BADEA),Upper middle income,multilateral,59402594.8
Croatia,Upper middle income,private,5629000.0
Multiple Lenders,Upper middle income,multilateral,640691010.8
African Dev. Bank         ,Upper middle income,multilateral,5816838203.4
Turkiye,Upper middle income,bilateral,188987497.1
Kazakhstan,Upper middle income,bilateral,1252000.0
Japan,Upper middle income,private,1819293630.4
European Union,Upper middle income,multilateral,44629736290.5
Multiple Lenders,Upper middle income,bilateral,6251330249.3
Japan,Upper middle income,bilateral,27331414475.2
African Export-Import Bank,Upper middle income,multilateral,2400000.0
Luxembourg,Upper middle income,private,456947682.6
Turkiye,Upper middle income,private,19447169.1
United States,Upper middle income,private,18012219095.3
European Social Fund (ESF),Upper middle income,multilateral,67528500.0
European Relief Fund,Upper middle income,multilateral,1049289000.0
Finland,Upper middle income,bilateral,130714000.0
Malaysia,Upper middle income,bilateral,268000.0
Netherlands,Upper middle income,private,72974755340.5
Eurasian Development Bank,Upper middle income,multilateral,2114277164.4
New Development Bank (NDB),Upper middle income,multilateral,6212740350.0
Asian Infrastructure Investment Bank,Upper middle income,multilateral,7470802040.6
Economic Community of West African States (ECOWAS),Upper middle income,multilateral,12175400.8
Algeria,Upper middle income,bilateral,612000.0
Nordic Development Fund,Upper middle income,multilateral,37521412.5
World Bank-IBRD                         ,Upper middle income,multilateral,162685860000.0
Nordic Environment Finance Corporation (NEFCO),Upper middle income,multilateral,3479772.4
Turkmenistan,Upper middle income,bilateral,211000.0
Netherlands,Upper middle income,bilateral,328127962.3
Barbados,Upper middle income,private,582222.2
Nordic Investment Bank,Upper middle income,multilateral,13158213.1
Austria,Upper middle income,private,7540544928.7
Kuwait,Upper middle income,bilateral,1603482831.0
Finland,Upper middle income,private,6365000.0
Azerbaijan,Upper middle income,bilateral,1151000.0
Barbados,Upper middle income,bilateral,3355000.0
Bahrain,Upper middle income,private,494479191.7
"Venezuela, Republic Bolivarian",Upper middle income,bilateral,497810259.3
Belarus,Upper middle income,bilateral,10771315.2
Trinidad & Tobago,Upper middle income,bilateral,37680146.4
Norway,Upper middle income,bilateral,369585002.0
European Bank for Reconstruction and Dev. (EBRD),Upper middle income,multilateral,7083076304.9
European Investment Bank,Upper middle income,multilateral,16624371801.5
Austria,Upper middle income,bilateral,298458818.3
Trinidad & Tobago,Upper middle income,private,3505185.2
European Development Fund (EDF),Upper middle income,multilateral,661537236.3
Arab African International Bank,Upper middle income,multilateral,9244000.0
EUROFIMA,Upper middle income,multilateral,1687173.6
ECO Trade and Dev. Bank,Upper middle income,multilateral,68753363.1
Norway,Upper middle income,private,11396733.0
Switzerland,Upper middle income,private,2073218625.2
Hungary,Upper middle income,bilateral,853264470.8
United Arab Emirates,Upper middle income,bilateral,5422357936.3
United Arab Emirates,Upper middle income,private,843615000.0
South Africa,Upper middle income,private,19206.2
South Africa,Upper middle income,bilateral,8877000.0
Bulgaria,Upper middle income,private,104539312.5
Slovenia,Upper middle income,private,0.0
Armenia,Upper middle income,bilateral,1015000.0
Singapore,Upper middle income,private,1309816837.3
Serbia,Upper middle income,bilateral,71197620.8
Sweden,Upper middle income,bilateral,2072508777.9
Canada,Upper middle income,bilateral,5555544735.0
Canada,Upper middle income,private,265520000.0
Arab Monetary Fund,Upper middle income,multilateral,1356300.0
Islamic Dev. Bank,Upper middle income,multilateral,4538451598.6
Hong Kong,Upper middle income,private,1435243219.7
Israel,Upper middle income,bilateral,2996815.4
Saudi Arabia,Upper middle income,bilateral,487151333.5
United States,Upper middle income,bilateral,564510500.0
Brazil,Upper middle income,bilateral,204413000.0
Israel,Upper middle income,private,52498733.7
Bosnia-Herzegovina,Upper middle income,private,28444000.0
"Iran, Islamic Republic Of",Upper middle income,bilateral,839000.0
Inter-American Dev. Bank      ,Upper middle income,multilateral,86060513000.0
Belize,Upper middle income,bilateral,1000000.0
St. Vincent & The Grenadines,Upper middle income,private,0.0
Bolivarian Alliance for the Americas (ALBA),Upper middle income,multilateral,50848000.0
St. Lucia,Upper middle income,private,336296.3
St. Kitts And Nevis,Upper middle income,private,0.0
Sri Lanka,Upper middle income,private,63106000.0
Indonesia,Upper middle income,bilateral,193000.0
World Bank-MIGA,Upper middle income,multilateral,302270032.8
International Fund for Agricultural Dev.,Upper middle income,multilateral,1037826726.2
Spain,Upper middle income,private,1210735625.9
Spain,Upper middle income,bilateral,1345650390.7
Belgium,Upper middle income,private,203639876.1
Belgium,Upper middle income,bilateral,132440501.2
United Kingdom,Upper middle income,bilateral,182517650.2
United Kingdom,Upper middle income,private,10705293688.1
World Bank-IDA                         ,Upper middle income,multilateral,12242595000.0
India,Upper middle income,bilateral,1937104768.7
Bondholders,Upper middle income,private,1323299048223.3
Ireland,Upper middle income,private,1713710000.0
Caribbean Community (CARICOM),Upper middle income,multilateral,14921000.0
Sweden,Upper middle income,private,74539438.5
Honduras,Upper middle income,private,22059000.0
China,Upper middle income,bilateral,32826934272.6
China,Upper middle income,private,723558500.0
Caribbean Dev. Bank,Upper middle income,multilateral,1139800330.7
Poland,Upper middle income,private,1411865.1
Poland,Upper middle income,bilateral,163358713.8
Colombia,Upper middle income,private,308000000.0
Plata Basin Financial Dev. Fund,Upper middle income,multilateral,1323796653.9
International Finance Corporation,Upper middle income,multilateral,304855162.8
"Germany, Fed. Rep. of",Upper middle income,bilateral,14301411808.8
Peru,Upper middle income,private,53000000.0
Panama,Upper middle income,private,81275000.0
Italy,Upper middle income,bilateral,963502516.8
Italy,Upper middle income,private,897004757.8
Council of Europe,Upper middle income,multilateral,2893367955.0
Australia,Upper middle income,bilateral,928790105.7
Australia,Upper middle income,private,101915281.0
UN-Population Fund (UNFPA),Upper middle income,multilateral,84615000.0
OPEC Fund for International Dev.,Upper middle income,multilateral,1550678674.4
Libya,Upper middle income,bilateral,5000000.0
Asian Dev. Bank   ,Upper middle income,multilateral,42160256000.0
Corporacion Andina de Fomento,Upper middle income,multilateral,19849467811.0
Portugal,Upper middle income,bilateral,157791036.1
Central Bank of West African States (BCEAO),Upper middle income,multilateral,138738102.0
Central American Bank for Econ. Integration (BCIE),Upper middle income,multilateral,5399711000.0
Switzerland,Upper middle income,bilateral,142608274.5
Cayman Islands,Upper middle income,private,3417928721.4
Greece,Upper middle income,private,7769000.0
Greece,Upper middle income,bilateral,94761590.2
Grenada,Upper middle income,private,0.0
"Germany, Fed. Rep. of",Upper middle income,private,8267422648.0
Russian Federation,Upper middle income,bilateral,9885292708.7
Romania,Upper middle income,bilateral,136043000.0
Guyana,Upper middle income,private,948000.0
Qatar,Upper middle income,private,0.0
Portugal,Upper middle income,private,408691832.1
Russian Federation,Upper middle income,private,37816000.0
Turkiye,Uzbekistan,bilateral,0.0
Japan,Uzbekistan,bilateral,2898266836.9
Asian Infrastructure Investment Bank,Uzbekistan,multilateral,1650743000.0
Japan,Uzbekistan,private,2316367698.7
France,Uzbekistan,private,118009689.9
International Fund for Agricultural Dev.,Uzbekistan,multilateral,96036147.4
Kuwait,Uzbekistan,bilateral,108904042.8
Islamic Dev. Bank,Uzbekistan,multilateral,1080714182.3
World Bank-IBRD                         ,Uzbekistan,multilateral,3348458000.0
World Bank-IDA                         ,Uzbekistan,multilateral,4330169000.0
Austria,Uzbekistan,private,16897708.5
"Germany, Fed. Rep. of",Uzbekistan,bilateral,415110156.3
"Korea, Republic of",Uzbekistan,bilateral,713449491.2
United Arab Emirates,Uzbekistan,private,275109000.0
Ireland,Uzbekistan,private,136319000.0
France,Uzbekistan,bilateral,858432681.0
United Arab Emirates,Uzbekistan,bilateral,74887678.7
European Bank for Reconstruction and Dev. (EBRD),Uzbekistan,multilateral,340134978.7
Poland,Uzbekistan,bilateral,0.0
OPEC Fund for International Dev.,Uzbekistan,multilateral,205368000.0
Bondholders,Uzbekistan,private,7703979000.0
Spain,Uzbekistan,bilateral,65609651.7
United States,Uzbekistan,bilateral,16865000.0
United States,Uzbekistan,private,27004000.0
Spain,Uzbekistan,private,0.0
China,Uzbekistan,private,220000000.0
Luxembourg,Uzbekistan,private,49379000.0
Asian Dev. Bank   ,Uzbekistan,multilateral,7415382000.0
Russian Federation,Uzbekistan,bilateral,371026529.6
China,Uzbekistan,bilateral,3698314024.4
Russian Federation,Uzbekistan,private,374645000.0
Brazil,Uzbekistan,bilateral,0.0
Saudi Arabia,Uzbekistan,bilateral,139272000.0
European Investment Bank,Uzbekistan,multilateral,100000000.0
Japan,Vanuatu,bilateral,46919885.1
China,Vanuatu,bilateral,157566171.6
World Bank-IDA                         ,Vanuatu,multilateral,95493000.0
Asian Dev. Bank   ,Vanuatu,multilateral,52916000.0
United States,Viet Nam,private,35898000.0
Japan,Viet Nam,bilateral,10570938720.7
Switzerland,Viet Nam,bilateral,182562.5
India,Viet Nam,bilateral,13371774.9
Asian Dev. Bank   ,Viet Nam,multilateral,7191492000.0
France,Viet Nam,private,233191821.0
OPEC Fund for International Dev.,Viet Nam,multilateral,68166000.0
Austria,Viet Nam,private,135726051.6
Italy,Viet Nam,private,17502348.3
Italy,Viet Nam,bilateral,8051475.0
"Korea, D.P.R. of",Viet Nam,bilateral,0.0
Poland,Viet Nam,bilateral,7281650.1
China,Viet Nam,bilateral,503561552.3
"Germany, Fed. Rep. of",Viet Nam,bilateral,348841842.0
"Germany, Fed. Rep. of",Viet Nam,private,0.0
Bondholders,Viet Nam,private,736738000.0
Russian Federation,Viet Nam,bilateral,1391744000.0
Sweden,Viet Nam,bilateral,153893000.0
Saudi Arabia,Viet Nam,bilateral,38969066.6
Hong Kong,Viet Nam,private,21707000.0
Australia,Viet Nam,private,0.0
France,Viet Nam,bilateral,805255545.6
Japan,Viet Nam,private,1059967000.0
Belgium,Viet Nam,private,5615254.5
Kuwait,Viet Nam,bilateral,46163338.2
European Investment Bank,Viet Nam,multilateral,108934898.4
Algeria,Viet Nam,bilateral,19061000.0
Finland,Viet Nam,private,28643511.9
Spain,Viet Nam,bilateral,5561763.2
"Korea, Republic of",Viet Nam,bilateral,981077768.5
Multiple Lenders,Viet Nam,private,35000000.0
United Kingdom,Viet Nam,private,12067000.0
International Fund for Agricultural Dev.,Viet Nam,multilateral,212910460.7
Nordic Development Fund,Viet Nam,multilateral,25619092.6
World Bank-IBRD                         ,Viet Nam,multilateral,2137499000.0
Austria,Viet Nam,bilateral,3895875.0
World Bank-IDA                         ,Viet Nam,multilateral,11447477000.0
Nordic Investment Bank,Viet Nam,multilateral,1032000.0
Belgium,Viet Nam,bilateral,6616754.1
Hungary,Viet Nam,bilateral,16979781.6
Denmark,Viet Nam,private,4072488.0
Denmark,Viet Nam,bilateral,9506973.9
Denmark,"Yemen, Rep.",bilateral,1682000.0
"Korea, Republic of","Yemen, Rep.",bilateral,28241876.1
China,"Yemen, Rep.",bilateral,149655382.7
International Fund for Agricultural Dev.,"Yemen, Rep.",multilateral,116223173.9
"Germany, Fed. Rep. of","Yemen, Rep.",bilateral,742813.5
Kuwait,"Yemen, Rep.",bilateral,175224874.1
Org. of Arab Petroleum Exporting Countries (OAPEC),"Yemen, Rep.",multilateral,28361000.0
Iraq,"Yemen, Rep.",bilateral,6792000.0
France,"Yemen, Rep.",bilateral,60457746.6
Italy,"Yemen, Rep.",bilateral,39182918.4
Netherlands,"Yemen, Rep.",bilateral,1144867.8
Spain,"Yemen, Rep.",bilateral,16048000.0
Japan,"Yemen, Rep.",bilateral,151809767.1
World Bank-IDA                         ,"Yemen, Rep.",multilateral,1042129000.0
United States,"Yemen, Rep.",bilateral,95085000.0
Arab Monetary Fund,"Yemen, Rep.",multilateral,277405602.0
Arab Fund for Economic & Social Development,"Yemen, Rep.",multilateral,931813605.9
Saudi Arabia,"Yemen, Rep.",bilateral,1300820266.5
Islamic Dev. Bank,"Yemen, Rep.",multilateral,129683888.2
Russian Federation,"Yemen, Rep.",bilateral,1096861000.0
OPEC Fund for International Dev.,"Yemen, Rep.",multilateral,15251000.0
Kuwait,Zambia,bilateral,8339016.1
African Export-Import Bank,Zambia,multilateral,44854000.0
Saudi Arabia,Zambia,bilateral,79657066.7
United Kingdom,Zambia,bilateral,293642000.0
Israel,Zambia,private,462970000.0
European Investment Bank,Zambia,multilateral,239819180.0
Russian Federation,Zambia,bilateral,124759423.2
Bondholders,Zambia,private,2738545000.0
South Africa,Zambia,bilateral,241770000.0
South Africa,Zambia,private,32894000.0
Hong Kong,Zambia,private,304841000.0
Iraq,Zambia,bilateral,6152.3
United Kingdom,Zambia,private,701406802.2
Japan,Zambia,bilateral,35173954.8
Denmark,Zambia,private,121147000.0
Eastern & Southern African Trade & Dev. Bank (TDB),Zambia,multilateral,493289000.0
India,Zambia,bilateral,321865000.0
France,Zambia,bilateral,96296950.9
Nordic Development Fund,Zambia,multilateral,17665455.6
United States,Zambia,bilateral,45364000.0
World Bank-IDA                         ,Zambia,multilateral,2509679000.0
OPEC Fund for International Dev.,Zambia,multilateral,23761000.0
Arab Bank for Economic Dev. in Africa (BADEA),Zambia,multilateral,32503000.0
United Arab Emirates,Zambia,private,0.0
African Dev. Bank         ,Zambia,multilateral,981970338.5
China,Zambia,bilateral,3570963883.3
China,Zambia,private,1758657000.0
International Fund for Agricultural Dev.,Zambia,multilateral,122993172.0
Belgium,Zambia,bilateral,729307.8
Multiple Lenders,Zambia,multilateral,67693000.0
United Arab Emirates,Zambia,bilateral,0.0
Belgium,Zimbabwe,private,19943763.3
United Kingdom,Zimbabwe,private,105254679.9
International Fund for Agricultural Dev.,Zimbabwe,multilateral,7888359.1
Spain,Zimbabwe,bilateral,20137000.0
India,Zimbabwe,bilateral,80787000.0
World Bank-IDA                         ,Zimbabwe,multilateral,430166000.0
United Kingdom,Zimbabwe,bilateral,31009967.3
Bondholders,Zimbabwe,private,25972.5
Spain,Zimbabwe,private,11808000.0
Italy,Zimbabwe,bilateral,91129367.7
Brazil,Zimbabwe,bilateral,34741000.0
African Export-Import Bank,Zimbabwe,multilateral,353288000.0
European Investment Bank,Zimbabwe,multilateral,131940883.7
Kuwait,Zimbabwe,bilateral,15012177.2
Austria,Zimbabwe,bilateral,5940430.2
Austria,Zimbabwe,private,7203732.6
Finland,Zimbabwe,bilateral,65923555.8
Finland,Zimbabwe,private,5667000.0
European Economic Community (EEC),Zimbabwe,multilateral,1890798.0
Multiple Lenders,Zimbabwe,multilateral,20000000.0
European Development Fund (EDF),Zimbabwe,multilateral,15274946.7
Netherlands,Zimbabwe,bilateral,26249886.3
Netherlands,Zimbabwe,private,26494027.8
World Bank-IBRD                         ,Zimbabwe,multilateral,425155000.0
Nordic Development Fund,Zimbabwe,multilateral,17850994.8
South Africa,Zimbabwe,private,14145000.0
Switzerland,Zimbabwe,private,20359592.8
Switzerland,Zimbabwe,bilateral,5532.2
Arab Bank for Economic Dev. in Africa (BADEA),Zimbabwe,multilateral,9044000.0
African Dev. Bank         ,Zimbabwe,multilateral,350753528.9
United States,Zimbabwe,private,18750000.0
United States,Zimbabwe,bilateral,117526000.0
France,Zimbabwe,bilateral,118619524.2
France,Zimbabwe,private,75366141.60000001
Japan,Zimbabwe,private,7540000.0
Japan,Zimbabwe,bilateral,131235237.9
OPEC Fund for International Dev.,Zimbabwe,multilateral,33562000.0
China,Zimbabwe,bilateral,2006951022.5
"Germany, Fed. Rep. of",Zimbabwe,bilateral,279556562.1
"Germany, Fed. Rep. of",Zimbabwe,private,113144549.2
Sweden,Zimbabwe,private,41935981.1
Norway,Zimbabwe,bilateral,22537907.5
Belgium,Zimbabwe,bilateral,1956248.7
