debtor_name,year,entity_code,debt service,health,education
Low & middle income (median),2024,,8.27175654435833,,14.19320011138916
Low & middle income (median),2022,,6.943514459806072,8.205765249999999,14.195792103202681
Low & middle income (median),2021,,7.54640200782542,8.9053545,14.79613700165819
Low & middle income (median),2020,,7.639334868261201,8.599604609999998,14.738503293811739
Low & middle income (median),2019,,8.196035401860232,8.239240645000002,14.242754282848644
Low & middle income (median),2018,,6.491403985908486,8.06625938,15.61973705828652
Low & middle income (median),2017,,6.365868795390311,8.338276865000001,15.66137981414795
Low & middle income (median),2016,,5.848528224056709,8.036083220000002,15.692560195922855
Low & middle income (median),2015,,4.851232643470835,7.820803639999999,15.69221973419189
Low & middle income (median),2014,,4.526840265572442,7.777687075000001,16.17557576823983
Low & middle income (median),2013,,4.091124473266477,7.492217779999999,15.432564735412594
Low & middle income (median),2023,,7.5469958693004005,8.325519085,14.02253664058327
Low & middle income (median),2012,,4.388605209903689,8.096001625,15.74512004852295
Low & middle income (median),2010,,4.029680478291068,7.444635629999999,15.74985980987549
Low & middle income (median),2009,,4.32615084191511,7.26864672,16.161179542541504
Low & middle income (median),2008,,4.897214886439349,7.251145840000001,17.42539978027344
Low & middle income (median),2007,,5.42421054773351,7.7118217950000005,17.274510383605957
Low & middle income (median),2006,,5.830934964907627,7.888494495,16.36517000198364
Low & middle income (median),2005,,7.002381638005335,7.989563940000002,15.424865245819095
Low & middle income (median),2004,,8.237176159813101,8.426114559999998,15.574465274810791
Low & middle income (median),2003,,9.815150444321418,8.070413590000001,16.11750984191895
Low & middle income (median),2002,,9.422293901649953,8.03575706,15.69379997253418
Low & middle income (median),2001,,10.020487012021063,7.902227400000001,16.35596084594727
Low & middle income (median),2011,,3.968468552739874,7.973172665,15.081989765167235
Low & middle income (median),2000,,11.012849431264705,7.519401315,15.287089824676514
Africa (excluding high income) (median),2024,,7.942207928303086,,16.0
Africa (excluding high income) (median),2001,,8.588233982503295,6.632662769999999,16.195710182189938
Africa (excluding high income) (median),2022,,7.096788838912578,5.86133051,15.50950162568215
Africa (excluding high income) (median),2021,,7.54640200782542,7.1242857,15.44771003723145
Africa (excluding high income) (median),2020,,7.042496580646727,6.79223251,15.7422594255765
Africa (excluding high income) (median),2019,,6.87827352572293,5.579713819999999,16.02175872935791
Africa (excluding high income) (median),2018,,5.813234925261695,5.66878557,17.371270989011055
Africa (excluding high income) (median),2017,,5.815366125897438,6.07456493,16.53433036804199
Africa (excluding high income) (median),2016,,4.765184767501893,5.75632954,15.978994846343994
Africa (excluding high income) (median),2015,,4.061477029986266,5.530210970000001,16.737170219421387
Africa (excluding high income) (median),2014,,3.9639035724264846,6.072990889999998,17.40730954418632
Africa (excluding high income) (median),2013,,3.6045137951707904,6.00545788,16.19137954711914
Africa (excluding high income) (median),2012,,3.434392313935928,5.85058403,16.42831993103027
Africa (excluding high income) (median),2011,,2.9114679806616004,6.44818449,16.90378952026367
Africa (excluding high income) (median),2010,,3.5254547900926316,6.048321485000001,17.61123085021973
Africa (excluding high income) (median),2009,,3.5396951000228833,5.821324349999999,18.240939140319824
Africa (excluding high income) (median),2008,,3.661403413413459,5.612905029999999,17.90630912780762
Africa (excluding high income) (median),2007,,3.602378444387054,6.270682810000001,18.0445499420166
Africa (excluding high income) (median),2006,,5.5433523869990164,6.54068851,17.747610092163086
Africa (excluding high income) (median),2005,,5.99114007739834,6.400394919999999,18.03303909301758
Africa (excluding high income) (median),2004,,7.088489960689491,6.755742069999999,17.56172466278076
Africa (excluding high income) (median),2003,,6.155993754542367,6.904202459999999,17.31999969482422
Africa (excluding high income) (median),2002,,6.884455672672855,6.40628171,16.42729949951172
Africa (excluding high income) (median),2000,,9.519900309705596,6.6637258500000005,15.280364990234375
Africa (excluding high income) (median),2023,,7.095941613898897,5.943278789999999,15.02464008331299
Afghanistan,2006,AFG,0.7321229741149624,2.726059200000001,
Afghanistan,2013,AFG,0.2318530192694392,1.77506959,14.1028003692627
Afghanistan,2024,AFG,1.000316903778113,,
Afghanistan,2023,AFG,0.4517391405688521,1.46018374,
Afghanistan,2022,AFG,0.5142316603443879,1.12605727,
Afghanistan,2021,AFG,0.7511569146197494,3.961010929999999,
Afghanistan,2014,AFG,0.4057429009658012,1.8606740199999998,14.46592998504639
Afghanistan,2020,AFG,0.5102046763873825,4.24602795,
Afghanistan,2019,AFG,0.6202437405919426,1.7752600899999997,
Afghanistan,2012,AFG,0.19518815533941747,1.37000275,10.3568000793457
Afghanistan,2018,AFG,0.6158553145783067,1.9090468900000002,
Afghanistan,2017,AFG,0.5843100770591294,2.3191156399999993,15.66137981414795
Afghanistan,2016,AFG,0.599303725299067,2.14110541,16.21170043945313
Afghanistan,2015,AFG,0.5268256922886226,2.0144059700000003,12.50899982452393
Afghanistan,2010,AFG,0.2722838906330531,2.2567358,17.07712936401367
Afghanistan,2009,AFG,0.3788996060339089,2.5147831399999996,
Afghanistan,2008,AFG,0.3388516216325718,3.0039205599999996,
Afghanistan,2011,AFG,0.24838806544250241,2.18811917,16.04842948913574
Afghanistan,2007,AFG,0.24599863428422347,2.61078191,
Albania,2000,ALB,1.3990088096015016,8.173727040000001,10.13702964782715
Albania,2001,ALB,1.402874625962499,8.42368317,10.58193016052246
Albania,2002,ALB,2.721048569947915,8.20897484,9.886919975280762
Albania,2003,ALB,2.4989462138783662,8.99717617,10.57359981536865
Albania,2004,ALB,2.642165176262907,9.354475019999999,10.70316028594971
Albania,2005,ALB,2.7174765249755746,9.300947190000002,11.35797023773193
Albania,2007,ALB,2.762990381631918,9.37710953,11.17718982696533
Albania,2024,ALB,6.425757322714115,,
Albania,2023,ALB,6.782115589084803,12.282822609999998,10.85657978057861
Albania,2022,ALB,6.598183802022217,12.30900955,9.014089584350586
Albania,2021,ALB,8.192721155389059,9.1411314,9.40900993347168
Albania,2020,ALB,12.8060588315894,9.185170170000001,10.26743030548096
Albania,2019,ALB,8.005340861947777,10.046224590000001,13.43340015411377
Albania,2018,ALB,15.266920734821193,9.88601398,10.88173224365852
Albania,2006,ALB,3.152507289008505,9.0339222,10.93295001983643
Albania,2017,ALB,8.018672593201263,9.51418209,12.38521003723145
Albania,2015,ALB,16.82137440452402,8.803565979999998,11.17755031585693
Albania,2014,ALB,6.0713997453801225,8.174278260000001,10.91816811673631
Albania,2013,ALB,5.2399748322368245,8.830062870000003,12.12390995025635
Albania,2012,ALB,8.396687736965672,8.69734573,11.50985671468504
Albania,2011,ALB,7.930072567637094,8.29091167,10.96722347168107
Albania,2010,ALB,6.85713184156165,8.094512940000001,
Albania,2009,ALB,3.844085898743831,7.217092040000002,
Albania,2016,ALB,7.9537719656164105,9.888667109999998,13.59696006774902
Albania,2008,ALB,2.4827593660973317,7.251064779999998,
Algeria,2007,DZA,1.5922838355079265,7.630736350000001,
Algeria,2006,DZA,38.51373184863792,7.84512997,
Algeria,2000,DZA,27.279759115073745,8.77923775,
Algeria,2001,DZA,23.996439294592815,9.26661205,
Algeria,2002,DZA,18.776313188455724,7.97343826,
Algeria,2005,DZA,17.052875579907198,7.761599059999999,
Algeria,2003,DZA,19.260194199838935,9.43778801,
Algeria,2004,DZA,20.501260830847663,8.66916943,
Algeria,2015,DZA,0.2449825595454733,10.604810709999999,16.08455526888726
Algeria,2016,DZA,0.2468318644278198,10.60594082,16.11104415043452
Algeria,2024,DZA,0.10457604136426271,,23.88846015930176
Algeria,2023,DZA,0.12364436522983467,6.16833448,13.26102322941753
Algeria,2014,DZA,0.27009571513910313,11.41803837,16.46920163613744
Algeria,2021,DZA,0.20215077930885914,8.828529360000001,16.05069774001689
Algeria,2020,DZA,0.1607319547054326,8.83030605,16.54917134063403
Algeria,2019,DZA,0.16104745928539124,8.830361370000002,16.02175872935791
Algeria,2022,DZA,0.16982335849622587,5.251564029999999,13.10150652428898
Algeria,2017,DZA,0.24138947286414994,10.606039999999998,17.55607198088715
Algeria,2013,DZA,0.3891149876261262,11.70106602,17.64603466557793
Algeria,2012,DZA,0.73082665541665,10.06144714,15.98372508480203
Algeria,2011,DZA,0.5731589776824026,9.034251209999999,17.56471598370765
Algeria,2010,DZA,0.6224057120148858,9.18787575,17.76915671014429
Algeria,2009,DZA,0.7674696965930794,8.644684790000001,
Algeria,2018,DZA,0.2091725696971799,10.606168750000002,15.61973705828652
Algeria,2008,DZA,1.5185463291224859,7.687209129999999,11.02075958251953
Angola,2000,AGO,37.07605899533639,2.7385826100000004,5.255080223083496
Angola,2001,AGO,58.94600195838391,5.968254570000001,
Angola,2002,AGO,29.854627381723798,4.19123077,
Angola,2003,AGO,24.09243278841673,4.260468009999999,
Angola,2004,AGO,26.60818404052693,5.659238820000001,
Angola,2005,AGO,25.957600211144932,4.820637700000001,7.992350101470947
Angola,2006,AGO,27.005830056067825,4.718737599999999,7.454790115356445
Angola,2008,AGO,3.3811236656299206,4.0603714,
Angola,2024,AGO,43.42774775948995,,6.36976605603197
Angola,2023,AGO,40.328539308587814,5.8957567200000005,7.738962509912019
Angola,2022,AGO,25.01196243405343,6.699635029999999,6.640472120780773
Angola,2021,AGO,47.18168532364972,8.777365679999999,6.919610063027055
Angola,2020,AGO,43.190525247641986,7.305021760000001,5.294735722737711
Angola,2019,AGO,50.47911185437762,5.5068841,6.045355647235148
Angola,2018,AGO,44.90922325185752,5.364319320000001,5.777524545665425
Angola,2017,AGO,27.597195107677436,5.364319320000001,6.763776862139573
Angola,2016,AGO,41.85918084350777,5.432696819999999,6.550974048507172
Angola,2015,AGO,20.721044144123656,4.562625410000001,8.918776535199198
Angola,2014,AGO,13.293607376925392,3.6156802200000002,
Angola,2013,AGO,9.716995960641055,4.57540083,8.826970611277849
Angola,2012,AGO,9.076598178375036,4.201513290000001,8.370432445245541
Angola,2011,AGO,6.700981192307383,4.58056879,
Angola,2009,AGO,11.161299634158748,5.77788925,
Angola,2007,AGO,17.531204877949364,4.51627111,
Angola,2010,AGO,6.935887946669073,4.249567990000001,8.684769630432129
Argentina,2008,ARG,5.252951947096307,14.556316380000002,15.74783992767334
Argentina,2000,ARG,17.55206292416919,17.81966209,16.22615051269531
Argentina,2001,ARG,12.586230804425474,16.93632507,16.35596084594727
Argentina,2002,ARG,14.556424097956109,17.747657780000004,16.44220924377441
Argentina,2003,ARG,21.782004742764464,17.08436966,14.35472011566162
Argentina,2004,ARG,6.8025186394061965,14.932990069999997,15.13930034637451
Argentina,2006,ARG,6.460232869908214,15.19339085,15.50984001159668
Argentina,2005,ARG,6.5298146413373965,16.097414020000002,15.8031702041626
Argentina,2007,ARG,5.8897534257674,14.36670208,15.10157012939453
Argentina,2020,ARG,6.528990592027682,16.45645332,12.42228984832764
Argentina,2021,ARG,3.129403294313457,16.756961819999997,12.28489971160889
Argentina,2019,ARG,16.542351347939658,16.311374660000002,12.51445960998535
Argentina,2024,ARG,7.206906915884387,,
Argentina,2018,ARG,13.111854868091486,15.68969917,12.52334022521973
Argentina,2017,ARG,11.42666879417618,16.25163269,13.26391983032227
Argentina,2016,ARG,7.641973111045941,15.8416214,13.35554027557373
Argentina,2023,ARG,3.952920545438108,16.347297669999996,13.22395992279053
Argentina,2015,ARG,4.331217800743029,16.445961000000004,13.96331024169922
Argentina,2014,ARG,4.616066019804762,16.487079619999996,13.79932975769043
Argentina,2013,ARG,3.225961209396269,16.740732190000003,14.45792961120605
Argentina,2012,ARG,2.8598564413040517,16.68478775,14.51826000213623
Argentina,2011,ARG,4.246547071910616,16.38767624,15.15855979919434
Argentina,2010,ARG,6.165104922523961,16.697248459999997,15.04796981811523
Argentina,2022,ARG,3.355001908052377,15.795044899999999,12.70757961273193
Argentina,2009,ARG,6.598479516622469,16.64416885,16.02066993713379
Armenia,2011,ARM,2.6224507243454696,6.701019759999999,12.59333992004395
Armenia,2005,ARM,2.5614574551550695,7.44000816,13.64809036254883
Armenia,2006,ARM,2.048146864655079,7.93185902,13.57851982116699
Armenia,2007,ARM,1.2944267551491413,7.198548790000001,13.46558952331543
Armenia,2008,ARM,1.0063664264327972,6.692461970000002,14.2684497833252
Armenia,2009,ARM,1.7863772442702308,6.344901080000001,13.45121955871582
Armenia,2010,ARM,2.431215591240687,6.43608856,12.40050983428955
Armenia,2012,ARM,3.0859898981240104,7.04075432,12.36896991729736
Armenia,2014,ARM,4.0655358679943205,6.275260449999999,9.367119789123535
Armenia,2015,ARM,12.952436066630257,6.1153030400000015,10.65635967254639
Armenia,2016,ARM,6.881327850259737,6.0535473799999995,10.19719982147217
Armenia,2017,ARM,7.707421872610168,5.27347183,10.40312957763672
Armenia,2019,ARM,22.301949163947572,5.668850420000001,8.575244272365575
Armenia,2020,ARM,12.396030846062613,7.6896224,8.827779769897461
Armenia,2021,ARM,9.81045122545794,7.6349659,9.655320167541504
Armenia,2022,ARM,8.120267476429719,6.502753729999998,9.446550369262695
Armenia,2023,ARM,10.946686547383417,5.45642519,9.03689956665039
Armenia,2024,ARM,7.567759710162061,,9.440014663011535
Armenia,2013,ARM,21.85865775816616,5.780879970000001,11.13675975799561
Armenia,2018,ARM,10.011855338309909,5.133859159999999,8.678587595846022
Azerbaijan,2012,AZE,1.4795503947412414,3.04532456,5.643670082092285
Azerbaijan,2014,AZE,2.5336146412322202,3.1070067900000007,7.238729953765869
Azerbaijan,2000,AZE,4.8254660519435255,4.75029039,21.11907958984375
Azerbaijan,2001,AZE,7.261680320739809,4.79820633,20.87755012512207
Azerbaijan,2002,AZE,4.449984861611397,3.1931574300000003,13.6307201385498
Azerbaijan,2003,AZE,5.098351261481414,3.57235146,15.1708402633667
Azerbaijan,2004,AZE,3.3033604665972423,3.5575993099999996,14.23503971099854
Azerbaijan,2005,AZE,2.491214518085533,3.959491729999999,13.2231502532959
Azerbaijan,2006,AZE,1.807021844676862,3.4299800399999993,10.10041999816895
Azerbaijan,2007,AZE,1.5823387676005125,3.4903397600000003,9.779370307922363
Azerbaijan,2008,AZE,1.4857125603665216,2.75191212,7.763840198516846
Azerbaijan,2009,AZE,1.7563857274031547,3.2848393899999997,9.3439302444458
Azerbaijan,2013,AZE,3.001558809062573,2.8222861299999997,6.46412992477417
Azerbaijan,2010,AZE,1.7719926061686622,3.171261069999999,8.70083999633789
Azerbaijan,2011,AZE,1.5230353588893697,2.8160138100000003,7.219860076904297
Azerbaijan,2024,AZE,13.11602985546286,,11.44960076291508
Azerbaijan,2016,AZE,7.425461844750168,3.289870979999999,8.195779800415039
Azerbaijan,2017,AZE,10.822433027991767,2.8237726699999994,6.954559803009033
Azerbaijan,2018,AZE,13.439957533740627,2.6780352600000006,7.399650096893311
Azerbaijan,2019,AZE,9.798601868682336,3.2879271499999994,9.767569541931152
Azerbaijan,2020,AZE,7.944089214328284,5.797718049999999,10.78785037994385
Azerbaijan,2015,AZE,3.8612327943918703,3.3728263399999996,7.627110004425049
Azerbaijan,2021,AZE,10.264447338222404,4.60517836,11.50881958007813
Azerbaijan,2022,AZE,6.868209518318673,3.6410746599999997,11.63961029052734
Azerbaijan,2023,AZE,6.391361429273378,4.2580843,11.18455028533936
Bangladesh,2012,BGD,6.7959558221935294,4.016204360000001,15.74512004852295
Bangladesh,2011,BGD,6.76284343733159,4.181591030000001,16.79397010803223
Bangladesh,2010,BGD,6.276780216318727,4.43941641,
Bangladesh,2009,BGD,6.905868776921889,4.115338330000001,14.02987003326416
Bangladesh,2013,BGD,7.09821492258611,3.6174552400000004,14.03464984893799
Bangladesh,2007,BGD,9.903023679393568,5.07518816,18.15340042114258
Bangladesh,2006,BGD,7.451644410252188,4.728203299999999,17.3365306854248
Bangladesh,2005,BGD,9.479406289515248,4.38883734,
Bangladesh,2014,BGD,6.616528104948557,3.5924532399999998,13.30632793577933
Bangladesh,2004,BGD,8.22424860146425,4.865266320000001,15.95312023162842
Bangladesh,2008,BGD,6.586006662015293,3.84091425,17.81619071960449
Bangladesh,2015,BGD,4.818770694540217,3.376888749999999,12.04410314352193
Bangladesh,2020,BGD,4.047496956321164,2.6732916799999997,15.03070258948972
Bangladesh,2017,BGD,4.138312787840841,4.10705233,
Bangladesh,2018,BGD,4.104472452522182,3.7503542899999998,14.24517178526184
Bangladesh,2019,BGD,4.005469293244442,2.6642131800000004,8.732950210571289
Bangladesh,2003,BGD,7.8418816463916965,4.755313400000001,16.6816291809082
Bangladesh,2001,BGD,8.687864067717348,3.5785534399999994,18.58477973937988
Bangladesh,2021,BGD,5.168041681202304,3.0042543400000006,12.76997604748202
Bangladesh,2022,BGD,5.670914988276675,2.6232759999999997,12.40404380791912
Bangladesh,2023,BGD,7.76282427325007,2.4716196100000007,13.00122481669384
Bangladesh,2024,BGD,9.423457716744595,,11.99301640226573
Bangladesh,2000,BGD,10.86820933834313,5.21146441,20.49041938781738
Bangladesh,2016,BGD,3.9925516748403944,4.09935808,11.0494499206543
Bangladesh,2002,BGD,8.977132173697926,4.5399313,15.69379997253418
Belarus,2014,BLR,9.167215643575172,8.684838290000002,12.40672016143799
Belarus,2016,BLR,15.761303952171653,10.30651379,12.15878009796143
Belarus,2001,BLR,3.4950924431950283,10.042576790000002,
Belarus,2002,BLR,2.419690971099681,9.32076073,
Belarus,2003,BLR,2.1162730080633514,10.07395458,
Belarus,2004,BLR,2.0467693940045337,9.99574471,12.55235004425049
Belarus,2005,BLR,1.5373133759081317,10.051697729999999,12.62010955810547
Belarus,2006,BLR,1.1979122285228114,8.44287395,12.45032024383545
Belarus,2007,BLR,1.3122050818826998,8.12453842,10.13372039794922
Belarus,2008,BLR,0.9688058406533975,5.80340672,
Belarus,2009,BLR,2.179343664121885,6.731016640000002,8.449549674987793
Belarus,2010,BLR,2.3293056651444495,8.68532658,11.77812957763672
Belarus,2011,BLR,7.193480437607212,7.66490793,11.62664985656738
Belarus,2015,BLR,13.870842353106507,8.826387409999999,11.46173000335693
Belarus,2012,BLR,13.257897306090427,8.85453033,12.75230026245117
Belarus,2013,BLR,5.407639620173301,8.743941309999999,12.2739896774292
Belarus,2018,BLR,19.714421972091134,10.305416110000001,12.7802095413208
Belarus,2024,BLR,11.070055416515913,,12.34191989898682
Belarus,2023,BLR,15.31359622780704,11.726583479999999,12.2770299911499
Belarus,2022,BLR,12.71528603885386,11.70340729,12.17733001708984
Belarus,2021,BLR,11.144741796872415,13.27325821,12.81599998474121
Belarus,2020,BLR,15.44999061600304,11.935428620000001,12.78114986419678
Belarus,2017,BLR,11.927406471860701,10.1955843,12.28168964385986
Belarus,2019,BLR,14.871378018932942,11.043889050000002,13.33073997497559
Belize,2007,BLZ,172.47649292440454,10.76810741,
Belize,2008,BLZ,26.683140338387222,13.38402843,19.4965991973877
Belize,2006,BLZ,40.74543392830091,9.33244514,
Belize,2009,BLZ,24.534998498406544,12.482730870000001,22.05760955810547
Belize,2010,BLZ,23.64125230044594,12.76388073,22.61046981811523
Belize,2011,BLZ,20.59562673315435,12.696216580000002,21.5642707347762
Belize,2017,BLZ,13.714776765382702,11.624960900000001,21.5186595916748
Belize,2012,BLZ,22.167240107169754,12.936385150000001,21.23012168501997
Belize,2013,BLZ,22.920428280432358,12.273202900000001,23.13282012939453
Belize,2014,BLZ,14.007333281194201,12.23422432,21.56307983398438
Belize,2018,BLZ,13.899135496541254,12.209848400000002,22.14901924133301
Belize,2005,BLZ,72.3651972940555,8.332172390000002,
Belize,2000,BLZ,27.614303029843185,5.84757805,15.61225986480713
Belize,2003,BLZ,47.04223032916055,7.13568306,16.02519035339355
Belize,2002,BLZ,61.51313557756994,7.5145411499999994,
Belize,2001,BLZ,31.06336057283804,6.827048299999999,18.30537033081055
Belize,2015,BLZ,12.561416029550445,11.34556484,21.59255027770996
Belize,2019,BLZ,14.289561214380559,12.07653427,22.22006034851074
Belize,2020,BLZ,11.11510829042585,11.438439370000001,18.99353981018066
Belize,2021,BLZ,98.13083206789675,13.614673610000002,17.95356941223145
Belize,2022,BLZ,10.766124731363687,11.447967530000001,17.83135032653809
Belize,2023,BLZ,13.562472323772695,10.87746048,18.05937957763672
Belize,2024,BLZ,14.46109758032712,,18.9034569346512
Belize,2004,BLZ,107.58013524741887,7.88192844,16.32427978515625
Belize,2016,BLZ,13.693869255155672,12.11457348,20.48530006408691
Benin,2005,BEN,4.173613690586719,7.4113364200000005,18.79039001464844
Benin,2017,BEN,3.842293295431081,3.9717438200000004,19.8796501159668
Benin,2004,BEN,3.836771073018915,8.63661289,19.21394920349121
Benin,2007,BEN,2.264191124047484,6.039541240000001,14.94869041442871
Benin,2008,BEN,1.8613133648841287,5.103364470000001,19.08857917785645
Benin,2009,BEN,2.629877125682278,5.1059413000000005,18.17561912536621
Benin,2010,BEN,2.8841607606684248,5.34460402,26.14396095275879
Benin,2016,BEN,4.855116907824928,4.62731457,18.79140090942383
Benin,2011,BEN,2.7160203407953234,4.423614500000001,
Benin,2012,BEN,3.5346797021918426,5.24633551,25.02131080627441
Benin,2006,BEN,4.355407418477979,8.17379951,19.70960998535156
Benin,2003,BEN,5.238631184600696,7.689203260000001,16.68252944946289
Benin,2015,BEN,3.353271905606737,3.254780050000001,17.47952079772949
Benin,2001,BEN,6.119387464029743,7.772350790000002,15.31058025360107
Benin,2000,BEN,10.9161517710336,7.25110769,13.51319980621338
Benin,2013,BEN,4.348970637338157,5.1338048,22.34122085571289
Benin,2024,BEN,24.341450581661896,,17.96803182192264
Benin,2023,BEN,19.965701974848752,2.55340433,15.797556817439
Benin,2022,BEN,13.040117364182159,2.55340433,14.99147068718993
Benin,2021,BEN,20.562030072051396,1.6808979499999999,14.7747873406015
Benin,2020,BEN,7.042496580646727,2.6806235299999996,15.72035389877586
Benin,2019,BEN,9.044046512755019,3.1248140300000005,18.86811614915913
Benin,2018,BEN,8.878548242408971,4.024349209999999,17.70918083190918
Benin,2002,BEN,6.83248315405667,6.13154125,14.12907981872559
Benin,2014,BEN,3.764254209266313,4.04459238,22.22771072387695
Bhutan,2020,BTN,7.529195968332597,10.29558849,16.25513860217371
Bhutan,2023,BTN,16.313505202162006,10.20342922,19.19111061096191
Bhutan,2021,BTN,13.507750878668883,6.32587957,16.90229552017217
Bhutan,2019,BTN,9.581860413426606,10.23985958,18.08603525567063
Bhutan,2018,BTN,10.869560150933658,7.703246590000001,21.85482025146484
Bhutan,2017,BTN,10.895112867298455,7.58420563,23.04472923278809
Bhutan,2016,BTN,12.009183428093294,7.959978099999998,24.36861991882324
Bhutan,2015,BTN,22.520076082535418,9.264266010000002,25.34506988525391
Bhutan,2014,BTN,15.317381096044732,7.7240905799999995,17.45413970947266
Bhutan,2013,BTN,12.16526377656707,7.098041059999998,15.68694972991943
Bhutan,2012,BTN,19.63525877572143,6.45828485,
Bhutan,2011,BTN,12.570358121903311,6.14636755,11.38751029968262
Bhutan,2010,BTN,13.75966025513335,5.649349689999999,10.29551982879639
Bhutan,2009,BTN,15.091616642982242,6.193681720000001,12.84471035003662
Bhutan,2008,BTN,16.611424207502587,6.02861881,15.10490989685059
Bhutan,2007,BTN,8.670332647825282,7.4637923200000005,
Bhutan,2006,BTN,3.1787971119094705,6.829673770000002,
Bhutan,2005,BTN,2.2256356463980786,6.7238621699999985,22.83286094665527
Bhutan,2004,BTN,5.490865052295376,9.085556980000002,18.60663032531738
Bhutan,2003,BTN,3.341498685795228,7.638212200000001,
Bhutan,2002,BTN,3.1750751466848643,7.879703040000001,
Bhutan,2001,BTN,2.628588376004796,6.546528820000001,13.22609996795654
Bhutan,2000,BTN,3.3467082239187373,7.6619949300000005,13.92039012908936
Bhutan,2022,BTN,14.04917714924089,6.66407251,22.10643543228469
Bhutan,2024,BTN,17.702267516714898,,17.17575353471745
Bolivia,2023,BOL,8.423029831364332,12.029773709999997,20.39962959289551
Bolivia,2000,BOL,11.005832335102726,8.29598331,
Bolivia,2022,BOL,11.305665312593243,12.82034683,21.04229927062988
Bolivia,2021,BOL,5.64455182729625,16.9197998,22.90138053894043
Bolivia,2019,BOL,5.25867838622999,13.546630859999999,22.38405990600586
Bolivia,2018,BOL,4.415156038369957,12.72148514,21.25337982177734
Bolivia,2017,BOL,3.981749293512962,11.510429379999998,20.95578956604004
Bolivia,2016,BOL,3.400857813079261,11.07505703,20.37919044494629
Bolivia,2015,BOL,3.5582816939407422,9.67435074,18.29406929016113
Bolivia,2014,BOL,2.7051009027130264,8.952018740000002,18.1302604675293
Bolivia,2013,BOL,2.6015960935899116,9.205464359999999,19.19638061523438
Bolivia,2012,BOL,4.502431258798224,8.314374919999997,18.39156913757324
Bolivia,2011,BOL,2.7093676864242004,8.543414120000001,18.24453926086426
Bolivia,2010,BOL,4.8235916958869,9.7059021,22.13941955566406
Bolivia,2009,BOL,4.627100921415114,9.51188183,22.81318092346191
Bolivia,2008,BOL,8.00433449419518,7.646891120000001,19.02747917175293
Bolivia,2007,BOL,6.244158276118094,8.50024891,20.58189964294434
Bolivia,2006,BOL,9.10710879809752,8.752001759999999,21.56677055358887
Bolivia,2005,BOL,8.980502885889575,8.298798559999998,
Bolivia,2004,BOL,9.20915520177621,7.839162830000001,
Bolivia,2003,BOL,10.337102432779224,8.61168194,
Bolivia,2002,BOL,8.349439274262807,7.815952300000001,
Bolivia,2001,BOL,9.469301947788463,8.18012047,
Bolivia,2024,BOL,8.29223439762297,,20.16016006469727
Bolivia,2020,BOL,6.032487675804853,15.777553560000001,22.94177055358887
Bosnia and Herzegovina,2006,BIH,2.2650364711562587,10.95802307,
Bosnia and Herzegovina,2024,BIH,4.414107855067837,,
Bosnia and Herzegovina,2023,BIH,7.159867450802038,14.42121029,
Bosnia and Herzegovina,2022,BIH,4.7580415597804375,14.565588,
Bosnia and Herzegovina,2021,BIH,5.194650637003218,16.0575676,10.1768798828125
Bosnia and Herzegovina,2020,BIH,5.163503167652392,14.88035202,
Bosnia and Herzegovina,2019,BIH,5.559605863927077,15.367925640000001,10.13315010070801
Bosnia and Herzegovina,2018,BIH,5.087651371273803,15.14290047,9.630789756774902
Bosnia and Herzegovina,2016,BIH,4.733220861569972,15.62966251,10.2874002456665
Bosnia and Herzegovina,2015,BIH,5.75438737807831,14.9841013,
Bosnia and Herzegovina,2014,BIH,3.653913870652036,14.43189335,
Bosnia and Herzegovina,2013,BIH,3.244731732966314,14.79470253,
Bosnia and Herzegovina,2012,BIH,2.871314987156934,13.883348459999999,
Bosnia and Herzegovina,2017,BIH,5.066566351175778,15.4665451,
Bosnia and Herzegovina,2010,BIH,2.4193711478654736,12.600886340000002,
Bosnia and Herzegovina,2009,BIH,2.0274695073118587,12.523983000000001,
Bosnia and Herzegovina,2008,BIH,1.8630469178114273,10.918696400000002,
Bosnia and Herzegovina,2007,BIH,2.1158533200519654,11.328330040000003,
Bosnia and Herzegovina,2005,BIH,2.1624711263033465,10.81009102,
Bosnia and Herzegovina,2004,BIH,2.1071450471536144,11.320334429999999,
Bosnia and Herzegovina,2003,BIH,2.37356698970549,11.586452480000002,
Bosnia and Herzegovina,2002,BIH,3.3306358484545675,9.322557449999998,
Bosnia and Herzegovina,2001,BIH,8.829549015325586,8.60074425,
Bosnia and Herzegovina,2000,BIH,8.276085290482072,7.253992559999999,
Bosnia and Herzegovina,2011,BIH,2.771729830979609,13.380139350000002,
Botswana,2014,BWA,1.0191305059517544,10.958581920000002,22.66012520102593
Botswana,2015,BWA,2.900258802388471,10.41588783,23.05355280998783
Botswana,2016,BWA,3.0678136889522283,11.21129513,22.00429103147222
Botswana,2017,BWA,3.0481740537728723,14.315474509999998,22.8162628925243
Botswana,2018,BWA,2.8419585450432785,11.542102810000001,22.56106645769163
Botswana,2023,BWA,3.422144903284919,14.610138889999998,
Botswana,2020,BWA,2.9409286531314516,11.661524770000002,21.46508740641373
Botswana,2021,BWA,2.4074113238996766,14.610138889999998,
Botswana,2022,BWA,2.6590065658920694,14.610138889999998,
Botswana,2013,BWA,3.686874948759004,11.934481620000001,20.91291976578029
Botswana,2019,BWA,2.974377802890403,12.006065370000002,22.34200103692729
Botswana,2012,BWA,1.0293648556198596,10.68447876,21.67181957951714
Botswana,2007,BWA,1.1512420394438294,8.178297040000002,26.50778961181641
Botswana,2010,BWA,1.3351377373280988,8.060935020000002,23.55052847334032
Botswana,2009,BWA,0.8152236805216623,6.252062320000001,20.4773998260498
Botswana,2008,BWA,1.3320511920701799,7.64480686,
Botswana,2006,BWA,1.6169261724238506,8.178297040000002,
Botswana,2005,BWA,1.5144964407823611,8.178297040000002,25.82353019714355
Botswana,2004,BWA,1.2872554297370087,8.178297040000002,
Botswana,2003,BWA,1.5050750443922976,8.178297040000002,
Botswana,2002,BWA,2.407414119448276,8.178297040000002,
Botswana,2001,BWA,2.1842214242954,8.178297040000002,
Botswana,2000,BWA,2.9796146909175514,8.178297040000002,
Botswana,2024,BWA,3.878337436467795,,
Botswana,2011,BWA,1.2968627519475897,9.63225174,24.19450015552829
Brazil,2001,BRA,7.111755134725422,8.826087,9.659440040588379
Brazil,2002,BRA,9.647652646145517,8.28490639,8.428790092468262
Brazil,2018,BRA,4.027821180107768,8.80304146,13.78094005584717
Brazil,2024,BRA,4.188316428319737,,
Brazil,2023,BRA,3.1435807074223976,9.47691154,
Brazil,2022,BRA,3.6374737788958993,9.80471611,12.93400955200195
Brazil,2021,BRA,4.28748356911221,10.667906760000001,13.61616039276123
Brazil,2020,BRA,4.537688181659476,9.03431797,12.49825000762939
Brazil,2019,BRA,5.195231138496827,9.10027695,13.85472011566162
Brazil,2017,BRA,3.2725045899387246,8.924132349999999,14.26830959320068
Brazil,2016,BRA,2.9993628309735985,8.67635441,13.8761100769043
Brazil,2014,BRA,1.4638374640789658,8.92875195,14.35914039611816
Brazil,2013,BRA,2.122880973777832,8.92691326,14.67778968811035
Brazil,2015,BRA,3.466783305031899,8.34357262,13.51146030426025
Brazil,2011,BRA,2.069630393145406,8.80345917,14.57406997680664
Brazil,2010,BRA,1.6957405562119225,9.052088740000002,14.29500961303711
Brazil,2009,BRA,1.9869150903334125,9.14586353,13.47807025909424
Brazil,2008,BRA,3.3105119029759904,8.779575349999998,13.19997024536133
Brazil,2007,BRA,3.7608065808134894,8.63562584,12.32724952697754
Brazil,2006,BRA,6.715885104547695,8.320194240000001,11.44332981109619
Brazil,2005,BRA,4.334397593890681,7.989563940000002,10.69752025604248
Brazil,2004,BRA,7.7324976981468465,8.737055779999999,10.01616954803467
Brazil,2003,BRA,8.99151200476626,8.500115390000001,
Brazil,2012,BRA,1.2153676069498427,8.533899309999999,14.89486980438232
Burkina Faso,2008,BFA,2.387279465448793,7.32152605,
Burkina Faso,2011,BFA,2.5964561428461956,6.587393759999999,19.5006103515625
Burkina Faso,2010,BFA,2.211186277330641,6.03235245,16.17281913757324
Burkina Faso,2009,BFA,2.163835356237564,7.629394049999999,
Burkina Faso,2007,BFA,2.1553024866556325,6.270682810000001,17.86381912231445
Burkina Faso,2012,BFA,2.2890353561901504,4.696058750000001,15.8953800201416
Burkina Faso,2005,BFA,3.3138236906302505,6.048640250000001,19.49419021606445
Burkina Faso,2004,BFA,4.383419658697074,8.39099884,
Burkina Faso,2003,BFA,5.101211839711942,5.5697293299999995,
Burkina Faso,2000,BFA,6.508181019073465,4.848368639999999,
Burkina Faso,2006,BFA,3.021144771279867,6.54068851,18.20170021057129
Burkina Faso,2013,BFA,2.15848601060757,6.382932189999999,16.16527938842773
Burkina Faso,2024,BFA,4.597970533180544,,
Burkina Faso,2015,BFA,4.094161992147284,7.15264177,18.02708053588867
Burkina Faso,2016,BFA,3.843339239034794,11.033993720000002,
Burkina Faso,2017,BFA,3.1414555585686212,10.235204699999999,21.44400024414063
Burkina Faso,2018,BFA,3.0054809575824284,8.785023690000001,22.66116905212402
Burkina Faso,2019,BFA,3.504642553496206,9.576910970000002,21.65662042305029
Burkina Faso,2020,BFA,3.2077928397244597,11.647500040000002,20.99245879205485
Burkina Faso,2021,BFA,2.644108349861328,9.83841515,21.39246515992313
Burkina Faso,2022,BFA,3.0134723627948348,8.39684868,21.9580967321077
Burkina Faso,2023,BFA,3.9296976669108115,8.77536201,20.2971969686914
Burkina Faso,2002,BFA,4.749794931494504,5.434931279999999,
Burkina Faso,2014,BFA,3.0172782892335883,7.77367115,19.36811065673828
Burkina Faso,2001,BFA,4.49096820890589,4.942176820000001,
Burundi,2003,BDI,9.797373399520701,3.7158155400000004,
Burundi,2000,BDI,6.492584908486341,5.944540020000002,10.73526000976563
Burundi,2004,BDI,15.79570285996928,5.80384302,9.17908000946045
Burundi,2005,BDI,10.562888982676752,6.223104000000001,10.95926952362061
Burundi,2006,BDI,4.032375939800768,6.481419560000001,
Burundi,2007,BDI,3.2076318540704745,6.32315588,
Burundi,2008,BDI,2.817177652282012,3.78774738,12.61553955078125
Burundi,2009,BDI,1.7925481845810494,5.4775238,16.30168914794922
Burundi,2010,BDI,0.4651428186289222,4.86066389,16.58810043334961
Burundi,2011,BDI,0.7590098098727958,8.227913859999997,14.97929954528809
Burundi,2012,BDI,1.4748544076213765,7.110281940000002,16.42831993103027
Burundi,2001,BDI,7.481034328328271,6.662638660000001,11.43313026428223
Burundi,2014,BDI,1.2517154635394883,9.79248333,23.84000015258789
Burundi,2015,BDI,1.3085783838656477,10.44351768,27.49724006652832
Burundi,2016,BDI,2.2863527327127717,9.904492379999999,20.78461074829102
Burundi,2017,BDI,1.3932497469307974,8.357585909999997,19.76485061645508
Burundi,2018,BDI,1.4007184561683796,7.90786219,19.51926040649414
Burundi,2019,BDI,2.3388228756243534,7.90786219,21.2221666369194
Burundi,2020,BDI,1.5693060563888226,7.3328781099999985,20.74195234309137
Burundi,2021,BDI,1.9617428841761584,7.3328781099999985,20.43854000560069
Burundi,2022,BDI,1.9456468884010198,4.72897339,20.63708380730232
Burundi,2023,BDI,2.2515805376202636,4.72897339,
Burundi,2024,BDI,1.9643180008508787,,
Burundi,2002,BDI,9.365593103417247,6.37957811,12.48608016967773
Burundi,2013,BDI,2.506147315910325,4.43170166,17.24325942993164
Cabo Verde,2007,CPV,6.541784561446703,10.09019661,18.32875061035156
Cabo Verde,2024,CPV,18.094028107671893,,13.40885595218155
Cabo Verde,2023,CPV,19.471332139305673,13.789449689999998,14.70472311499097
Cabo Verde,2022,CPV,14.391677290303564,16.06422043,15.69360418589167
Cabo Verde,2021,CPV,8.61731593784341,14.889709469999996,15.11298200301099
Cabo Verde,2020,CPV,9.370584899122933,13.44707775,17.09018707185526
Cabo Verde,2019,CPV,9.788722033016404,11.783460620000001,15.15369987487793
Cabo Verde,2018,CPV,9.199015591451483,11.265526770000001,17.56854079329492
Cabo Verde,2016,CPV,8.8659239111107,10.392424580000002,17.84300994873047
Cabo Verde,2015,CPV,8.266283275001685,10.09395409,16.74822998046875
Cabo Verde,2014,CPV,7.418214997037675,9.98307133,16.28219032287598
Cabo Verde,2013,CPV,5.916345555566868,9.029556269999999,14.77822971343994
Cabo Verde,2012,CPV,5.492425908283498,8.86496925,16.1216750633724
Cabo Verde,2017,CPV,9.073051819495486,9.123748779999998,16.4125804901123
Cabo Verde,2010,CPV,5.020639714520194,7.226752279999998,14.21689987182617
Cabo Verde,2009,CPV,5.518569433503007,8.311655040000002,15.886549949646
Cabo Verde,2008,CPV,5.639847072535669,8.108488079999999,18.24098968505859
Cabo Verde,2006,CPV,7.635276115489099,8.921114919999999,17.54058074951172
Cabo Verde,2005,CPV,9.73834569214823,8.802990910000002,
Cabo Verde,2004,CPV,7.229114152041186,9.631425859999998,20.84048080444336
Cabo Verde,2003,CPV,7.3503068298159056,11.36700153,
Cabo Verde,2002,CPV,9.255638404236844,9.504278179999998,19.7662296295166
Cabo Verde,2001,CPV,7.160907662064734,11.17305183,
Cabo Verde,2000,CPV,6.28645902340544,7.50158787,
Cabo Verde,2011,CPV,5.644747275777526,8.60777664,15.15328025817871
Cambodia,2014,KHM,3.707101272974358,6.1677031499999995,8.791600227355957
Cambodia,2015,KHM,3.8999259867496665,6.9401135400000005,
Cambodia,2016,KHM,4.596256273600444,6.848249909999998,
Cambodia,2017,KHM,4.462274057526289,6.995914459999997,
Cambodia,2018,KHM,4.983750362774795,7.52334309,9.97500991821289
Cambodia,2023,KHM,6.15214429891044,6.64742565,12.01438511188561
Cambodia,2020,KHM,5.067759677464457,6.897967339999999,11.06877199074884
Cambodia,2021,KHM,5.112356737983744,14.31049252,9.349599512147341
Cambodia,2022,KHM,6.348621727171746,6.415088180000001,11.67428084419715
Cambodia,2013,KHM,3.6999595256162365,6.79168367,9.59706974029541
Cambodia,2019,KHM,4.809752353405817,6.991035459999999,12.13110673475463
Cambodia,2012,KHM,2.9272092796252083,6.33065081,7.199850082397461
Cambodia,2007,KHM,2.1350997020334033,6.748274799999999,11.1035099029541
Cambodia,2010,KHM,2.531989186792538,6.519642350000001,7.337470054626465
Cambodia,2009,KHM,2.207739847587807,5.967683320000001,8.165240287780762
Cambodia,2008,KHM,2.4205241610621733,6.6590457,
Cambodia,2006,KHM,3.0052473511797744,7.411104679999999,
Cambodia,2005,KHM,2.5700934345735864,9.89736652,
Cambodia,2004,KHM,2.179052263133245,9.901090620000002,12.40431022644043
Cambodia,2003,KHM,1.5374305214203106,9.43044186,
Cambodia,2002,KHM,1.007394246705175,8.29783154,10.13757038116455
Cambodia,2001,KHM,0.9044363320905713,7.830317970000001,11.3807897567749
Cambodia,2000,KHM,0.753302623284561,8.591735839999998,11.07901000976563
Cambodia,2024,KHM,7.1301472255170735,,11.23393228785298
Cambodia,2011,KHM,2.7100937286358797,6.21460676,7.335400104522705
Cameroon,2000,CMR,24.680879011320147,4.42626905,11.68369960784912
Cameroon,2001,CMR,12.828520143812469,5.34374762,15.73330974578857
Cameroon,2012,CMR,2.25601087187233,3.731803420000001,15.17621994018555
Cameroon,2022,CMR,21.688936761719948,3.91280055,12.76697549752368
Cameroon,2021,CMR,10.403772982616854,2.86292386,15.04790385368358
Cameroon,2020,CMR,13.871909585414214,3.65950561,14.45112220468882
Cameroon,2019,CMR,8.76426179775117,2.1798591600000004,14.17869849931574
Cameroon,2018,CMR,8.469657392775872,1.9570337500000001,16.88315963745117
Cameroon,2017,CMR,6.310999389765605,0.73440903,15.91281032562256
Cameroon,2016,CMR,6.556692207387041,1.8129396399999997,12.69468975067139
Cameroon,2015,CMR,6.672513265534794,1.8129396399999997,13.24398994445801
Cameroon,2014,CMR,6.799171373048109,2.9397316,12.87975978851318
Cameroon,2013,CMR,2.2695366684097924,2.50095606,13.82495021820068
Cameroon,2024,CMR,15.360630321565846,,13.83037652518901
Cameroon,2011,CMR,3.6280996016003297,3.21048117,14.86777019500732
Cameroon,2010,CMR,3.6557121049078787,2.67579794,18.7538890838623
Cameroon,2009,CMR,3.427586076145682,3.04738736,19.7797908782959
Cameroon,2008,CMR,4.438298222997749,3.46105146,15.70061016082764
Cameroon,2007,CMR,7.763791599099536,4.226081849999999,21.37933921813965
Cameroon,2006,CMR,9.916223099005341,5.18314695,20.31266021728516
Cameroon,2005,CMR,25.698514607674838,5.24748802,21.37760925292969
Cameroon,2004,CMR,23.545012551348815,5.26183367,20.84712028503418
Cameroon,2003,CMR,17.9128279916731,6.5153770400000015,21.44202041625977
Cameroon,2002,CMR,15.298379467868822,6.432985310000001,
Cameroon,2023,CMR,16.688690300173295,3.91280055,13.08295109449348
Central African Republic,2024,CAF,2.534527390759881,,
Central African Republic,2000,CAF,7.8961935743093585,10.021616940000001,9.930769920349121
Central African Republic,2012,CAF,1.1555240052301847,4.2233171500000015,10.61656912548137
Central African Republic,2022,CAF,1.5869965758318543,8.47619724,10.7420521886098
Central African Republic,2021,CAF,1.5609785774649598,6.42073488,9.088691997242643
Central African Republic,2020,CAF,0.905053668024978,4.864420410000001,9.782442732726116
Central African Republic,2019,CAF,4.679184334915626,4.842317580000001,9.79781209629898
Central African Republic,2018,CAF,3.032693914670146,3.9108746100000005,9.135496419530963
Central African Republic,2017,CAF,6.420738201015016,5.259977339999999,8.895049900832982
Central African Republic,2016,CAF,2.6390054663223568,4.9471330600000005,7.31902194047271
Central African Republic,2015,CAF,1.4486256082254036,3.2645256500000004,8.386741861801614
Central African Republic,2014,CAF,1.8578509773701235,3.94678593,9.387187516772306
Central African Republic,2013,CAF,1.6593651575002377,7.345152849999998,8.083443903931409
Central African Republic,2023,CAF,1.598048866030901,8.47619724,9.993928156111604
Central African Republic,2010,CAF,0.5417006145856266,3.3414733399999994,6.475379943847656
Central African Republic,2009,CAF,3.1137745165911683,4.57543802,7.841720104217529
Central African Republic,2008,CAF,5.438213716835568,5.28349304,7.860000133514404
Central African Republic,2007,CAF,27.41043497041447,9.874658579999998,9.86948013305664
Central African Republic,2006,CAF,30.879623489598128,9.177922249999998,10.05424022674561
Central African Republic,2005,CAF,0.3774321411979435,6.400394919999999,9.666500091552734
Central African Republic,2004,CAF,4.028812774847692,11.276063920000002,12.04712963104248
Central African Republic,2003,CAF,0.08479074683075426,12.548629759999999,12.01257991790771
Central African Republic,2002,CAF,2.999990893460844,8.60752106,9.199870109558105
Central African Republic,2001,CAF,10.020487012021063,10.725757600000001,
Central African Republic,2011,CAF,0.3311415717807954,2.93255639,7.825459957122803
Chad,2000,TCD,7.760039400216822,11.398789410000003,12.84449005126953
Chad,2001,TCD,6.020461377590975,11.868776320000002,13.78684997558594
Chad,2002,TCD,4.6531730911853355,11.72442532,
Chad,2018,TCD,11.940015434788135,4.861495489999999,
Chad,2024,TCD,7.849277969390873,,
Chad,2023,TCD,12.487771429107521,7.2637333900000005,16.48435344243246
Chad,2022,TCD,17.36503248547937,7.2637333900000005,16.72260975170407
Chad,2021,TCD,14.52802834228503,5.64191198,15.44771003723145
Chad,2020,TCD,8.966185670208974,3.954435110000001,11.6715060004173
Chad,2019,TCD,8.38829765397203,4.861495489999999,14.21379003899466
Chad,2017,TCD,11.077149003235595,4.678395750000001,16.36274909973145
Chad,2016,TCD,11.011677535452295,5.725020889999998,
Chad,2014,TCD,19.104621591437272,5.548615459999999,
Chad,2013,TCD,3.938432481044803,5.036792759999999,12.46146011352539
Chad,2015,TCD,4.987738773390404,5.24520254,
Chad,2011,TCD,2.741140855019612,3.6880266700000006,10.08325958251953
Chad,2010,TCD,2.368780440167081,3.49792719,8.119279861450195
Chad,2009,TCD,2.6600153924387375,3.5498657200000006,8.828180313110352
Chad,2008,TCD,6.258066951764937,4.2314992,
Chad,2007,TCD,3.5321488805582626,5.9949445699999995,
Chad,2006,TCD,3.8889262695784534,7.14463902,
Chad,2005,TCD,5.210296655665533,12.423414229999999,14.67282009124756
Chad,2004,TCD,3.902866696325518,15.031379699999999,11.03190040588379
Chad,2003,TCD,4.45751300087847,8.981556889999998,
Chad,2012,TCD,2.6825850528463477,3.9646971199999994,9.212409973144531
China,2017,CHN,0.46906942231755455,8.797344209999999,
China,2014,CHN,0.48370585537276095,9.660885809999998,
China,2015,CHN,0.9874848254704631,9.41902351,
China,2016,CHN,0.5099829816535274,8.952765459999998,
China,2018,CHN,0.46527024099264536,8.761463169999999,
China,2024,CHN,1.2703877804506223,,
China,2020,CHN,0.6424201195967909,8.64632607,
China,2021,CHN,0.8679056069827183,8.9053545,
China,2022,CHN,1.6076372275810744,10.39417267,
China,2013,CHN,0.44270266063349584,9.416842460000002,
China,2019,CHN,0.5974276123303144,8.76956177,
China,2012,CHN,0.4344137100336599,9.03729343,
China,2000,CHN,7.331075846627884,6.08984089,
China,2010,CHN,0.9112426912829978,8.7509222,
China,2009,CHN,0.6648645169693825,8.37523174,
China,2008,CHN,0.9137898780997821,7.708582399999999,
China,2007,CHN,1.33853344974028,7.90135717,
China,2006,CHN,1.75722227948554,7.563820840000001,
China,2005,CHN,2.126201382688422,7.488829140000002,
China,2004,CHN,2.2943166143623883,7.26605844,
China,2003,CHN,4.629209160839797,6.87652969,
China,2002,CHN,4.809314578973982,6.025803089999999,
China,2001,CHN,5.708709206865668,5.589241979999999,
China,2023,CHN,1.9755881100558041,10.367977139999997,11.90557956695557
China,2011,CHN,0.6954726114532025,8.60284996,
Colombia,2002,COL,17.925589591320172,14.864780430000001,
Colombia,2003,COL,21.09044074343884,15.598855019999998,
Colombia,2014,COL,4.476135235472444,16.18276405,
Colombia,2024,COL,10.29138276135642,,
Colombia,2023,COL,10.558957426595086,16.18694687,
Colombia,2022,COL,7.4785902590566415,15.76684952,
Colombia,2021,COL,12.152585340439389,19.372188570000002,
Colombia,2020,COL,7.7612546419143555,18.45023155,
Colombia,2019,COL,7.971019799878627,16.65906715,
Colombia,2018,COL,8.916792250703756,15.54749584,
Colombia,2017,COL,11.223968338607824,18.60467529,
Colombia,2016,COL,6.895392363479661,17.659179690000002,
Colombia,2015,COL,5.2963025634693786,17.03754425,
Colombia,2000,COL,13.335752153843336,14.881616589999998,
Colombia,2013,COL,3.7472474719786875,16.341106410000002,
Colombia,2012,COL,4.683701028844993,16.19955254,
Colombia,2011,COL,4.37656282590298,16.48455429,
Colombia,2010,COL,5.1057992449327925,16.827739719999997,
Colombia,2009,COL,5.266160655893162,17.040620800000003,
Colombia,2008,COL,6.252729849298734,16.6930294,
Colombia,2007,COL,8.275991193149872,16.2844429,
Colombia,2006,COL,11.122365650635297,16.05757141,
Colombia,2005,COL,17.773576914491137,16.83091927,
Colombia,2004,COL,12.056323802153688,15.737346650000001,
Colombia,2001,COL,16.52118707433506,15.377504349999999,
Comoros,2024,COM,5.856166208595708,,9.933377655502706
Comoros,2001,COM,4.065860916914845,4.11416817,
Comoros,2003,COM,3.701280134700856,6.684473510000001,
Comoros,2023,COM,4.3985353260013325,4.73731661,11.0260827119111
Comoros,2022,COM,0.737700751327347,4.73731661,10.47602302600098
Comoros,2021,COM,0.6258543088710418,4.73731661,10.28568683717058
Comoros,2020,COM,3.4425509583998553,6.88908243,11.47596467202517
Comoros,2019,COM,2.1911941010508174,4.13345671,
Comoros,2018,COM,1.9395710331480958,3.9939124599999998,
Comoros,2017,COM,0.9656317128989209,3.5854959500000008,
Comoros,2016,COM,2.369992172419684,3.03607512,
Comoros,2015,COM,3.832529379700131,2.44571519,13.35365009307861
Comoros,2002,COM,6.936428191289039,6.71070385,15.789719581604
Comoros,2014,COM,0.4646921464955771,3.8196549400000004,18.89289093017578
Comoros,2012,COM,5.159249221949295,5.352248189999999,18.49151039123535
Comoros,2011,COM,2.9043899540840243,7.2384433700000015,21.41486930847168
Comoros,2010,COM,3.5295879836310267,2.8392360200000004,
Comoros,2009,COM,8.15228959672069,2.7746560600000003,
Comoros,2008,COM,8.88744898283489,2.86453962,29.23311996459961
Comoros,2007,COM,24.96290342856376,4.3323988899999994,
Comoros,2006,COM,4.069240967121648,5.181739810000002,
Comoros,2005,COM,4.582435080544823,5.4200544399999995,
Comoros,2004,COM,4.130628010326988,6.755742069999999,
Comoros,2013,COM,0.34600226027519226,4.449965000000001,16.07073020935059
Comoros,2000,COM,6.071104502521221,9.155146599999998,
"Congo, Dem. Rep.",2000,COD,0.0,2.49895263,
"Congo, Dem. Rep.",2023,COD,3.59482203202594,4.000719070000001,
"Congo, Dem. Rep.",2024,COD,3.056623488779193,,
"Congo, Dem. Rep.",2022,COD,7.096788838912578,3.9843409100000002,
"Congo, Dem. Rep.",2021,COD,3.9110020050436263,4.512646200000001,
"Congo, Dem. Rep.",2020,COD,3.5136133047961504,5.08724737,
"Congo, Dem. Rep.",2019,COD,3.6795003123068812,4.1286587699999995,
"Congo, Dem. Rep.",2018,COD,3.991999793510387,4.166941169999999,
"Congo, Dem. Rep.",2016,COD,6.447276804468253,3.80773497,14.22933959960938
"Congo, Dem. Rep.",2015,COD,4.77996115645676,4.10415363,14.85070037841797
"Congo, Dem. Rep.",2014,COD,6.881274207883897,3.9867942299999997,13.35221004486084
"Congo, Dem. Rep.",2013,COD,8.352107822075974,3.9094405199999995,16.17480087280273
"Congo, Dem. Rep.",2012,COD,5.674688430557417,3.8775920899999994,
"Congo, Dem. Rep.",2017,COD,5.954388547716932,3.8418848500000005,13.14776992797852
"Congo, Dem. Rep.",2010,COD,6.270695982548265,2.49895263,9.578410148620605
"Congo, Dem. Rep.",2009,COD,20.42837346127703,2.49895263,
"Congo, Dem. Rep.",2008,COD,19.730994809956623,2.49895263,
"Congo, Dem. Rep.",2007,COD,28.369126228367776,2.49895263,
"Congo, Dem. Rep.",2006,COD,24.371740539731146,2.49895263,
"Congo, Dem. Rep.",2005,COD,21.84554028795042,2.49895263,
"Congo, Dem. Rep.",2004,COD,17.088375227561656,2.49895263,
"Congo, Dem. Rep.",2003,COD,17.57687090388921,2.49895263,
"Congo, Dem. Rep.",2002,COD,113.34674201003104,2.49895263,
"Congo, Dem. Rep.",2011,COD,7.10619900384869,2.5320143699999997,
"Congo, Dem. Rep.",2001,COD,0.0,2.49895263,
"Congo, Rep.",2013,COG,5.65325154082465,2.2095162900000007,14.7248982435275
"Congo, Rep.",2014,COG,5.519765043352436,1.9499675,6.555920124053955
"Congo, Rep.",2015,COG,8.244850349306883,2.7098102600000002,7.950399875640869
"Congo, Rep.",2016,COG,8.369806086169408,2.8850231200000005,8.709630671311789
"Congo, Rep.",2021,COG,17.564348722939815,8.21684074,16.56100485034036
"Congo, Rep.",2018,COG,17.773927695795518,3.4871990700000004,15.58290004730225
"Congo, Rep.",2019,COG,17.671875877947866,5.10725212,17.00742215760968
"Congo, Rep.",2020,COG,26.223287548181208,8.21684074,17.00914003582359
"Congo, Rep.",2012,COG,3.066762791812541,2.67131019,
"Congo, Rep.",2017,COG,12.90521392308196,3.41114736,15.68577003479004
"Congo, Rep.",2011,COG,2.9696590286286835,2.33683133,6.493709291750934
"Congo, Rep.",2024,COG,32.683977263766536,,
"Congo, Rep.",2009,COG,7.334668105120741,2.52816463,
"Congo, Rep.",2008,COG,5.83475894897829,4.548922060000001,
"Congo, Rep.",2007,COG,4.101837136694662,2.0520796800000003,
"Congo, Rep.",2006,COG,3.7480259583814677,2.08378863,
"Congo, Rep.",2005,COG,6.749379315209233,1.95315254,7.597819805145264
"Congo, Rep.",2004,COG,15.968357416785958,1.78429937,8.561809539794922
"Congo, Rep.",2003,COG,5.430637464164458,1.8552578699999998,9.519949913024902
"Congo, Rep.",2002,COG,1.422071229286138,1.3442719000000003,9.054849624633789
"Congo, Rep.",2001,COG,9.29543691639427,3.3190190799999995,
"Congo, Rep.",2022,COG,41.272958542001064,3.52587986,15.50950162568215
"Congo, Rep.",2010,COG,3.930663210616281,3.6021020400000006,24.72777938842773
"Congo, Rep.",2023,COG,35.63426965053165,5.421774860000001,14.72915282472632
"Congo, Rep.",2000,COG,1.6647304494853898,2.2729034399999994,
Cote d'Ivoire,2000,CIV,35.07238379431576,4.55759859,20.80694961547852
Cote d'Ivoire,2022,CIV,11.931617024871011,6.822236059999997,15.90301036834717
Cote d'Ivoire,2021,CIV,8.632129921394627,7.773895259999999,16.26627922058105
Cote d'Ivoire,2020,CIV,14.756717147537874,6.53835297,18.59025001525879
Cote d'Ivoire,2019,CIV,23.72025699656372,5.601275919999999,19.8460693359375
Cote d'Ivoire,2018,CIV,10.787531249891428,5.11727667,18.28890037536621
Cote d'Ivoire,2017,CIV,18.371363839029144,5.15028763,20.63349914550781
Cote d'Ivoire,2016,CIV,12.22636405533236,4.851992610000001,22.38759994506836
Cote d'Ivoire,2015,CIV,5.265077911691136,4.8747077,21.17321968078613
Cote d'Ivoire,2014,CIV,7.984219705576018,5.111254220000001,21.76678085327148
Cote d'Ivoire,2013,CIV,7.723372327471869,4.58988285,21.57472991943359
Cote d'Ivoire,2012,CIV,5.0115497833365215,4.622003080000001,20.85876083374023
Cote d'Ivoire,2011,CIV,8.843228356708163,4.393692489999999,22.42686080932617
Cote d'Ivoire,2010,CIV,9.972857368246732,5.806788439999999,22.77275085449219
Cote d'Ivoire,2009,CIV,15.96466396249055,5.821324349999999,22.18955993652344
Cote d'Ivoire,2008,CIV,15.688332580785922,4.657881260000001,21.52691078186035
Cote d'Ivoire,2007,CIV,3.6623016056100117,4.579221729999999,20.75588035583496
Cote d'Ivoire,2006,CIV,0.4576498916771305,3.857184410000001,20.01789093017578
Cote d'Ivoire,2005,CIV,0.7326146424470406,3.891348839999999,21.84568977355957
Cote d'Ivoire,2004,CIV,3.0643855331661265,4.1451525700000005,22.1071605682373
Cote d'Ivoire,2003,CIV,11.187651750575043,4.067087170000001,22.64822959899902
Cote d'Ivoire,2002,CIV,22.48957856766374,4.14795876,22.59230041503906
Cote d'Ivoire,2023,CIV,16.83456308900316,6.58320475,15.94645977020264
Cote d'Ivoire,2024,CIV,24.51530512758652,,17.62277030944824
Cote d'Ivoire,2001,CIV,17.10890580509766,4.456547259999999,23.20203018188477
Djibouti,2001,DJI,4.785617400574246,5.968404770000001,26.28001976013184
Djibouti,2023,DJI,5.808943473523292,4.891822810000001,
Djibouti,2022,DJI,6.943514459806072,5.095563410000001,
Djibouti,2021,DJI,6.205711463262404,3.31527162,
Djibouti,2020,DJI,6.591204951626863,4.15930223,
Djibouti,2019,DJI,8.315122071859397,5.161097529999999,
Djibouti,2018,DJI,7.883608285415848,5.169797900000001,14.47414970397949
Djibouti,2017,DJI,9.221507309172159,4.8029952,15.64371967315674
Djibouti,2016,DJI,8.36492031115218,5.13736486,15.15958976745605
Djibouti,2015,DJI,4.198906054447913,4.06950951,8.57643985748291
Djibouti,2014,DJI,5.582404177533196,6.072990889999998,
Djibouti,2024,DJI,12.386874765048468,,
Djibouti,2013,DJI,7.3088389244349505,6.73504782,
Djibouti,2011,DJI,8.16845669654261,8.47449207,
Djibouti,2010,DJI,7.448675632814849,6.97048712,12.32839965820313
Djibouti,2009,DJI,6.389109163790968,6.139916900000001,
Djibouti,2008,DJI,6.466093528439941,6.348880770000001,
Djibouti,2007,DJI,7.577689164468909,6.52659225,22.52743911743164
Djibouti,2006,DJI,8.481587543942675,7.23246288,24.70796012878418
Djibouti,2005,DJI,5.660799292737278,5.327818389999999,22.71504974365234
Djibouti,2004,DJI,7.088489960689491,5.386150360000001,24.70113945007324
Djibouti,2003,DJI,6.168988038533085,5.815307139999999,24.2714900970459
Djibouti,2002,DJI,5.076389192789529,5.495635990000001,25.48930931091309
Djibouti,2012,DJI,7.818067815122485,7.13329363,
Djibouti,2000,DJI,5.839447434832635,6.07547617,29.38595008850098
Dominica,2023,DMA,7.028634531227914,5.03135157,6.412836916666667
Dominica,2024,DMA,10.820146649567034,,7.090665076051297
Dominica,2022,DMA,6.518368635981636,6.20045137,9.356604358153465
Dominica,2021,DMA,4.698625576518368,5.7531628600000015,7.76732754491018
Dominica,2020,DMA,7.639334868261201,5.408915039999999,10.66617012023926
Dominica,2019,DMA,9.341313958976889,7.56691742,8.298299789428711
Dominica,2018,DMA,7.337618060948473,6.157971380000001,8.445836483421536
Dominica,2017,DMA,9.468041715878192,6.769862169999999,9.749302418283284
Dominica,2015,DMA,11.690835590436395,9.731401440000003,10.20800971984863
Dominica,2014,DMA,10.798919158865763,9.619799609999998,
Dominica,2013,DMA,9.912280707499384,9.594572070000002,
Dominica,2012,DMA,9.440970841851971,9.49375534,
Dominica,2011,DMA,8.488644967641678,9.09039211,
Dominica,2016,DMA,9.613799423636657,7.278490070000001,12.6980996948118
Dominica,2009,DMA,11.571121495601531,7.4169898000000005,
Dominica,2008,DMA,11.164000261768317,7.2852678300000004,
Dominica,2007,DMA,11.050625880802613,7.0998449300000015,
Dominica,2006,DMA,14.330712628909522,8.74014854,
Dominica,2005,DMA,13.180054372352906,8.72012901,
Dominica,2004,DMA,14.350060489881002,8.52756691,
Dominica,2003,DMA,13.507866377143626,8.666076660000002,
Dominica,2002,DMA,12.599248259724794,8.401412959999998,
Dominica,2001,DMA,16.82062561297462,8.783469199999999,
Dominica,2000,DMA,7.640228392009718,8.64061165,
Dominica,2010,DMA,7.76814091341759,7.44341135,
Dominican Republic,2013,DOM,12.204088346611973,15.035639759999999,21.70730648981093
Dominican Republic,2014,DOM,15.740259422649668,14.475960730000002,21.54460429943541
Dominican Republic,2015,DOM,29.710939192256948,14.195518490000001,22.31356993478897
Dominican Republic,2016,DOM,13.863849010759303,15.69811821,21.9452020986914
Dominican Republic,2017,DOM,11.149116876856745,15.108494760000003,22.34360032877145
Dominican Republic,2022,DOM,14.99792325804562,15.2007637,19.2600265459877
Dominican Republic,2019,DOM,12.414735726257861,14.95226765,22.34150730083174
Dominican Republic,2020,DOM,24.112632187079434,14.678337099999998,20.63404198848996
Dominican Republic,2021,DOM,12.659000365741099,18.260875699999996,19.59417804309385
Dominican Republic,2012,DOM,8.931191233347318,13.968768119999998,
Dominican Republic,2018,DOM,12.285503105827617,15.667870520000003,22.15546882873581
Dominican Republic,2011,DOM,13.600794872914687,17.069700240000003,10.63718033579033
Dominican Republic,2024,DOM,17.544764789691637,,21.86369775622919
Dominican Republic,2009,DOM,15.6439050635891,14.433601380000002,
Dominican Republic,2008,DOM,13.046701636370846,11.476502420000001,
Dominican Republic,2007,DOM,16.97171613513498,10.323028559999997,12.54104995727539
Dominican Republic,2006,DOM,18.500074774454443,8.26970291,
Dominican Republic,2005,DOM,12.091543573398166,8.9872961,
Dominican Republic,2004,DOM,19.426074209226734,6.62144899,
Dominican Republic,2003,DOM,17.85102713188392,6.7342433900000005,10.70979022979736
Dominican Republic,2002,DOM,12.736876227668079,10.19451523,11.61762046813965
Dominican Republic,2001,DOM,15.128754091924518,11.43885326,13.21448040008545
Dominican Republic,2000,DOM,13.8680962156948,12.137586590000002,13.39904022216797
Dominican Republic,2023,DOM,18.03814765334532,15.411338809999998,20.55798350419906
Dominican Republic,2010,DOM,13.11012788816548,15.678898809999998,9.875718105797617
Ecuador,2000,ECU,55.118807578447395,4.139431,4.957300186157227
Ecuador,2001,ECU,29.3480966173712,6.207802770000001,
Ecuador,2013,ECU,4.099416247357243,8.26161385,10.54977035522461
Ecuador,2023,ECU,8.338622245417566,11.87373734,9.681349754333496
Ecuador,2022,ECU,7.169221687421802,12.14216518,9.299229621887207
Ecuador,2021,ECU,7.745665450823956,14.189287189999998,9.761850357055664
Ecuador,2020,ECU,12.936033231236681,13.13262463,10.59955024719238
Ecuador,2019,ECU,14.733988466344003,12.35584259,10.68029022216797
Ecuador,2018,ECU,12.369232965990365,12.205158230000002,
Ecuador,2017,ECU,11.012204693817917,11.459780690000002,
Ecuador,2016,ECU,7.095411984691993,10.479515080000002,
Ecuador,2015,ECU,7.402937187053793,10.204524039999999,11.58061981201172
Ecuador,2014,ECU,4.3054114756768875,9.049722669999998,11.34290981292725
Ecuador,2002,ECU,28.437950283622204,6.54682684,
Ecuador,2012,ECU,4.5296162503994815,8.17220497,10.77888965606689
Ecuador,2011,ECU,4.571127492506529,7.965254309999999,11.97611045837402
Ecuador,2010,ECU,4.01276851678048,8.4362812,12.99656009674072
Ecuador,2009,ECU,34.05471560204932,7.4589715,13.17257022857666
Ecuador,2008,ECU,8.016929352633735,6.151633739999999,
Ecuador,2007,ECU,15.93085748177779,8.827395440000002,
Ecuador,2006,ECU,25.433721870376697,8.56826591,
Ecuador,2005,ECU,19.34072607203116,7.865584849999999,
Ecuador,2004,ECU,27.33383324614247,8.461230279999999,
Ecuador,2003,ECU,21.96149667504737,8.213147159999998,
Ecuador,2024,ECU,9.49610513104075,,9.694049835205078
"Egypt, Arab Rep.",2024,EGY,27.618234765589015,,
"Egypt, Arab Rep.",2000,EGY,5.834286533717694,6.6637258500000005,
"Egypt, Arab Rep.",2002,EGY,6.741879824077146,6.14118385,
"Egypt, Arab Rep.",2022,EGY,12.349877607389576,6.760738370000001,
"Egypt, Arab Rep.",2021,EGY,15.423979746982145,6.799449439999999,
"Egypt, Arab Rep.",2020,EGY,11.64191358201762,5.1611223200000005,
"Egypt, Arab Rep.",2019,EGY,9.485058654000236,4.822846889999999,
"Egypt, Arab Rep.",2018,EGY,10.488578129831634,4.72158527,
"Egypt, Arab Rep.",2017,EGY,8.15530479107017,5.41994762,
"Egypt, Arab Rep.",2016,EGY,5.633024922371101,5.057976720000001,
"Egypt, Arab Rep.",2015,EGY,3.2670923174232405,5.057976720000001,
"Egypt, Arab Rep.",2014,EGY,5.3694960127315134,4.16148472,
"Egypt, Arab Rep.",2001,EGY,5.854265858408166,6.632662769999999,
"Egypt, Arab Rep.",2013,EGY,3.3059933197961793,4.1566329,
"Egypt, Arab Rep.",2011,EGY,4.69764997904112,4.82708216,
"Egypt, Arab Rep.",2010,EGY,4.031376204582967,4.361563210000001,
"Egypt, Arab Rep.",2009,EGY,4.4050581977813374,4.718084810000001,
"Egypt, Arab Rep.",2008,EGY,5.66799704148293,4.69924688,10.94180011749268
"Egypt, Arab Rep.",2007,EGY,6.327832971954245,5.017645839999998,11.20963954925537
"Egypt, Arab Rep.",2006,EGY,6.060322100971339,5.049946780000001,11.01858997344971
"Egypt, Arab Rep.",2005,EGY,7.6896462153610585,5.24353075,15.04360961914063
"Egypt, Arab Rep.",2004,EGY,7.88487838700619,5.243089680000001,14.7487096786499
"Egypt, Arab Rep.",2003,EGY,8.80491320278113,5.443203449999999,15.35190010070801
"Egypt, Arab Rep.",2012,EGY,3.4365130006557756,4.385409360000001,
"Egypt, Arab Rep.",2023,EGY,16.970793034306432,6.92673063,
El Salvador,2000,SLV,10.672260924123135,18.813766479999998,13.54397010803223
El Salvador,2001,SLV,11.603603362531365,17.68815994,
El Salvador,2002,SLV,13.341621766492903,17.78228951,14.40474987030029
El Salvador,2016,SLV,14.595498408937646,17.65205383,13.9301700592041
El Salvador,2003,SLV,16.66145315054962,17.186676030000005,13.85227012634277
El Salvador,2022,SLV,19.5295459278977,21.43788528,11.4042797088623
El Salvador,2021,SLV,12.28159935399684,20.65044975,11.50806999206543
El Salvador,2020,SLV,12.82521169685065,17.72463989,11.19429969787598
El Salvador,2019,SLV,24.94030393230743,16.971138,12.19194030761719
El Salvador,2018,SLV,14.27136850677826,16.460561750000004,13.06204986572266
El Salvador,2017,SLV,13.992264198051634,16.314199449999997,13.26113033294678
El Salvador,2024,SLV,27.593071779999146,,10.57559013366699
El Salvador,2015,SLV,14.159080699893286,17.73853302,14.42251014709473
El Salvador,2014,SLV,14.025605840633053,16.978040699999998,13.8507604598999
El Salvador,2023,SLV,18.44379963250521,18.509180069999996,10.44163990020752
El Salvador,2012,SLV,14.734739299637473,16.2677002,13.55786037445068
El Salvador,2011,SLV,19.6143565117727,18.986028670000003,15.42368030548096
El Salvador,2010,SLV,17.702223493155284,17.085517880000005,15.81840991973877
El Salvador,2009,SLV,20.44277232305931,15.814736369999997,17.95026016235352
El Salvador,2008,SLV,16.304978148404235,16.65882492,18.16251945495605
El Salvador,2007,SLV,18.426995188593537,17.98424721,15.81505012512207
El Salvador,2006,SLV,21.89771329431686,19.30836487,14.91919040679932
El Salvador,2005,SLV,16.013652238460512,18.938655850000004,14.16685009002686
El Salvador,2004,SLV,19.48629872048979,18.6806469,
El Salvador,2013,SLV,13.352858686736182,16.716999050000002,13.34160041809082
Equatorial Guinea,2024,GNQ,6.204031424718981,,
Equatorial Guinea,2023,GNQ,6.5433418930767235,5.86530781,
Equatorial Guinea,2022,GNQ,8.827242541950165,5.86133051,
Equatorial Guinea,2021,GNQ,11.035894756227659,8.997376440000002,
Equatorial Guinea,2019,GNQ,9.932313752761928,4.79222822,
Equatorial Guinea,2020,GNQ,12.142650948277536,6.39538145,
Eritrea,2019,ERI,3.167042761051115,2.3728718799999995,
Eritrea,2001,ERI,1.7499465467209734,3.01020408,8.784939765930176
Eritrea,2017,ERI,3.1536734486729494,2.3728718799999995,
Eritrea,2016,ERI,3.7191894178591514,2.3728718799999995,
Eritrea,2015,ERI,4.972806599127883,2.3728718799999995,
Eritrea,2014,ERI,7.676012871728745,2.3728718799999995,
Eritrea,2013,ERI,13.531593007468206,2.3728718799999995,
Eritrea,2012,ERI,12.375443287200675,2.3728718799999995,
Eritrea,2011,ERI,3.263182972810859,2.3728718799999995,
Eritrea,2010,ERI,3.948585863191443,2.3728718799999995,
Eritrea,2000,ERI,0.6416588623473051,2.4220676399999994,
Eritrea,2009,ERI,3.698850417846932,2.3728718799999995,
Eritrea,2008,ERI,2.4338444358571847,2.3728718799999995,
Eritrea,2007,ERI,1.0966056406318723,2.3728718799999995,
Eritrea,2006,ERI,2.60122777400128,1.6211192599999997,5.445159912109375
Eritrea,2005,ERI,3.105832855371838,1.11400759,
Eritrea,2004,ERI,3.863182796717423,2.7329978899999996,7.131400108337402
Eritrea,2003,ERI,2.778485758454672,2.87028527,
Eritrea,2002,ERI,2.6316192062649724,3.52871037,7.581009864807129
Eritrea,2018,ERI,5.029466684567694,2.3728718799999995,
Eswatini,2000,SWZ,6.923828529780636,9.79427242,18.74508094787598
Eswatini,2001,SWZ,6.334573953520445,9.284857749999999,19.65617942810059
Eswatini,2002,SWZ,5.485807917447331,9.189381599999999,17.29376983642578
Eswatini,2018,SWZ,3.14457048314696,9.697674750000001,17.22101182665492
Eswatini,2024,SWZ,5.743749911600796,,19.35419607602253
Eswatini,2023,SWZ,5.075401898935731,10.635377880000002,16.93638831213255
Eswatini,2022,SWZ,3.8028601478545734,10.635377880000002,16.620931006141
Eswatini,2021,SWZ,4.411560634789251,12.30096912,15.34087001860497
Eswatini,2020,SWZ,4.387835297942021,10.393843649999999,15.8905396021243
Eswatini,2019,SWZ,3.498917621734434,12.93035984,18.5068975878254
Eswatini,2017,SWZ,3.019843302975196,9.97164059,18.66627509147846
Eswatini,2016,SWZ,3.068312722475802,8.21805286,16.55491112702872
Eswatini,2014,SWZ,2.3927518296649386,8.50093365,24.79544067382813
Eswatini,2013,SWZ,2.8351505176479996,11.66008472,17.23399640698286
Eswatini,2015,SWZ,2.4543491498409917,8.587017059999997,16.41538784288528
Eswatini,2011,SWZ,3.96947390764373,14.277363780000002,22.33392906188965
Eswatini,2010,SWZ,3.7592562957862246,13.756533619999999,18.28302955627441
Eswatini,2009,SWZ,4.578845734392221,13.33174038,19.38637924194336
Eswatini,2008,SWZ,5.3617063219813925,13.342635150000001,21.81324005126953
Eswatini,2007,SWZ,4.885937105225477,12.373457910000003,
Eswatini,2006,SWZ,4.455530586576387,12.620983120000002,22.70756912231445
Eswatini,2005,SWZ,3.849534738334327,12.61231613,20.89185905456543
Eswatini,2004,SWZ,5.341457250260602,9.742611890000001,21.10407066345215
Eswatini,2003,SWZ,5.52184828477933,11.396681789999999,22.06381988525391
Eswatini,2012,SWZ,3.4607836626347708,12.654773709999997,21.43775954342454
Ethiopia,2017,ETH,10.239888184962833,4.788360119999999,23.32417186571006
Ethiopia,2014,ETH,7.925807184406282,4.0883421900000005,25.91838073730469
Ethiopia,2015,ETH,9.689058560632123,5.57211685,22.34983060990013
Ethiopia,2016,ETH,9.042535544746523,5.0244526899999995,23.01336282376745
Ethiopia,2018,ETH,12.193638592371707,4.76060486,22.99175734506698
Ethiopia,2024,ETH,8.018319955542534,,16.6954473535013
Ethiopia,2020,ETH,14.239179179170955,6.79223251,22.44771928828446
Ethiopia,2021,ETH,14.630007901850478,7.096745009999998,23.56204274559288
Ethiopia,2022,ETH,13.126676368182089,5.6767020200000005,23.00640250333574
Ethiopia,2013,ETH,7.887137799666479,6.193302630000001,27.02109909057617
Ethiopia,2019,ETH,15.129454038737178,4.76060486,20.92220251939825
Ethiopia,2012,ETH,6.0977845818002745,6.406854630000001,30.5395393371582
Ethiopia,2000,ETH,5.900837779491863,7.029584409999998,14.90773010253906
Ethiopia,2010,ETH,3.5213215965542366,5.10711384,26.30404090881348
Ethiopia,2009,ETH,1.9316254120478598,5.300199990000001,23.58374977111816
Ethiopia,2008,ETH,2.0898911978299557,2.74178195,26.3557300567627
Ethiopia,2007,ETH,3.129925491759304,6.495981689999999,24.69944953918457
Ethiopia,2006,ETH,3.850229939883313,5.076044560000001,23.97537994384766
Ethiopia,2005,ETH,2.8100649887063343,7.5500240299999986,
Ethiopia,2004,ETH,3.5970873324065082,5.72665405,
Ethiopia,2003,ETH,3.5281606214822805,8.417793269999999,
Ethiopia,2002,ETH,3.7487542464803347,8.368676190000002,16.1877498626709
Ethiopia,2001,ETH,9.33590991451936,8.98233509,14.46177005767822
Ethiopia,2023,ETH,8.180864577928748,5.6767020200000005,18.33261773450317
Ethiopia,2011,ETH,6.146195887618415,2.09114432,29.67443084716797
Fiji,2002,FJI,3.3118558714435546,8.03575706,21.03780937194824
Fiji,2003,FJI,2.6490138592080603,8.61062717,
Fiji,2014,FJI,3.5778627992688925,7.104276180000001,16.17557576823983
Fiji,2024,FJI,9.189966748716373,,14.70003561495398
Fiji,2023,FJI,8.9398152713759,9.322113040000001,14.62911048479398
Fiji,2022,FJI,6.732823046050675,10.329376220000002,12.64653425561562
Fiji,2021,FJI,1.5727033044841174,10.31014252,13.55910811640185
Fiji,2020,FJI,16.682689534845924,8.681464199999997,16.64013835413739
Fiji,2019,FJI,11.164992893641738,8.72794247,16.83369923117153
Fiji,2018,FJI,3.6884436494809902,7.75502872,14.93481193843894
Fiji,2017,FJI,3.875956570196784,7.72321415,16.81718692825801
Fiji,2016,FJI,4.599496107110265,6.6678991299999995,15.16988685509207
Fiji,2015,FJI,22.616348068948774,7.044175149999999,17.39185485370105
Fiji,2000,FJI,5.608670855180948,10.588044169999998,21.75859069824219
Fiji,2013,FJI,3.984979445706258,7.466825959999999,14.30039024353027
Fiji,2012,FJI,3.662540861474121,7.505091669999999,16.70896968947985
Fiji,2011,FJI,18.41158626638477,7.4741101300000015,15.23478984832764
Fiji,2010,FJI,2.8871186027013103,8.794444080000002,
Fiji,2009,FJI,3.284543626022124,8.370369909999999,15.85361957550049
Fiji,2008,FJI,2.8769831188004042,9.781818390000002,17.36972045898438
Fiji,2007,FJI,3.1820369336510272,10.593208309999998,23.17040061950684
Fiji,2006,FJI,1.630056961944722,9.968857769999998,20.84329032897949
Fiji,2005,FJI,1.8462824374187976,10.35953331,20.2661304473877
Fiji,2004,FJI,1.644358823588212,9.25405025,23.74914932250977
Fiji,2001,FJI,3.6888110553246873,7.902227400000001,19.63863945007324
Gabon,2024,GAB,15.981488029135177,,
Gabon,2001,GAB,30.689677981075654,4.5377697900000005,
Gabon,2003,GAB,25.714583177958815,6.7543745,
Gabon,2023,GAB,31.34275655035445,9.591558459999998,13.56582336675369
Gabon,2022,GAB,12.626811701640692,9.591558459999998,13.80337861374016
Gabon,2021,GAB,33.541764740191496,9.591558459999998,15.35516318543324
Gabon,2020,GAB,46.3748250810969,9.591558459999998,15.76416495237714
Gabon,2019,GAB,23.02170876452779,9.591558459999998,14.07447729193581
Gabon,2018,GAB,24.706011088870703,9.415206909999998,14.6146271384588
Gabon,2017,GAB,22.894963552928598,9.7150774,15.27667169359652
Gabon,2016,GAB,11.972669412081526,9.202557559999999,10.30154224564391
Gabon,2015,GAB,14.61647657737637,7.0348739600000005,11.61052173332244
Gabon,2002,GAB,27.82874440171269,4.6636676800000005,
Gabon,2014,GAB,11.98291020963892,6.384582520000001,11.22548961639404
Gabon,2012,GAB,10.290837157855188,6.1915850599999995,12.5822696685791
Gabon,2011,GAB,10.352690529133604,7.183163640000001,13.53407955169678
Gabon,2010,GAB,13.560638043530076,6.81337643,13.33041954040527
Gabon,2009,GAB,15.329599277862421,6.817636970000001,
Gabon,2008,GAB,88.94409862361717,5.612905029999999,
Gabon,2007,GAB,34.21279644339346,6.361906529999999,
Gabon,2006,GAB,7.285860725587569,5.760071750000001,
Gabon,2005,GAB,8.523218461610117,5.076802729999999,
Gabon,2004,GAB,13.05566191064317,6.5132160200000015,
Gabon,2013,GAB,18.95805243847431,5.257540229999999,8.737569808959961
Gabon,2000,GAB,28.48815392372756,5.24128246,17.70648956298828
"Gambia, The",2012,GMB,9.803485939117543,6.308975220000001,13.79553031921387
"Gambia, The",2024,GMB,7.942207928303086,,15.10347217915986
"Gambia, The",2023,GMB,7.120460523996947,5.458729270000001,18.69554957290834
"Gambia, The",2022,GMB,6.730960537809485,6.830123419999998,17.12517417857725
"Gambia, The",2021,GMB,8.427829855787456,5.98440981,15.62181876123116
"Gambia, The",2020,GMB,7.365423131207488,7.6984744099999975,14.27606001588469
"Gambia, The",2019,GMB,9.238965870347766,5.37906027,16.85204544830215
"Gambia, The",2018,GMB,12.925804784126118,5.513436319999999,12.444580078125
"Gambia, The",2016,GMB,13.190682813544974,6.657701489999999,10.44995975494385
"Gambia, The",2015,GMB,13.29409859082287,5.0990448,11.03293037414551
"Gambia, The",2014,GMB,19.382971695788882,5.754019740000001,11.75232028961182
"Gambia, The",2013,GMB,12.187551439813827,6.308975220000001,10.58541965484619
"Gambia, The",2011,GMB,11.609421983209362,6.308975220000001,15.11833000183105
"Gambia, The",2017,GMB,10.109558900096118,4.491470810000001,15.44113756076256
"Gambia, The",2009,GMB,9.115456230107286,6.308975220000001,13.29374027252197
"Gambia, The",2008,GMB,8.886599968737077,6.308975220000001,18.88171005249023
"Gambia, The",2007,GMB,20.168672642492492,6.308975220000001,7.297500133514404
"Gambia, The",2006,GMB,16.847516933156488,6.308975220000001,5.36076021194458
"Gambia, The",2005,GMB,19.04846373536516,6.308975220000001,5.344170093536377
"Gambia, The",2004,GMB,21.255669199561787,6.308975220000001,5.029540061950684
"Gambia, The",2003,GMB,25.40213461008844,6.308975220000001,8.468839645385742
"Gambia, The",2002,GMB,18.62432864505375,6.308975220000001,10.94752025604248
"Gambia, The",2001,GMB,13.473890889041037,6.308975220000001,8.205269813537598
"Gambia, The",2000,GMB,19.377745138897236,6.308975220000001,11.921799659729
"Gambia, The",2010,GMB,10.87815114170203,6.308975220000001,17.61123085021973
Georgia,2014,GEO,7.210577635802978,7.779560090000001,9.666605037715279
Georgia,2015,GEO,14.623223846021203,9.60857868,10.12915439596197
Georgia,2016,GEO,9.513308823491505,10.326514240000002,12.66619968414307
Georgia,2017,GEO,13.591920724659767,9.5190258,12.95335960388184
Georgia,2018,GEO,9.755938310110752,10.324947360000001,12.95149993896484
Georgia,2023,GEO,7.5469958693004005,7.779910559999999,12.49619007110596
Georgia,2020,GEO,17.0969773959951,10.73317242,10.34467876223047
Georgia,2021,GEO,20.06283985741795,14.229895590000002,11.52476024627686
Georgia,2022,GEO,6.958039363372542,10.735195159999998,13.17226028442383
Georgia,2012,GEO,4.128630114830996,5.506010060000001,6.707759857177734
Georgia,2019,GEO,10.052785599542057,9.38722324,13.35789966583252
Georgia,2011,GEO,15.273613151257129,5.04166079,9.269430160522461
Georgia,2013,GEO,7.6775293187361395,6.851613040000001,9.553533701151533
Georgia,2009,GEO,5.6198461597551015,5.8841795900000005,8.998250007629395
Georgia,2008,GEO,3.9170581285935895,4.830685139999999,8.937600135803223
Georgia,2007,GEO,3.8409982501075786,3.953632829999999,9.486650466918945
Georgia,2006,GEO,10.621988561048356,5.23038626,12.89538955688477
Georgia,2005,GEO,7.306734878723864,5.577072139999999,11.18124961853027
Georgia,2004,GEO,16.208251395892653,6.25,15.0367603302002
Georgia,2003,GEO,14.464586049565481,7.132768150000001,12.49293994903564
Georgia,2002,GEO,12.49617672296422,7.02040815,13.6035099029541
Georgia,2001,GEO,9.092162733378176,6.75043344,12.36196041107178
Georgia,2000,GEO,15.51811154120126,4.85252142,12.54071998596191
Georgia,2024,GEO,7.926907131388447,,12.20669414726865
Georgia,2010,GEO,6.632751564395909,6.15339756,8.185358151235766
Ghana,2000,GHA,25.297934065330026,6.101942539999999,
Ghana,2001,GHA,11.354785903196591,6.101942539999999,15.74110984802246
Ghana,2017,GHA,16.83667710551105,9.27400303,20.0976390838623
Ghana,2023,GHA,3.4600149576031294,10.051485059999997,
Ghana,2022,GHA,9.61653179452143,7.409587859999999,13.17930452770039
Ghana,2021,GHA,13.806132831881335,7.71420717,12.16741440536586
Ghana,2020,GHA,11.119542897722678,8.023230549999997,13.62947488294126
Ghana,2019,GHA,14.4810898478184,8.76836586,14.27171852670263
Ghana,2018,GHA,17.129862358125717,6.560504439999998,18.59816932678223
Ghana,2024,GHA,4.615884597528732,,
Ghana,2016,GHA,13.44309653275086,6.537678720000001,22.09332084655762
Ghana,2015,GHA,10.155457256915454,8.557857509999998,23.80879974365234
Ghana,2013,GHA,4.1335333272836206,8.61669731,21.22220993041992
Ghana,2014,GHA,6.250051843612951,6.71953726,20.98513984680176
Ghana,2011,GHA,2.9185460072391765,12.074167250000002,30.63430976867676
Ghana,2010,GHA,3.1007167027195663,11.91557407,20.69614028930664
Ghana,2009,GHA,3.590308645174957,12.356557849999998,22.49513053894043
Ghana,2008,GHA,2.9511815388123286,9.87775517,24.03750038146973
Ghana,2007,GHA,3.262134298059933,9.739489559999999,22.31702041625977
Ghana,2006,GHA,5.749550401529906,11.497241019999999,24.16197967529297
Ghana,2005,GHA,8.14689613364643,13.63450813,23.42996025085449
Ghana,2004,GHA,7.688559278747559,6.917196270000001,22.37924957275391
Ghana,2003,GHA,9.817230333576587,7.780280589999999,
Ghana,2002,GHA,11.067307048623595,6.101942539999999,
Ghana,2012,GHA,3.4322716272160796,8.9727478,26.58139038085938
Grenada,2008,GRD,7.3683054366900205,7.037453650000001,
Grenada,2010,GRD,11.885266792243197,7.35750103,15.55981096221902
Grenada,2009,GRD,9.554408382232065,7.982572559999999,
Grenada,2007,GRD,7.309130130946709,7.25542021,
Grenada,2011,GRD,11.185654098587513,8.53557777,14.72077350104389
Grenada,2005,GRD,4.861889710305585,9.111078260000001,
Grenada,2004,GRD,18.501541004728832,10.49572659,
Grenada,2003,GRD,17.824134643813455,7.53162813,10.97463989257813
Grenada,2002,GRD,14.155365635653967,7.579084400000002,
Grenada,2006,GRD,5.391688157513269,6.309695239999998,
Grenada,2012,GRD,6.734944200268194,9.10919189,10.70311860096915
Grenada,2024,GRD,7.340862210603988,,14.51909423757452
Grenada,2014,GRD,6.903340794657739,7.29635763,11.79899890627003
Grenada,2015,GRD,8.85364860452583,7.660074709999999,9.902500406260712
Grenada,2016,GRD,18.75670675183435,7.508206370000001,
Grenada,2017,GRD,21.500126186555296,8.351559640000001,14.0616397857666
Grenada,2018,GRD,19.923425264782427,8.334067339999999,10.08057320329803
Grenada,2019,GRD,19.710684856157112,9.43220234,
Grenada,2020,GRD,13.179856479188187,6.998328690000001,
Grenada,2021,GRD,15.285563404599992,6.94147873,10.05946401476978
Grenada,2022,GRD,11.997067754453331,6.284530640000001,9.87272223310091
Grenada,2023,GRD,12.613278671914069,7.272037509999999,16.71856867050965
Grenada,2001,GRD,10.38502879561476,7.276999950000001,
Grenada,2013,GRD,9.313268568425565,8.09837151,
Grenada,2000,GRD,10.152929673313176,7.25555325,
Guatemala,2002,GTM,12.684248142085183,14.791300770000003,
Guatemala,2024,GTM,7.514545235800119,,22.9936695098877
Guatemala,2003,GTM,12.37514493465511,14.208873749999999,
Guatemala,2004,GTM,15.215429477500248,15.732374190000002,
Guatemala,2005,GTM,10.796821115781558,14.20312977,
Guatemala,2006,GTM,10.645322207791017,14.587104800000002,20.33844947814941
Guatemala,2007,GTM,12.50892753197051,14.230330469999995,21.27816009521484
Guatemala,2008,GTM,9.688287551746834,15.49126434,23.34815979003906
Guatemala,2009,GTM,9.84092092042343,16.02617264,
Guatemala,2010,GTM,9.124064010758074,14.24816608,19.29692077636719
Guatemala,2011,GTM,12.924431321963636,13.75957489,20.24641036987305
Guatemala,2000,GTM,12.421984651130032,14.082758900000002,
Guatemala,2013,GTM,11.748345115302138,15.82706833,20.6379508972168
Guatemala,2014,GTM,7.518391490083977,16.46030045,21.95939064025879
Guatemala,2015,GTM,8.154590500531038,18.10749817,24.08550071716309
Guatemala,2016,GTM,8.499435001110445,18.205314640000005,23.43474960327148
Guatemala,2017,GTM,9.104380901321166,17.21218491,23.08805084228516
Guatemala,2018,GTM,6.301101766896654,16.67445374,23.74954032897949
Guatemala,2019,GTM,7.738228683782758,17.65140152,23.75538063049316
Guatemala,2020,GTM,8.50219545090241,15.86299229,21.14117050170898
Guatemala,2021,GTM,7.370685055566415,19.77280235,22.95527076721191
Guatemala,2022,GTM,11.46763996266493,17.330539700000003,22.48452949523926
Guatemala,2023,GTM,6.680358346129187,17.7543602,22.63916015625
Guatemala,2001,GTM,12.791742573867712,14.40040016,
Guatemala,2012,GTM,7.761175273028884,14.318862919999997,21.10514068603516
Guinea,2016,GIN,4.090889962454775,4.12965584,15.83125972747803
Guinea,2024,GIN,6.690515785764159,,9.293803501818514
Guinea,2023,GIN,5.261993353030673,5.11740255,10.02691827598385
Guinea,2022,GIN,5.354236182908747,5.11740255,11.9496957293769
Guinea,2021,GIN,4.104221403912614,4.510334970000001,11.50166804226586
Guinea,2020,GIN,3.224632499611969,4.5516514799999985,14.33590030670166
Guinea,2019,GIN,4.977029257753443,6.18767548,12.48435020446777
Guinea,2018,GIN,5.813234925261695,3.8791775700000004,14.98083972930908
Guinea,2015,GIN,2.4112492819874953,1.98006856,11.60953998565674
Guinea,2014,GIN,2.9190900298719145,3.04792023,12.0756196975708
Guinea,2013,GIN,2.440913721518603,2.6236228899999996,14.14521026611328
Guinea,2012,GIN,5.983383548646412,2.6300339700000004,9.695520401000977
Guinea,2011,GIN,15.819036845573256,3.18447471,14.27241992950439
Guinea,2017,GIN,4.449179252428054,3.47824264,13.43634986877441
Guinea,2009,GIN,9.677650722975349,1.6039820900000001,13.60393047332764
Guinea,2008,GIN,15.087129320028708,2.67598891,15.69478034973145
Guinea,2007,GIN,24.956774480684686,2.78024507,
Guinea,2006,GIN,25.840398711887815,1.8866088400000003,
Guinea,2005,GIN,28.352779232153065,2.37759972,10.96621036529541
Guinea,2004,GIN,23.73848696222611,1.8615269699999994,12.34939956665039
Guinea,2003,GIN,13.370384942268856,2.8638539300000003,11.64904975891113
Guinea,2002,GIN,15.452741634774227,4.44303322,13.20514011383057
Guinea,2001,GIN,17.523884008493262,2.4863112000000003,10.3699197769165
Guinea,2000,GIN,28.923085531631763,2.38682532,15.23692035675049
Guinea,2010,GIN,4.905983526967864,1.76977015,12.43877029418945
Guinea-Bissau,2013,GNB,1.7158397517798876,4.44277668,16.19137954711914
Guinea-Bissau,2014,GNB,2.266364344535112,2.59810638,
Guinea-Bissau,2015,GNB,2.687128092435513,2.5010154199999994,
Guinea-Bissau,2017,GNB,5.469171400115746,2.75228286,
Guinea-Bissau,2018,GNB,5.80509594445249,2.594297889999999,
Guinea-Bissau,2023,GNB,10.85901150833792,4.286431310000001,
Guinea-Bissau,2020,GNB,10.617884780344317,4.79536724,
Guinea-Bissau,2021,GNB,13.430082390169328,4.55369139,
Guinea-Bissau,2022,GNB,16.604885071222103,4.8797121,
Guinea-Bissau,2012,GNB,4.1427570524125805,3.88817143,14.53979969024658
Guinea-Bissau,2019,GNB,8.891996388090437,2.44074059,
Guinea-Bissau,2011,GNB,2.7711863312090816,2.52350521,10.19974040985107
Guinea-Bissau,2016,GNB,3.5405992360425382,2.36231256,
Guinea-Bissau,2009,GNB,10.548408197180041,2.52350521,
Guinea-Bissau,2008,GNB,6.160619026381007,2.52350521,
Guinea-Bissau,2007,GNB,3.843381390760761,2.52350521,
Guinea-Bissau,2006,GNB,4.553340672309251,2.52350521,
Guinea-Bissau,2005,GNB,2.291077722645747,2.52350521,
Guinea-Bissau,2004,GNB,3.185525570677499,2.52350521,
Guinea-Bissau,2003,GNB,2.796007886055538,2.52350521,
Guinea-Bissau,2002,GNB,2.401004565053239,2.52350521,
Guinea-Bissau,2001,GNB,5.110355395591696,2.52350521,
Guinea-Bissau,2000,GNB,4.54471551616804,2.52350521,
Guinea-Bissau,2024,GNB,7.096753315161615,,
Guinea-Bissau,2010,GNB,5.509326055917784,2.52350521,9.069239616394043
Guyana,2000,GUY,14.145196432312687,7.816504480000001,17.65683937072754
Guyana,2001,GUY,10.202857307870739,6.795393470000002,16.5555591583252
Guyana,2013,GUY,3.9414786144049447,8.818890569999999,
Guyana,2023,GUY,2.4553264680506404,7.312097550000002,
Guyana,2022,GUY,2.790296490980062,8.56493282,
Guyana,2021,GUY,3.9868963075228,12.894852640000002,
Guyana,2020,GUY,4.574872644747673,13.011634829999997,
Guyana,2019,GUY,5.294923348880259,10.324250220000001,
Guyana,2018,GUY,5.837171495336465,10.711575509999998,16.15208053588867
Guyana,2017,GUY,4.62272887905981,10.61353874,17.73406028747559
Guyana,2016,GUY,4.402856849633603,10.0542078,18.81353950500488
Guyana,2015,GUY,4.901415600276974,10.84070492,17.91942024230957
Guyana,2014,GUY,4.140479211358928,9.41685009,18.87751960754395
Guyana,2002,GUY,14.699692258368739,7.50901365,16.90000915527344
Guyana,2012,GUY,14.952535656670154,8.22607517,10.25959014892578
Guyana,2011,GUY,4.23335079429654,8.62060642,11.82289981842041
Guyana,2010,GUY,3.925590468983232,7.605152609999999,11.96580982208252
Guyana,2009,GUY,2.8169691329128903,7.414193150000001,10.338210105896
Guyana,2008,GUY,4.386151707585166,7.0215044,
Guyana,2007,GUY,4.409423026352263,6.608776089999999,11.52616024017334
Guyana,2006,GUY,5.311445337192557,5.69657898,13.48169040679932
Guyana,2005,GUY,5.206539924456783,6.27540493,13.8234395980835
Guyana,2004,GUY,10.194853544342608,7.35295486,11.08073997497559
Guyana,2003,GUY,12.831679031164445,7.3576483700000015,13.81455993652344
Guyana,2024,GUY,2.1229965222444447,,
Haiti,2024,HTI,38.58193375579527,,13.01935627097854
Haiti,2000,HTI,8.020699968464832,13.943683619999998,
Haiti,2002,HTI,4.055445820864905,7.3620429000000005,
Haiti,2022,HTI,0.9592718556420932,4.10843086,13.12404456183104
Haiti,2021,HTI,0.6039048817341184,4.394725799999999,16.10693634818653
Haiti,2020,HTI,0.6808445644221934,4.841908450000001,10.00410946552592
Haiti,2019,HTI,0.6749869192024726,4.24965858,12.8616709116158
Haiti,2018,HTI,0.4552078894952573,4.675016879999999,14.49096965789795
Haiti,2017,HTI,0.6758087600336762,4.543719770000001,14.69501972198486
Haiti,2016,HTI,5.813411390895961,5.02242136,13.23316955566406
Haiti,2015,HTI,1.8468193239608768,4.40003729,14.56777954101563
Haiti,2014,HTI,1.0822994673236523,3.2014870600000007,11.98414993286133
Haiti,2001,HTI,5.9750415108878645,11.90920353,
Haiti,2013,HTI,0.5392531506707314,2.9984676800000005,
Haiti,2011,HTI,0.27673626887473696,2.98426127,
Haiti,2010,HTI,8.709615806636368,6.43083429,
Haiti,2009,HTI,3.062734160247715,6.771647449999999,
Haiti,2008,HTI,4.894708040504935,7.42596531,
Haiti,2007,HTI,4.293244972415602,7.113584040000002,
Haiti,2006,HTI,6.994392326441916,2.9942770000000003,
Haiti,2005,HTI,8.101640835468736,6.668754579999998,
Haiti,2004,HTI,20.258926048797214,7.9492502200000015,
Haiti,2003,HTI,9.815150444321418,6.606169700000001,
Haiti,2012,HTI,0.2335885946030293,2.78391457,
Haiti,2023,HTI,3.2392082583499917,4.5637707700000005,11.23081088448598
Honduras,2000,HND,10.816955916115079,13.678984640000001,
Honduras,2001,HND,6.640152430402954,9.938683509999999,
Honduras,2002,HND,8.161320906079371,9.474991800000002,
Honduras,2018,HND,8.315783688657392,10.892012600000001,23.15510940551758
Honduras,2024,HND,9.703348981943728,,
Honduras,2023,HND,9.26626797408301,9.428586959999999,
Honduras,2022,HND,9.272606743472018,13.315738679999999,
Honduras,2021,HND,6.708925741220241,12.09214497,
Honduras,2020,HND,16.933186725532575,12.34406281,
Honduras,2019,HND,9.00353377113204,11.167436599999998,
Honduras,2017,HND,6.7890241262057724,10.626306529999997,
Honduras,2016,HND,6.664239233515771,11.29591942,
Honduras,2014,HND,5.5624357066896,11.55319595,26.86442947387695
Honduras,2013,HND,3.719375243474759,11.81287098,20.99983024597168
Honduras,2015,HND,6.038014683121378,11.328797339999998,24.64455986022949
Honduras,2011,HND,2.7222528543432203,15.026724819999998,
Honduras,2010,HND,2.608017174648258,13.96672344,
Honduras,2009,HND,3.935941492772879,13.993237500000001,
Honduras,2008,HND,2.819941920999246,12.56671429,
Honduras,2007,HND,5.220009792093898,13.63652325,
Honduras,2006,HND,5.869453624288894,13.421832080000001,
Honduras,2005,HND,8.874388590598938,12.366880419999998,
Honduras,2004,HND,9.164169785095108,9.59641266,
Honduras,2003,HND,8.886941860950905,9.882689480000002,
Honduras,2012,HND,2.696198493044478,12.83597755,
India,2017,IND,2.032053967226602,3.6608045100000006,15.80976963043213
India,2014,IND,2.5447413477741034,3.2507054800000006,15.71815397007452
India,2015,IND,2.402022553940252,3.37624002,15.69221973419189
India,2016,IND,3.6126764485503724,3.3933346299999996,15.72150039672852
India,2018,IND,3.3254107930053545,3.6753218200000006,16.63537979125977
India,2024,IND,2.432922315170891,,
India,2020,IND,3.1336804807344345,3.68660474,15.99260997772217
India,2021,IND,1.7124137635011047,4.45562935,14.92459964752197
India,2022,IND,1.8087679093795832,4.714390279999999,14.15547447282382
India,2013,IND,2.214478568789854,3.2388324699999997,14.05018043518066
India,2019,IND,2.167957090218222,3.84729862,14.82382011413574
India,2012,IND,1.540103471850957,3.4384939700000006,13.99211978912354
India,2000,IND,7.8074019086231665,3.05056,16.73051071166992
India,2010,IND,1.340556076383848,3.1116299599999997,11.83368015289307
India,2009,IND,1.765611980640534,3.1219337000000005,11.19120025634766
India,2008,IND,4.4175125464827545,2.79898262,
India,2007,IND,3.2416446719647523,2.7873427899999994,
India,2006,IND,2.5243741027503726,2.88599753,11.69371032714844
India,2005,IND,7.255383960801437,2.9360442200000003,11.20845985412598
India,2004,IND,4.60824498580462,2.6527741000000002,11.19686031341553
India,2003,IND,9.907901800320264,2.6768760699999996,12.41079998016357
India,2002,IND,7.911055928952463,2.7712764699999997,
India,2001,IND,6.102275837371658,2.90321684,
India,2023,IND,2.1279550953445483,4.58670855,
India,2011,IND,1.6128921271885774,3.3813006899999998,13.56490993499756
Indonesia,2002,IDN,18.231996976500156,3.98283839,14.36905002593994
Indonesia,2003,IDN,16.14504742131974,4.49961615,16.27817916870117
Indonesia,2014,IDN,17.32731976201288,5.4055018399999994,17.90389060974121
Indonesia,2024,IDN,16.223374717481946,,
Indonesia,2023,IDN,11.418895352609967,8.52073097,
Indonesia,2022,IDN,17.397203600338777,8.07985115,8.70282050991956
Indonesia,2021,IDN,14.511771220552195,12.149898529999998,8.965597690311167
Indonesia,2020,IDN,14.3649950493528,10.241962429999997,9.319640244565266
Indonesia,2019,IDN,11.609853004708683,8.545353890000003,9.342609248993478
Indonesia,2018,IDN,10.120189283906795,8.40313911,10.14524638809098
Indonesia,2017,IDN,10.985459008457005,8.208926199999999,10.88036268382381
Indonesia,2016,IDN,10.14064943119917,8.12968636,11.32283857807055
Indonesia,2015,IDN,9.389935788545944,6.57872438,20.35886001586914
Indonesia,2000,IDN,27.907179425483044,3.5924179599999997,
Indonesia,2013,IDN,6.765978606373473,4.340429779999999,17.8482608795166
Indonesia,2012,IDN,5.705822495436757,4.07335424,18.09041976928711
Indonesia,2011,IDN,6.049486343844598,3.96251845,18.0055103302002
Indonesia,2010,IDN,8.710070474062606,3.9148962500000004,16.65394020080566
Indonesia,2009,IDN,10.013634875974295,5.4129438400000005,19.30813980102539
Indonesia,2008,IDN,8.771761831743198,4.629851820000001,13.67475032806396
Indonesia,2007,IDN,12.254997761102135,5.43742085,14.93992042541504
Indonesia,2006,IDN,12.385626700226974,4.511374470000001,
Indonesia,2005,IDN,15.117039063131784,4.2081809,15.18210983276367
Indonesia,2004,IDN,20.830864641933573,4.201495169999999,14.1702995300293
Indonesia,2001,IDN,19.710722525309325,3.95831513,11.59389019012451
"Iran, Islamic Rep.",2024,IRN,0.1149571164985068,,
"Iran, Islamic Rep.",2001,IRN,1.9730210231712872,11.87062645,24.42416954040527
"Iran, Islamic Rep.",2003,IRN,4.966594511974034,10.212297440000002,22.13546943664551
"Iran, Islamic Rep.",2023,IRN,0.13936532525550793,19.061492919999996,
"Iran, Islamic Rep.",2022,IRN,0.11417642742133985,19.11185074,18.82119941711426
"Iran, Islamic Rep.",2021,IRN,0.2306980331577919,16.05150604,
"Iran, Islamic Rep.",2020,IRN,0.3928784418817141,19.02957344,22.66550064086914
"Iran, Islamic Rep.",2019,IRN,0.3170449944022287,19.447935100000002,21.24452972412109
"Iran, Islamic Rep.",2018,IRN,0.30694502140931446,20.785600660000007,21.14603996276855
"Iran, Islamic Rep.",2017,IRN,0.4914628613863604,24.504798889999996,20.30521011352539
"Iran, Islamic Rep.",2016,IRN,2.5900105701055263,24.21533966,19.44543075561523
"Iran, Islamic Rep.",2015,IRN,1.0355296798136044,25.84053993,18.56875038146973
"Iran, Islamic Rep.",2002,IRN,5.035991987856227,9.56564999,26.50642967224121
"Iran, Islamic Rep.",2014,IRN,0.7753345614007641,23.143846509999996,19.66486930847168
"Iran, Islamic Rep.",2012,IRN,0.8642438809640903,15.606088640000001,17.39579010009766
"Iran, Islamic Rep.",2011,IRN,1.4233147834853717,12.02372837,20.15138053894043
"Iran, Islamic Rep.",2010,IRN,1.980935588974858,12.52360535,19.25691032409668
"Iran, Islamic Rep.",2009,IRN,2.8827053780047187,12.377064699999998,18.56262016296387
"Iran, Islamic Rep.",2008,IRN,3.187303341408042,9.475168230000001,22.38460922241211
"Iran, Islamic Rep.",2007,IRN,4.123421071360862,11.534694670000002,20.03128051757813
"Iran, Islamic Rep.",2006,IRN,3.612951088878057,9.6129694,19.45677947998047
"Iran, Islamic Rep.",2005,IRN,4.399226302029805,9.00558662,21.89969062805176
"Iran, Islamic Rep.",2004,IRN,5.170859558916856,10.162406919999999,21.52145004272461
"Iran, Islamic Rep.",2013,IRN,0.7524363093273541,16.34275436,21.67350006103516
"Iran, Islamic Rep.",2000,IRN,4.602723483052756,10.952403069999999,20.63385009765625
Iraq,2019,IRQ,2.3533495237479696,5.99367142,
Iraq,2015,IRQ,1.6626584873235686,1.6812643999999999,
Iraq,2016,IRQ,1.7824514080571916,5.98492527,
Iraq,2017,IRQ,2.085239465193834,4.77492046,
Iraq,2018,IRQ,2.4669722043416704,6.43102264,
Iraq,2020,IRQ,3.644681573911521,6.16059875,
Iraq,2021,IRQ,4.081187059149224,6.98392916,
Iraq,2022,IRQ,4.335928273280471,5.841526029999999,
Iraq,2023,IRQ,3.8552227900439053,6.18478203,
Iraq,2024,IRQ,2.714360672576868,,
Jamaica,2019,JAM,41.55258323176743,13.3204546,17.31398963928223
Jamaica,2015,JAM,28.854606104549894,12.820219990000002,20.05147933959961
Jamaica,2016,JAM,43.26199119959724,12.683865550000004,19.14512062072754
Jamaica,2017,JAM,28.881445141539096,13.9547863,18.40254020690918
Jamaica,2018,JAM,22.433983451908208,13.03939724,18.58399963378906
Jamaica,2024,JAM,16.75434900221146,,17.86577033996582
Jamaica,2021,JAM,22.01647971117815,16.17764664,17.41790008544922
Jamaica,2022,JAM,20.4121552973097,18.96323967,16.93285942077637
Jamaica,2023,JAM,23.402197519959124,15.855963710000001,
Jamaica,2013,JAM,19.724114971986314,10.76929092,20.57386016845703
Jamaica,2020,JAM,23.914794686318487,13.988928790000003,
Jamaica,2012,JAM,24.463087615588424,9.15779209,18.80925941467285
Jamaica,2014,JAM,24.447450845989202,11.25196075,21.79748916625977
Jamaica,2010,JAM,18.552715199407256,9.032932279999999,16.10293960571289
Jamaica,2011,JAM,26.003256762051123,9.52876663,18.58193016052246
Jamaica,2000,JAM,22.870819540331144,11.841486929999999,16.79660034179688
Jamaica,2001,JAM,24.979406682048733,8.20096111,19.99114990234375
Jamaica,2003,JAM,25.413420612001623,6.13759899,13.36233997344971
Jamaica,2004,JAM,24.5511709445183,7.645274639999999,11.73301982879639
Jamaica,2002,JAM,25.71233433913364,8.66761017,18.36392974853516
Jamaica,2006,JAM,19.221618577350366,6.25744629,
Jamaica,2007,JAM,25.111406097067324,8.22749615,17.17304992675781
Jamaica,2008,JAM,19.551371119189778,8.35763645,19.11938095092773
Jamaica,2009,JAM,26.092975214836844,7.45104456,17.5528392791748
Jamaica,2005,JAM,26.802165398606668,7.4342041,14.26937007904053
Jordan,2008,JOR,34.36003060891998,15.12543488,
Jordan,2013,JOR,5.487799923281676,13.126521110000002,13.07868718131611
Jordan,2012,JOR,7.4938002732796845,13.670977590000001,11.87684168839197
Jordan,2011,JOR,7.68059673078953,15.41755867,11.09997597353175
Jordan,2010,JOR,7.770815876896635,17.02058601,10.69395401981491
Jordan,2009,JOR,6.461964379887708,17.915905,
Jordan,2007,JOR,9.824242323434765,12.51918411,
Jordan,2001,JOR,17.00237373843541,13.614800449999999,
Jordan,2005,JOR,9.326783809100972,11.78674316,
Jordan,2004,JOR,12.418015494162493,9.400589940000001,
Jordan,2003,JOR,25.180165562353267,11.370369909999999,
Jordan,2002,JOR,13.892793802837089,13.38210011,
Jordan,2000,JOR,18.183391996048293,12.68911648,
Jordan,2014,JOR,7.57014160188075,13.064030650000001,12.55225712879914
Jordan,2006,JOR,9.153893322665366,11.360123629999999,
Jordan,2015,JOR,13.086890020029212,12.219738009999999,13.1707308975649
Jordan,2016,JOR,14.098462296934539,11.23799038,11.5762996673584
Jordan,2017,JOR,6.4995152620386,11.099240300000002,10.85793972015381
Jordan,2018,JOR,6.920171643296653,9.97671986,9.239620208740234
Jordan,2019,JOR,13.414369069108334,10.080313680000001,9.236700057983398
Jordan,2020,JOR,14.5016929132339,10.765897749999999,11.96798131241838
Jordan,2021,JOR,15.297547144149073,10.3472929,9.216389656066895
Jordan,2022,JOR,20.558313229152578,10.466299059999999,9.476269721984863
Jordan,2023,JOR,12.450116499830123,10.50131416,11.55861289402402
Jordan,2024,JOR,10.211655501811386,,9.785690307617188
Kazakhstan,2020,KAZ,10.486093242593332,10.06113434,17.99516493085393
Kazakhstan,2014,KAZ,2.0814213691944032,10.03429031,16.08365153861613
Kazakhstan,2015,KAZ,2.9908317159378717,8.394762040000002,12.193039894104
Kazakhstan,2024,KAZ,8.403125927436536,,21.95535386566118
Kazakhstan,2023,KAZ,10.211241111884412,10.70054817,20.79612922668457
Kazakhstan,2019,KAZ,10.494725159969601,8.251245500000001,14.10953044891357
Kazakhstan,2021,KAZ,6.935021292382839,11.61758327,19.82799145375141
Kazakhstan,2016,KAZ,5.7786004809213125,9.48439407,13.84409999847412
Kazakhstan,2013,KAZ,1.2163767199149835,9.324193000000001,17.32329650992277
Kazakhstan,2022,KAZ,15.56653057926689,10.60115337,20.05521042883349
Kazakhstan,2012,KAZ,0.7236730603629369,9.446363450000002,17.76632605120977
Kazakhstan,2008,KAZ,0.5456642344269841,8.41329765,13.64694023132324
Kazakhstan,2010,KAZ,0.99902464030329,8.205227849999998,15.91928479165183
Kazakhstan,2009,KAZ,0.7006358376184572,11.363522530000001,13.04090023040771
Kazakhstan,2018,KAZ,6.430450785981681,9.09603882,13.88018035888672
Kazakhstan,2007,KAZ,2.959068870279325,7.57602596,11.94447040557861
Kazakhstan,2006,KAZ,2.0900946491531216,11.72052765,13.26669979095459
Kazakhstan,2005,KAZ,9.830199962517462,11.53032875,10.28594970703125
Kazakhstan,2004,KAZ,9.55500094965307,10.941607480000002,10.60968017578125
Kazakhstan,2003,KAZ,7.0880444049343625,9.565211300000001,
Kazakhstan,2002,KAZ,17.256664784164716,9.420598980000001,14.75948047637939
Kazakhstan,2011,KAZ,0.47737025705445146,8.676865580000001,16.97598616377303
Kazakhstan,2017,KAZ,6.176382494243027,7.85734415,11.4199104309082
Kenya,2019,KEN,16.26129262013866,8.227235790000002,19.05114365316146
Kenya,2000,KEN,17.25976006603657,7.0889825800000015,24.06613922119141
Kenya,2020,KEN,9.82935238711272,8.91046047,17.76485477092805
Kenya,2017,KEN,5.690586543210814,6.79240465,17.63139915466309
Kenya,2022,KEN,11.163531839848705,8.65115547,16.08167547957224
Kenya,2023,KEN,13.916734607341368,8.65115547,24.99424813407208
Kenya,2024,KEN,19.06856238822141,,27.92465549914242
Kenya,2016,KEN,4.066456640723328,8.02543449,17.49838066101074
Kenya,2015,KEN,4.055014026221315,8.074480059999999,17.36208915710449
Kenya,2014,KEN,7.678582467207875,7.845007899999999,17.8151798248291
Kenya,2013,KEN,3.1468212038791736,7.149720670000001,18.68946075439453
Kenya,2012,KEN,3.8157753950377447,7.35927916,19.48481941223145
Kenya,2011,KEN,4.128906204030916,7.981091020000001,20.19197082519531
Kenya,2010,KEN,3.581588201592978,7.244126320000001,20.35201072692871
Kenya,2009,KEN,4.016866146732081,7.200776100000001,
Kenya,2008,KEN,4.897214886439349,7.17080498,
Kenya,2007,KEN,6.2516140045560675,7.039386270000001,
Kenya,2006,KEN,7.630621775713391,6.8128094699999995,26.95387077331543
Kenya,2005,KEN,11.758958516334554,6.89238787,28.94343948364258
Kenya,2004,KEN,8.630631148818054,6.989377499999999,27.59770965576172
Kenya,2003,KEN,14.900136396826705,7.022429939999999,25.8499698638916
Kenya,2002,KEN,14.254120515529076,7.0889825800000015,26.84721946716309
Kenya,2001,KEN,12.70374841133781,7.0889825800000015,22.96161079406738
Kenya,2018,KEN,10.253363442636996,7.218745229999999,18.95112037658691
Kenya,2021,KEN,7.888095587040909,9.28240871,17.27012062487641
Kyrgyz Republic,2014,KGZ,3.4626215063158132,7.13890553,14.36483955383301
Kyrgyz Republic,2024,KGZ,4.870535961157043,,19.64759166999856
Kyrgyz Republic,2023,KGZ,5.51613461997377,7.301263329999999,22.10962153337157
Kyrgyz Republic,2022,KGZ,5.6617778418708955,7.54843807,23.51836483215024
Kyrgyz Republic,2021,KGZ,5.293209855119745,9.223443979999999,16.106689453125
Kyrgyz Republic,2020,KGZ,6.804610076611402,6.9168787,17.87512969970703
Kyrgyz Republic,2019,KGZ,6.144261165848234,7.0939359699999995,16.47274971008301
Kyrgyz Republic,2018,KGZ,5.68421469165695,7.334376340000001,16.79590034484863
Kyrgyz Republic,2016,KGZ,5.017055611025988,6.415807720000001,16.92091941833496
Kyrgyz Republic,2015,KGZ,4.613351937097789,7.12018585,15.71675968170166
Kyrgyz Republic,2013,KGZ,2.7884934151512057,10.346405029999998,17.77379035949707
Kyrgyz Republic,2012,KGZ,2.7343507637572864,10.400711059999999,18.19500923156738
Kyrgyz Republic,2011,KGZ,3.652813516872555,9.883313180000002,18.17252922058105
Kyrgyz Republic,2017,KGZ,4.6445865403551565,6.34161329,16.27813911437988
Kyrgyz Republic,2009,KGZ,3.7693202836520694,10.696232800000002,19.15300941467285
Kyrgyz Republic,2008,KGZ,3.681055355928197,10.385349269999999,21.20623970031738
Kyrgyz Republic,2007,KGZ,3.6336199791592647,10.425050740000001,21.85145950317383
Kyrgyz Republic,2006,KGZ,4.184441305228589,14.458957669999998,19.0526008605957
Kyrgyz Republic,2005,KGZ,4.021784482907724,13.06986713,16.76840019226074
Kyrgyz Republic,2004,KGZ,4.17131918786337,8.212595940000002,16.24381065368652
Kyrgyz Republic,2003,KGZ,5.1939384479157376,8.07252979,15.93953037261963
Kyrgyz Republic,2002,KGZ,9.738291169735557,7.563291070000001,15.14647006988525
Kyrgyz Republic,2001,KGZ,11.711970175288975,7.1314992900000025,13.72138977050781
Kyrgyz Republic,2000,KGZ,9.581707905044146,7.064006330000001,11.61130046844482
Kyrgyz Republic,2010,KGZ,3.4478167024835784,9.203639030000001,15.68130970001221
Lao PDR,2013,LAO,6.250145774045501,2.9400711100000003,13.34101009368896
Lao PDR,2014,LAO,6.7106450994125,2.7363533999999996,11.75734996795654
Lao PDR,2016,LAO,11.374951379190987,3.62799406,12.89050726641641
Lao PDR,2017,LAO,12.820013190159896,4.0769591300000005,11.43893559961442
Lao PDR,2018,LAO,17.312131949539854,4.197330470000001,11.16837801407134
Lao PDR,2023,LAO,30.347138849074135,3.2051065000000007,9.803671883860723
Lao PDR,2020,LAO,19.116903312348555,4.314829830000001,10.66222109241873
Lao PDR,2021,LAO,23.380957852221165,4.57976532,11.50620642277846
Lao PDR,2022,LAO,21.151599911737,4.25355053,9.824934171803848
Lao PDR,2012,LAO,6.262834412020715,1.7665906,7.368390083312988
Lao PDR,2019,LAO,23.221751267814795,5.16324902,10.83162056832696
Lao PDR,2011,LAO,8.786592592140188,1.8174867600000006,8.2595796585083
Lao PDR,2015,LAO,6.699077557202425,3.35080194,10.46939689717049
Lao PDR,2009,LAO,6.924201242167022,5.703765870000001,7.463099956512451
Lao PDR,2008,LAO,7.7709388426368875,3.19745922,13.00520992279053
Lao PDR,2007,LAO,7.968164634222698,3.9029948699999997,18.1017894744873
Lao PDR,2006,LAO,8.824025973913239,4.36346436,17.76235961914063
Lao PDR,2005,LAO,11.612952442009995,5.914171220000001,14.12926959991455
Lao PDR,2004,LAO,12.800704340599586,5.853271010000001,15.87508010864258
Lao PDR,2003,LAO,11.42610069811978,6.834805009999999,
Lao PDR,2002,LAO,11.622762916230256,6.12984419,15.26266002655029
Lao PDR,2001,LAO,10.350476950322552,7.05502892,9.94657039642334
Lao PDR,2000,LAO,9.41957860941944,6.19914436,7.295569896697998
Lao PDR,2024,LAO,32.96298383031724,,8.241551313701287
Lao PDR,2010,LAO,5.155437794892906,2.69455552,7.246960163116455
Lebanon,2000,LBN,17.167157700687806,7.5372147599999995,
Lebanon,2001,LBN,17.68231940845447,8.86973667,7.421249866485596
Lebanon,2013,LBN,25.089295226031176,10.79288769,8.575519561767578
Lebanon,2023,LBN,5.696565370097766,15.90552902,
Lebanon,2022,LBN,4.42697590606282,12.46416092,8.858170430357449
Lebanon,2021,LBN,11.601371771018636,11.56579113,
Lebanon,2020,LBN,6.095290897317007,14.470897669999996,9.898285499982261
Lebanon,2019,LBN,31.74877297622838,13.683804509999998,8.143953447501515
Lebanon,2018,LBN,26.70597797862636,11.667254449999998,8.047454523069348
Lebanon,2017,LBN,29.555315533160343,12.027192120000002,7.147536183384924
Lebanon,2016,LBN,30.03810633830946,13.16996193,7.148961776273905
Lebanon,2015,LBN,29.374975816023905,12.660042760000001,
Lebanon,2014,LBN,28.46926891938381,12.38764,
Lebanon,2002,LBN,25.4956480156327,8.29187298,7.056300163269043
Lebanon,2012,LBN,28.62577784687493,10.079383850000001,7.10915994644165
Lebanon,2011,LBN,45.32913946256754,12.403281209999998,5.733809947967529
Lebanon,2010,LBN,34.64781759091776,10.28593254,5.534289836883545
Lebanon,2009,LBN,39.961350924225755,8.34239483,5.502999782562256
Lebanon,2008,LBN,42.61800400260115,8.95981979,5.869770050048828
Lebanon,2007,LBN,47.89862028388164,9.98217583,7.341040134429932
Lebanon,2006,LBN,50.804803062145,9.829339029999998,7.693190097808838
Lebanon,2005,LBN,45.94530255103775,9.227987290000002,8.421310424804688
Lebanon,2004,LBN,57.73124323000579,8.91796303,7.931230068206787
Lebanon,2003,LBN,41.68872506515844,8.070413590000001,
Lebanon,2024,LBN,3.927661806278278,,6.113990880418318
Lesotho,2024,LSO,5.862277703697838,,10.37344398340249
Lesotho,2000,LSO,15.50643799811735,7.407407279999999,19.14159965515137
Lesotho,2002,LSO,18.150207548118765,7.72369576,23.48707962036133
Lesotho,2022,LSO,5.496447650938093,12.883148190000004,
Lesotho,2021,LSO,4.0015136129592035,8.15242481,
Lesotho,2020,LSO,5.2770947358769815,8.949593539999999,
Lesotho,2019,LSO,4.963989090133964,12.61054611,
Lesotho,2018,LSO,4.591392409856219,10.77791023,14.08535003662109
Lesotho,2017,LSO,4.0367049343025645,11.97283363,15.115309715271
Lesotho,2016,LSO,4.552428244366618,10.336076740000001,13.99764024455647
Lesotho,2015,LSO,4.526886436829745,10.86027813,13.93599496099617
Lesotho,2014,LSO,3.297888915086813,11.592402459999999,
Lesotho,2001,LSO,19.98063749219114,8.701341629999998,22.96562957763672
Lesotho,2013,LSO,2.842401275332594,10.487746240000002,
Lesotho,2012,LSO,2.4526246177299744,9.674311640000003,
Lesotho,2011,LSO,2.165381869135048,8.198874470000002,
Lesotho,2010,LSO,2.0906313195040247,7.1979928,
Lesotho,2009,LSO,2.4918208743705796,7.322744850000001,
Lesotho,2008,LSO,3.617689311549959,8.081017490000002,24.21858024597168
Lesotho,2007,LSO,11.276396086953062,9.642468449999999,
Lesotho,2006,LSO,6.026981227183296,7.053844930000001,28.95932006835938
Lesotho,2005,LSO,12.139605583666606,5.99692535,32.5390510559082
Lesotho,2004,LSO,9.065701023284657,8.25498962,27.16360092163086
Lesotho,2003,LSO,12.878742331041563,7.908269880000001,31.50684928894043
Lesotho,2023,LSO,6.35342273871915,11.83322239,10.99967960836137
Liberia,2001,LBR,0.0,4.25491762,
Liberia,2000,LBR,0.0,4.25491762,
Liberia,2002,LBR,0.015251366602717954,4.25491762,
Liberia,2014,LBR,1.3751876503360367,2.4611892699999998,6.760149955749512
Liberia,2024,LBR,3.020752350961205,,
Liberia,2023,LBR,2.7249861934350244,4.79117155,
Liberia,2022,LBR,2.8496770298158087,4.79117155,
Liberia,2021,LBR,1.891914340740769,3.7302012399999995,7.366199970245361
Liberia,2020,LBR,2.44480110476617,3.7481868299999994,
Liberia,2019,LBR,1.2796437384454624,4.19834614,
Liberia,2018,LBR,1.148814059331271,5.166229249999999,7.96435022354126
Liberia,2017,LBR,0.8005822080675761,3.9551458399999992,7.769100189208984
Liberia,2016,LBR,0.3962273057620642,3.8970165299999997,
Liberia,2015,LBR,0.4417802051123884,3.2433903199999996,
Liberia,2003,LBR,0.0,4.25491762,
Liberia,2013,LBR,0.7252752907004612,1.15725291,5.652689933776855
Liberia,2012,LBR,0.5642187498100264,5.046602249999999,5.184340000152588
Liberia,2011,LBR,0.4257175695860334,5.046602249999999,
Liberia,2010,LBR,0.8736935730989435,5.046602249999999,
Liberia,2009,LBR,3.8427685300345424,5.046602249999999,
Liberia,2008,LBR,29.45105182960554,4.25491762,6.454070091247559
Liberia,2007,LBR,276.9318714884759,4.25491762,
Liberia,2006,LBR,0.03933165389537804,4.25491762,
Liberia,2005,LBR,0.026891553106461144,4.25491762,
Liberia,2004,LBR,0.0,4.25491762,
Madagascar,2000,MDG,14.382043214581536,12.027845379999999,15.89050960540771
Madagascar,2001,MDG,7.474780792524985,11.971966740000001,17.68247032165527
Madagascar,2024,MDG,6.994412737735935,,
Madagascar,2003,MDG,6.142999470551649,13.117821690000003,15.76313972473145
Madagascar,2023,MDG,6.2415486608178,5.513417720000001,
Madagascar,2022,MDG,5.465058332698244,5.513417720000001,
Madagascar,2021,MDG,6.454822481278061,5.377794270000001,
Madagascar,2020,MDG,4.870692481476337,4.21817684,
Madagascar,2019,MDG,4.47518591047616,4.44415092,17.9527918245618
Madagascar,2018,MDG,5.105352513856949,10.42956638,19.81801986694336
Madagascar,2017,MDG,5.815366125897438,15.032087330000005,
Madagascar,2016,MDG,5.991813503704957,17.51086807,19.83818054199219
Madagascar,2015,MDG,8.139169752223419,15.27427959,16.96290969848633
Madagascar,2002,MDG,8.794215123804294,14.0413332,17.93675994873047
Madagascar,2014,MDG,4.782856204764762,13.924149510000001,18.96677017211914
Madagascar,2012,MDG,4.456413737531289,12.93699551,20.3257999420166
Madagascar,2011,MDG,3.0050983868374694,13.936785699999998,19.77969932556152
Madagascar,2010,MDG,4.38753466479004,15.20979691,18.6357054482013
Madagascar,2009,MDG,3.48908155487081,10.43949318,22.58583068847656
Madagascar,2008,MDG,1.5103220875712766,8.97678375,16.25814056396484
Madagascar,2007,MDG,1.3534185430444885,11.838322640000001,18.0445499420166
Madagascar,2006,MDG,4.8581455299586125,10.247689249999999,15.32419013977051
Madagascar,2005,MDG,6.176839918265879,10.540405269999999,18.03303909301758
Madagascar,2004,MDG,6.810307278586242,10.014784809999998,12.96076965332031
Madagascar,2013,MDG,3.6045137951707904,10.268065449999998,13.9893798828125
Malawi,2004,MWI,5.841603445896011,4.99515104,
Malawi,2003,MWI,4.684927504835869,7.633512499999999,16.49777030944824
Malawi,2005,MWI,6.634347467509414,6.037830349999999,
Malawi,2002,MWI,4.080543066208362,7.042603489999999,
Malawi,2008,MWI,2.042622100450416,6.6249685299999985,
Malawi,2024,MWI,3.411378341549353,,16.0
Malawi,2023,MWI,3.2027747921321543,3.28711009,16.0
Malawi,2022,MWI,3.0185345397971113,3.28711009,
Malawi,2021,MWI,2.870439971337274,5.756381029999998,17.55940964801724
Malawi,2020,MWI,2.675542588387499,6.873320099999999,20.15744840559888
Malawi,2019,MWI,3.66566292450677,7.938600540000001,
Malawi,2006,MWI,4.947003890292971,5.29271793,
Malawi,2018,MWI,2.861120322548203,8.713311200000001,15.82935047149658
Malawi,2016,MWI,3.263886766863158,9.677967070000001,17.19881057739258
Malawi,2015,MWI,2.641461570488608,9.72891998,21.79789924621582
Malawi,2014,MWI,2.691357530338262,8.580904960000002,16.59646987915039
Malawi,2013,MWI,2.2337647489348433,7.15567255,20.49682998657227
Malawi,2012,MWI,1.527635012860185,5.09623861,13.64096357734451
Malawi,2011,MWI,1.1125415457091223,6.77999687,15.04564952850342
Malawi,2017,MWI,2.653127615488576,8.189613340000001,14.34442043304443
Malawi,2010,MWI,1.0282793930277578,5.77464294,12.45998001098633
Malawi,2009,MWI,2.1166806697928755,5.2324380900000005,
Malawi,2007,MWI,2.4113315075113193,3.54459715,
Maldives,2009,MDV,6.510112115529075,15.744857790000001,13.73838996887207
Maldives,2024,MDV,13.805134555662498,,10.7169075614071
Maldives,2023,MDV,13.443748895740082,15.56657696,10.6328052020158
Maldives,2022,MDV,23.327020234027223,13.27708149,11.07644473108537
Maldives,2021,MDV,34.80603537224025,14.486053469999998,10.03292621907933
Maldives,2020,MDV,14.180008726892757,18.172746659999998,10.50504097325459
Maldives,2019,MDV,21.869638302121245,17.853942869999997,12.05514433717882
Maldives,2018,MDV,22.570610675433006,17.679086690000002,11.38990175854686
Maldives,2017,MDV,8.042860821198952,21.47161484,11.35420883247632
Maldives,2016,MDV,5.945836983261238,19.748092649999997,9.805020332336426
Maldives,2010,MDV,6.994575213555847,13.543033599999998,10.94631004333496
Maldives,2015,MDV,6.823168363220457,18.45426559,11.44925022125244
Maldives,2013,MDV,7.319559575172422,15.930777550000002,12.55389976501465
Maldives,2000,MDV,8.014842433363633,8.828467370000002,
Maldives,2001,MDV,8.955290843034238,9.031593319999999,
Maldives,2002,MDV,8.546123073950994,8.619259829999999,21.20602989196777
Maldives,2003,MDV,7.4838972843816425,8.14470768,20.18581008911133
Maldives,2012,MDV,9.011374123074237,14.140151980000002,11.22364044189453
Maldives,2005,MDV,6.4634519498410326,7.65194798,12.93610000610352
Maldives,2011,MDV,9.340264938296846,11.76247597,9.854999542236328
Maldives,2006,MDV,5.303881272758923,8.44608021,13.25502014160156
Maldives,2007,MDV,5.946703247843334,11.245549200000001,12.6912899017334
Maldives,2008,MDV,6.245997455790294,17.98668861,12.56846046447754
Maldives,2014,MDV,15.473404347923408,16.8629303,10.61962985992432
Maldives,2004,MDV,9.550684183839213,9.603069309999999,19.37100028991699
Mali,2004,MLI,6.5551824607005456,7.300545690000002,17.73634910583496
Mali,2006,MLI,5.337154372468126,5.54588985,
Mali,2000,MLI,11.748676543309157,6.668892860000002,15.32380962371826
Mali,2001,MLI,9.787030557475996,5.746562479999999,14.49349975585938
Mali,2005,MLI,5.805440236530802,6.45820856,16.28030014038086
Mali,2002,MLI,7.688753330090925,5.56607676,14.5252103805542
Mali,2003,MLI,5.5732451387697735,6.785974979999999,18.28376007080078
Mali,2016,MLI,3.8536934817332904,5.430633070000001,13.90388011932373
Mali,2021,MLI,5.1879110048018084,5.037431239999999,16.21821022033691
Mali,2020,MLI,5.069527937029888,5.37126255,15.14260959625244
Mali,2019,MLI,5.1274814079477995,4.835014339999999,15.35702991485596
Mali,2018,MLI,4.641268748848158,5.66878557,17.52153015136719
Mali,2017,MLI,4.115247037861522,5.137262819999999,16.53433036804199
Mali,2024,MLI,5.417698833965194,,17.82390310875428
Mali,2015,MLI,3.815296775704592,4.39033413,18.15549087524414
Mali,2014,MLI,3.49607350691288,4.454732890000001,18.2242603302002
Mali,2013,MLI,4.022698133787167,4.128911020000002,16.62344932556152
Mali,2012,MLI,3.0123232721816784,2.66254306,22.40337944030762
Mali,2011,MLI,2.5464365426964712,2.9412171799999998,18.25834083557129
Mali,2010,MLI,3.1422440665559845,3.30154085,16.50391006469727
Mali,2009,MLI,2.9014300315036943,2.9260635400000004,16.95940971374512
Mali,2022,MLI,5.9970040922654615,5.601661679999999,18.1899960391199
Mali,2008,MLI,3.7051175152769593,3.7941119700000003,18.03169059753418
Mali,2007,MLI,3.542455283164097,4.6381096799999995,
Mali,2023,MLI,5.644971125955431,5.431356429999998,19.12176917699192
Mauritania,2004,MRT,7.79980317402852,2.96115541,8.175809860229492
Mauritania,2005,MRT,8.344468843330974,3.8442106199999997,
Mauritania,2006,MRT,8.315899539138508,3.559678079999999,10.31007957458496
Mauritania,2007,MRT,13.588663787175637,3.8856704200000003,
Mauritania,2008,MRT,5.809540336364983,4.480345250000001,
Mauritania,2009,MRT,8.301550662564702,4.476241589999999,
Mauritania,2010,MRT,11.49641936368131,4.22304821,
Mauritania,2011,MRT,10.748158812015532,4.400928970000001,13.68274974822998
Mauritania,2012,MRT,10.27098611344042,4.166985510000001,10.01766014099121
Mauritania,2013,MRT,11.26666157872759,5.38500309,11.40542984008789
Mauritania,2014,MRT,15.086325686212735,5.24069929,11.90512810405457
Mauritania,2015,MRT,14.857733121247135,5.530210970000001,12.84349379473953
Mauritania,2016,MRT,18.52108782801964,5.75632954,9.330610275268555
Mauritania,2018,MRT,25.537640735893397,4.797127720000001,
Mauritania,2017,MRT,21.95231301758885,6.0655999199999995,
Mauritania,2020,MRT,17.30248211109254,5.4164910299999995,9.727089881896973
Mauritania,2021,MRT,20.649713944813715,7.204095359999999,9.104820251464844
Mauritania,2022,MRT,11.883560060261829,5.943278789999999,4.841780185699463
Mauritania,2023,MRT,13.527922197004022,5.943278789999999,18.88887977600098
Mauritania,2024,MRT,14.403072889906255,,31.88661003112793
Mauritania,2019,MRT,25.142034491975984,6.177919859999999,10.22801971435547
Mauritius,2000,MUS,39.791421976046706,6.879271029999998,12.97033977508545
Mauritius,2001,MUS,12.581507340946438,7.015892030000001,13.23923969268799
Mauritius,2010,MUS,3.5322125000057896,8.29588032,14.57314968109131
Mauritius,2002,MUS,16.557530223827463,7.245552540000001,12.91514015197754
Mauritius,2003,MUS,11.422224220802494,7.119173529999998,17.92271995544434
Mauritius,2004,MUS,11.760201288228023,7.994419570000001,17.38710021972656
Mauritius,2005,MUS,12.984711750728861,7.362707609999999,17.08813095092773
Mauritius,2006,MUS,14.78251428319538,7.302484040000001,15.17617034912109
Mauritius,2011,MUS,3.374849027129382,7.36220407,13.84617042541504
Mauritius,2009,MUS,4.5034811894710005,6.28173685,13.24722957611084
Mauritius,2024,MUS,20.26652187826325,,14.19320011138916
Mauritius,2023,MUS,31.417792965737352,8.24311256,15.58454990386963
Mauritius,2022,MUS,4.884146337185619,8.609209059999998,15.709059715271
Mauritius,2021,MUS,5.173345162590827,10.8982172,14.32312965393066
Mauritius,2020,MUS,9.892916781963516,8.99296188,15.64669990539551
Mauritius,2019,MUS,4.689386461128819,9.0032053,18.67692947387695
Mauritius,2018,MUS,4.9515699073068635,10.20625019,19.27433013916016
Mauritius,2017,MUS,8.237302993157199,10.204333309999999,20.35720062255859
Mauritius,2016,MUS,4.595736541065684,10.2022686,19.96249961853027
Mauritius,2015,MUS,4.041075889898065,9.458418850000001,19.45709037780762
Mauritius,2014,MUS,4.577545295672439,10.52838707,20.90517997741699
Mauritius,2013,MUS,2.8703755999123723,8.00718403,14.7890100479126
Mauritius,2012,MUS,3.19038071965999,8.319043159999998,14.96061992645264
Mauritius,2007,MUS,7.4816756721081665,6.8428731,14.1832799911499
Mauritius,2008,MUS,5.924836016701589,6.12254477,14.0394401550293
Mexico,2017,MEX,12.201182542491514,10.729535099999998,17.57729911804199
Mexico,2023,MEX,5.275744833362336,9.360709190000001,
Mexico,2021,MEX,14.80688303283422,11.033061029999999,15.88313007354736
Mexico,2020,MEX,13.472972220349098,11.520388599999999,16.19585990905762
Mexico,2019,MEX,12.836952896183012,10.31756687,
Mexico,2018,MEX,9.866169043210576,10.41115475,16.57785034179688
Mexico,2016,MEX,13.827959621911075,10.411558150000001,17.93932914733887
Mexico,2015,MEX,8.126289437307745,10.864587779999997,19.01874923706055
Mexico,2014,MEX,5.242489149775547,10.34577084,18.80594062805176
Mexico,2013,MEX,6.346314978157445,11.241263390000002,16.90599060058594
Mexico,2012,MEX,10.982309343024681,10.65864182,18.08719062805176
Mexico,2011,MEX,6.021312436066222,10.5141964,18.4210205078125
Mexico,2010,MEX,6.763715651876255,10.41032505,18.6425895690918
Mexico,2009,MEX,7.151802483269486,10.292106629999997,18.66511917114258
Mexico,2008,MEX,7.160805081154507,9.43475246,17.38015937805176
Mexico,2007,MEX,8.65121175958526,10.714152339999998,19.88907051086426
Mexico,2006,MEX,17.632030595697863,10.73126125,20.82431983947754
Mexico,2005,MEX,11.966904384905435,11.142335890000002,21.90378952026367
Mexico,2004,MEX,14.994174120320263,12.07247734,22.05382919311523
Mexico,2003,MEX,13.395142116389207,10.692867279999998,22.47187042236328
Mexico,2002,MEX,12.127132448394557,10.431695940000001,21.46491050720215
Mexico,2001,MEX,15.71518918457575,10.257448199999999,20.62428092956543
Mexico,2000,MEX,17.238817404580615,9.899622919999999,19.6461296081543
Mexico,2022,MEX,5.863874489268621,10.38855362,14.23610973358154
Mexico,2024,MEX,6.89354796429679,,
Moldova,2023,MDA,7.997208605064414,12.068118100000001,16.88652992248535
Moldova,2000,MDA,15.59853412068262,8.52794456,12.92393016815186
Moldova,2022,MDA,2.6559432478976444,12.34735298,16.69313049316406
Moldova,2021,MDA,3.497117057333601,14.62191486,16.84165000915527
Moldova,2020,MDA,3.4557600745935724,12.3761425,17.99377059936523
Moldova,2019,MDA,3.4339077075751274,12.120483400000001,19.46438026428223
Moldova,2018,MDA,3.135982453514324,12.025702480000003,17.56772994995117
Moldova,2016,MDA,2.1487500892409765,12.208033559999999,18.62162971496582
Moldova,2015,MDA,2.2542175539191045,12.21473503,18.23871988412744
Moldova,2014,MDA,2.467081330740817,12.75728226,18.76510047912598
Moldova,2013,MDA,3.250567719504801,12.499175070000001,18.27648746613956
Moldova,2012,MDA,2.7899559408435004,13.173970219999998,20.74197006225586
Moldova,2011,MDA,3.189553973108847,13.036990170000001,21.91588020324707
Moldova,2010,MDA,3.000447672622284,13.626919750000003,22.26700973510742
Moldova,2009,MDA,3.1312724490637267,12.875923160000003,20.99263000488281
Moldova,2008,MDA,2.401028947166358,12.721592900000001,19.8500804901123
Moldova,2007,MDA,3.2418783258968196,13.181109430000001,19.41696929931641
Moldova,2006,MDA,5.128588147456183,12.890508649999997,18.60881996154785
Moldova,2005,MDA,5.806196663486496,13.57666016,19.29664993286133
Moldova,2004,MDA,12.325734366941884,15.250319480000002,19.4520206451416
Moldova,2003,MDA,10.047539202029695,9.59353638,16.19259071350098
Moldova,2002,MDA,21.696855957912014,11.537352559999997,17.88434028625488
Moldova,2001,MDA,17.365852704070956,9.711846349999998,16.42476081848145
Moldova,2024,MDA,4.931008288052427,,15.96476004511937
Moldova,2017,MDA,2.3577702754276806,11.64592075,18.43283081054688
Mongolia,2001,MNG,8.485457879750193,11.05122089,
Mongolia,2024,MNG,15.22418345850208,,13.77688980102539
Mongolia,2023,MNG,29.50747906673456,8.560934069999998,11.47054958343506
Mongolia,2022,MNG,36.9590369638994,9.25188732,7.452066419705862
Mongolia,2021,MNG,24.095894894252883,11.73573017,8.364094556565203
Mongolia,2020,MNG,23.006774728185203,6.9206709900000005,8.635278758145478
Mongolia,2019,MNG,10.957033970281223,6.878084179999999,10.33956454958317
Mongolia,2018,MNG,23.303935878908316,7.37636042,13.11474190183242
Mongolia,2017,MNG,7.72247918924336,7.0231714200000015,12.64562034606934
Mongolia,2015,MNG,4.306162431999841,7.726661679999999,13.54710960388184
Mongolia,2014,MNG,4.096865101885434,7.48502493,14.66810035705566
Mongolia,2013,MNG,3.311374136940298,7.106387140000001,15.36744976043701
Mongolia,2012,MNG,2.029320156316337,6.503386969999999,14.40723037719727
Mongolia,2016,MNG,4.428821861230384,6.461976529999999,13.0631103515625
Mongolia,2010,MNG,6.215625093480899,7.74286652,14.71113967895508
Mongolia,2000,MNG,7.949348735916693,13.354763980000001,16.07476997375488
Mongolia,2011,MNG,1.8775676277120752,5.62042999,12.15085029602051
Mongolia,2003,MNG,51.669127812192485,8.858476640000001,
Mongolia,2004,MNG,4.24388113618151,8.80264664,13.59444999694824
Mongolia,2005,MNG,5.03947636765618,9.4847002,
Mongolia,2002,MNG,8.877656440018459,10.90433216,20.31151008605957
Mongolia,2007,MNG,3.0427898156309183,8.163872720000002,13.28645038604736
Mongolia,2008,MNG,3.0377793854069806,8.552504540000003,
Mongolia,2009,MNG,5.359442331899407,8.748711590000001,14.51142024993896
Mongolia,2006,MNG,4.513626345282236,9.511603359999999,
Montenegro,2017,MNE,12.814806904224191,9.72641945,
Montenegro,2024,MNE,12.506380735225964,,
Montenegro,2023,MNE,12.306800957335986,16.595748899999997,
Montenegro,2022,MNE,15.187827044155519,17.123544690000003,
Montenegro,2021,MNE,21.298821233789518,14.402351380000002,
Montenegro,2020,MNE,24.054823860049776,13.1277895,
Montenegro,2019,MNE,22.473255129129427,11.52457523,
Montenegro,2018,MNE,26.67693341706977,10.531363489999999,
Montenegro,2016,MNE,22.30774617172574,10.921235079999999,
Montenegro,2007,MNE,8.641754432545866,,
Montenegro,2014,MNE,13.302579924019176,10.983649250000001,
Montenegro,2013,MNE,16.991451402652643,10.68526936,
Montenegro,2012,MNE,13.599091047908212,11.605915069999998,
Montenegro,2011,MNE,9.803190604595715,10.73071766,
Montenegro,2010,MNE,4.792139778116489,,
Montenegro,2009,MNE,2.3964201298589742,,
Montenegro,2008,MNE,2.239332556237269,,
Montenegro,2006,MNE,3.466028555778309,,
Montenegro,2015,MNE,25.2784220824391,11.634808540000002,
Morocco,2005,MAR,12.364225281764138,3.8501186399999994,
Morocco,2000,MAR,25.818518446572714,4.11556196,
Morocco,2001,MAR,24.605166178356622,4.23062134,
Morocco,2002,MAR,25.59704446367365,4.18854809,
Morocco,2003,MAR,27.714951418805917,4.14071369,
Morocco,2004,MAR,16.52036903462493,4.12965059,
Morocco,2006,MAR,10.556732650786316,5.01113462,
Morocco,2007,MAR,10.71848000453287,5.35828495,
Morocco,2021,MAR,10.656561985850747,7.272732260000001,23.75648300450683
Morocco,2024,MAR,12.240801489642381,,23.27887880123122
Morocco,2023,MAR,8.031783881534723,10.60523701,22.82552009868947
Morocco,2022,MAR,11.27777960474571,8.59881592,23.86566628044771
Morocco,2020,MAR,10.443049480387021,7.220683570000001,24.15809398801193
Morocco,2019,MAR,8.852369567109417,7.307228090000001,21.46507082738493
Morocco,2018,MAR,8.741398737227266,7.15846205,22.44476135166153
Morocco,2016,MAR,9.504841533304308,7.00853348,22.25735674888952
Morocco,2017,MAR,10.104110317284015,7.10552311,21.64990385788905
Morocco,2014,MAR,7.546494351693374,6.83858538,22.06394278413318
Morocco,2013,MAR,8.265739020741547,6.00545788,
Morocco,2012,MAR,6.765723456748239,5.695454120000001,20.74607850492187
Morocco,2011,MAR,6.421982575026669,5.79278231,
Morocco,2010,MAR,7.2371526266772594,6.064290520000001,
Morocco,2009,MAR,6.2028140487638685,6.1230468799999995,17.29528999328613
Morocco,2008,MAR,8.69169678644363,5.31417799,17.47064018249512
Morocco,2015,MAR,8.116723971422884,6.9568819999999985,22.2395469824195
Mozambique,2013,MOZ,4.837641156772104,4.72615862,19.03288078308105
Mozambique,2016,MOZ,7.388735780620719,5.995962139999999,19.93637084960938
Mozambique,2015,MOZ,5.7515842248001,5.554437639999999,19.85233886814993
Mozambique,2005,MOZ,2.641282706469943,8.39700031,22.71817970275879
Mozambique,2012,MOZ,1.9166282259324023,4.394596099999999,19.76724052429199
Mozambique,2014,MOZ,4.021989099204256,4.317281720000001,17.40730954418632
Mozambique,2010,MOZ,2.832607830363882,4.672414779999999,20.1663437150228
Mozambique,2009,MOZ,1.4643199262576692,4.965213299999999,
Mozambique,2008,MOZ,1.2134631288750246,5.668106560000001,
Mozambique,2017,MOZ,6.75859555605767,6.07456493,18.59365081787109
Mozambique,2011,MOZ,1.8690798314167762,4.34422016,19.09857377051365
Mozambique,2018,MOZ,7.4062022457568215,5.73160601,16.40555000305176
Mozambique,2002,MOZ,3.364028785493999,6.316649439999999,
Mozambique,2020,MOZ,9.415543681217752,7.0641245800000005,17.93492821808247
Mozambique,2021,MOZ,8.517850130163097,7.11263514,20.44973933448757
Mozambique,2022,MOZ,8.28829898572796,6.95726824,
Mozambique,2023,MOZ,10.239632953615988,6.76256466,
Mozambique,2024,MOZ,12.527190435358015,,
Mozambique,2004,MOZ,2.479760249525959,6.316649439999999,18.00153923034668
Mozambique,2003,MOZ,3.8918019662332806,6.316649439999999,
Mozambique,2007,MOZ,1.0842365171345352,5.602903840000001,
Mozambique,2001,MOZ,3.950285513817641,6.316649439999999,
Mozambique,2000,MOZ,5.274195811047279,6.316649439999999,
Mozambique,2019,MOZ,9.198874782256269,6.52060223,19.03368176962698
Mozambique,2006,MOZ,1.8815374369584599,5.6725707100000005,18.55003929138184
Myanmar,2008,MMR,2.414361016246708,1.19463682,
Myanmar,2000,MMR,1.1095506627058855,1.23249876,
Myanmar,2009,MMR,2.496153697486306,1.3029181999999997,
Myanmar,2010,MMR,4.029680478291068,1.2274093599999998,
Myanmar,2011,MMR,2.6008263357252295,1.49485052,5.381509780883789
Myanmar,2012,MMR,9.908726767373652,2.1025085399999996,
Myanmar,2013,MMR,16.42932043996409,2.45782161,
Myanmar,2014,MMR,3.8284017364203797,4.056405539999999,
Myanmar,2006,MMR,2.5625710322205117,1.7349628200000002,
Myanmar,2016,MMR,5.388676429571288,3.1326794600000007,
Myanmar,2017,MMR,4.799839717636036,3.52443361,10.19062042236328
Myanmar,2018,MMR,6.491403985908486,3.5932779299999993,10.11594009399414
Myanmar,2019,MMR,4.07777923391675,2.96386218,9.742409706115723
Myanmar,2020,MMR,3.1181976185660676,3.3589675399999996,
Myanmar,2021,MMR,6.815003065691094,4.4710865,
Myanmar,2022,MMR,6.256983467976382,2.3379218600000007,
Myanmar,2023,MMR,5.360994775806622,2.3379218600000007,
Myanmar,2024,MMR,3.3368094897555123,,
Myanmar,2005,MMR,1.3035807510764394,1.1674208599999996,
Myanmar,2004,MMR,1.3071158638982412,1.74388623,
Myanmar,2003,MMR,1.4584494357196258,1.7049987300000002,
Myanmar,2002,MMR,1.5992560735861021,2.35729265,
Myanmar,2001,MMR,1.086061470573783,1.2772072599999997,
Myanmar,2007,MMR,2.737724295710373,1.3007797,
Myanmar,2015,MMR,3.4246393559908688,4.816284179999999,
Nepal,2006,NPL,11.649061942915747,7.584030150000001,25.50064086914063
Nepal,2024,NPL,4.0971469946320385,,11.26471041677373
Nepal,2023,NPL,3.4125548712427047,7.66042948,13.08261800001422
Nepal,2022,NPL,2.8756845807710376,8.006701470000001,12.43792560378043
Nepal,2021,NPL,2.7474940711502622,6.48608112,14.38920810645488
Nepal,2020,NPL,2.7147072303050774,5.6691947,15.0051253828918
Nepal,2019,NPL,2.6474933115508414,4.03386211,12.1130298505003
Nepal,2018,NPL,2.3182706197937475,3.8115978200000002,14.10186958312988
Nepal,2016,NPL,4.408987692680411,5.31455946,19.12849998474121
Nepal,2015,NPL,4.586190688261767,5.1459527000000005,16.98966026306152
Nepal,2014,NPL,5.4718621105356,5.26823664,18.28129005432129
Nepal,2013,NPL,5.849757201894425,4.8838276899999995,17.56963920593262
Nepal,2012,NPL,5.713915206273866,4.691861150000001,17.43708038330078
Nepal,2017,NPL,3.042916773422177,4.50787783,17.09638977050781
Nepal,2010,NPL,6.018760739328127,4.8050637200000015,16.03235054016113
Nepal,2009,NPL,6.903479198729749,4.69078159,19.8729305267334
Nepal,2008,NPL,8.341606625683195,5.311275960000001,22.23003005981445
Nepal,2007,NPL,9.214495649255062,5.17588425,21.14613914489746
Nepal,2005,NPL,10.311302940699564,6.25147295,22.29421997070313
Nepal,2004,NPL,11.760488765270876,5.482848639999999,21.61335945129395
Nepal,2003,NPL,12.701030574724264,5.52154541,21.31265068054199
Nepal,2002,NPL,10.924402146199204,6.101346970000001,20.44404983520508
Nepal,2001,NPL,10.17415391181338,4.52761316,21.65620040893555
Nepal,2000,NPL,12.742978846451678,4.2507414799999985,19.15604019165039
Nepal,2011,NPL,5.327731091020837,4.8736372,17.98384094238281
Nicaragua,2014,NIC,4.070900805389782,16.911611559999997,23.04759979248047
Nicaragua,2015,NIC,4.089250505152779,17.550643919999995,22.28290939331055
Nicaragua,2016,NIC,4.579242457114752,17.32945824,21.32547950744629
Nicaragua,2017,NIC,5.4544595964234315,17.78736687,22.43330001831055
Nicaragua,2018,NIC,6.344488586946115,18.70357895,22.76133298341563
Nicaragua,2023,NIC,12.623093295307655,18.289672850000002,17.68857002258301
Nicaragua,2020,NIC,9.429181257331686,18.29687119,22.68764741595014
Nicaragua,2021,NIC,8.655782331737568,20.180524830000003,18.52223668663849
Nicaragua,2022,NIC,9.588471442522795,18.09780312,18.51920973594208
Nicaragua,2013,NIC,3.6784087339852936,15.985260009999996,
Nicaragua,2019,NIC,8.401895668361957,18.925168990000003,23.94110248643191
Nicaragua,2012,NIC,3.6234272693641287,15.566650390000001,
Nicaragua,2007,NIC,15.291413947279075,14.67852211,
Nicaragua,2010,NIC,4.515979976401232,15.736391069999996,26.40800094604492
Nicaragua,2009,NIC,5.2729005911723394,16.76971817,
Nicaragua,2008,NIC,4.919666975202037,14.583184240000003,
Nicaragua,2006,NIC,6.778839507896703,13.405312540000002,
Nicaragua,2005,NIC,8.019454395179201,11.79316902,
Nicaragua,2004,NIC,5.495369966172875,10.920972820000001,
Nicaragua,2003,NIC,11.11967475968527,12.24404907,14.88700008392334
Nicaragua,2002,NIC,10.562011555950003,13.145115849999996,15.68778991699219
Nicaragua,2001,NIC,12.223976218456025,12.790487290000002,
Nicaragua,2000,NIC,14.261509486603579,12.483801839999998,14.57369995117188
Nicaragua,2024,NIC,12.341334619427128,,11.0127834019803
Nicaragua,2011,NIC,4.466515861596274,15.000976559999998,
Niger,2000,NER,6.666041486064995,8.368264200000002,19.05752944946289
Niger,2001,NER,5.8278700371685215,8.34352493,16.65031051635742
Niger,2012,NER,2.173407354580639,6.249121189999999,19.19202041625977
Niger,2022,NER,7.732946074713717,7.1149826,12.3714513252292
Niger,2021,NER,5.442493869129797,8.747357370000001,11.95261605965375
Niger,2020,NER,5.646503869807099,10.34436893,13.33253984583846
Niger,2019,NER,4.662367493430806,9.37940311,13.01280543286008
Niger,2018,NER,4.3275402655029795,8.349277500000001,16.33996963500977
Niger,2017,NER,5.836646117363018,9.66281414,13.21516036987305
Niger,2016,NER,5.1993702350151905,5.685809139999999,15.34716033935547
Niger,2015,NER,3.2944133341594126,4.586344720000001,18.5121898651123
Niger,2014,NER,4.026989853504767,5.40269423,21.66150093078613
Niger,2013,NER,3.1036768314224124,6.555336479999999,18.07670021057129
Niger,2024,NER,12.597326177740676,,
Niger,2011,NER,1.928297214398289,8.299738880000001,20.11651992797852
Niger,2010,NER,1.55699206827574,9.177886959999999,19.08964920043945
Niger,2009,NER,2.2494219702592346,8.694140430000001,18.91250991821289
Niger,2008,NER,1.4106149538901058,9.1883316,16.17733001708984
Niger,2007,NER,1.623733936553235,8.63178158,17.3759708404541
Niger,2006,NER,6.4315217057006,13.54461861,16.88376998901367
Niger,2005,NER,3.833578504066562,12.34742451,
Niger,2004,NER,4.050021770108677,7.34862614,
Niger,2003,NER,4.83559207611381,7.629894259999999,13.84549999237061
Niger,2002,NER,3.5363204183587094,8.355998040000001,16.66684913635254
Niger,2023,NER,5.5451676625662545,6.15017557,12.80697460445993
Nigeria,2024,NGA,12.72903569384314,,2.978497053240286
Nigeria,2000,NGA,10.305039903481058,2.3668198600000006,
Nigeria,2012,NGA,0.36325541168004927,3.66798377,8.547881430944276
Nigeria,2022,NGA,4.250656507321005,4.3079586,4.302818010836684
Nigeria,2021,NGA,4.776154042074275,4.3079586,5.140225971926752
Nigeria,2020,NGA,2.9951041687915776,4.18390417,5.131436621204518
Nigeria,2019,NGA,2.3461789317684527,3.76171207,5.854971851660933
Nigeria,2018,NGA,2.6516725490918938,3.8811214,5.944552120925064
Nigeria,2017,NGA,0.7634640703414398,4.4423522900000005,6.120105477628156
Nigeria,2016,NGA,0.8974112912093588,4.8661375,6.652197285204825
Nigeria,2015,NGA,0.7271905253205696,5.3312463800000005,9.255510762521041
Nigeria,2014,NGA,0.3429270925882047,3.3363800000000006,9.037187638157349
Nigeria,2013,NGA,0.5324616847808493,3.45903826,8.67739295298641
Nigeria,2023,NGA,7.029311531496324,4.3079586,3.647272502361618
Nigeria,2010,NGA,0.4943422249457526,2.70293093,
Nigeria,2009,NGA,0.9134059510539645,3.69395757,
Nigeria,2008,NGA,0.886484152254225,4.594045159999999,
Nigeria,2007,NGA,2.074635021781981,4.29357767,
Nigeria,2006,NGA,24.418406150139482,7.32234478,
Nigeria,2005,NGA,29.12380662274868,6.40770292,
Nigeria,2004,NGA,7.133016273767996,6.55428886,
Nigeria,2003,NGA,6.814933276385145,4.00685167,
Nigeria,2002,NGA,7.851228178557916,2.74149632,
Nigeria,2001,NGA,10.937327572165087,2.77955914,
Nigeria,2011,NGA,0.48402113353662013,2.7714133299999997,
North Macedonia,2000,MKD,4.572802347410378,14.714315410000001,
North Macedonia,2001,MKD,10.10331985983187,12.199298859999999,
North Macedonia,2002,MKD,9.771037030735794,12.387857440000001,8.64087963104248
North Macedonia,2018,MKD,13.314823580778281,12.41411114,
North Macedonia,2024,MKD,10.434406816085701,,
North Macedonia,2023,MKD,15.93376709134611,12.049284929999999,
North Macedonia,2022,MKD,7.045721714795565,12.049284929999999,
North Macedonia,2021,MKD,19.401045160330767,13.004403109999998,
North Macedonia,2020,MKD,16.360896284559644,12.828359599999999,
North Macedonia,2019,MKD,8.448651859675774,13.556311609999998,
North Macedonia,2017,MKD,10.397116269561222,11.827318190000002,
North Macedonia,2016,MKD,11.88582187668942,13.053981779999997,
North Macedonia,2014,MKD,6.90243099357853,12.67158699,
North Macedonia,2013,MKD,15.182801327240059,13.927052499999999,
North Macedonia,2015,MKD,12.464185917268093,12.78399658,
North Macedonia,2011,MKD,5.548693117285732,12.73551083,
North Macedonia,2010,MKD,5.060444948814685,12.508528709999998,
North Macedonia,2009,MKD,4.2760600322257325,12.192071910000001,
North Macedonia,2008,MKD,3.9587784862605044,12.53623104,
North Macedonia,2007,MKD,13.147853036733997,12.846531870000003,
North Macedonia,2006,MKD,16.637427922677848,13.401445390000003,
North Macedonia,2005,MKD,6.010435750029278,13.467775339999998,
North Macedonia,2004,MKD,6.1416427564913585,13.833707809999998,
North Macedonia,2003,MKD,7.287735104980846,13.76112652,
North Macedonia,2012,MKD,7.217806706029624,12.43339729,
Pakistan,2017,PAK,9.177038900394766,4.7719540600000006,14.54477977752686
Pakistan,2014,PAK,5.09018257610825,3.3424859,11.30066013336182
Pakistan,2015,PAK,6.119086983100938,3.8504207099999994,13.18727970123291
Pakistan,2016,PAK,6.75056978358664,3.9600825299999998,15.06348037719727
Pakistan,2018,PAK,6.94998072218319,4.899493689999999,12.19247939863422
Pakistan,2024,PAK,15.50705521063962,,
Pakistan,2020,PAK,13.607996385179172,5.12285709,10.79621215389113
Pakistan,2021,PAK,15.139237752782467,6.021940229999999,7.817207608930894
Pakistan,2022,PAK,18.41884121142214,5.551161289999999,9.404403326004356
Pakistan,2013,PAK,5.0537635338465146,3.24930596,11.5139799118042
Pakistan,2019,PAK,14.79600144063686,4.95088243,11.59167957305908
Pakistan,2012,PAK,4.379956496374294,3.17061043,11.04063034057617
Pakistan,2000,PAK,12.991082912659751,6.25985909,8.489879608154297
Pakistan,2010,PAK,8.19883036714471,2.8897414199999996,11.86466026306152
Pakistan,2009,PAK,7.659797355269192,2.96314049,12.0826301574707
Pakistan,2008,PAK,6.1063241258381415,2.22334313,14.09696006774902
Pakistan,2007,PAK,6.682029596325047,2.8208477499999995,15.44552040100098
Pakistan,2006,PAK,7.825019642894388,3.2093622700000006,15.28909969329834
Pakistan,2005,PAK,9.321966771166485,3.9787476100000005,13.77750968933105
Pakistan,2004,PAK,19.536010017377816,4.51193905,11.22935009002686
Pakistan,2003,PAK,13.534248966259785,3.98216033,
Pakistan,2002,PAK,15.037233452712867,6.266855720000001,
Pakistan,2001,PAK,16.201497693522395,6.3066840200000005,
Pakistan,2023,PAK,18.362050573823133,4.68260336,9.755060195922852
Pakistan,2011,PAK,5.185002192602023,2.5431916699999997,10.92461013793945
Papua New Guinea,2002,PNG,15.37142447627331,8.476038929999998,
Papua New Guinea,2003,PNG,16.737147384236724,7.634612080000001,
Papua New Guinea,2014,PNG,1.495097497997162,7.470081810000001,
Papua New Guinea,2024,PNG,9.715887054173923,,
Papua New Guinea,2023,PNG,7.54611668147867,9.45044518,3.538144028340903
Papua New Guinea,2022,PNG,5.329640109161744,6.987823490000001,2.93439934399344
Papua New Guinea,2021,PNG,11.23347269143193,5.325120450000001,3.249732498124754
Papua New Guinea,2020,PNG,17.632215884113496,6.7297945,3.820020827104105
Papua New Guinea,2019,PNG,8.174380594259329,6.36984921,3.577650189049153
Papua New Guinea,2018,PNG,3.692678620515155,7.94931364,9.227100372314453
Papua New Guinea,2017,PNG,3.215448347317667,9.154980659999998,10.69820022583008
Papua New Guinea,2016,PNG,2.2664016161157314,8.04091835,4.091391353039993
Papua New Guinea,2015,PNG,1.7601356949431883,6.0310936,7.241795778039582
Papua New Guinea,2000,PNG,16.021782599556683,8.316667559999999,
Papua New Guinea,2013,PNG,1.5878761762920988,7.1877017,
Papua New Guinea,2012,PNG,2.015627636881185,8.12861252,
Papua New Guinea,2011,PNG,2.7816290552790868,7.604231830000001,
Papua New Guinea,2010,PNG,3.1965197916489574,7.069312099999999,
Papua New Guinea,2009,PNG,2.905602245583514,6.315184589999999,
Papua New Guinea,2008,PNG,8.465849493935297,7.664534090000001,
Papua New Guinea,2007,PNG,12.25214734005246,9.068861010000001,
Papua New Guinea,2006,PNG,9.744487651706514,8.3770504,
Papua New Guinea,2005,PNG,10.04709803973078,7.8258791,
Papua New Guinea,2004,PNG,14.387712827503297,8.74625015,
Papua New Guinea,2001,PNG,14.911626709455437,7.733428000000001,
Paraguay,2024,PRY,15.457900489244036,,16.83370971679688
Paraguay,2001,PRY,14.269395073343292,10.229555129999998,19.87921905517578
Paraguay,2003,PRY,19.364495116305168,10.3490591,20.89402961730957
Paraguay,2023,PRY,13.554034813804872,21.56653404,21.98883056640625
Paraguay,2022,PRY,11.716232110330344,20.26028252,24.06851005554199
Paraguay,2021,PRY,11.248829441299355,21.84190941,23.63689994812012
Paraguay,2020,PRY,7.202932285331524,18.262649539999998,24.52182006835938
Paraguay,2019,PRY,7.053161139890367,16.449121480000002,
Paraguay,2018,PRY,6.231935051721099,16.38777924,
Paraguay,2017,PRY,5.960934184965041,16.76217079,
Paraguay,2016,PRY,6.428786765302766,17.786001210000002,18.15431976318359
Paraguay,2015,PRY,4.883694592401453,17.55841637,
Paraguay,2002,PRY,16.096723249804988,8.3170042,18.81539916992188
Paraguay,2014,PRY,3.9542539817250066,18.451297759999996,
Paraguay,2012,PRY,5.147961617024319,16.355955119999997,19.63422966003418
Paraguay,2011,PRY,6.26388071114289,15.795856479999998,23.2977409362793
Paraguay,2010,PRY,8.430964954538315,14.52885723,18.76240921020508
Paraguay,2009,PRY,11.302875612888487,13.956901550000001,
Paraguay,2008,PRY,11.475173706999465,12.98832893,
Paraguay,2007,PRY,13.273718450001242,12.629590030000001,19.42472076416016
Paraguay,2006,PRY,17.189719153559725,11.86864185,
Paraguay,2005,PRY,20.995302675720026,10.888331410000001,
Paraguay,2004,PRY,26.211713744959148,10.34750175,18.21824073791504
Paraguay,2013,PRY,4.18576446358069,15.14324665,
Paraguay,2000,PRY,12.290631950064755,11.8494072,21.55938911437988
Peru,2000,PER,19.112447915686044,10.76997662,15.25037002563477
Peru,2023,PER,8.212489800735403,15.95128155,18.85771942138672
Peru,2024,PER,7.221118612439928,,19.20502090454102
Peru,2022,PER,4.446573261439356,16.663322450000003,16.47299957275391
Peru,2021,PER,3.0843147178868615,18.982542040000002,16.7178897857666
Peru,2020,PER,2.7777279955543053,16.6725502,15.92726039886475
Peru,2019,PER,4.890297873427661,15.345537189999998,17.7330207824707
Peru,2018,PER,4.72005068490904,14.89298248,17.15217971801758
Peru,2016,PER,4.6197970506880015,14.634330749999998,17.93577003479004
Peru,2015,PER,4.039878661213652,13.543408390000002,17.61537933349609
Peru,2014,PER,4.137000432578096,13.095902440000003,16.22751045227051
Peru,2013,PER,8.784403241410327,12.316324230000001,15.22194004058838
Peru,2012,PER,5.906845822987992,12.241564750000002,14.3694896697998
Peru,2017,PER,10.44818005906245,14.433391569999998,18.32115936279297
Peru,2010,PER,14.627658686860226,11.624312399999999,13.49236965179443
Peru,2009,PER,11.161290354343357,11.67159462,14.54763031005859
Peru,2008,PER,15.896791984262176,10.989997859999999,14.37782001495361
Peru,2007,PER,38.779612864454485,11.586437229999998,14.141770362854
Peru,2006,PER,15.111641847621044,11.56533909,14.03530025482178
Peru,2005,PER,29.422124723485638,12.590543750000002,14.27851963043213
Peru,2004,PER,18.901047946254582,11.77817726,15.273850440979
Peru,2003,PER,18.828392158395477,11.613115309999998,14.65830993652344
Peru,2002,PER,29.2580722495631,12.839011190000003,14.57806015014648
Peru,2011,PER,5.600824426204949,11.69203568,13.54423999786377
Peru,2001,PER,16.406723656087525,11.827191349999998,14.79623031616211
Philippines,2013,PHL,11.096368767301506,6.46710253,
Philippines,2014,PHL,10.288104466573007,7.505404469999999,15.51594074074074
Philippines,2015,PHL,10.24509697414836,8.256875990000001,15.14553296239448
Philippines,2016,PHL,10.748026038375242,7.751966949999999,16.64209634219468
Philippines,2021,PHL,7.236778571397763,9.820034979999999,16.68165934309809
Philippines,2018,PHL,6.454770177283163,7.34612989,18.69201292805947
Philippines,2019,PHL,7.975008426474696,7.788763520000001,18.16309199781207
Philippines,2020,PHL,6.02733874299825,9.00173473,16.89326487804878
Philippines,2012,PHL,11.81191040208034,6.201427460000001,
Philippines,2017,PHL,8.237585408852638,7.620329380000001,19.59042695522388
Philippines,2011,PHL,19.190780751274364,6.167432310000001,
Philippines,2024,PHL,8.171228893310339,,16.5494857826479
Philippines,2009,PHL,19.749158348237142,6.64473581,13.21115970611572
Philippines,2008,PHL,19.946760646775125,6.51014423,14.44198989868164
Philippines,2007,PHL,17.898803689003355,6.46384048,13.66701984405518
Philippines,2006,PHL,36.325066656016055,6.63096142,13.26852989196777
Philippines,2005,PHL,28.622488212755332,6.60978031,12.42236042022705
Philippines,2004,PHL,37.2052405420941,5.619200709999999,12.75084972381592
Philippines,2003,PHL,31.751307013361345,5.4588623,14.38022041320801
Philippines,2002,PHL,31.87709053591706,4.75280809,14.06892967224121
Philippines,2001,PHL,32.98550842745052,5.501558299999999,13.91590976715088
Philippines,2022,PHL,5.2578506834733085,8.9760952,15.69640052950076
Philippines,2010,PHL,25.60863647716151,7.182790279999999,
Philippines,2023,PHL,5.688873600095771,8.76994514,16.72798407365224
Philippines,2000,PHL,25.25313491856686,6.518385889999999,15.20676040649414
Rwanda,2000,RWA,5.775178367397054,3.5436115299999997,18.83532905578613
Rwanda,2022,RWA,4.210650612107238,8.202532770000001,12.76613998413086
Rwanda,2021,RWA,13.206529968372813,8.35194492,15.53223991394043
Rwanda,2020,RWA,3.3290046176956003,6.391299720000001,10.7835245127746
Rwanda,2019,RWA,2.988651064637725,6.27615356,10.99814605239757
Rwanda,2018,RWA,3.1588297747172582,6.230246070000001,10.80461025238037
Rwanda,2017,RWA,3.15846426549784,6.230246070000001,11.07960987091064
Rwanda,2016,RWA,2.962964777074656,6.230246070000001,12.2783899307251
Rwanda,2015,RWA,2.4893446263695767,7.9149455999999985,12.53905010223389
Rwanda,2014,RWA,2.335721733888324,7.981906409999999,13.73431968688965
Rwanda,2013,RWA,1.8257973065795785,8.304118159999998,16.8596305847168
Rwanda,2012,RWA,1.0968004314409925,8.36301804,15.81546974182129
Rwanda,2011,RWA,1.0771601748020272,8.90067959,15.34337997436523
Rwanda,2010,RWA,0.95460354046552,8.55642414,17.54805946350098
Rwanda,2009,RWA,0.8701571193804346,8.43024445,
Rwanda,2008,RWA,1.2149326770484992,8.076321599999998,15.59150981903076
Rwanda,2007,RWA,2.4826343776258986,7.792907240000001,17.78655052185059
Rwanda,2006,RWA,3.7543015721570074,7.202700609999999,
Rwanda,2005,RWA,3.972201771774951,8.09271908,
Rwanda,2004,RWA,5.890766992244599,10.78895473,
Rwanda,2003,RWA,4.9838502302559275,12.454895019999999,
Rwanda,2002,RWA,3.786142738811445,3.70572662,
Rwanda,2023,RWA,7.8580003486887176,8.923098559999998,15.02464008331299
Rwanda,2024,RWA,5.969327784213872,,14.19097995758057
Rwanda,2001,RWA,4.388897027178708,3.66130519,25.31314086914063
Samoa,2001,WSM,5.757504938129544,10.39145947,12.77033042907715
Samoa,2023,WSM,11.621669076625954,14.63303661,13.74215778569854
Samoa,2022,WSM,12.319578802326344,14.612712859999998,13.60028784624415
Samoa,2021,WSM,4.7485810730143,14.633056640000001,15.36419003988169
Samoa,2020,WSM,8.255097474531976,14.5670929,12.81194919965289
Samoa,2019,WSM,9.302898050262321,13.613756180000001,13.43494376785901
Samoa,2018,WSM,10.617775601219167,12.325143809999997,14.95538266968449
Samoa,2017,WSM,8.788421470375138,12.70851231,15.16972796096324
Samoa,2016,WSM,9.24870037665998,13.9399271,13.03890037536621
Samoa,2015,WSM,7.692906371313334,13.770232199999999,14.69388782500543
Samoa,2014,WSM,6.766999736018335,13.79793644,15.01105645050883
Samoa,2024,WSM,11.056609640628887,,12.87100790475802
Samoa,2013,WSM,6.057641541066057,13.1184063,14.65286453685526
Samoa,2011,WSM,4.743047081884855,10.89130402,11.03494443700629
Samoa,2010,WSM,5.284519424189342,13.228796960000002,8.817218542851569
Samoa,2009,WSM,4.357514622352949,12.670886040000001,
Samoa,2008,WSM,4.247434551495618,12.518671989999998,16.06422996520996
Samoa,2007,WSM,3.9166059710715726,10.55648518,
Samoa,2006,WSM,4.874293933359419,12.417721750000002,
Samoa,2005,WSM,3.8799454251040073,10.404938699999999,
Samoa,2004,WSM,5.316700228059535,11.03975582,
Samoa,2003,WSM,5.494124127749216,9.873785970000002,
Samoa,2002,WSM,5.338657304196599,11.100323679999999,12.79380035400391
Samoa,2012,WSM,5.1331318681255595,11.64214039,12.16064931430171
Samoa,2000,WSM,6.65457785019272,11.796875,10.46129989624023
Sao Tome and Principe,2012,STP,9.697160658988832,4.56686974,13.72161960601807
Sao Tome and Principe,2024,STP,1.5467102822861212,,18.08669695163878
Sao Tome and Principe,2023,STP,2.5853205557970598,8.7735281,18.34500625165563
Sao Tome and Principe,2022,STP,4.593534090003345,8.344574929999999,17.08632851845202
Sao Tome and Principe,2021,STP,1.899126993588977,13.14262199,16.58419120232069
Sao Tome and Principe,2020,STP,1.9810495813371534,12.803995129999999,16.12593579791158
Sao Tome and Principe,2019,STP,8.635839482971058,9.777804370000002,17.59244509009995
Sao Tome and Principe,2018,STP,3.6798656348920398,9.38566875,20.11654090881348
Sao Tome and Principe,2016,STP,1.5764383122103918,8.002157209999998,15.96667957305908
Sao Tome and Principe,2015,STP,1.6105904343879984,4.936841009999999,11.29734039306641
Sao Tome and Principe,2014,STP,11.922987902369693,7.77581406,12.32466983795166
Sao Tome and Principe,2013,STP,5.467426859058733,8.440089230000002,18.82966995239258
Sao Tome and Principe,2011,STP,1.18442209540222,4.30936193,11.38041578226418
Sao Tome and Principe,2017,STP,3.1432369684166885,10.76263332,18.39999961853027
Sao Tome and Principe,2009,STP,2.1053907246852748,3.2723731999999996,20.5607795715332
Sao Tome and Principe,2008,STP,3.5889606922849397,4.01797581,18.24863052368164
Sao Tome and Principe,2007,STP,9.582844929549271,4.276384349999999,16.65735054016113
Sao Tome and Principe,2006,STP,14.801647808618359,1.6916550399999999,14.08423042297363
Sao Tome and Principe,2005,STP,8.184001480636782,11.518960949999999,12.12547969818115
Sao Tome and Principe,2004,STP,10.242864532742562,8.563590050000002,5.85359001159668
Sao Tome and Principe,2003,STP,8.939493961757547,11.67833424,6.692009925842285
Sao Tome and Principe,2002,STP,9.974068683178519,8.540808680000001,6.560440063476563
Sao Tome and Principe,2001,STP,7.7799952717057055,7.026926040000001,
Sao Tome and Principe,2000,STP,41.34173704521986,32.571323389999996,
Sao Tome and Principe,2010,STP,1.475669304593848,4.100284579999999,19.3274097442627
Senegal,2014,SEN,4.984753945479105,4.67551136,24.80130958557129
Senegal,2015,SEN,5.884828597450889,4.69870329,23.77827072143555
Senegal,2016,SEN,5.777173931715436,4.45693302,21.33736991882324
Senegal,2017,SEN,9.264734607258518,4.49900484,21.1016902923584
Senegal,2018,SEN,10.4020673733659,4.96151876,22.65928077697754
Senegal,2023,SEN,11.797940938708336,3.574546339999999,22.54717094722479
Senegal,2020,SEN,11.30925439922255,5.84758186,19.21673965454102
Senegal,2021,SEN,15.080860979843017,3.8772430399999998,16.67687034606934
Senegal,2022,SEN,8.951880839722188,3.3444905300000003,16.49155044555664
Senegal,2012,SEN,5.6406526324907125,5.3075590099999985,20.79524993896484
Senegal,2019,SEN,8.217690209461137,3.5002796599999995,14.69312000274658
Senegal,2011,SEN,5.962026633049709,5.628116610000001,21.08696937561035
Senegal,2013,SEN,6.004004099624928,5.299931999999999,25.74234962463379
Senegal,2009,SEN,4.050396039689652,6.660274029999998,23.30044937133789
Senegal,2008,SEN,3.496579908243399,6.624814990000002,19.22613906860352
Senegal,2007,SEN,3.4289376948942256,5.9480786299999995,
Senegal,2006,SEN,6.339386705788399,8.266728400000002,17.95463943481445
Senegal,2005,SEN,6.212793015865874,8.544135090000001,21.77096939086914
Senegal,2004,SEN,15.245160346180322,8.96697044,16.96224975585938
Senegal,2003,SEN,12.696801550081252,9.04788303,16.11750984191895
Senegal,2002,SEN,16.430987425686265,8.636359209999998,16.72192001342773
Senegal,2001,SEN,15.692712427062192,9.010532379999997,15.72974014282227
Senegal,2000,SEN,21.675855106950515,8.959949490000001,17.61849021911621
Senegal,2024,SEN,17.302721496432746,,
Senegal,2010,SEN,4.2310072544988415,5.35332537,2.510600090026855
Serbia,2001,SRB,1.1164850163668223,13.56817055,
Serbia,2002,SRB,1.346793227821353,13.56817055,
Serbia,2014,SRB,7.328262717693324,12.021265029999999,
Serbia,2024,SRB,11.214364826364271,,
Serbia,2023,SRB,7.258558271586859,12.96566105,8.383540153503418
Serbia,2022,SRB,6.9008666840701895,13.953868870000003,7.449689865112305
Serbia,2021,SRB,8.20015595504735,13.6076746,7.086689949035645
Serbia,2020,SRB,10.480294253653494,10.999547,
Serbia,2019,SRB,15.058151804076553,12.030676839999998,8.604599952697754
Serbia,2018,SRB,14.791869076820447,12.448494909999999,8.804280281066895
Serbia,2017,SRB,15.650764167814533,11.788332940000002,9.256460189819336
Serbia,2016,SRB,9.510576439631928,11.648644449999997,8.69299030303955
Serbia,2015,SRB,8.399702180420404,11.918011669999999,
Serbia,2003,SRB,1.8764045896516959,13.563518520000002,
Serbia,2013,SRB,8.5811762087978,13.174777030000001,
Serbia,2012,SRB,5.403833595947906,12.839070320000001,
Serbia,2011,SRB,3.889277991758475,13.378961559999999,10.17957019805908
Serbia,2010,SRB,3.7873708676751487,13.561466219999996,
Serbia,2009,SRB,2.6197344585921307,13.469726559999998,10.48217964172363
Serbia,2008,SRB,2.263918224833777,12.929559709999998,
Serbia,2007,SRB,3.269745923074218,13.558921809999998,9.976639747619629
Serbia,2006,SRB,3.926597752696412,12.532203670000001,
Serbia,2005,SRB,2.606720760995916,13.61884022,
Serbia,2004,SRB,2.1642824836967245,13.705598830000003,
Sierra Leone,2000,SLE,12.029996253751618,5.450975420000001,20.72999954223633
Sierra Leone,2001,SLE,8.370719137718794,5.450975420000001,17.96999931335449
Sierra Leone,2024,SLE,5.534512990073786,,19.95918997330075
Sierra Leone,2003,SLE,6.011929931275371,5.450975420000001,17.31999969482422
Sierra Leone,2023,SLE,7.095941613898897,4.4684481599999994,
Sierra Leone,2022,SLE,5.646303581476849,4.4684481599999994,29.3700008392334
Sierra Leone,2021,SLE,4.830960300914693,5.666900629999999,33.42000198364258
Sierra Leone,2020,SLE,5.0881088507204,5.30239677,34.2400016784668
Sierra Leone,2019,SLE,5.788689891616416,5.84172201,35.0099983215332
Sierra Leone,2018,SLE,4.04484634343362,3.5992188500000006,32.72999954223633
Sierra Leone,2017,SLE,4.402909562599323,3.6321120299999996,19.88999938964844
Sierra Leone,2016,SLE,3.8672396292037092,4.44511318,12.47000026702881
Sierra Leone,2015,SLE,2.466422164839134,6.205217839999999,
Sierra Leone,2002,SLE,5.251567553682726,5.450975420000001,17.69999885559082
Sierra Leone,2014,SLE,2.5395725821814144,7.579884530000001,15.09000015258789
Sierra Leone,2012,SLE,1.73690801414739,4.75321102,14.13000011444092
Sierra Leone,2011,SLE,2.0595278005723725,5.35433006,12.40999984741211
Sierra Leone,2010,SLE,1.6885204830961582,6.5142416999999995,12.79999923706055
Sierra Leone,2009,SLE,1.6489720071199354,5.60554171,15.90000057220459
Sierra Leone,2008,SLE,1.310733239617718,4.41303635,14.92999935150146
Sierra Leone,2007,SLE,3.3653261553349014,5.450975420000001,19.75
Sierra Leone,2006,SLE,5.789599922349166,5.450975420000001,
Sierra Leone,2005,SLE,4.660439513823612,5.450975420000001,15.51000022888184
Sierra Leone,2004,SLE,7.119841439690842,5.450975420000001,17.14999961853027
Sierra Leone,2013,SLE,2.199077736513573,5.15012884,15.19999980926514
Solomon Islands,2001,SLB,2.3543691420756847,33.21530533,
Solomon Islands,2002,SLB,2.5353954865022224,34.48480606,
Solomon Islands,2003,SLB,10.143882439022748,35.179798129999995,
Solomon Islands,2000,SLB,4.553914463907628,23.80240631,
Solomon Islands,2020,SLB,1.016044419955627,8.973810199999999,30.49439159197995
Solomon Islands,2024,SLB,1.1047001574708228,,25.22878488543724
Solomon Islands,2019,SLB,1.0797169484314881,9.153508190000002,
Solomon Islands,2023,SLB,0.9278142529953286,8.40792561,23.19963245685154
Solomon Islands,2021,SLB,1.129800484909004,9.138154980000001,25.99682636108489
Solomon Islands,2022,SLB,0.9526063542182426,8.149282459999998,25.78161745826794
Solomon Islands,2018,SLB,1.0535723185175367,8.50990391,
Solomon Islands,2017,SLB,1.050118270890349,7.666484829999999,
Solomon Islands,2016,SLB,1.3932329014109102,7.96234083,
Solomon Islands,2014,SLB,1.466651884493944,7.421526909999999,
Solomon Islands,2015,SLB,1.1897212116425662,7.402406220000001,
Solomon Islands,2012,SLB,2.3163860286592333,10.03662777,
Solomon Islands,2011,SLB,2.911027454337868,10.618879320000001,
Solomon Islands,2010,SLB,5.094863644251686,12.317749980000004,33.12895965576172
Solomon Islands,2009,SLB,4.551689851550734,12.50418663,29.35206985473633
Solomon Islands,2008,SLB,8.010430912903919,11.70896435,28.40707969665527
Solomon Islands,2007,SLB,7.806492246457933,20.93453407,34.68080902099609
Solomon Islands,2006,SLB,3.7992159288166647,26.3789711,
Solomon Islands,2005,SLB,9.153841426881856,37.61906815,
Solomon Islands,2013,SLB,1.4466842609711654,6.638446330000001,
Solomon Islands,2004,SLB,8.23295258750656,33.372295380000004,
"Somalia, Fed. Rep.",2014,SOM,0.0,4.1115641599999995,
"Somalia, Fed. Rep.",2013,SOM,0.0,5.762828830000001,
"Somalia, Fed. Rep.",2015,SOM,0.0,5.251731870000001,1.421131717311304
"Somalia, Fed. Rep.",2017,SOM,0.0,4.7264437699999995,2.223461869229261
"Somalia, Fed. Rep.",2018,SOM,0.0,4.083561899999999,2.961797677124395
"Somalia, Fed. Rep.",2019,SOM,0.0,4.136495590000001,4.287322881221026
"Somalia, Fed. Rep.",2020,SOM,101.83551718880044,4.212816720000001,2.99771462084585
"Somalia, Fed. Rep.",2021,SOM,3.6154372423624106,7.1242857,3.650244490654222
"Somalia, Fed. Rep.",2022,SOM,2.1366751443994154,4.42007399,2.762152554394516
"Somalia, Fed. Rep.",2024,SOM,0.6030062519691021,,6.955547596212627
"Somalia, Fed. Rep.",2016,SOM,0.0,5.7761182799999995,1.314840640059248
"Somalia, Fed. Rep.",2023,SOM,2.1855512998247977,7.904469970000001,3.591566981105978
South Africa,2017,ZAF,4.859773606254217,15.28983974,18.71928977966309
South Africa,2000,ZAF,6.7532751597426595,11.855307579999998,0.0
South Africa,2001,ZAF,8.692494372016986,10.622845649999999,20.47204971313477
South Africa,2002,ZAF,6.648721428266765,10.379812240000001,20.09569931030273
South Africa,2003,ZAF,5.235654054206869,12.33823776,19.59230041503906
South Africa,2004,ZAF,3.4386753550173323,12.029251099999996,19.93462944030762
South Africa,2005,ZAF,5.62395064915401,10.91880608,19.92498970031738
South Africa,2006,ZAF,5.789315343474808,13.095091819999999,18.00498962402344
South Africa,2007,ZAF,3.3541846444601946,13.509318349999997,18.02706909179688
South Africa,2008,ZAF,3.842225602314129,13.01471424,17.90630912780762
South Africa,2009,ZAF,3.379379880192264,13.369973180000002,18.30625915527344
South Africa,2010,ZAF,2.740092244626088,14.115259169999998,18.04437065124512
South Africa,2016,ZAF,5.883645057217458,15.28983974,18.04874038696289
South Africa,2011,ZAF,2.931512623294768,14.67442226,18.66229057312012
South Africa,2012,ZAF,4.812611458312188,14.467313769999999,19.66995048522949
South Africa,2015,ZAF,15.194433863098775,15.237735749999995,18.69935035705566
South Africa,2013,ZAF,7.2669429888591335,14.337916369999999,18.69659996032715
South Africa,2014,ZAF,3.9639035724264846,14.9161272,18.98916053771973
South Africa,2018,ZAF,12.855037398833872,15.28983974,18.90159034729004
South Africa,2019,ZAF,6.279967274664547,15.28983974,19.60577011108398
South Africa,2020,ZAF,9.503348471568357,16.88567543,19.65570068359375
South Africa,2021,ZAF,8.26536804523257,16.88567543,18.93695068359375
South Africa,2022,ZAF,10.528463336931985,16.88567543,18.89266014099121
South Africa,2023,ZAF,8.073072776257732,16.88567543,19.17062950134277
South Africa,2024,ZAF,6.754393744671318,,18.51523017883301
Sri Lanka,2011,LKA,8.251192431976486,7.9651293800000005,9.110159873962402
Sri Lanka,2015,LKA,14.934503344133454,8.40127754,10.95026016235352
Sri Lanka,2016,LKA,13.167024724602033,8.56482697,17.728759765625
Sri Lanka,2017,LKA,20.47838927480282,7.637226100000001,14.49975967407227
Sri Lanka,2018,LKA,26.767522167359093,9.485338209999998,11.33090019226074
Sri Lanka,2019,LKA,28.678884523687813,8.91490173,
Sri Lanka,2023,LKA,9.461601042788182,6.329810139999999,8.67846709056539
Sri Lanka,2021,LKA,23.39504070846801,11.307534219999999,5.038812340874119
Sri Lanka,2022,LKA,14.53574214345728,8.208997729999998,5.345830425661076
Sri Lanka,2014,LKA,23.700125377438795,9.03347492,10.82396030426025
Sri Lanka,2024,LKA,14.381736864056617,,7.222699914015478
Sri Lanka,2020,LKA,23.331641578143127,9.739577290000001,5.468591600836235
Sri Lanka,2013,LKA,10.404393803599632,10.100180629999999,9.419949531555176
Sri Lanka,2009,LKA,10.607212868759403,7.83871508,8.270790100097656
Sri Lanka,2010,LKA,10.402128209615572,7.834822180000001,8.605660438537598
Sri Lanka,2008,LKA,10.94938292643471,8.72877598,
Sri Lanka,2007,LKA,9.586610360290479,9.326903340000001,
Sri Lanka,2006,LKA,10.032949745983728,9.56101894,
Sri Lanka,2005,LKA,5.349836035571458,10.13588715,
Sri Lanka,2004,LKA,11.560867313214409,11.049073220000002,
Sri Lanka,2003,LKA,11.20785939083449,10.382929800000003,
Sri Lanka,2002,LKA,12.159607132465432,10.37383842,
Sri Lanka,2001,LKA,12.248385620719814,9.517231940000002,
Sri Lanka,2000,LKA,14.203930403644897,10.137949940000002,
Sri Lanka,2012,LKA,14.310403624668638,8.063390729999998,8.39402961730957
St. Lucia,2004,LCA,8.241399732119643,6.864689349999999,15.04104042053223
St. Lucia,2003,LCA,11.70516684234759,7.162528510000001,15.42216014862061
St. Lucia,2002,LCA,8.05243735451401,7.76684618,
St. Lucia,2018,LCA,9.178605660304829,8.518118859999998,14.30671977996826
St. Lucia,2000,LCA,14.168465015312712,8.085531229999999,
St. Lucia,2005,LCA,9.250721164041444,6.1630129799999995,16.30697059631348
St. Lucia,2001,LCA,11.071197639351618,8.09102249,25.85462951660156
St. Lucia,2006,LCA,9.851112429813737,6.310676099999999,19.01137924194336
St. Lucia,2007,LCA,13.985876160059195,6.902073859999999,
St. Lucia,2008,LCA,15.237129264091283,7.2154650700000005,19.9433708190918
St. Lucia,2017,LCA,9.169406735511942,8.7464056,14.09973625126395
St. Lucia,2024,LCA,11.366735067656917,,13.84879365079365
St. Lucia,2023,LCA,10.05010795219871,9.786120409999999,11.99497985839844
St. Lucia,2021,LCA,8.23351045012592,10.01902866,14.46758634149414
St. Lucia,2020,LCA,7.9857235309393895,8.599604609999998,14.39326953887939
St. Lucia,2019,LCA,8.919479888330523,8.279419899999999,14.0734395980835
St. Lucia,2022,LCA,8.721224331767067,9.877491000000001,16.89816093444824
St. Lucia,2014,LCA,8.651867929359423,8.1174612,15.30152034759521
St. Lucia,2013,LCA,8.594676533801533,8.15996075,13.84786033630371
St. Lucia,2012,LCA,9.960936665591102,7.283937450000001,12.19244956970215
St. Lucia,2011,LCA,10.218815458304151,6.730288509999999,13.83675956726074
St. Lucia,2010,LCA,10.697177967015268,6.981131080000002,14.20207977294922
St. Lucia,2009,LCA,12.228835794477586,7.39783144,13.89531993865967
St. Lucia,2015,LCA,16.424042649575846,8.40323257,16.45298004150391
St. Lucia,2016,LCA,10.298062456223416,8.515809059999999,21.97570037841797
St. Vincent and the Grenadines,2007,VCT,14.393512697067532,7.859575749999999,20.03841018676758
St. Vincent and the Grenadines,2000,VCT,11.019866527426682,11.68052864,30.78919982910156
St. Vincent and the Grenadines,2001,VCT,10.626870834473017,11.23740292,
St. Vincent and the Grenadines,2002,VCT,9.422293901649953,10.86500263,28.70130920410156
St. Vincent and the Grenadines,2003,VCT,10.409876129501416,10.121815680000001,31.47550964355469
St. Vincent and the Grenadines,2004,VCT,14.130724966936922,9.933197980000001,
St. Vincent and the Grenadines,2005,VCT,15.264122215763503,9.00889111,22.59198951721191
St. Vincent and the Grenadines,2006,VCT,19.90120272298797,8.33322239,
St. Vincent and the Grenadines,2012,VCT,18.732456587942874,10.48249531,
St. Vincent and the Grenadines,2010,VCT,16.048214806388867,8.20729446,15.48563003540039
St. Vincent and the Grenadines,2011,VCT,16.50369325292175,8.159682270000001,
St. Vincent and the Grenadines,2013,VCT,14.085114571713417,9.072203640000001,
St. Vincent and the Grenadines,2014,VCT,12.554664835448943,8.326664919999999,
St. Vincent and the Grenadines,2015,VCT,14.945952169114301,9.153489109999999,17.2
St. Vincent and the Grenadines,2016,VCT,18.211998916090963,9.55696583,20.14841079711914
St. Vincent and the Grenadines,2017,VCT,17.55351113770703,10.105023379999999,20.19763946533203
St. Vincent and the Grenadines,2018,VCT,18.95962225952701,10.646690370000002,19.8603401184082
St. Vincent and the Grenadines,2019,VCT,16.476846529441538,9.85360909,
St. Vincent and the Grenadines,2020,VCT,14.178890102862004,9.96682358,13.0
St. Vincent and the Grenadines,2021,VCT,9.563356482869878,9.59724998,
St. Vincent and the Grenadines,2022,VCT,8.99717616221286,8.70174885,15.2270812769575
St. Vincent and the Grenadines,2023,VCT,8.877463535125868,7.88985729,12.8554647399902
St. Vincent and the Grenadines,2024,VCT,8.354921721112305,,12.62687748820431
St. Vincent and the Grenadines,2009,VCT,16.32843876579472,8.065423970000001,17.33849906921387
St. Vincent and the Grenadines,2008,VCT,14.539232223472979,8.15413094,
Sudan,2020,SDN,3.6829243833435674,9.54511547,
Sudan,2024,SDN,8.27175654435833,,
Sudan,2023,SDN,5.246778037241237,7.146174429999999,
Sudan,2022,SDN,2.838984669108294,4.6226062799999985,
Sudan,2021,SDN,48.799557215550415,7.861412049999998,
Sudan,2018,SDN,3.688879726913505,6.17103291,
Sudan,2017,SDN,3.7398459143931193,8.324994090000002,
Sudan,2016,SDN,4.363372252454123,12.92873669,
Sudan,2015,SDN,6.436436258493751,6.66369581,
Sudan,2014,SDN,3.0297656251587086,10.61807156,
Sudan,2013,SDN,3.529545837561901,7.517609599999998,
Sudan,2012,SDN,4.397253923433086,9.06086254,
Sudan,2011,SDN,4.292914797087835,7.035676959999998,
Sudan,2019,SDN,3.0391856515840256,5.55815172,
Sudan,2009,SDN,4.665825749679397,14.019545560000001,10.78182029724121
Sudan,2008,SDN,2.258148565836268,8.78631306,9.392780303955078
Sudan,2007,SDN,2.6342759919662044,10.46531487,
Sudan,2006,SDN,3.08938638837046,9.4422226,8.25316047668457
Sudan,2005,SDN,4.795199600107567,8.099486350000001,5.966800212860107
Sudan,2004,SDN,6.444870946068384,9.52674675,7.949240207672119
Sudan,2003,SDN,9.206892865323917,10.071520809999999,
Sudan,2002,SDN,6.181726114327515,10.707191470000001,11.04489040374756
Sudan,2001,SDN,11.617841307035198,11.368736269999996,
Sudan,2000,SDN,13.592487895426109,11.77479267,9.116889953613281
Sudan,2010,SDN,4.244711559444577,9.48801804,
Suriname,2024,SUR,16.025693133000214,,8.553004298996902
Suriname,2023,SUR,12.692641801887783,11.5488596,7.536292151822169
Suriname,2022,SUR,7.820323798474278,14.050548550000002,10.9554367201426
Suriname,2021,SUR,9.189366652251037,10.20583725,11.78294573643411
Suriname,2020,SUR,11.371643656006245,13.350059509999998,13.94234545597361
Suriname,2017,SUR,12.824538003941566,11.39440918,17.32357800330422
Suriname,2018,SUR,15.274657353887294,17.12870979,14.72417251755266
Suriname,2016,SUR,15.946971962984396,13.708869930000006,16.07541860914182
Suriname,2015,SUR,3.4183585766554745,10.856288909999998,11.37659899072879
Suriname,2019,SUR,11.217353799536808,15.045205119999997,15.27698863636364
Syrian Arab Republic,2008,SYR,5.67468206959822,6.838247779999999,20.04079055786133
Syrian Arab Republic,2009,SYR,4.286702152364116,5.95036459,19.18404960632324
Syrian Arab Republic,2010,SYR,3.60549812502965,5.12483168,
Tajikistan,2010,TJK,4.109253199169417,4.56338024,15.49219989776611
Tajikistan,2006,TJK,8.974631159416251,4.3291769,15.84657001495361
Tajikistan,2009,TJK,5.0055629017586085,4.59137583,17.35973930358887
Tajikistan,2008,TJK,7.541033671708397,6.78862953,17.2426700592041
Tajikistan,2005,TJK,8.64514408826263,4.3151516899999995,15.33973026275635
Tajikistan,2013,TJK,5.469768561509763,6.867308619999998,17.3689571897652
Tajikistan,2003,TJK,12.935773193650679,4.03528118,12.70823955535889
Tajikistan,2002,TJK,14.366238088247984,4.21875,14.63924980163574
Tajikistan,2001,TJK,17.661706825309743,5.05747128,14.00712966918945
Tajikistan,2000,TJK,11.563794723631728,4.8929662700000005,12.72385025024414
Tajikistan,2011,TJK,3.9674631978360178,5.375976089999999,16.20780944824219
Tajikistan,2004,TJK,13.323152628087104,4.4186048499999995,13.70965957641602
Tajikistan,2012,TJK,5.561567072349031,6.503019329999999,16.24967956542969
Tajikistan,2007,TJK,6.265855327948298,5.30023098,16.82249069213867
Tajikistan,2024,TJK,7.010312437518379,,19.25516240406395
Tajikistan,2014,TJK,5.20706789438096,7.562455179999999,17.79638391116646
Tajikistan,2015,TJK,5.0303548611251285,6.409376620000001,16.3986701965332
Tajikistan,2016,TJK,6.455242667158617,6.09424782,17.03836344891204
Tajikistan,2017,TJK,5.893654611934016,5.885677339999999,18.14115030542452
Tajikistan,2018,TJK,8.345593623479276,6.144578929999999,15.88862268984674
Tajikistan,2019,TJK,8.534961214428725,6.58593607,18.22823856874412
Tajikistan,2020,TJK,6.936726551040576,7.3759446099999995,17.29742307954632
Tajikistan,2021,TJK,8.906526439359688,7.020937919999999,15.04331613819054
Tajikistan,2022,TJK,9.179321153274095,6.391790870000001,18.3473626996201
Tajikistan,2023,TJK,7.744565565450198,6.138509749999999,17.22547497292963
Tanzania,2013,TZA,1.9192003258993267,6.30686235,19.11519213018508
Tanzania,2014,TZA,2.7700673787077754,6.93784666,17.29710006713867
Tanzania,2015,TZA,4.061477029986266,7.330629350000001,17.63455049746813
Tanzania,2016,TZA,7.317205633579219,9.52143383,17.20423195750261
Tanzania,2017,TZA,7.896791647460881,9.52143383,24.39653968811035
Tanzania,2023,TZA,12.27978043641514,5.135169979999999,13.70423764362136
Tanzania,2019,TZA,11.019437247826659,9.438010219999999,14.2921084679586
Tanzania,2020,TZA,12.041219549388698,4.940001490000001,13.62855799097489
Tanzania,2021,TZA,11.457059931217318,5.135169979999999,13.53700810698688
Tanzania,2012,TZA,1.2842910428087524,6.00571394,16.87873519645095
Tanzania,2018,TZA,9.633158898720406,9.414731980000001,20.50494003295898
Tanzania,2011,TZA,1.2591154476627862,6.762119290000001,17.61824331453819
Tanzania,2005,TZA,2.3078993088244424,12.619913100000002,18.14314079284668
Tanzania,2009,TZA,0.9342333824714184,7.583961489999998,17.68234062194824
Tanzania,2008,TZA,0.6892787155173874,12.485500340000002,18.94046974182129
Tanzania,2007,TZA,1.1419040151702544,10.88657188,19.4492301940918
Tanzania,2006,TZA,2.200389161877888,13.508828160000002,15.01506996154785
Tanzania,2022,TZA,10.971311005464278,5.135169979999999,14.33210929641049
Tanzania,2004,TZA,3.258433709272001,11.553483009999999,19.49263954162598
Tanzania,2003,TZA,3.364594773607609,9.708517070000001,
Tanzania,2002,TZA,5.136951496083611,9.78842449,
Tanzania,2001,TZA,8.4063722783725,8.79931068,
Tanzania,2000,TZA,9.519900309705596,6.052000519999999,
Tanzania,2010,TZA,1.4036577782808946,7.32137966,19.8020191192627
Tanzania,2024,TZA,12.001256076121944,,13.40809811638705
Thailand,2014,THA,2.2896003430236704,12.662229540000002,20.5354099009901
Thailand,2000,THA,19.68442225980502,9.24875259,28.38859939575195
Thailand,2015,THA,2.4136656187461787,12.47859097,20.62309902912622
Thailand,2016,THA,0.9187391767408326,13.580285069999997,19.80216498559078
Thailand,2017,THA,0.8739939911491958,13.10431576,18.36236743072186
Thailand,2018,THA,1.5762704082696526,13.123561859999999,17.16620983606557
Thailand,2019,THA,2.066347252059123,13.280451769999999,17.01423333333333
Thailand,2020,THA,5.410469417431311,12.153778079999999,15.431959375
Thailand,2021,THA,0.9152670290505038,13.70460606,14.69172283427898
Thailand,2022,THA,1.5663303327879006,16.01324844,14.64165161290322
Thailand,2023,THA,4.889722776221554,15.55608273,14.18629827315542
Thailand,2012,THA,1.3385199245996315,12.640997890000003,21.39679908752441
Thailand,2013,THA,2.563732818508748,12.163231849999999,19.12552070617676
Thailand,2024,THA,2.9601087623820788,,13.09098850574713
Thailand,2010,THA,1.3631976905468002,11.564141269999997,16.22262001037598
Thailand,2001,THA,21.50701583796537,8.37690735,24.24134063720703
Thailand,2002,THA,23.808308886760663,8.71551132,16.22293090820313
Thailand,2003,THA,26.91673759503234,11.456794740000001,20.8663501739502
Thailand,2011,THA,1.8432768065124578,12.84227848,22.63023948669434
Thailand,2004,THA,15.102828198663074,10.713467599999998,21.45767021179199
Thailand,2005,THA,8.583848379411156,10.5017271,20.54681968688965
Thailand,2006,THA,7.745725675983812,12.11568642,22.0027904510498
Thailand,2007,THA,4.026494477763383,12.384465220000001,18.48467063903809
Thailand,2008,THA,4.831967997656126,13.49731636,18.16284942626953
Thailand,2009,THA,1.7277804615520465,12.45869255,18.17830085754395
Timor-Leste,2023,TLS,1.402399342670977,9.16237926,
Timor-Leste,2013,TLS,0.003503018558545129,4.624441150000001,5.893179893493652
Timor-Leste,2014,TLS,0.010956516325831856,3.718555450000001,6.772870063781738
Timor-Leste,2015,TLS,0.01936555368169955,4.50545216,8.636969566345215
Timor-Leste,2016,TLS,0.04401336702257723,3.0717392000000006,7.246910095214844
Timor-Leste,2017,TLS,0.1251491161479232,5.14604425,8.217690467834473
Timor-Leste,2018,TLS,0.23757644972726044,4.621151450000001,8.005629539489746
Timor-Leste,2020,TLS,0.6034598531066842,6.59020758,6.956637108994876
Timor-Leste,2021,TLS,0.578587367397534,6.970731259999999,7.470769802551831
Timor-Leste,2022,TLS,0.8554214781111031,8.902881620000002,
Timor-Leste,2024,TLS,1.3300568417277436,,6.275140230587752
Timor-Leste,2019,TLS,0.5048894177752541,4.193409920000001,6.869692216372372
Togo,2020,TGO,5.028338881060307,3.8512246599999997,18.14345287396986
Togo,2024,TGO,8.886784586964861,,11.64543515210437
Togo,2023,TGO,7.558521703005554,2.5608844799999995,14.82360413302916
Togo,2022,TGO,8.928038775045527,2.5608844799999995,14.47581978700893
Togo,2021,TGO,6.114613154853179,2.5608844799999995,17.45342364551913
Togo,2019,TGO,7.476579776781313,5.381740089999999,19.23478396953854
Togo,2018,TGO,6.258438136443859,5.4890213,21.76909065246582
Togo,2017,TGO,7.280400283565324,6.450406070000001,23.14003944396973
Togo,2015,TGO,3.3839542937090976,4.03825331,16.21163940429688
Togo,2014,TGO,3.472617652098467,4.55810213,15.63267993927002
Togo,2013,TGO,4.082832699175713,4.68965626,15.49767971038818
Togo,2012,TGO,2.305748843656399,6.10906744,17.68042945861816
Togo,2011,TGO,1.5965074296287358,5.66925287,16.90378952026367
Togo,2016,TGO,4.765184767501893,4.2586369500000005,15.99131011962891
Togo,2009,TGO,7.809174245073555,4.7768583300000005,19.37198066711426
Togo,2008,TGO,33.73233143172822,4.84371662,19.24566078186035
Togo,2007,TGO,1.0328310668729053,4.344953540000001,18.15452003479004
Togo,2006,TGO,3.6872023970398815,3.83191919,17.28664970397949
Togo,2005,TGO,2.03208201546341,3.8008155799999996,17.67807960510254
Togo,2004,TGO,1.3500058815500193,4.205553529999999,21.83069038391113
Togo,2003,TGO,1.30427443577286,4.242087840000001,27.75642967224121
Togo,2002,TGO,1.3463065778450416,4.051334379999999,30.70002937316895
Togo,2001,TGO,8.588233982503295,2.9947822100000003,25.73135948181152
Togo,2000,TGO,6.08147635404607,2.4448416200000005,24.42370986938477
Togo,2010,TGO,5.105740768749949,7.4458599099999985,19.61576080322266
Tonga,2013,TON,4.2509474429784815,8.108627320000002,
Tonga,2014,TON,4.714359552962494,9.176876070000002,
Tonga,2015,TON,3.931354478531919,7.38243437,
Tonga,2016,TON,3.9510157726383923,8.031248090000002,
Tonga,2017,TON,3.053384225296835,7.324023250000001,11.07814541206856
Tonga,2023,TON,6.6992419023134016,7.062358379999999,8.442249580302184
Tonga,2019,TON,2.775663221498142,7.5142416999999995,12.99594240349265
Tonga,2020,TON,3.148780178682955,7.881091590000001,10.73154864869994
Tonga,2022,TON,4.686693070687713,8.654248240000001,9.76537216828479
Tonga,2012,TON,4.664235413835953,8.685415270000002,
Tonga,2018,TON,4.98045371302707,8.06625938,11.27844772078499
Tonga,2011,TON,4.436946510940837,8.39936638,
Tonga,2021,TON,2.0639631806208083,7.3447637599999975,10.1174321653832
Tonga,2009,TON,5.141830239190716,12.71696186,
Tonga,2008,TON,6.5943210746253,12.08120918,
Tonga,2007,TON,6.761592797433233,13.68093872,
Tonga,2006,TON,5.361919771161981,11.15502167,
Tonga,2005,TON,9.42335675032659,13.109792709999999,
Tonga,2004,TON,9.49343910077365,12.73838425,19.09716987609863
Tonga,2003,TON,8.883177882800467,12.088766099999997,18.61911964416504
Tonga,2002,TON,8.738025521864724,12.137666699999997,15.82658004760742
Tonga,2001,TON,7.674158934894873,12.73616314,22.10918045043945
Tonga,2000,TON,11.199753757265047,11.413064959999996,22.95586013793945
Tonga,2024,TON,14.991341393926241,,9.32964222353637
Tonga,2010,TON,4.815072278530548,10.06633854,
Tunisia,2000,TUN,32.188013295236985,10.54292107,24.5917797088623
Tunisia,2001,TUN,22.389852078710764,10.575681690000001,24.64776039123535
Tunisia,2013,TUN,12.517677839970462,12.498271940000002,
Tunisia,2023,TUN,15.305371237034965,12.100215910000001,18.10789713042393
Tunisia,2022,TUN,17.10629559255631,10.83969498,19.97026247720816
Tunisia,2021,TUN,22.40223659779999,12.38628578,19.75151556248728
Tunisia,2020,TUN,16.402221431097548,12.48706436,20.81347541533815
Tunisia,2019,TUN,20.140860988819046,12.078944209999998,17.64667720415611
Tunisia,2018,TUN,15.713740811519427,10.78331375,
Tunisia,2017,TUN,18.399598141974113,11.561422349999997,
Tunisia,2016,TUN,13.670372447143569,12.515083309999998,
Tunisia,2015,TUN,12.619192168886373,12.179168699999998,22.66534042358398
Tunisia,2014,TUN,12.668778892816446,13.54343796,
Tunisia,2002,TUN,23.421770355366405,10.98641014,22.88013076782227
Tunisia,2012,TUN,15.90138694506343,12.638530730000003,20.99101066589355
Tunisia,2011,TUN,17.39302879208203,12.386133190000002,
Tunisia,2010,TUN,17.662414348277945,13.031821249999998,24.84683036804199
Tunisia,2009,TUN,16.44438850587648,12.0754261,25.26201057434082
Tunisia,2008,TUN,15.307730615052591,11.841457370000004,25.25867080688477
Tunisia,2007,TUN,22.354481577661364,11.847336769999997,26.42863082885742
Tunisia,2006,TUN,26.573768402859084,11.73456955,26.86130905151367
Tunisia,2005,TUN,22.058443594780396,11.35010338,26.6956901550293
Tunisia,2004,TUN,25.43214646146184,11.54679012,27.83381080627441
Tunisia,2003,TUN,22.295994372899568,11.407844540000001,27.68428993225098
Tunisia,2024,TUN,18.543977650792026,,17.80989549368782
Turkiye,2024,TUR,6.6428287251330005,,
Turkiye,2000,TUR,9.029844075656705,7.1863274599999984,
Turkiye,2013,TUR,2.980875429717421,10.16183186,12.89196968078613
Turkiye,2022,TUR,8.636728921803046,10.18368053,11.32629013061523
Turkiye,2021,TUR,9.250809451152154,11.488198280000002,11.30918025970459
Turkiye,2020,TUR,7.369268594065923,10.49731636,11.63362979888916
Turkiye,2019,TUR,6.875239197669019,9.53611851,12.52369976043701
Turkiye,2018,TUR,5.785214713042495,9.29888058,12.53085994720459
Turkiye,2017,TUR,5.996980814915454,9.960300449999998,13.25858020782471
Turkiye,2016,TUR,4.404533330907527,9.94375896,13.69145965576172
Turkiye,2015,TUR,3.8832036720506142,9.90802383,13.26185035705566
Turkiye,2014,TUR,3.8326660004599917,10.290031429999999,13.52735042572021
Turkiye,2001,TUR,12.906038696593376,7.464413640000001,
Turkiye,2023,TUR,6.437405383907205,9.78045368,
Turkiye,2011,TUR,4.10677709322,11.221045490000002,12.86585998535156
Turkiye,2010,TUR,3.886733380487913,11.037673950000002,
Turkiye,2009,TUR,4.71217510484934,11.880593300000001,
Turkiye,2008,TUR,4.956012128580968,11.25649643,
Turkiye,2007,TUR,5.282337554877606,10.952284809999998,
Turkiye,2006,TUR,5.792416305526358,10.55690098,
Turkiye,2005,TUR,7.769629944647086,10.324464800000001,
Turkiye,2004,TUR,8.637087822896545,10.18661499,
Turkiye,2003,TUR,10.241590160787778,9.29146957,
Turkiye,2002,TUR,10.310055515488974,8.636954309999997,
Turkiye,2012,TUR,3.4996214034437654,10.30854511,12.85289001464844
Turkmenistan,2000,TKM,37.06533984714874,13.335981369999999,
Turkmenistan,2001,TKM,34.753750854077076,13.359631540000004,
Turkmenistan,2002,TKM,32.55611059558453,13.472137449999996,
Turkmenistan,2018,TKM,32.16106200926734,8.71407223,
Turkmenistan,2024,TKM,9.513255949362739,,27.62454986572266
Turkmenistan,2023,TKM,13.170915958407031,8.61905384,19.10349082946777
Turkmenistan,2022,TKM,14.994469675315852,8.46009445,28.68071937561035
Turkmenistan,2021,TKM,24.58110827512218,8.68343639,29.08345031738281
Turkmenistan,2020,TKM,33.75311007094766,8.70857811,27.99839973449707
Turkmenistan,2019,TKM,35.00578124190739,8.71422386,23.01025009155273
Turkmenistan,2017,TKM,25.302698509671238,8.71392441,
Turkmenistan,2016,TKM,29.311171860329605,8.713675500000003,
Turkmenistan,2014,TKM,20.889922653306716,8.713743209999999,
Turkmenistan,2013,TKM,6.609278114101251,8.70965767,
Turkmenistan,2015,TKM,23.486553918409143,8.711454390000002,
Turkmenistan,2011,TKM,5.98097073814841,8.70032692,
Turkmenistan,2010,TKM,5.930414443774851,8.7116909,
Turkmenistan,2009,TKM,6.321590051067756,8.706227300000004,
Turkmenistan,2008,TKM,7.288066962560786,8.709638600000002,
Turkmenistan,2007,TKM,5.566083540589413,10.32131672,
Turkmenistan,2006,TKM,6.887588132407325,10.335492129999997,
Turkmenistan,2005,TKM,6.703402190492458,10.27287388,
Turkmenistan,2004,TKM,13.880225078590044,12.82281208,
Turkmenistan,2003,TKM,18.51083282017707,13.997389790000003,
Turkmenistan,2012,TKM,5.833235863094429,8.70549202,20.79550933837891
Uganda,2017,UGA,3.450138489566096,3.9216382499999995,12.19733047485352
Uganda,2014,UGA,2.0272574697070334,7.008980749999999,11.70491027832031
Uganda,2015,UGA,1.924440039535892,5.08453417,13.22008037567139
Uganda,2016,UGA,2.211658655918169,5.17819309,12.46916961669922
Uganda,2018,UGA,5.824078537543452,4.168115139999999,11.25364971160889
Uganda,2024,UGA,12.179407992232855,,
Uganda,2020,UGA,4.76161643428838,5.554035659999999,8.528804654958815
Uganda,2021,UGA,7.54640200782542,5.353579999999999,8.21456053372555
Uganda,2022,UGA,8.47988989975129,4.860398770000001,8.482364332061273
Uganda,2013,UGA,1.8499583318224286,7.32427549,11.74312019348145
Uganda,2019,UGA,4.0603829108527325,3.1388299500000008,8.89710752279272
Uganda,2012,UGA,1.6332905163962563,7.050443170000001,11.45189952850342
Uganda,2000,UGA,3.9663690600706794,8.330764769999998,10.3548698425293
Uganda,2010,UGA,1.601677773391394,7.113747599999999,10.10488986968994
Uganda,2009,UGA,2.369664910518097,7.03290558,
Uganda,2008,UGA,2.318934355653076,7.251145840000001,
Uganda,2007,UGA,2.673976325303151,7.79291201,
Uganda,2006,UGA,4.861139958819466,7.16093779,
Uganda,2005,UGA,7.297142810609375,7.135262970000001,
Uganda,2004,UGA,4.187883378303786,8.76736164,20.30834007263184
Uganda,2003,UGA,4.413404981975801,8.949760440000002,
Uganda,2002,UGA,3.4543879349667774,8.748105050000001,
Uganda,2001,UGA,2.386288253653305,8.330764769999998,
Uganda,2023,UGA,10.611360852408778,4.860398770000001,
Uganda,2011,UGA,1.704575735830303,6.897009849999999,13.61137008666992
Ukraine,2002,UKR,7.132949062867021,8.106317520000001,14.36096000671387
Ukraine,2003,UKR,6.99408046927056,9.38550282,14.41952037811279
Ukraine,2014,UKR,6.805929484989778,7.719151020000001,13.12135028839111
Ukraine,2024,UKR,2.656592453392443,,
Ukraine,2023,UKR,1.3896620555367447,,
Ukraine,2022,UKR,2.196001107559588,,
Ukraine,2021,UKR,6.263539002272414,10.56005383,12.69548988342285
Ukraine,2020,UKR,9.632775361889417,8.173418049999999,11.80327987670898
Ukraine,2019,UKR,7.475285929474704,7.655814170000001,13.11063003540039
Ukraine,2018,UKR,9.398052481570158,8.35254765,12.69019985198975
Ukraine,2017,UKR,10.803712115950681,8.446969029999998,12.99993991851807
Ukraine,2016,UKR,8.974693350904051,8.938675879999998,12.28328990936279
Ukraine,2015,UKR,38.169806986064025,8.56910324,12.4049319402434
Ukraine,2000,UKR,15.343620886532927,7.08121443,11.35896968841553
Ukraine,2013,UKR,8.711448120785274,6.944655420000001,13.86763954162598
Ukraine,2012,UKR,3.9859576269706842,7.640408519999999,13.66551971435547
Ukraine,2011,UKR,3.30685762233619,7.492811679999998,13.48431968688965
Ukraine,2010,UKR,3.0507651300442378,7.500498770000002,
Ukraine,2009,UKR,5.033359386732313,7.91855955,15.05482006072998
Ukraine,2008,UKR,2.3042690192754587,6.77591944,13.55782985687256
Ukraine,2007,UKR,3.023901174778941,8.16024208,14.03619003295898
Ukraine,2006,UKR,3.945565244522837,8.696896550000002,13.92323017120361
Ukraine,2005,UKR,4.7201473282173545,8.431880950000002,13.73865032196045
Ukraine,2004,UKR,5.751729375614331,8.181075100000001,12.7817497253418
Ukraine,2001,UKR,6.263128810018488,7.634549140000002,12.81095027923584
Uzbekistan,2024,UZB,13.922082243097131,,22.07464503820453
Uzbekistan,2001,UZB,14.438030513331787,6.64425468,
Uzbekistan,2003,UZB,17.951016266339316,6.01096392,
Uzbekistan,2023,UZB,10.439653804717807,7.89534664,22.64815662659952
Uzbekistan,2022,UZB,6.392553103131429,7.126505849999999,21.85101834454068
Uzbekistan,2021,UZB,6.927265728852808,9.897933959999998,15.07530975341797
Uzbekistan,2020,UZB,5.589427049236082,10.79321957,17.06019020080566
Uzbekistan,2019,UZB,4.588884731382299,8.278287890000001,28.41832847917145
Uzbekistan,2018,UZB,4.218563190165767,7.828147890000002,25.87523091799072
Uzbekistan,2017,UZB,3.4493974970120087,8.991173740000002,22.53945922851563
Uzbekistan,2016,UZB,2.260083537847686,8.820137980000002,23.09033012390137
Uzbekistan,2015,UZB,1.7952573250200061,9.59653759,22.36525917053223
Uzbekistan,2002,UZB,15.14319581044347,5.58452082,
Uzbekistan,2014,UZB,1.9468778164318312,9.302436830000001,22.97685050964355
Uzbekistan,2012,UZB,2.280943307607607,9.762586590000002,
Uzbekistan,2011,UZB,2.5521735256300406,8.831776620000001,
Uzbekistan,2010,UZB,3.2962198727786767,8.03938007,
Uzbekistan,2009,UZB,4.066812609003994,7.26864672,
Uzbekistan,2008,UZB,6.108262071188779,7.234487529999998,
Uzbekistan,2007,UZB,9.1637514197739,7.2385048900000015,
Uzbekistan,2006,UZB,13.62078862265741,7.8006072,
Uzbekistan,2005,UZB,12.460096050916183,6.46768093,
Uzbekistan,2004,UZB,15.316393333278642,6.13769007,
Uzbekistan,2013,UZB,1.9228539208542035,9.518254279999999,22.7609691619873
Uzbekistan,2000,UZB,11.175933516756789,6.10871267,
Vanuatu,2001,VUT,2.5494962232524974,11.265284540000001,40.07754898071289
Vanuatu,2024,VUT,3.6686133731023878,,19.30835914611816
Vanuatu,2023,VUT,3.882627878656127,5.60082197,18.40105056762695
Vanuatu,2022,VUT,4.240400957963385,3.8552773,20.93909991250744
Vanuatu,2021,VUT,3.5806276104509633,2.77639413,20.00745061838172
Vanuatu,2020,VUT,2.8046866698549717,5.930043700000001,5.011050224304199
Vanuatu,2019,VUT,6.9473510249525665,4.78193808,4.455299854278564
Vanuatu,2018,VUT,5.511344377837743,6.436884400000001,20.13215140933384
Vanuatu,2016,VUT,2.8645943424960083,3.6621093799999995,12.4892469656623
Vanuatu,2015,VUT,1.893462130536641,4.759871479999999,12.70670032501221
Vanuatu,2014,VUT,3.860396128837027,2.51899242,22.19061088562012
Vanuatu,2013,VUT,3.654613438496132,9.803324700000001,
Vanuatu,2012,VUT,2.6836015468076164,9.402668000000002,
Vanuatu,2017,VUT,2.6101983543413865,3.9617447899999996,12.20798015594482
Vanuatu,2010,VUT,2.795566752704114,6.84730673,
Vanuatu,2009,VUT,3.020439167031058,7.2669916200000015,18.7231502532959
Vanuatu,2008,VUT,2.267280844638222,8.177121159999999,21.40563011169434
Vanuatu,2007,VUT,2.606812650933856,9.902323720000002,
Vanuatu,2006,VUT,3.5766206552124182,10.672260279999998,
Vanuatu,2005,VUT,2.534704695939807,11.705092429999999,
Vanuatu,2004,VUT,3.5815639498040444,12.556103709999999,
Vanuatu,2003,VUT,3.01443653820814,13.214125629999998,44.80179977416992
Vanuatu,2002,VUT,2.687832684129586,11.746398930000002,36.40961837768555
Vanuatu,2000,VUT,2.216579064141516,9.704828260000001,27.52419090270996
Vanuatu,2011,VUT,2.6400530274524563,9.39647675,
Viet Nam,2014,VNM,6.821316676009554,9.123241420000001,16.81228974657813
Viet Nam,2015,VNM,4.948424902575613,8.49385166,15.0167530601057
Viet Nam,2016,VNM,6.5321842055302834,9.59658623,15.60490036010742
Viet Nam,2017,VNM,6.181217008243705,10.09323883,15.47429664576261
Viet Nam,2018,VNM,6.630608091427136,10.217707629999998,16.09086990356445
Viet Nam,2023,VNM,5.71319917217721,10.451710699999998,
Viet Nam,2020,VNM,6.94581269932751,8.42611885,14.47188120473168
Viet Nam,2021,VNM,6.052363465739993,9.740694999999999,14.81748666271488
Viet Nam,2022,VNM,5.888615529784873,10.8293848,15.44934439089992
Viet Nam,2013,VNM,5.197901263669594,8.16121387,18.51551055908203
Viet Nam,2019,VNM,6.7613703746761304,10.19859123,15.57194904947498
Viet Nam,2012,VNM,4.904239667169294,9.5150404,18.78499031066895
Viet Nam,2001,VNM,14.449871524963918,8.20207787,
Viet Nam,2010,VNM,4.734031867813434,8.605729100000001,17.05666923522949
Viet Nam,2009,VNM,4.32615084191511,6.853010650000002,15.18871021270752
Viet Nam,2008,VNM,4.6407394621878515,8.120487209999999,18.00123977661133
Viet Nam,2007,VNM,4.732994036345024,7.936911109999999,
Viet Nam,2006,VNM,4.66125121227348,8.766986849999999,
Viet Nam,2005,VNM,5.303987691777808,8.669239039999999,
Viet Nam,2004,VNM,5.740432190031765,8.689251899999999,
Viet Nam,2003,VNM,6.668475529393615,7.16033077,
Viet Nam,2002,VNM,12.727546801509929,8.61995983,
Viet Nam,2000,VNM,17.528753121601795,9.482258800000002,
Viet Nam,2024,VNM,6.660920612313961,,
Viet Nam,2011,VNM,5.193577217132642,9.1072073,17.81126976013184
"Yemen, Rep.",2018,YEM,2.748403816876237,5.39210606,
"Yemen, Rep.",2019,YEM,2.6100075333675905,6.90042734,
"Yemen, Rep.",2020,YEM,3.9973021815352427,8.074049950000001,
"Yemen, Rep.",2021,YEM,5.738024941578663,8.62390709,
"Yemen, Rep.",2022,YEM,2.983927712423719,7.54577398,
"Yemen, Rep.",2023,YEM,3.8278181065842833,6.96322203,
"Yemen, Rep.",2024,YEM,5.514407697246013,,
Zambia,2018,ZMB,11.16723011495203,7.52910423,17.09090042114258
Zambia,2023,ZMB,4.625028150796417,8.88877583,13.85877500801112
Zambia,2022,ZMB,5.319141350057018,8.88877583,
Zambia,2021,ZMB,5.068995047674865,9.254849429999998,11.51413827885303
Zambia,2020,ZMB,11.377635287722333,10.560054779999998,12.37802473730647
Zambia,2017,ZMB,8.683047251823977,10.052179339999999,14.93433952331543
Zambia,2012,ZMB,2.6975017168097795,7.057695870000001,17.51196828674788
Zambia,2024,ZMB,10.24713635823698,,15.3772099653715
Zambia,2016,ZMB,10.24570142668573,7.164569379999999,15.66361999511719
Zambia,2015,ZMB,5.445578041999724,7.561451440000002,16.72611045837402
Zambia,2019,ZMB,14.925154036429383,7.573063850000001,15.29186540319494
Zambia,2011,ZMB,1.6229983405552748,8.0581131,18.64306095221401
Zambia,2008,ZMB,2.095847142005024,8.147117609999999,5.651800155639648
Zambia,2009,ZMB,2.5912929559111686,9.36578655,
Zambia,2014,ZMB,3.1882552718331665,7.784662249999999,20.16540930603065
Zambia,2007,ZMB,1.497652126673054,7.468102929999999,6.227910041809082
Zambia,2006,ZMB,2.8718826875713397,6.747040269999999,
Zambia,2005,ZMB,5.358345010943111,5.5376410499999995,7.729730129241943
Zambia,2004,ZMB,8.421833959780335,5.65226936,10.58498954772949
Zambia,2003,ZMB,32.81806000704723,5.322761539999999,
Zambia,2002,ZMB,12.501176178867581,6.884750369999999,
Zambia,2001,ZMB,11.640006202376338,6.884750369999999,
Zambia,2000,ZMB,20.163702471474178,6.884750369999999,8.352620124816895
Zambia,2010,ZMB,1.7537195951363918,8.63391781,19.86445584945388
Zambia,2013,ZMB,3.879864582276876,5.45231676,17.46791588280217
Zimbabwe,2022,ZWE,0.6045567611861106,4.7405839,
Zimbabwe,2005,ZWE,2.4583705709999992,,
Zimbabwe,2021,ZWE,1.6931978911184093,4.7405839,
Zimbabwe,2020,ZWE,1.247434544554843,4.7405839,15.66661086388859
Zimbabwe,2019,ZWE,2.416570614916917,3.2664911699999997,10.46358868354785
Zimbabwe,2018,ZWE,1.131887018906962,7.976326470000001,19.15878462692604
Zimbabwe,2017,ZWE,2.1840484372580153,6.979418749999999,19.69122878131862
Zimbabwe,2016,ZWE,3.1567194460634447,5.4890155799999985,23.5270848466941
Zimbabwe,2015,ZWE,3.7712144859128873,6.205451009999999,29.47082989585527
Zimbabwe,2023,ZWE,1.2922599983400938,4.7405839,10.68896230055768
Zimbabwe,2014,ZWE,3.4073568382065966,10.926249499999999,30.01514923501379
Zimbabwe,2012,ZWE,0.5793853553007677,13.99154949,29.75108820160366
Zimbabwe,2011,ZWE,0.6675605954186749,12.717875479999998,
Zimbabwe,2010,ZWE,0.6852355270253584,13.76667213,8.536724931129475
Zimbabwe,2009,ZWE,1.2385979064890837,,
Zimbabwe,2008,ZWE,3.0406345378823523,,
Zimbabwe,2007,ZWE,12.314957118339633,,
Zimbabwe,2006,ZWE,1.9545538207741937,,
Zimbabwe,2013,ZWE,3.048850252108175,8.07236576,28.66034051076615
Zimbabwe,2024,ZWE,1.3222597130157816,,16.32033510430204
