debtor_name,year,China (bilateral),China (private),Other creditors
Low & middle income,2013,2.55255580272902,0.882457031360687,96.56285974743325
Low & middle income,2000,0.20271977352110696,0.028412702335389874,99.76221342937009
Low & middle income,2001,0.31176793497102484,0.22183263914478046,99.45441453439749
Low & middle income,2002,0.47553071764864163,0.14765234284750456,99.36930589487922
Low & middle income,2003,0.28088289095445246,0.08893017709342373,99.61895505470713
Low & middle income,2004,0.2472253885700971,0.04047843734749673,99.70042468538205
Low & middle income,2005,0.24136756075251528,0.03633039245462426,99.71717560473704
Low & middle income,2006,0.272818187584631,0.0502021038877811,99.67440695415296
Low & middle income,2007,0.4590821946709345,0.05782822938948133,99.4804386563237
Low & middle income,2008,0.625099850465704,0.051619912247941324,99.31899006533212
Low & middle income,2009,0.9166612053006055,0.06489992244307716,99.01443776955847
Low & middle income,2010,1.2903810657653663,0.1546897234718876,98.5510135269719
Low & middle income,2011,1.679195446137862,0.6023058702908268,97.71510228351788
Low & middle income,2012,2.060585623158789,0.716251651570879,97.22002234405204
Low & middle income,2014,3.590961594353059,0.9520697947818736,95.45634866934427
Low & middle income,2015,3.537205462490781,0.8802942843617607,95.5820258342368
Low & middle income,2032,4.130053480806198,0.5470549078973572,95.31859202976152
Low & middle income,2017,4.422672264743632,1.3743068553253426,94.2006392755026
Low & middle income,2031,3.7503081282864543,0.5293128003857435,95.71657340149955
Low & middle income,2030,2.610660875637044,0.3737351370492802,97.01207275714872
Low & middle income,2029,4.288569205139561,0.6157874087535493,95.08941183237026
Low & middle income,2028,4.574470452695218,0.7436159059223774,94.67664096641609
Low & middle income,2027,5.261042729972662,1.2500708646344045,93.4842610314767
Low & middle income,2016,3.9105117903352813,1.6172081021305627,94.4718967795654
Low & middle income,2025,6.4043577015527235,1.3927685642086898,92.19910934658611
Low & middle income,2026,5.736017836907236,1.2589528302935118,93.00056887385148
Low & middle income,2023,4.0740547474905044,1.4735691339068513,94.44343438451696
Low & middle income,2022,4.570755646457602,1.1310431629708526,94.29788560331521
Low & middle income,2021,3.8397728960761603,0.8369822329622602,95.32299465755258
Low & middle income,2020,4.272859536693924,1.0886937819171798,94.63825003137453
Low & middle income,2019,5.95168633194426,1.3930218426218814,92.65415269464299
Low & middle income,2018,4.831021600640774,1.4106792125212417,93.7580865368493
Low & middle income,2024,4.513466757788813,1.148941059032263,94.3242837490861
Low & lower middle income,2028,8.02323604169058,1.5740534320557928,90.40214371246157
Low & lower middle income,2032,8.064795282536453,1.216746315080043,90.71760647490545
Low & lower middle income,2031,7.405394037383483,1.1924559684399256,91.40133862396527
Low & lower middle income,2030,8.102539735357531,1.394769286097001,90.50184563197757
Low & lower middle income,2029,7.834611166893474,1.419952414464371,90.74468912350812
Low & lower middle income,2000,0.47410106410994,0.03451596947887725,99.48290347444087
Low & lower middle income,2001,0.5619578306065177,0.6903442214873655,98.72821012922354
Low & lower middle income,2015,5.825289094758705,3.5399437703339207,90.63341889835725
Low & lower middle income,2024,8.177249020384558,3.545331807927112,88.2770160199897
Low & lower middle income,2023,9.704044927899037,4.88857484237606,85.40687061975854
Low & lower middle income,2022,11.870657680276928,3.5789440073200667,84.54985963967886
Low & lower middle income,2021,7.66895198616241,2.6412883599942085,89.68916332501526
Low & lower middle income,2020,8.664441872104142,3.22226068759987,88.11267953418913
Low & lower middle income,2019,9.328656383985361,4.43983428011262,86.23089732093771
Low & lower middle income,2018,7.235494313406817,4.3603590918447095,88.40346274556876
Low & lower middle income,2017,7.321305670569139,4.768463516755863,87.9014238495205
Low & lower middle income,2016,5.326045719293848,4.910089996298125,89.76268845827808
Low & lower middle income,2027,10.289525858126082,3.11688572410708,86.59292584492408
Low & lower middle income,2014,4.812104158545571,2.899161714560786,92.28740902554564
Low & lower middle income,2013,4.586064828063765,2.9540718047855044,92.45822794478673
Low & lower middle income,2012,3.8960894038711276,2.545068411525439,93.55693884180158
Low & lower middle income,2011,3.0381958747786184,1.968962359353718,94.99088108284819
Low & lower middle income,2010,2.7267376192184907,0.48286813719773086,96.78789351440476
Low & lower middle income,2009,2.2132599125619317,0.14092830587598656,97.64417333706653
Low & lower middle income,2008,1.3584352730945073,0.0696290379658806,98.57047136785171
Low & lower middle income,2007,1.0013873215210647,0.06351599938357658,98.93225468290537
Low & lower middle income,2006,0.7091511395927892,0.042272539679713755,99.24643726934187
Low & lower middle income,2005,0.5031242433170989,0.006267579712860644,99.48783487545155
Low & lower middle income,2004,0.561072998542819,0.008218407818512593,99.42828797499799
Low & lower middle income,2003,0.36916160885778754,0.007367526992297753,99.5891976778544
Low & lower middle income,2002,0.3315407431288715,0.01209381691815173,99.65253473790057
Low & lower middle income,2025,13.417451537597728,3.6521073624566913,82.92981247237061
Low & lower middle income,2026,10.456127579671241,3.13271936418034,86.41052108691936
Africa (excluding high income),2013,4.702439084997849,4.933387968873908,90.36417294612825
Africa (excluding high income),2000,0.7164586835107593,0.0004395486398505798,99.271930981105
Africa (excluding high income),2012,4.017389862111714,4.343663013075855,91.63894712481243
Africa (excluding high income),2001,0.8229624152438769,0.00044397833782285046,99.1466175283737
Africa (excluding high income),2003,0.762442550147111,0.0008521833139081224,99.23499466404772
Africa (excluding high income),2014,5.587868714279751,5.420402519660775,88.99172876605947
Africa (excluding high income),2015,4.537211612011108,5.135963656203602,90.3268247317853
Africa (excluding high income),2016,6.347347790326396,10.074195759389733,83.57845645028388
Africa (excluding high income),2017,7.105956229444895,8.59191440259346,84.30212936796165
Africa (excluding high income),2018,7.2971605701666995,6.585516531170665,86.11732289866264
Africa (excluding high income),2019,10.680006370335024,7.061001354869863,82.2589922747951
Africa (excluding high income),2020,8.902422604876133,4.257389708468122,86.84018768665574
Africa (excluding high income),2021,7.2531056168850645,2.278316800698563,90.46857758241639
Africa (excluding high income),2011,3.9561451824335405,3.1987175184082384,92.84513729915822
Africa (excluding high income),2023,10.078474514037174,6.767416320236347,83.15410338011506
Africa (excluding high income),2024,8.965328130103345,5.792962292280284,85.24170483702245
Africa (excluding high income),2025,12.322447281297578,6.14847734332835,81.52855708585433
Africa (excluding high income),2002,0.5752392468613007,0.006722346355710422,99.41451521973838
Africa (excluding high income),2026,11.637313885927325,5.667032643059623,82.69507842728862
Africa (excluding high income),2028,14.138689319404238,3.585025060932589,82.27558753081388
Africa (excluding high income),2029,10.280195746293117,2.693357156239814,87.0256506455759
Africa (excluding high income),2030,9.578921013007092,2.5194990923829197,87.90073042022387
Africa (excluding high income),2031,7.9571738259560805,2.118018255670232,89.92399065540174
Africa (excluding high income),2032,8.007352551135076,2.176261923262924,89.81545551008698
Africa (excluding high income),2010,3.5889241079670033,0.9991578483366385,95.41191804369636
Africa (excluding high income),2009,3.66455527797532,0.2295331220156537,96.10591160000901
Africa (excluding high income),2008,2.447392815905159,0.040261108166261966,97.51234607592858
Africa (excluding high income),2007,1.6299955362090464,0.05080047722856261,98.31870737667583
Africa (excluding high income),2006,0.719621223414843,0.04451303677503484,99.23559638657298
Africa (excluding high income),2005,0.7253669404619915,8.144908711239526e-05,99.27421278224851
Africa (excluding high income),2004,1.0133137681529865,0.0008319705878875136,98.98585426125915
Africa (excluding high income),2027,12.85376909858899,5.6589008389019755,81.48671689636585
Africa (excluding high income),2022,9.875895145137635,4.515927573357462,85.60817728150491
Albania,2002,0.1525030122756176,,99.84749698772438
Albania,2003,3.396528736479261,,96.60347126352075
Albania,2004,8.17883919380883,,91.82116080619117
Albania,2005,7.213000362592466,,92.78699963740753
Albania,2007,5.001972402044608,,94.9980275979554
Albania,2024,0.0,,100.0
Albania,2023,0.0,,100.00000000000001
Albania,2022,0.0,,100.0
Albania,2006,5.425897493099284,,94.57410250690072
Albania,2021,0.0,,100.0
Albania,2015,0.5749554686170957,,99.42504453138291
Albania,2014,1.373554224940521,,98.62644577505948
Albania,2013,1.8522203782504123,,98.14777962174958
Albania,2012,1.2806992888429876,,98.719300711157
Albania,2011,1.3036997360518767,,98.69630026394813
Albania,2010,1.652104122679169,,98.34789587732082
Albania,2009,2.7038819379845833,,97.29611806201542
Albania,2008,4.150161005254739,,95.84983899474526
Algeria,2007,0.17149770740754758,,99.82850229259246
Algeria,2000,0.15509183599675028,0.0,99.84490816400324
Algeria,2001,0.07160993686461123,0.0,99.9283900631354
Algeria,2002,0.11497825219239485,0.004795948680926307,99.88022579912668
Algeria,2003,0.09803769150156427,0.004627596227390106,99.89733471227103
Algeria,2005,0.10014281983067604,0.0004918679910572531,99.89936531217826
Algeria,2006,0.03155150915325358,0.006334959371795991,99.96211353147494
Algeria,2004,0.08078998497284837,0.003409689768657424,99.91580032525849
Algeria,2015,0.0,,100.0
Algeria,2016,0.0,,100.0
Algeria,2014,0.0,,100.00000000000001
Algeria,2024,0.0,,100.0
Algeria,2023,0.0,,100.0
Algeria,2022,0.0,,100.0
Algeria,2010,0.3458624858887942,,99.6541375141112
Algeria,2013,0.0,,99.99999999999999
Algeria,2012,0.0,,100.0
Algeria,2017,0.0,,100.0
Algeria,2019,0.0,,100.0
Algeria,2020,0.0,,100.0
Algeria,2021,0.0,,100.0
Algeria,2018,0.0,,100.0
Algeria,2008,0.6494339714322516,,99.35056602856774
Angola,2005,0.6233235374556436,,99.37667646254437
Angola,2002,0.8333515309356189,,99.16664846906438
Angola,2004,0.22910555036845473,,99.77089444963156
Angola,2006,0.8274715287846918,0.3213979524749519,98.85113051874035
Angola,2008,7.946477282009361,0.4472886442329889,91.60623407375765
Angola,2032,2.5826742733349244,11.747704073380659,85.66962165328442
Angola,2031,3.0994269608931178,17.28288501745825,79.61768802164863
Angola,2030,2.268080025048796,13.44590649114902,84.28601348380218
Angola,2029,2.177902250002037,15.171306691482117,82.65079105851584
Angola,2028,16.115212871653892,21.046751510921766,62.83803561742434
Angola,2027,15.722472205398475,38.14677766356546,46.13075013103605
Angola,2026,15.540293808085726,38.83328500159,45.62642119032428
Angola,2025,18.585118151681904,28.972138759301465,52.44274308901662
Angola,2024,11.291832345044313,42.74453323070163,45.96363442425405
Angola,2023,10.4528429621213,39.18510459491832,50.362052442960376
Angola,2022,9.904862741743292,27.907546493691576,62.18759076456513
Angola,2021,2.331453151618765,11.25055648416127,86.41799036421997
Angola,2020,5.084038106454651,26.181641251628232,68.73432064191712
Angola,2019,9.866504145371675,30.594196886477302,59.53929896815103
Angola,2018,9.621572412089282,33.05136130983409,57.32706627807662
Angola,2017,2.447024991177527,35.14132835669001,62.41164665213247
Angola,2016,1.2928945981997038,35.04438087484929,63.66272452695101
Angola,2015,2.951418801611313,26.305313678201035,70.74326752018764
Angola,2014,3.8127408320159515,19.84137873273426,76.34588043524978
Angola,2013,4.397076844818323,23.643164544156548,71.95975861102514
Angola,2012,4.878292010737282,19.199113817575107,75.92259417168762
Angola,2011,3.6842696746728416,17.15176100017179,79.16396932515539
Angola,2009,4.189375087948863,0.06110213192615333,95.74952278012498
Angola,2007,2.192215970165847,0.22921778460312706,97.57856624523102
Angola,2010,1.9143543435947579,4.129446578960408,93.95619907744484
Argentina,2015,2.628042054245541,,97.37195794575446
Argentina,2016,1.5512136169961728,,98.44878638300383
Argentina,2014,4.501275038661101,,95.4987249613389
Argentina,2032,0.6731901603919513,,99.32680983960805
Argentina,2031,0.5488684347518957,,99.4511315652481
Argentina,2030,4.797660702105875,,95.20233929789413
Argentina,2029,14.704885262305575,,85.29511473769442
Argentina,2028,14.945210910345603,,85.0547890896544
Argentina,2026,10.615705472209918,,89.38429452779009
Argentina,2025,14.419829204059974,,85.58017079594003
Argentina,2024,19.041222833896665,,80.95877716610333
Argentina,2027,15.833199738711468,,84.16680026128853
Argentina,2022,5.721204998428468,,94.27879500157152
Argentina,2011,0.012582563518204042,,99.98741743648179
Argentina,2023,6.578227572788006,,93.421772427212
Argentina,2017,1.8612512920366442,,98.13874870796334
Argentina,2012,0.1233757126632457,,99.87662428733675
Argentina,2018,1.189671283065197,,98.81032871693479
Argentina,2019,1.5978019938338244,,98.40219800616619
Argentina,2020,4.271324113907859,,95.72867588609213
Argentina,2021,8.210461695795793,,91.78953830420421
Argentina,2013,0.1514259427193116,,99.84857405728069
Armenia,2032,0.30095629188385437,,99.69904370811615
Armenia,2031,0.12015940801244876,,99.87984059198754
Armenia,2030,0.26307374508610115,,99.73692625491388
Armenia,2029,0.14128538067619922,,99.8587146193238
Armenia,2028,0.26609328770386365,,99.73390671229615
Armenia,2027,0.2725724566822856,,99.7274275433177
Armenia,2026,0.24339913641438568,,99.75660086358562
Armenia,2025,0.18601727010443336,,99.81398272989557
Armenia,2024,0.3108441585465006,,99.68915584145348
Armenia,2023,0.2568102199943127,,99.7431897800057
Armenia,2022,0.4676981005422681,,99.53230189945774
Armenia,2020,0.2518237104442802,,99.74817628955572
Armenia,2019,0.060355968569449164,,99.93964403143055
Armenia,2018,0.15905397549078812,,99.84094602450921
Armenia,2017,0.19646708533519935,,99.8035329146648
Armenia,2016,0.20048038526863252,,99.79951961473138
Armenia,2015,0.03142732201687979,,99.96857267798312
Armenia,2021,0.5302114696814603,,99.46978853031855
Bangladesh,2008,1.2497654013756396,1.6140716684492096,97.13616293017515
Bangladesh,2000,0.41368138430951246,1.5275596163482543,98.05875899934223
Bangladesh,2001,0.5246154786213701,0.319580658905378,99.15580386247325
Bangladesh,2002,0.7216333496769973,0.29837725617234506,98.97998939415066
Bangladesh,2003,0.7152389560502821,0.30756385455938723,98.97719718939034
Bangladesh,2004,0.45303036610768366,0.2726403882797088,99.2743292456126
Bangladesh,2005,0.37866280767045096,0.23316737427467318,99.38816981805488
Bangladesh,2006,0.7799536198341976,0.014647397456042141,99.20539898270975
Bangladesh,2007,1.7834994804215039,0.29585188858362965,97.92064863099488
Bangladesh,2009,1.2670569924765789,0.6548918078409057,98.07805119968252
Bangladesh,2011,1.1314621168487033,0.1148898299935544,98.75364805315773
Bangladesh,2032,13.254646249319554,,86.74535375068044
Bangladesh,2031,10.052075414708002,,89.94792458529197
Bangladesh,2030,10.151326734106068,,89.84867326589394
Bangladesh,2029,9.965724697434792,,90.03427530256522
Bangladesh,2028,10.347146340273717,,89.65285365972628
Bangladesh,2027,10.541128944818844,,89.45887105518115
Bangladesh,2026,10.600704905076167,,89.39929509492383
Bangladesh,2010,0.2504621609481527,0.15529602666650125,99.59424181238533
Bangladesh,2024,9.935447693163834,,90.06455230683619
Bangladesh,2023,8.7298819637134,,91.2701180362866
Bangladesh,2022,6.525498896087969,,93.47450110391203
Bangladesh,2025,10.83195891072747,,89.16804108927252
Bangladesh,2020,8.128345559855363,,91.87165444014464
Bangladesh,2019,7.847004322623362,,92.15299567737664
Bangladesh,2018,5.692775018708294,,94.3072249812917
Bangladesh,2017,4.228008047013343,,95.77199195298667
Bangladesh,2016,3.161397814102376,,96.83860218589763
Bangladesh,2015,1.8738396191725584,,98.12616038082744
Bangladesh,2014,1.1226573687719366,,98.87734263122806
Bangladesh,2013,0.9088031810079624,,99.09119681899203
Bangladesh,2021,6.714376161085145,,93.28562383891484
Bangladesh,2012,1.5119300867147456,,98.48806991328524
Belarus,2005,0.057229771984739816,1.369218569654968,98.5735516583603
Belarus,2004,,1.2264273380381543,98.77357266196184
Belarus,2003,,1.5268718805299586,98.47312811947005
Belarus,2009,4.842827108009565,0.41324247597413255,94.74393041601628
Belarus,2001,,2.038414038301544,97.96158596169846
Belarus,2000,,2.530225223820025,97.46977477617997
Belarus,2002,,1.7887460169981495,98.21125398300185
Belarus,2010,12.353408985532784,0.3724462034864948,87.27414481098072
Belarus,2008,2.8349063681062963,0.7765260841981267,96.38856754769557
Belarus,2007,1.6314023499135597,1.0580614788787424,97.3105361712077
Belarus,2032,3.3772325193668835,,96.6227674806331
Belarus,2031,2.3067996394744017,,97.6932003605256
Belarus,2030,14.172841757783896,,85.8271582422161
Belarus,2029,21.41904522108758,,78.58095477891243
Belarus,2028,23.45349892278363,,76.54650107721638
Belarus,2027,14.591411082258517,,85.40858891774148
Belarus,2026,19.69622236623558,,80.30377763376443
Belarus,2025,24.476445122636843,,75.52355487736317
Belarus,2024,35.866535285273905,,64.13346471472607
Belarus,2022,21.929342205491935,,78.07065779450807
Belarus,2023,25.73104450331457,,74.26895549668542
Belarus,2020,26.889729191485532,,73.11027080851446
Belarus,2019,26.62372053947794,,73.37627946052206
Belarus,2018,14.121186062254878,,85.87881393774512
Belarus,2017,19.81248231981798,,80.18751768018203
Belarus,2016,11.741199175198696,0.033019023365759834,88.22578180143555
Belarus,2015,8.628573603720547,0.06247661273298697,91.30894978354647
Belarus,2014,10.482700878082865,0.07363077988187756,89.44366834203527
Belarus,2013,10.071986723534977,0.12585470932429307,89.80215856714072
Belarus,2012,7.317300346466446,0.06358339291338432,92.61911626062017
Belarus,2011,5.676413593944757,0.12098039049043922,94.20260601556481
Belarus,2021,31.400304997176175,,68.59969500282382
Belarus,2006,0.7169953884832749,1.5133611320886204,97.76964347942811
Belize,2003,0.01918399088577035,1.0612195261682866,98.91959648294595
Belize,2000,0.7693005381084795,0.4890796213930241,98.7416198404985
Belize,2001,0.18695495584672334,1.0888236776867422,98.72422136646654
Belize,2002,0.015544847683293329,0.8851124481861954,99.0993427041305
Belize,2006,0.021945092282096155,1.0665414286043955,98.91151347911351
Belize,2008,,1.3552846118870565,98.64471538811294
Belize,2007,,0.21814661294866305,99.78185338705133
Belize,2005,0.012829296938340055,0.6613491184246034,99.32582158463705
Belize,2004,0.008869500445508379,0.4765654251597458,99.51456507439475
Benin,2004,1.7835856164648871,,98.21641438353512
Benin,2031,5.153784120670827,1.6610541459339687,93.1851617333952
Benin,2029,6.605006040554435,2.1767723596386186,91.21822159980694
Benin,2028,6.016716399905803,2.161511209054821,91.82177239103937
Benin,2027,5.472823904037507,2.156784424715808,92.3703916712467
Benin,2026,5.405973771944539,2.3384338987227578,92.2555923293327
Benin,2025,5.294108656898929,2.331992110167927,92.37389923293314
Benin,2024,2.308690283947871,0.7144375290611823,96.97687218699095
Benin,2023,5.60403088332035,1.9272182007624756,92.46875091591718
Benin,2022,4.37823428592186,0.6151197407969021,95.00664597328124
Benin,2021,1.7864995578939387,0.02500921311917537,98.18849122898689
Benin,2020,3.3169131174942055,,96.68308688250579
Benin,2019,8.909060902432717,,91.09093909756729
Benin,2018,3.8117226207038764,,96.18827737929611
Benin,2017,8.309116875350709,,91.69088312464929
Benin,2016,18.062914503271912,,81.9370854967281
Benin,2015,20.49648597019364,,79.50351402980635
Benin,2014,15.239640742750575,,84.76035925724942
Benin,2013,42.265386070463585,,57.73461392953641
Benin,2012,30.35643552316026,,69.64356447683974
Benin,2011,7.132424796871141,,92.86757520312888
Benin,2010,7.7756986512783515,,92.22430134872164
Benin,2009,28.164340033890294,,71.8356599661097
Benin,2008,8.859827189788218,,91.14017281021178
Benin,2007,2.1702347151591277,,97.82976528484087
Benin,2006,1.4243369990758774,,98.57566300092412
Benin,2005,1.5259269473586403,,98.47407305264136
Benin,2003,2.0554075036226007,,97.94459249637741
Benin,2002,8.25734408608307,,91.74265591391693
Benin,2001,8.406445641514377,,91.59355435848562
Benin,2000,4.818254200034194,,95.18174579996581
Benin,2030,5.264095536317656,1.7152708482367387,93.0206336154456
Benin,2032,5.375623308913489,1.6786475855427891,92.94572910554372
Bolivia,2003,2.148852037535579,,97.64196902129697
Bolivia,2032,2.752457783463322,,97.21546148001595
Bolivia,2031,5.714400653847442,,94.2435759419736
Bolivia,2030,15.40521210457077,,84.56967934381437
Bolivia,2029,7.9903794673209685,,91.9616834995476
Bolivia,2028,4.290816183214201,,95.68362343007774
Bolivia,2027,8.04545502939099,,91.90857671170748
Bolivia,2026,7.938282055372356,,92.01534021673656
Bolivia,2025,7.791300542153652,,92.16046463526024
Bolivia,2024,16.19290169524737,,83.7683963395692
Bolivia,2022,7.5710954273210245,,92.39547338580297
Bolivia,2021,8.54781940684893,,91.3700343827141
Bolivia,2020,8.968763416038167,,90.95268445411031
Bolivia,2019,9.061142775230019,,90.8613923246232
Bolivia,2018,10.091404077182817,,89.81618674842075
Bolivia,2017,10.247165929951834,,89.64667411444812
Bolivia,2016,9.05766155258718,,90.8084209367073
Bolivia,2023,12.528516127544252,,87.43093463634943
Bolivia,2014,4.273984456766316,,95.58095462429851
Bolivia,2015,7.486229025901329,,92.42076388092038
Bolivia,2000,1.410558627235002,,98.43121634356544
Bolivia,2001,1.922408538461076,,97.89500469913627
Bolivia,2002,2.098225489491681,,97.70230072596537
Bolivia,2004,0.888624744881779,,98.98887314590895
Bolivia,2006,0.7311635027751289,,99.08061095412651
Bolivia,2007,0.9011287092975246,,98.78461199703669
Bolivia,2005,0.9532031370519063,,98.90060319806571
Bolivia,2009,0.5841866144699975,,99.27726834099236
Bolivia,2010,0.5261528213946779,,99.21701400534737
Bolivia,2011,1.9503916421169152,,97.79112866459245
Bolivia,2012,1.7228355072935004,,98.15432988377026
Bolivia,2013,3.872773183198323,,95.93402232797217
Bolivia,2008,0.4864374872724652,,99.42369188370517
Bosnia and Herzegovina,2031,3.955085536530568,,96.04491446346944
Bosnia and Herzegovina,2026,1.3714098480284382,,98.62859015197155
Bosnia and Herzegovina,2027,3.1597613709055135,,96.8402386290945
Bosnia and Herzegovina,2028,3.293165996026945,,96.70683400397306
Bosnia and Herzegovina,2029,3.477036798476617,,96.52296320152338
Bosnia and Herzegovina,2030,3.684742344129837,,96.31525765587017
Bosnia and Herzegovina,2025,2.223629497148419,,97.77637050285158
Bosnia and Herzegovina,2032,4.405235082268154,,95.59476491773184
Botswana,2000,2.6334417926075218,,97.36655820739247
Botswana,2001,4.218393141861814,,95.78160685813819
Botswana,2022,2.3135793052101734,,97.68642069478982
Botswana,2021,3.787316047768684,,96.2126839522313
Botswana,2020,3.2168533463340956,,96.7831466536659
Botswana,2019,3.086727710116569,,96.91327228988345
Botswana,2018,5.14632124223679,,94.85367875776322
Botswana,2017,5.226260159729697,,94.7737398402703
Botswana,2015,7.167414658206575,,92.83258534179342
Botswana,2016,6.253074409839361,,93.74692559016063
Botswana,2003,8.258905362467555,,91.74109463753246
Botswana,2004,9.454960616870778,,90.54503938312922
Botswana,2005,8.935267575491924,,91.06473242450807
Botswana,2006,8.418413077182242,,91.58158692281775
Botswana,2007,11.688340992802818,,88.31165900719718
Botswana,2008,26.53752312978676,,73.46247687021325
Botswana,2002,6.952104446167289,,93.0478955538327
Botswana,2010,12.77199608588777,,87.22800391411222
Botswana,2011,35.40357105543774,,64.59642894456226
Botswana,2012,11.589689108140526,,88.41031089185948
Botswana,2013,5.77129583863097,,94.22870416136902
Botswana,2014,20.992374140912418,,79.00762585908758
Botswana,2009,21.353792840868483,,78.64620715913152
Brazil,2016,6.934585040405244,,93.06541495959476
Brazil,2017,5.585164268104499,,94.4148357318955
Brazil,2018,8.558048017201962,,91.44195198279803
Brazil,2019,12.934895016660814,,87.06510498333921
Brazil,2020,0.1176702255728142,0.04100805421380303,99.84132172021339
Brazil,2021,3.6149219112247675,,96.38507808877523
Brazil,2022,2.7016544532572944,,97.29834554674271
Brazil,2025,3.464943124503908,,96.5350568754961
Brazil,2024,2.8479165207413133,0.0,97.15208347925869
Brazil,2026,7.031669350922411,,92.96833064907759
Brazil,2027,0.7713846643686559,,99.22861533563132
Brazil,2028,0.5207756807618107,,99.4792243192382
Brazil,2029,0.4935730501819509,,99.50642694981804
Brazil,2023,2.670158435009297,,97.3298415649907
Brazil,2015,5.9759044228155265,,94.02409557718447
Brazil,2032,0.4147691831372304,,99.58523081686276
Brazil,2013,1.8005882074901944,,98.1994117925098
Brazil,2030,0.20203850159249154,,99.7979614984075
Brazil,2002,,0.0036099271882712607,99.99639007281174
Brazil,2003,,0.0038120064776799366,99.99618799352231
Brazil,2014,2.139352622534332,,97.86064737746567
Brazil,2008,0.06578101340199029,,99.934218986598
Brazil,2009,0.1473940561367397,,99.85260594386325
Brazil,2010,1.7286482619889734,,98.27135173801102
Brazil,2011,1.5810060691789654,,98.41899393082103
Brazil,2012,3.0410198532999004,,96.9589801467001
Brazil,2031,0.42430365642499424,,99.57569634357502
Burkina Faso,2002,1.3714070263808935,,98.6285929736191
Burkina Faso,2000,1.3138576669356734,,98.68614233306432
Burkina Faso,2031,3.169877623054235,,96.83012237694577
Burkina Faso,2030,4.055334165936182,,95.94466583406381
Burkina Faso,2029,3.9767232209003516,,96.02327677909963
Burkina Faso,2028,3.860545379705405,,96.1394546202946
Burkina Faso,2027,3.9436901326457843,,96.05630986735422
Burkina Faso,2026,4.15073970641635,,95.84926029358365
Burkina Faso,2025,3.106544489619742,,96.89345551038026
Burkina Faso,2024,3.7504575196512633,,96.24954248034875
Burkina Faso,2023,7.580211528677068,,92.41978847132293
Burkina Faso,2022,5.349352924038587,,94.65064707596142
Burkina Faso,2021,3.9812773907781493,,96.01872260922185
Burkina Faso,2020,4.170451461072381,,95.82954853892763
Burkina Faso,2019,3.8237973813587502,,96.17620261864126
Burkina Faso,2018,4.442538123289633,,95.55746187671036
Burkina Faso,2017,5.042247784147102,,94.95775221585289
Burkina Faso,2016,5.650448236126987,,94.34955176387301
Burkina Faso,2015,5.9614704084369645,,94.03852959156303
Burkina Faso,2014,10.435410117647224,,89.56458988235279
Burkina Faso,2013,9.64308465382746,,90.35691534617254
Burkina Faso,2012,8.154143828037911,,91.84585617196208
Burkina Faso,2011,8.53217042178917,,91.46782957821083
Burkina Faso,2010,10.51854190651082,,89.48145809348918
Burkina Faso,2009,11.005891507411192,,88.99410849258881
Burkina Faso,2008,7.8561417278677,,92.14385827213232
Burkina Faso,2007,12.610160836075295,,87.38983916392472
Burkina Faso,2006,11.060860433228925,,88.93913956677106
Burkina Faso,2005,11.689163464167184,,88.31083653583282
Burkina Faso,2004,2.51102066821112,,97.48897933178888
Burkina Faso,2003,5.572098919581135,,94.42790108041886
Burkina Faso,2032,2.191520771993662,,97.80847922800635
Burkina Faso,2001,1.657884882395291,,98.3421151176047
Burundi,2032,6.530497737030003,,93.46950226297
Burundi,2031,6.164276121888261,,93.83572387811175
Burundi,2030,4.935733176866332,,95.06426682313366
Burundi,2029,4.510245466697917,,95.48975453330208
Burundi,2028,4.566689270039434,,95.43331072996057
Burundi,2027,4.312062966494102,,95.6879370335059
Burundi,2026,5.62774067385344,,94.37225932614656
Burundi,2025,6.33665761686534,,93.66334238313465
Burundi,2024,22.069491815242202,,77.93050818475778
Burundi,2023,6.300289627321483,,93.69971037267852
Burundi,2022,3.6482359895490415,,96.35176401045095
Burundi,2021,4.200587960139522,,95.79941203986047
Burundi,2020,5.10699528183817,,94.89300471816183
Burundi,2019,1.9257918564000733,,98.07420814359993
Burundi,2017,0.012510784916501781,,99.9874892150835
Burundi,2016,0.5952754131716207,,99.40472458682838
Burundi,2004,0.0,,100.0
Burundi,2003,0.0,,100.0
Burundi,2001,3.601440662699656,,96.39855933730034
Cabo Verde,2019,4.248325776604399,,95.7516742233956
Cabo Verde,2032,0.5917577308202775,,99.40824226917971
Cabo Verde,2031,0.6689801458044868,,99.33101985419552
Cabo Verde,2030,0.6350521414702929,,99.36494785852969
Cabo Verde,2029,0.6614626532447097,,99.33853734675529
Cabo Verde,2028,1.4389718899490145,,98.56102811005098
Cabo Verde,2027,2.256687955679395,,97.74331204432062
Cabo Verde,2026,2.5730400320095477,,97.42695996799046
Cabo Verde,2025,2.909722212275206,,97.09027778772477
Cabo Verde,2024,3.0074813670173537,,96.99251863298265
Cabo Verde,2022,3.415800843797127,,96.58419915620286
Cabo Verde,2021,0.10019650843804058,,99.89980349156195
Cabo Verde,2020,2.1508213726580556,,97.84917862734194
Cabo Verde,2018,4.808903473183864,,95.19109652681614
Cabo Verde,2017,4.84741140952267,,95.15258859047734
Cabo Verde,2016,5.816400643062081,,94.18359935693792
Cabo Verde,2015,6.634084911788829,,93.36591508821118
Cabo Verde,2023,2.5468805888868955,,97.45311941111311
Cabo Verde,2013,1.7268001487055205,,98.27319985129446
Cabo Verde,2014,4.139565167474372,,95.86043483252563
Cabo Verde,2005,0.01404280408328373,,99.98595719591671
Cabo Verde,2006,0.04183479410298618,,99.95816520589702
Cabo Verde,2009,0.10940292136231612,,99.89059707863768
Cabo Verde,2010,0.1823461170713445,,99.81765388292865
Cabo Verde,2011,1.6696900777504762,,98.33030992224955
Cabo Verde,2012,1.8923460039091948,,98.1076539960908
Cabo Verde,2007,0.018460955449060738,,99.98153904455094
Cambodia,2017,49.27685680688674,,50.72314319311325
Cambodia,2023,62.668888826324704,,37.33111117367528
Cambodia,2018,55.009503915560785,,44.9904960844392
Cambodia,2019,58.60582796697195,,41.39417203302804
Cambodia,2021,60.46412472691131,,39.53587527308869
Cambodia,2022,65.32932004740343,,34.67067995259657
Cambodia,2024,60.30978291614748,,39.69021708385252
Cambodia,2031,36.47691598096804,,63.52308401903197
Cambodia,2026,53.65707943104628,,46.34292056895372
Cambodia,2027,47.42073660212127,,52.57926339787873
Cambodia,2028,45.63612594719067,,54.36387405280933
Cambodia,2029,42.08344742188558,,57.91655257811441
Cambodia,2030,38.36333650428385,,61.63666349571615
Cambodia,2016,47.02022528042025,,52.97977471957976
Cambodia,2025,31.25245996397321,,68.7475400360268
Cambodia,2015,35.184787575497154,,64.81521242450285
Cambodia,2020,62.03028081347451,,37.96971918652549
Cambodia,2013,24.385444854674294,,75.61455514532571
Cambodia,2032,37.75856852802525,,62.241431471974735
Cambodia,2002,5.168635720367431,,94.83136427963258
Cambodia,2003,1.6378804021501032,,98.3621195978499
Cambodia,2004,1.005346407371031,,98.99465359262896
Cambodia,2014,31.297224283232346,,68.70277571676766
Cambodia,2005,2.012118569950281,,97.98788143004971
Cambodia,2007,0.27396360858317426,,99.72603639141683
Cambodia,2008,6.034449484173793,,93.9655505158262
Cambodia,2009,7.713164374642607,,92.2868356253574
Cambodia,2010,12.55375457850996,,87.44624542149005
Cambodia,2011,11.184530106522567,,88.81546989347741
Cambodia,2012,23.03589440034268,,76.96410559965733
Cambodia,2006,1.2620120480790533,,98.73798795192094
Cameroon,2017,28.041961241996713,0.6002824875298111,71.35775627047347
Cameroon,2031,21.051250709462952,0.45527469953354954,78.4934745910035
Cameroon,2030,20.80777268391239,0.43632999801514777,78.75589731807247
Cameroon,2029,33.778441802252914,0.42967300607070996,65.79188519167639
Cameroon,2028,32.62171251272833,0.4059035545785507,66.97238393269313
Cameroon,2027,31.959947341434056,1.64686284787541,66.39318981069053
Cameroon,2026,34.841288480086206,1.5368127061175862,63.62189881379619
Cameroon,2025,34.24047164154198,1.52227856738924,64.23724979106879
Cameroon,2024,36.08274453996112,2.503343195010034,61.41391226502885
Cameroon,2023,38.65876208495434,2.2993194371111243,59.04191847793453
Cameroon,2022,25.07202546917465,1.891130825724535,73.03684370510081
Cameroon,2021,26.282891309559236,3.928316268527433,69.78879242191333
Cameroon,2020,22.20080686201349,3.34166707605262,74.45752606193388
Cameroon,2019,42.06532565856876,2.5883744592611797,55.34629988217006
Cameroon,2018,43.536056106306106,1.4886570775907355,54.97528681610315
Cameroon,2016,27.44013997188956,0.08062483923415478,72.47923518887629
Cameroon,2015,27.828333136904025,0.11674564697342237,72.05492121612255
Cameroon,2014,18.996658391164758,,81.00334160883524
Cameroon,2013,13.713565929985768,,86.28643407001424
Cameroon,2012,9.77235522864449,,90.2276447713555
Cameroon,2011,2.3806086565154785,,97.61939134348452
Cameroon,2010,1.3860519437210546,,98.61394805627893
Cameroon,2009,0.9183646806377355,,99.08163531936226
Cameroon,2008,0.4080805370260313,,99.59191946297396
Cameroon,2007,0.47054712520581665,,99.52945287479419
Cameroon,2006,0.26848624714334746,,99.73151375285666
Cameroon,2005,0.9048791663720459,,99.09512083362796
Cameroon,2004,0.12736448086194993,,99.87263551913806
Cameroon,2003,0.00314298527592883,,99.99685701472407
Cameroon,2032,19.719607092253913,0.49146198475036756,79.78893092299572
Central African Republic,2030,6.731854794690034,,93.26814520530998
Central African Republic,2029,5.782065941745581,,94.21793405825441
Central African Republic,2028,7.057539639243061,,92.94246036075694
Central African Republic,2027,7.244005747869737,,92.75599425213026
Central African Republic,2026,7.221402239008063,,92.77859776099194
Central African Republic,2025,7.812395843446224,,92.18760415655377
Central African Republic,2019,24.0940503676301,,75.90594963236991
Central African Republic,2018,62.17928796764714,,37.82071203235286
Central African Republic,2017,5.712859731404256,,94.28714026859575
Central African Republic,2004,10.017879305957456,,89.98212069404254
Central African Republic,2008,6.413474287277793,,93.5865257127222
Central African Republic,2009,11.27682934797885,,88.72317065202115
Central African Republic,2011,54.607794460639624,,45.39220553936039
Central African Republic,2014,5.819441211005575,,94.18055878899443
Chad,2001,14.529529638408231,,85.47047036159177
Chad,2008,0.02534848014099981,,99.97465151985901
Chad,2009,1.14874476830684,,98.85125523169316
Chad,2010,2.5068936871740766,,97.49310631282592
Chad,2011,2.7296751922828872,,97.27032480771712
Chad,2012,3.914275538000019,,96.085724462
Chad,2013,3.5732377792395087,,96.4267622207605
Chad,2014,0.9482025042096465,,99.05179749579037
Chad,2015,4.536051369881798,,95.4639486301182
Chad,2016,2.1993871179753217,,97.80061288202468
Chad,2017,4.193271347151101,,95.80672865284888
Chad,2018,5.511891313947688,,94.4881086860523
Chad,2019,2.9722394423052285,,97.02776055769476
Chad,2021,11.163120398133959,,88.83687960186603
Chad,2022,6.701853731110962,,93.29814626888904
Chad,2023,11.747119143868877,,88.25288085613113
Chad,2024,6.414386341187282,,93.58561365881272
Chad,2025,12.38095171597677,,87.61904828402322
Chad,2026,11.410646184895596,,88.5893538151044
Chad,2027,6.513720203818358,,93.48627979618163
Chad,2028,11.284986963790036,,88.71501303620997
Chad,2029,10.016003598971322,,89.98399640102868
Chad,2030,10.294247023532144,,89.70575297646785
Chad,2031,12.08169700516629,,87.91830299483371
Chad,2032,8.29394159869982,,91.70605840130018
Chad,2020,8.903623990764585,,91.09637600923543
Comoros,2017,77.75995627076907,,22.240043729230937
Comoros,2031,30.763663065264137,,69.23633693473587
Comoros,2029,27.194177245376466,,72.80582275462355
Comoros,2028,25.442436251258098,,74.5575637487419
Comoros,2027,17.06307504862681,,82.93692495137319
Comoros,2026,12.782670430910176,,87.21732956908981
Comoros,2025,13.190718215224635,,86.80928178477537
Comoros,2024,47.55100620419946,,52.44899379580054
Comoros,2023,23.603037457308996,,76.396962542691
Comoros,2022,59.59201205019891,,40.4079879498011
Comoros,2021,66.04962851979718,,33.950371480202826
Comoros,2020,36.459271781325874,,63.540728218674126
Comoros,2019,33.49626504127501,,66.50373495872499
Comoros,2018,42.32994485770935,,57.67005514229066
Comoros,2016,29.82515810234906,,70.17484189765094
Comoros,2030,31.94637652950168,,68.05362347049834
Comoros,2032,29.978097220950307,,70.0219027790497
"Congo, Dem. Rep.",2031,21.736916763840682,,78.26308323615932
"Congo, Dem. Rep.",2030,21.726459285692947,,78.27354071430705
"Congo, Dem. Rep.",2029,21.639800087963113,,78.36019991203686
"Congo, Dem. Rep.",2028,63.10687733330162,,36.893122666698375
"Congo, Dem. Rep.",2027,65.69568132321712,,34.304318676782884
"Congo, Dem. Rep.",2026,68.65928499419873,,31.34071500580127
"Congo, Dem. Rep.",2025,68.69732841554021,,31.302671584459784
"Congo, Dem. Rep.",2024,52.989613453887614,,47.01038654611239
"Congo, Dem. Rep.",2023,35.0316301027876,,64.96836989721238
"Congo, Dem. Rep.",2022,68.44257575067193,,31.557424249328065
"Congo, Dem. Rep.",2021,10.485263650684757,,89.51473634931523
"Congo, Dem. Rep.",2020,8.557598181290931,,91.44240181870907
"Congo, Dem. Rep.",2019,13.178071045813201,,86.8219289541868
"Congo, Dem. Rep.",2018,15.738302655436545,,84.26169734456346
"Congo, Dem. Rep.",2016,8.011013150777892,,91.98898684922212
"Congo, Dem. Rep.",2015,8.057763734879313,,91.9422362651207
"Congo, Dem. Rep.",2014,5.156773039201677,,94.84322696079832
"Congo, Dem. Rep.",2013,6.63420457442143,,93.36579542557858
"Congo, Dem. Rep.",2012,0.21700335769498752,,99.78299664230501
"Congo, Dem. Rep.",2011,0.7510437762833413,,99.24895622371666
"Congo, Dem. Rep.",2010,2.639548499151281,,97.36045150084873
"Congo, Dem. Rep.",2009,1.2159575707465222,,98.78404242925347
"Congo, Dem. Rep.",2008,1.2818156953048525,,98.71818430469514
"Congo, Dem. Rep.",2007,0.8332936984393055,,99.1667063015607
"Congo, Dem. Rep.",2006,1.9262172918624558,,98.07378270813754
"Congo, Dem. Rep.",2005,1.8882314135509655,,98.11176858644903
"Congo, Dem. Rep.",2004,3.138227321054735,,96.86177267894527
"Congo, Dem. Rep.",2032,19.503587239437977,,80.49641276056201
"Congo, Dem. Rep.",2017,9.120122791950498,,90.87987720804949
"Congo, Rep.",2016,48.89278535025617,3.375913297941494,47.73130135180235
"Congo, Rep.",2032,29.107538040874797,22.511482094679288,48.38097986444591
"Congo, Rep.",2031,27.774391562195436,20.396171133091887,51.829437304712684
"Congo, Rep.",2030,27.167447485064333,19.886473618985754,52.94607889594992
"Congo, Rep.",2029,20.328290487604495,14.932074350057839,64.73963516233766
"Congo, Rep.",2028,28.702618436827816,21.05593586715173,50.241445696020456
"Congo, Rep.",2027,26.442407267637925,26.41721604810583,47.140376684256246
"Congo, Rep.",2026,27.68235255908689,26.099320278332236,46.21832716258088
"Congo, Rep.",2025,26.342678477354454,23.683298178921167,49.97402334372439
"Congo, Rep.",2024,21.4991625035881,0.0,78.5008374964119
"Congo, Rep.",2022,16.327742723203812,10.318281720944366,73.35397555585182
"Congo, Rep.",2021,14.342967396622168,14.39000318708394,71.2670294162939
"Congo, Rep.",2020,39.100329831853266,8.788536389358987,52.11113377878774
"Congo, Rep.",2019,43.83408403882044,0.23504309710251056,55.930872864077045
"Congo, Rep.",2018,43.03882842355534,1.6438023514814564,55.3173692249632
"Congo, Rep.",2017,47.07083880001604,7.0523781806851655,45.876783019298784
"Congo, Rep.",2015,34.512372134085545,17.962312969086774,47.52531489682769
"Congo, Rep.",2023,22.38668409033548,0.0,77.61331590966452
"Congo, Rep.",2013,24.703111370677615,19.726618524392546,55.57027010492983
"Congo, Rep.",2014,30.069021739664766,15.169357769714004,54.761620490621226
"Congo, Rep.",2004,1.19433167456865,,98.80566832543134
"Congo, Rep.",2008,0.39663507173483825,,99.60336492826517
"Congo, Rep.",2009,0.46561656743230434,6.836683298574449,92.69770013399325
"Congo, Rep.",2010,1.713830652083891,20.879049320895344,77.40712002702077
"Congo, Rep.",2011,1.7170374425789061,37.17942621518687,61.10353634223422
"Congo, Rep.",2012,7.064190095090817,36.58064009527144,56.35516980963774
Cote d'Ivoire,2018,2.955834577831551,0.7810573348873506,96.26310808728111
Cote d'Ivoire,2023,7.7451342304294775,2.0210375165387573,90.23382825303177
Cote d'Ivoire,2019,1.7598335751565706,0.34978025957654396,97.89038616526689
Cote d'Ivoire,2020,3.459819010696967,0.8940534132726169,95.64612757603041
Cote d'Ivoire,2021,6.647927219117342,1.4306234293925648,91.9214493514901
Cote d'Ivoire,2022,7.522264169093272,1.410484196277841,91.06725163462887
Cote d'Ivoire,2024,6.30665898988218,1.92628308366003,91.7670579264578
Cote d'Ivoire,2031,7.042052703173334,2.4397117268070714,90.5182355700196
Cote d'Ivoire,2026,8.9815175080898,3.749127042359912,87.26935544955028
Cote d'Ivoire,2027,9.470222612014728,3.668640891710085,86.8611364962752
Cote d'Ivoire,2028,8.794546200944868,3.5386021741375715,87.66685162491756
Cote d'Ivoire,2029,8.966928570446155,3.09802584543356,87.93504558412029
Cote d'Ivoire,2030,8.043952438219453,2.709362914634101,89.24668464714645
Cote d'Ivoire,2016,1.6666541412365719,0.840730932787689,97.49261492597574
Cote d'Ivoire,2025,8.495102703949605,3.6112056074483125,87.89369168860208
Cote d'Ivoire,2015,3.733885932484263,1.9569180251334946,94.30919604238224
Cote d'Ivoire,2017,0.9830056766918309,0.49804635521603535,98.51894796809214
Cote d'Ivoire,2013,0.6229489699280717,,99.37705103007193
Cote d'Ivoire,2032,6.831519582714735,2.6036567615268407,90.56482365575843
Cote d'Ivoire,2001,0.000717602042483302,,99.99928239795753
Cote d'Ivoire,2002,0.0014829719628128093,,99.99851702803718
Cote d'Ivoire,2003,0.11764399260746614,,99.88235600739253
Cote d'Ivoire,2004,0.7326123618130745,,99.26738763818693
Cote d'Ivoire,2014,1.2822805807452329,0.056082656618764076,98.66163676263601
Cote d'Ivoire,2005,2.9120544478716837,,97.08794555212832
Cote d'Ivoire,2007,1.0893845974744039,,98.9106154025256
Cote d'Ivoire,2008,0.10274812444133738,,99.89725187555867
Cote d'Ivoire,2009,0.349678462787672,,99.65032153721232
Cote d'Ivoire,2010,0.38804645857952574,0.02395788321705264,99.58799565820343
Cote d'Ivoire,2011,0.6209971595885836,2.2368683901961983,97.14213445021521
Cote d'Ivoire,2012,1.0325315166064908,3.103597040694951,95.86387144269857
Cote d'Ivoire,2006,8.250943511731837,,91.74905648826817
Djibouti,2032,55.09904263185591,,44.90095736814411
Djibouti,2031,58.28873263212297,,41.711267367877014
Djibouti,2030,55.03338367618908,,44.966616323810904
Djibouti,2029,51.74797184052446,,48.25202815947555
Djibouti,2028,54.48913153657628,,45.51086846342372
Djibouti,2027,45.23805598421506,,54.761944015784934
Djibouti,2026,42.989386638678404,,57.01061336132159
Djibouti,2025,42.72357896287047,,57.276421037129545
Djibouti,2024,29.50784074396672,,70.49215925603329
Djibouti,2022,13.056401006745508,,86.94359899325448
Djibouti,2021,29.32118420809356,,70.67881579190642
Djibouti,2020,29.487065605387013,,70.51293439461298
Djibouti,2019,30.618439821864182,,69.38156017813583
Djibouti,2018,41.04710151698525,,58.952898483014756
Djibouti,2017,41.385649908015395,,58.614350091984605
Djibouti,2023,13.832710286624831,,86.16728971337518
Djibouti,2015,22.040562651228242,,77.95943734877174
Djibouti,2016,34.850918957500845,,65.14908104249915
Djibouti,2003,22.46442114127821,,77.53557885872179
Djibouti,2004,4.184719407625606,,95.81528059237438
Djibouti,2005,5.0473011864382205,,94.95269881356178
Djibouti,2006,3.470643458119267,,96.52935654188074
Djibouti,2007,4.13153128434268,,95.86846871565731
Djibouti,2008,9.055816229500609,,90.9441837704994
Djibouti,2010,14.311052877717495,,85.68894712228251
Djibouti,2011,12.202774262266056,,87.79722573773395
Djibouti,2012,11.01393900794154,,88.98606099205846
Djibouti,2013,10.651835701968487,,89.3481642980315
Djibouti,2014,11.619524627286982,,88.38047537271305
Djibouti,2009,15.81365854704503,,84.18634145295496
Dominica,2016,14.114500235361044,,85.7583787235652
Dominica,2017,14.315173004091625,,85.56363480091653
Dominica,2018,13.131428632777707,,86.77714578771145
Dominica,2019,13.332594904250312,,86.57172343016654
Dominica,2020,12.236792852336595,,87.67684097937622
Dominica,2021,0.0974713245499132,,99.77701647177821
Dominica,2022,12.203619906246281,,87.71913106507102
Dominica,2025,13.279896236283761,,86.72010376371624
Dominica,2024,6.932566341224332,,93.0277462396047
Dominica,2026,9.916522311617348,,90.08347768838264
Dominica,2027,13.444486020294974,,86.55551397970503
Dominica,2028,11.348038029306625,,88.65196197069336
Dominica,2029,9.373522525715703,,90.62647747428429
Dominica,2023,12.203696045355917,,87.72636960034895
Dominica,2015,1.9085428679623666,,97.93385205031643
Dominica,2013,4.170909409088188,,95.62070567986699
Dominica,2030,8.613109372071415,,91.3868906279286
Dominica,2000,2.6935323959363093,,97.30646760406371
Dominica,2001,3.356107273229903,,96.64389272677009
Dominica,2002,3.674117068047691,,96.32588293195232
Dominica,2003,4.021492016175507,,95.97850798382449
Dominica,2004,3.1432263824205684,,96.85677361757944
Dominica,2014,4.226540310534704,,95.59163876685244
Dominica,2005,0.2988451518903223,,99.70115484810968
Dominica,2011,1.1560399594239519,,98.84396004057604
Dominica,2012,2.153847072891558,,97.84615292710845
Dominica,2006,3.6659137972358637,,96.33408620276413
Dominica,2031,4.285062125559412,,95.7149378744406
Dominican Republic,2002,0.12049743316638944,,99.87950256683361
Dominican Republic,2026,0.002778625770732922,,99.99722137422927
Dominican Republic,2025,0.004333912149172936,,99.99566608785082
Dominican Republic,2024,0.005122499642794589,,99.99487750035722
Dominican Republic,2023,0.005399108249245576,,99.99460089175075
Dominican Republic,2022,0.00733783618394051,,99.99266216381606
Dominican Republic,2021,0.010782027936186924,,99.98921797206381
Dominican Republic,2020,0.006184078458879595,,99.99381592154111
Dominican Republic,2019,0.012194344637130688,,99.98780565536288
Dominican Republic,2018,0.015172687401900737,,99.9848273125981
Dominican Republic,2017,0.01759047457948502,,99.98240952542052
Dominican Republic,2016,0.015421101091227747,,99.98457889890877
Dominican Republic,2015,0.007985410565641204,,99.99201458943436
Dominican Republic,2014,0.016112417200656946,,99.98388758279934
Dominican Republic,2013,0.08182666023959657,,99.9181733397604
Dominican Republic,2012,0.11188602999739049,,99.8881139700026
Dominican Republic,2011,0.09894436082260276,,99.90105563917739
Dominican Republic,2010,0.11396429454176844,,99.88603570545824
Dominican Republic,2009,0.10972585854022447,,99.89027414145978
Dominican Republic,2008,0.11916658254301817,,99.88083341745698
Dominican Republic,2007,0.1006861289024154,,99.89931387109759
Dominican Republic,2006,0.12278396035899546,,99.877216039641
Dominican Republic,2005,0.2158061881812664,,99.78419381181874
Dominican Republic,2004,0.18356077901005605,,99.81643922098993
Dominican Republic,2003,0.19800560238502418,,99.80199439761495
Dominican Republic,2001,0.02773995490791271,,99.97226004509209
East Asia & Pacific (excluding high income),2032,2.5942349652984475,0.00307670627398965,97.40268832842756
East Asia & Pacific (excluding high income),2002,1.2315752375887283,0.005161071653362567,98.76326369075791
East Asia & Pacific (excluding high income),2031,2.6924126325779727,0.12670935827625762,97.18087800914577
East Asia & Pacific (excluding high income),2030,0.7435130250212734,0.09649312157289269,99.15999385340584
East Asia & Pacific (excluding high income),2029,2.592440991072875,0.3439021680046124,97.06365684092252
East Asia & Pacific (excluding high income),2028,1.776085306199382,0.2515966623444496,97.97231803145617
East Asia & Pacific (excluding high income),2027,1.7496723071321765,0.2554671689607396,97.99486052390708
East Asia & Pacific (excluding high income),2026,3.0541224745375453,0.26503883641440895,96.68083868904804
East Asia & Pacific (excluding high income),2025,1.9067999783392287,0.20804870616171778,97.88515131549906
East Asia & Pacific (excluding high income),2024,1.5352395963339154,0.18490304497642787,98.27985735868967
East Asia & Pacific (excluding high income),2023,0.9820554539795278,0.16313104115384555,98.85481350486663
East Asia & Pacific (excluding high income),2022,0.9292411205838194,0.20619598253965024,98.86456289687654
East Asia & Pacific (excluding high income),2021,1.204108422338138,0.28966038102438935,98.50623119663747
East Asia & Pacific (excluding high income),2020,1.5375784502081125,0.21907781931394313,98.24334373047795
East Asia & Pacific (excluding high income),2019,2.212208862857114,0.41908593670956656,97.36870520043333
East Asia & Pacific (excluding high income),2018,2.747105948925396,0.5940813116550744,96.65881273941952
East Asia & Pacific (excluding high income),2017,2.4618529328864924,0.5244961722740032,97.01365089483951
East Asia & Pacific (excluding high income),2016,2.1506543876260094,0.5062840192876098,97.34306159308638
East Asia & Pacific (excluding high income),2015,1.5879585636406024,0.22555129054753975,98.18649014581186
East Asia & Pacific (excluding high income),2014,1.3714222977580386,0.3075189327304162,98.32105876951155
East Asia & Pacific (excluding high income),2013,1.5687562581603056,0.2718869187316609,98.15935682310801
East Asia & Pacific (excluding high income),2012,1.706864413616014,0.23678414249860502,98.05635144388538
East Asia & Pacific (excluding high income),2011,0.8782894194132135,0.13660386768489532,98.98510671290187
East Asia & Pacific (excluding high income),2010,0.6029086020165844,0.07146583113688394,99.32562556684654
East Asia & Pacific (excluding high income),2009,0.37244663181260473,0.012700145148320756,99.61485322303908
East Asia & Pacific (excluding high income),2008,0.27867840821864476,0.009046877275135926,99.71227471450621
East Asia & Pacific (excluding high income),2007,0.1511040551217186,0.020933486823305075,99.82796245805497
East Asia & Pacific (excluding high income),2006,0.061744254378811494,0.028901999595309907,99.90935374602589
East Asia & Pacific (excluding high income),2005,0.0559524378444069,0.014795425452817302,99.92925213670279
East Asia & Pacific (excluding high income),2004,0.05132779611454598,0.016003013118605754,99.93266919076684
East Asia & Pacific (excluding high income),2003,0.4240149866045746,0.0046710314886366225,99.57131398190678
East Asia & Pacific (excluding high income),2001,0.3792361089616337,0.00609132868183004,99.61467256235653
East Asia & Pacific (excluding high income),2000,0.13857233872765548,0.006278106662615246,99.85514955460972
Ecuador,2014,45.35161801203451,,54.648381987965486
Ecuador,2032,0.8658466947357164,,99.13415330526428
Ecuador,2031,0.8278893319280953,,99.1721106680719
Ecuador,2030,0.8617330542311732,,99.13826694576883
Ecuador,2029,1.6478474843756705,,98.35215251562433
Ecuador,2028,3.5648826152690885,,96.4351173847309
Ecuador,2027,6.81450752636123,,93.18549247363876
Ecuador,2026,5.021822293039076,,94.97817770696092
Ecuador,2025,19.43660608824304,,80.56339391175695
Ecuador,2024,19.45330222447902,,80.54669777552097
Ecuador,2022,32.5735397759848,,67.4264602240152
Ecuador,2021,24.89316094257648,1.7324193535614971,73.37441970386202
Ecuador,2020,22.578028500782146,4.543169885239338,72.87880161397851
Ecuador,2019,22.684471606368476,3.8855753828975907,73.42995301073393
Ecuador,2018,36.0501953406155,4.929274576759817,59.020530082624674
Ecuador,2017,35.73034972534325,4.521001936185996,59.74864833847073
Ecuador,2016,31.671106033484495,5.369823445706773,62.95907052080874
Ecuador,2023,23.241779859915592,,76.75822014008442
Ecuador,2013,46.391328296708444,,53.60867170329155
Ecuador,2015,29.06239107916576,,70.93760892083424
Ecuador,2000,0.022251073054942453,,99.97774892694505
Ecuador,2001,0.03593247647843087,,99.96406752352156
Ecuador,2002,0.02977444074963178,,99.97022555925037
Ecuador,2003,0.06112215876011421,,99.93887784123987
Ecuador,2005,0.0784377882783574,,99.92156221172165
Ecuador,2006,0.14195129164140938,,99.8580487083586
Ecuador,2004,0.08725011290822243,,99.91274988709178
Ecuador,2008,0.03201124219997418,,99.96798875780003
Ecuador,2009,0.008089957816299549,,99.9919100421837
Ecuador,2010,2.018529376177547,,97.98147062382245
Ecuador,2011,21.056095663026195,,78.9439043369738
Ecuador,2012,28.778431259122875,,71.22156874087713
Ecuador,2007,0.031544281763586694,,99.9684557182364
"Egypt, Arab Rep.",2017,2.0496018086190944,,97.9503981913809
"Egypt, Arab Rep.",2022,5.417238875585364,0.3307031521918686,94.25205797222277
"Egypt, Arab Rep.",2018,2.5417810418028446,,97.45821895819715
"Egypt, Arab Rep.",2019,7.083329281790573,,92.91667071820943
"Egypt, Arab Rep.",2020,7.383929815225145,0.19436345033952057,92.42170673443535
"Egypt, Arab Rep.",2021,8.592710175146403,0.1736453827227638,91.23364444213084
"Egypt, Arab Rep.",2023,6.30069190705792,0.9267827051947848,92.7725253877473
"Egypt, Arab Rep.",2030,1.297845123362711,3.051577205673657,95.65057767096363
"Egypt, Arab Rep.",2025,3.075634059903556,1.8250280033621742,95.09933793673427
"Egypt, Arab Rep.",2026,2.5880164902739673,1.2914508813352186,96.12053262839082
"Egypt, Arab Rep.",2027,6.9792584981621335,1.580820655455606,91.43992084638226
"Egypt, Arab Rep.",2028,5.7318909134808465,3.042326593926989,91.22578249259216
"Egypt, Arab Rep.",2029,2.943886925492067,3.2788272080752545,93.77728586643268
"Egypt, Arab Rep.",2016,0.8377151893775391,,99.16228481062245
"Egypt, Arab Rep.",2024,5.877243926878572,1.6286525392713518,92.49410353385008
"Egypt, Arab Rep.",2015,0.5482020837659207,,99.45179791623409
"Egypt, Arab Rep.",2031,1.0951265510119725,2.564923551585204,96.33994989740282
"Egypt, Arab Rep.",2013,0.3464530139960153,,99.65354698600399
"Egypt, Arab Rep.",2032,1.1564032521578778,2.6972560983517253,96.14634064949038
"Egypt, Arab Rep.",2014,0.1984108576545021,,99.80158914234549
"Egypt, Arab Rep.",2007,0.0025838625932707916,,99.99741613740673
"Egypt, Arab Rep.",2010,0.004363757093780758,,99.99563624290623
"Egypt, Arab Rep.",2011,0.04920637305278191,,99.95079362694722
"Egypt, Arab Rep.",2012,0.07776596558810835,,99.92223403441189
El Salvador,2000,0.5173469190758287,,99.48265308092417
El Salvador,2001,0.44606958564598775,,99.55393041435401
El Salvador,2022,0.011716271428954421,,99.98828372857103
El Salvador,2021,0.10451679105939815,,99.8954832089406
El Salvador,2031,,2.364759607238338,97.63524039276165
El Salvador,2030,,1.4023951237046166,98.59760487629538
El Salvador,2029,,1.7405276231047955,98.2594723768952
El Salvador,2028,,2.3405304500798483,97.65946954992015
El Salvador,2027,,1.2713304142725412,98.72866958572746
El Salvador,2023,0.010755867184384883,,99.98924413281561
El Salvador,2026,,0.15620188386287287,99.84379811613712
El Salvador,2025,,0.0,100.0
El Salvador,2024,0.003300253714784427,,99.99669974628522
El Salvador,2020,0.07299145381906723,,99.92700854618094
El Salvador,2019,0.04220107107797044,,99.95779892892203
El Salvador,2018,0.07881777201704145,,99.92118222798297
El Salvador,2032,,1.7964230131501682,98.20357698684984
El Salvador,2017,0.08463532142859,,99.91536467857141
El Salvador,2015,0.44541877270845603,,99.55458122729155
El Salvador,2014,0.47286895218338454,,99.52713104781661
El Salvador,2013,0.5099677958790867,,99.49003220412091
El Salvador,2012,0.5110776713389933,,99.488922328661
El Salvador,2011,0.4472027651114398,,99.55279723488856
El Salvador,2010,0.5535402889216198,,99.44645971107839
El Salvador,2009,0.4941990471007929,,99.50580095289921
El Salvador,2008,0.6340797991816355,,99.36592020081837
El Salvador,2007,0.6325024554406331,,99.36749754455937
El Salvador,2006,0.8481302184353928,,99.15186978156461
El Salvador,2005,0.17465604740218169,,99.82534395259782
El Salvador,2004,0.22367394878590677,,99.7763260512141
El Salvador,2003,0.016023059188258915,,99.98397694081173
El Salvador,2016,0.24535093923765067,,99.75464906076235
El Salvador,2002,0.1890518529066235,,99.81094814709338
Equatorial Guinea,2019,96.41237859930429,,3.5876214006956983
Equatorial Guinea,2021,98.77423457500007,,1.2257654249999352
Equatorial Guinea,2022,99.15495309756207,,0.8450469024379345
Equatorial Guinea,2023,97.71889639710459,,2.2811036028954232
Equatorial Guinea,2024,92.04153539475621,,7.958464605243764
Equatorial Guinea,2025,95.8206179635446,,4.1793820364553955
Equatorial Guinea,2026,95.99771805119882,,4.002281948801176
Equatorial Guinea,2027,94.80276840015893,,5.197231599841079
Equatorial Guinea,2028,92.33825773844053,,7.661742261559463
Equatorial Guinea,2030,90.5534922298587,,9.446507770141286
Equatorial Guinea,2031,87.84092969500219,,12.159070304997819
Equatorial Guinea,2032,87.93934549402042,,12.060654505979569
Equatorial Guinea,2020,98.7034526771194,,1.2965473228805955
Equatorial Guinea,2029,92.35616537469998,,7.643834625300007
Eritrea,2021,27.677299595761003,,72.322700404239
Eritrea,2017,33.992388415390046,,66.00761158460996
Eritrea,2016,35.219927570796415,,64.78007242920359
Eritrea,2015,31.129881726481504,,68.8701182735185
Eritrea,2014,21.431647550834462,,78.56835244916553
Eritrea,2013,57.86657451313215,,42.13342548686785
Eritrea,2012,55.376722351447135,,44.62327764855288
Eritrea,2011,22.370370914371712,,77.6296290856283
Eritrea,2010,18.42365550991266,,81.57634449008735
Eritrea,2009,28.997598092193055,,71.00240190780694
Eritrea,2008,25.341596251039014,,74.65840374896099
Eritrea,2007,2.2088135310034853,,97.79118646899651
Eritrea,2006,0.2619420000511615,,99.73805799994885
Eritrea,2019,26.24550522426644,,73.75449477573355
Eritrea,2020,26.998169422327898,,73.00183057767211
Eritrea,2018,26.683557294318096,,73.3164427056819
Eritrea,2030,0.2597993350855376,,99.74020066491445
Eritrea,2023,32.34311285892123,,67.65688714107877
Eritrea,2024,22.71806696739114,,77.28193303260886
Eritrea,2025,2.0579384641306513,,97.94206153586936
Eritrea,2026,2.133608065185942,,97.86639193481405
Eritrea,2027,2.130377838153874,,97.86962216184611
Eritrea,2028,2.515333231000115,,97.48466676899987
Eritrea,2029,1.482914278071094,,98.51708572192891
Eritrea,2022,33.31695358359951,,66.6830464164005
Eswatini,2019,13.719836067172032,,86.28016393282797
Eswatini,2021,11.898550326987785,,88.10144967301221
Eswatini,2020,14.042361378304633,,85.95763862169537
Eswatini,2023,23.37871098312103,,76.62128901687896
Eswatini,2018,10.411327657048888,,89.58867234295111
Eswatini,2022,15.159219440976335,,84.84078055902366
Eswatini,2017,7.557826987755407,,92.4421730122446
Eswatini,2012,0.5919305294195086,,99.4080694705805
Eswatini,2015,0.7173976681233833,,99.28260233187659
Eswatini,2014,0.7382862125234383,,99.26171378747657
Eswatini,2013,0.7018527481955957,,99.2981472518044
Eswatini,2024,24.446250643728952,,75.55374935627104
Eswatini,2011,0.5736936353612953,,99.4263063646387
Eswatini,2010,0.559695997160317,,99.4403040028397
Eswatini,2016,2.1716245363477578,,97.82837546365224
Eswatini,2025,19.878450070400362,,80.12154992959964
Eswatini,2030,19.077876078537198,,80.9221239214628
Eswatini,2027,15.801237132897544,,84.19876286710245
Eswatini,2000,1.1978431467589157,,98.80215685324109
Eswatini,2001,0.12746450225143738,,99.87253549774856
Eswatini,2002,0.14448328363806712,,99.85551671636193
Eswatini,2003,0.7566269493326212,,99.24337305066737
Eswatini,2004,1.1044943132468628,,98.89550568675314
Eswatini,2026,19.805751794513693,,80.1942482054863
Eswatini,2005,1.0859423387040343,,98.91405766129597
Eswatini,2032,21.60687240848599,,78.393127591514
Eswatini,2031,21.32985877767652,,78.67014122232348
Eswatini,2007,0.6148173354943548,,99.38518266450565
Eswatini,2009,0.5372018838072978,,99.4627981161927
Eswatini,2029,18.018244000293294,,81.9817559997067
Eswatini,2028,16.58178172335848,,83.41821827664151
Eswatini,2006,0.7976509868686057,,99.2023490131314
Eswatini,2008,1.0859545734088274,,98.91404542659117
Ethiopia,2020,26.680047235101927,16.774147085920028,56.545805678978056
Ethiopia,2022,24.361182907017447,13.177087591834164,62.46172950114838
Ethiopia,2000,0.0,,99.61510848795349
Ethiopia,2017,23.752784379568737,22.950914033262002,53.29630158716926
Ethiopia,2016,21.64720461918392,27.414479070959903,50.938316309856184
Ethiopia,2015,17.54477444350957,14.444149101821303,68.01107645466912
Ethiopia,2014,19.78476853603871,21.05185487638581,59.16337658757548
Ethiopia,2013,14.149735994061606,25.004195997607447,60.846068008330946
Ethiopia,2012,11.336569034376009,22.92726929607976,65.73616166954423
Ethiopia,2011,1.715909969897769,26.806186289484586,71.47790374061765
Ethiopia,2010,0.33831713561035165,25.087538821461997,74.57414404292764
Ethiopia,2009,5.959372197400924,,94.04062780259908
Ethiopia,2008,0.0,,100.0
Ethiopia,2007,0.0,,100.0
Ethiopia,2006,0.0046125980100969275,,99.99538740198989
Ethiopia,2005,0.7138447367283334,,99.28615526327167
Ethiopia,2004,0.0,,100.0
Ethiopia,2003,0.0,,100.0
Ethiopia,2002,2.2610605427131167,,97.29506510084012
Ethiopia,2001,1.6508528381145808,,94.973907624139
Ethiopia,2021,20.6806650906303,14.580849426677547,64.73848548269216
Ethiopia,2018,16.16734640393876,24.15480212850214,59.6778514675591
Ethiopia,2019,28.47382601861028,17.021305119281582,54.504868862108125
Ethiopia,2026,41.771277510207355,7.803939034653574,50.424783455139064
Ethiopia,2025,22.571813107296485,9.144077172338156,68.28410972036535
Ethiopia,2027,45.673862782319866,6.920150989590678,47.40598622808945
Ethiopia,2028,63.856234197529716,,36.14376580247027
Ethiopia,2029,37.03785860204147,,62.962141397958526
Ethiopia,2030,29.601257714522692,,70.39874228547731
Ethiopia,2031,20.51123845516194,,79.48876154483807
Ethiopia,2024,4.002424476542483,0.6463653409372992,95.35121018252022
Ethiopia,2032,18.365295102655097,,81.6347048973449
Ethiopia,2023,8.159398964268002,6.889523962367854,84.95107707336415
Europe & Central Asia (excluding high income),2014,8.117194353861334,0.04886682428928463,91.83393882184937
Europe & Central Asia (excluding high income),2015,5.22281561781803,0.022903469915641263,94.75428091226634
Europe & Central Asia (excluding high income),2016,7.8487113680725225,0.017645453215495283,92.13364317871198
Europe & Central Asia (excluding high income),2017,6.991659030984462,0.005787783715411912,93.00255318530013
Europe & Central Asia (excluding high income),2018,6.098104560153558,0.017207389692473155,93.88468805015397
Europe & Central Asia (excluding high income),2019,7.592458979245965,0.09790072975967382,92.30185782618597
Europe & Central Asia (excluding high income),2012,2.7670444408002965,0.08771658962830482,97.1452389695714
Europe & Central Asia (excluding high income),2020,7.059596802032162,0.11506712122883382,92.825336076739
Europe & Central Asia (excluding high income),2013,2.792134896779369,0.05877033412553005,97.1490947690951
Europe & Central Asia (excluding high income),2000,0.038707574110524015,0.03543829707052831,99.92585412881894
Europe & Central Asia (excluding high income),2021,6.241993386202691,0.2226928172616123,93.53479647943826
Europe & Central Asia (excluding high income),2010,1.1786720011834095,0.09117555326302203,98.73015244555356
Europe & Central Asia (excluding high income),2009,0.46253437636218464,0.05603097429168287,99.48143464934614
Europe & Central Asia (excluding high income),2001,0.16215635529410327,0.03115730050344281,99.80668634420245
Europe & Central Asia (excluding high income),2002,0.22749517520183635,0.036519036134742534,99.73598578866343
Europe & Central Asia (excluding high income),2003,0.05574296080309411,0.020036479625256988,99.83254971631345
Europe & Central Asia (excluding high income),2004,0.08521336420989051,0.02251836981588926,99.89226826597422
Europe & Central Asia (excluding high income),2005,0.11576257334471582,0.027669554666548277,99.85656787198873
Europe & Central Asia (excluding high income),2006,0.2140029523699801,0.0474877545167348,99.73850929311328
Europe & Central Asia (excluding high income),2011,1.598048957869932,0.08238616188830523,98.31956488024174
Europe & Central Asia (excluding high income),2007,0.19280161840900145,0.04985369369445031,99.75734468789653
Europe & Central Asia (excluding high income),2022,4.766480267544013,1.1014907039111401,94.13058908016323
Europe & Central Asia (excluding high income),2024,5.28057224048551,0.296518150460484,94.31903635910739
Europe & Central Asia (excluding high income),2023,5.94152577881452,1.138170691305298,92.84365685415398
Europe & Central Asia (excluding high income),2032,3.954468992299103,,96.02513631499902
Europe & Central Asia (excluding high income),2031,3.302194845966542,,96.68180997485888
Europe & Central Asia (excluding high income),2030,3.7423593189551236,,96.22917516418553
Europe & Central Asia (excluding high income),2008,0.36502006775753737,0.06170674369537581,99.57327318854709
Europe & Central Asia (excluding high income),2028,4.023066610701732,0.14068094843240805,95.80369720898884
Europe & Central Asia (excluding high income),2027,5.299702409237609,0.1507432953175287,94.51860605723199
Europe & Central Asia (excluding high income),2026,4.706103770671825,0.14648869874237763,95.1174380297829
Europe & Central Asia (excluding high income),2025,4.330475158385347,0.13739064487370523,95.50722316665377
Europe & Central Asia (excluding high income),2029,4.257286467103431,0.09793687852350293,95.60868688376021
Fiji,2018,54.887198666377444,,45.112801333622556
Fiji,2017,50.09601629448504,,49.90398370551496
Fiji,2016,41.141598109738375,,58.85840189026162
Fiji,2015,6.642825028963173,,93.35717497103683
Fiji,2014,14.08173596477004,,85.91826403522995
Fiji,2013,11.312758203903474,,88.68724179609653
Fiji,2012,9.862722852672293,,90.13727714732772
Fiji,2011,1.3504772463794097,,98.64952275362059
Fiji,2010,5.65236140501582,,94.34763859498418
Fiji,2008,3.823617728903606,,96.17638227109639
Fiji,2007,4.240624393109678,,95.75937560689032
Fiji,2006,9.768709921731702,,90.2312900782683
Fiji,2004,15.324671286230414,,84.67532871376959
Fiji,2003,13.8483528644573,,86.1516471355427
Fiji,2002,13.071954113880365,,86.92804588611963
Fiji,2001,13.510372303362516,,86.48962769663748
Fiji,2000,9.310275547661007,,90.689724452339
Fiji,2022,25.398130443480586,,74.6018695565194
Fiji,2009,3.844192956083629,,96.15580704391637
Fiji,2005,11.076852543000141,,88.92314745699986
Fiji,2023,19.57514952633749,,80.4248504736625
Fiji,2021,1.4306625120097676,,98.56933748799024
Fiji,2024,16.404081553075144,,83.59591844692487
Fiji,2025,14.25579386177726,,85.74420613822274
Fiji,2026,13.418017278738265,,86.58198272126172
Fiji,2027,11.738459494244081,,88.26154050575592
Fiji,2028,10.059314751724015,,89.940685248276
Fiji,2029,10.611436032352678,,89.38856396764731
Fiji,2030,10.418414100936642,,89.58158589906336
Fiji,2031,8.232836777104602,,91.7671632228954
Fiji,2032,3.162294142410894,,96.83770585758911
Fiji,2019,18.611393300962277,,81.38860669903772
Fiji,2020,9.014492274791916,,90.98550772520808
Gabon,2021,9.462915312177492,0.1819842659931399,90.35510042182936
Gabon,2032,18.688579590651294,,81.31142040934871
Gabon,2031,3.251197522352815,,96.74880247764717
Gabon,2030,14.568029860652635,,85.43197013934737
Gabon,2029,16.525608156465754,,83.47439184353425
Gabon,2028,19.06491026229092,,80.93508973770908
Gabon,2027,23.660530434371353,,76.33946956562865
Gabon,2026,22.07224155207155,0.6290200108831528,77.2987384370453
Gabon,2025,20.329922094329735,2.931001335741763,76.7390765699285
Gabon,2024,3.5881186825630653,0.3107341206387754,96.10114719679817
Gabon,2000,0.007691057636608073,,99.9923089423634
Gabon,2001,0.008107072653629003,,99.99189292734637
Gabon,2002,0.01288165781955694,,99.98711834218044
Gabon,2003,0.6751257527512412,,99.32487424724876
Gabon,2004,1.0193997828851944,,98.98060021711481
Gabon,2022,21.955615800233392,4.385654653541531,73.65872954622509
Gabon,2005,1.291904309660701,,98.70809569033929
Gabon,2007,0.4284462490761574,,99.57155375092384
Gabon,2008,0.3253701004268004,,99.6746298995732
Gabon,2009,4.792240128770445,0.38562701158685825,94.8221328596427
Gabon,2010,3.1633960146186983,,96.8366039853813
Gabon,2023,6.036897299101079,1.8849065095652768,92.07819619133366
Gabon,2012,4.025961180510473,,95.97403881948952
Gabon,2013,2.3546551474719655,,97.64534485252805
Gabon,2014,6.037698992334877,,93.96230100766512
Gabon,2015,6.950120523872435,,93.04987947612756
Gabon,2016,15.874495328448619,0.18624112250978858,83.93926354904158
Gabon,2017,2.0648775602489198,0.0009694015537582968,97.93415303819731
Gabon,2018,16.014701330213935,0.5933112094322317,83.39198746035383
Gabon,2019,11.341695802940189,6.381836784425165,82.27646741263463
Gabon,2020,6.228394942778719,0.37372530961377776,93.3978797476075
Gabon,2006,3.2752122477834136,,96.7247877522166
Gabon,2011,4.216390150404909,0.1604977729536254,95.62311207664146
"Gambia, The",2031,0.6507835262127268,,99.34921647378728
"Gambia, The",2029,0.45172307397593003,,99.54827692602406
"Gambia, The",2028,0.40019678442740103,,99.5998032155726
"Gambia, The",2027,0.4585044282291444,,99.54149557177085
"Gambia, The",2026,0.48508574727406123,,99.51491425272593
"Gambia, The",2025,0.4702418194328179,,99.52975818056717
"Gambia, The",2024,0.9643497816743102,,99.0356502183257
"Gambia, The",2023,1.3956838967166234,,98.60431610328338
"Gambia, The",2022,1.5732666120366394,,98.42673338796334
"Gambia, The",2021,1.4197760458033246,,98.58022395419667
"Gambia, The",2020,1.5272649065105446,,98.47273509348945
"Gambia, The",2019,0.6406473713340722,,99.35935262866595
"Gambia, The",2014,31.56785345243572,,68.43214654756427
"Gambia, The",2004,0.5651061547367112,,99.43489384526329
"Gambia, The",2002,0.05702001177212789,,99.94297998822788
"Gambia, The",2001,5.791071243960838,,94.20892875603916
"Gambia, The",2000,4.056868662003504,,95.94313133799649
"Gambia, The",2030,0.48584009771114195,,99.51415990228885
"Gambia, The",2032,0.7286758740132138,,99.27132412598678
Georgia,2000,0.816003024948759,,99.18399697505123
Georgia,2022,0.09001830937087296,,99.90998169062912
Georgia,2021,0.039443113757452415,,99.96055688624256
Georgia,2020,0.04658678036493148,,99.95341321963507
Georgia,2019,0.08541487975663617,,99.91458512024336
Georgia,2018,0.0972834641505052,,99.90271653584949
Georgia,2017,0.07288452984171567,,99.92711547015828
Georgia,2016,0.11051252951445746,,99.88948747048553
Georgia,2015,0.08019487833445975,,99.91980512166555
Georgia,2014,0.13700033010983234,,99.86299966989017
Georgia,2013,0.13538407667669217,,99.8646159233233
Georgia,2012,0.0,,100.0
Georgia,2010,0.0,,100.0
Georgia,2009,0.0,,100.0
Georgia,2006,0.18587191949373544,,99.81412808050626
Georgia,2005,0.1770618429411369,,99.82293815705886
Georgia,2004,0.03800756034747627,,99.96199243965253
Georgia,2003,0.11836337694814208,,99.88163662305185
Georgia,2002,0.21127551979890943,,99.78872448020107
Georgia,2001,0.08903148861954721,,99.91096851138046
Georgia,2011,0.0,,100.0
Ghana,2010,17.350745910804243,,82.64925408919575
Ghana,2032,4.597448051738359,0.9553876855228924,94.44716426273874
Ghana,2031,4.986625066893534,0.9172818389657491,94.09609309414071
Ghana,2030,5.632603255547536,0.9037841462476375,93.46361259820482
Ghana,2029,5.059993936546328,0.8165498134348527,94.12345625001882
Ghana,2028,5.58656778585782,0.8000290241886351,93.61340318995356
Ghana,2027,10.877075581701668,0.7487438688530157,88.3741805494453
Ghana,2026,13.92498505145544,1.1609203442514118,84.91409460429315
Ghana,2025,17.51074942250359,1.18616896562243,81.30308161187398
Ghana,2024,0.0,0.0,100.0
Ghana,2022,10.970653241431455,1.1719342661938075,87.85741249237473
Ghana,2021,9.953362103500506,1.235767240677639,88.81087065582186
Ghana,2020,11.760556061626918,1.8355102369102207,86.40393370146288
Ghana,2019,15.91254285385454,1.5595884502745427,82.52786869587092
Ghana,2018,12.58390806432289,0.6515659149305189,86.76452602074659
Ghana,2017,23.59816209995956,1.0698353874788882,75.33200251256156
Ghana,2016,25.097852553305337,0.08046657013962191,74.82168087655504
Ghana,2023,4.450457995497973,1.7437138716648142,93.8058281328372
Ghana,2014,16.040723933842052,0.08234342923788797,83.87693263692006
Ghana,2015,15.51083263627912,0.07967991117847358,84.40948745254241
Ghana,2000,1.4260719625690332,,98.57392803743096
Ghana,2002,0.004207534357272689,,99.99579246564272
Ghana,2003,2.126657695160979,,97.87334230483901
Ghana,2005,1.7260526486325127,,98.2739473513675
Ghana,2006,1.626971459280637,,98.37302854071936
Ghana,2004,2.6767681536286294,,97.32323184637137
Ghana,2008,4.5706302940520915,,95.4293697059479
Ghana,2009,7.6270712176569235,,92.37292878234308
Ghana,2011,17.390059113416985,,82.60994088658302
Ghana,2012,18.853408280520227,0.12075169043896239,81.02584002904081
Ghana,2013,20.20212053157415,0.17220418001195908,79.62567528841389
Ghana,2007,2.916234241824036,,97.08376575817596
Grenada,2023,1.5132107360494351,,98.48678926395057
Grenada,2021,0.7373954086869717,,99.26260459131302
Grenada,2022,1.2129139122847956,,98.78708608771521
Grenada,2024,2.80454517181389,,97.19545482818612
Grenada,2031,13.761953181905282,,86.23804681809472
Grenada,2026,9.455849385789554,,90.54415061421044
Grenada,2027,10.195645453906694,,89.80435454609331
Grenada,2028,10.805568389890295,,89.1944316101097
Grenada,2029,10.4120669318235,,89.5879330681765
Grenada,2030,11.69883246048314,,88.30116753951685
Grenada,2025,9.54409918986907,,90.45590081013093
Grenada,2032,13.765623133413188,,86.23437686658681
Grenada,2000,0.42523816222873273,,99.57476183777128
Grenada,2001,0.3598876299466714,,99.64011237005333
Grenada,2002,0.21033655549616467,,99.78966344450384
Guatemala,2000,3.751245378307893,,96.24188660487044
Guatemala,2001,3.5612505800267056,,96.41946207142735
Guatemala,2032,0.17890518773217007,,99.82109481226784
Guatemala,2031,0.166760576856971,,99.83323942314303
Guatemala,2030,0.27275842299198877,,99.727241577008
Guatemala,2029,0.16642085712791255,,99.8335791428721
Guatemala,2028,0.14404721492790026,,99.85595278507209
Guatemala,2027,0.1595336905050516,,99.84046630949496
Guatemala,2026,0.13790131427195956,,99.86209868572804
Guatemala,2025,0.2272627266173569,,99.77273727338265
Guatemala,2024,0.44286926626425493,,99.55713073373575
Guatemala,2022,0.20692908873733426,,99.79307091126266
Guatemala,2021,0.16313499759614467,,99.83686500240387
Guatemala,2020,0.20207474967709751,,99.7979252503229
Guatemala,2019,0.39140027570860964,,99.60859972429138
Guatemala,2018,0.462794022099135,,99.53720597790087
Guatemala,2017,0.2717173159063071,,99.7282826840937
Guatemala,2023,0.5180290442714344,,99.48197095572857
Guatemala,2015,0.3219680755896596,,99.67803192441035
Guatemala,2016,0.2811741019616195,,99.71882589803838
Guatemala,2003,3.3767512093845173,,96.60693009968726
Guatemala,2004,2.475829195375551,,97.41289758236037
Guatemala,2005,3.296048466335459,,96.4915273891695
Guatemala,2006,2.4802188594594656,,97.51978114054053
Guatemala,2007,1.6413682810929346,,98.35863171890706
Guatemala,2008,1.979735062070408,,98.02026493792958
Guatemala,2002,3.3069243384039537,,96.67475096300427
Guatemala,2010,1.710342546044954,,98.28965745395504
Guatemala,2011,1.3795204866593107,,98.62047951334068
Guatemala,2012,1.3679186873530225,,98.63208131264699
Guatemala,2013,0.6246749953859109,,99.3753250046141
Guatemala,2014,0.3592757751199058,,99.6407242248801
Guatemala,2009,1.8976156693921507,,98.10238433060786
Guinea,2016,22.446044372287485,,77.55395562771251
Guinea,2017,17.062588200396277,,82.93741179960372
Guinea,2018,13.073345355151366,,86.92665464484863
Guinea,2019,14.249132297701712,,85.75086770229828
Guinea,2020,29.147953829707518,2.059892692988398,68.79215347730408
Guinea,2021,33.016399313264344,6.968610271312017,60.01499041542364
Guinea,2022,34.300937725399926,7.233769396879599,58.46529287772048
Guinea,2025,42.691008295144236,13.90394833403208,43.40504337082368
Guinea,2024,26.176221739231345,17.31525762285375,56.50852063791492
Guinea,2026,40.35783895840591,13.021079820603367,46.621081220990725
Guinea,2027,40.029446703026764,12.640156806924322,47.33039649004892
Guinea,2028,39.03445610144999,12.212583882257409,48.752960016292604
Guinea,2029,38.284809002969766,12.1076014769838,49.607589520046446
Guinea,2023,35.21580570551315,7.695774253224057,57.08842004126279
Guinea,2015,11.068304044542934,,88.93169595545706
Guinea,2032,39.02922959762681,12.32093954100117,48.64983086137203
Guinea,2013,5.274796730696601,,94.72520326930339
Guinea,2030,37.81212578767326,11.955126169723819,50.232748042602935
Guinea,2000,0.9716153858778609,,99.02838461412213
Guinea,2001,1.349639103958841,,98.65036089604116
Guinea,2002,2.9404277334287063,,97.0595722665713
Guinea,2003,2.941720540180183,,97.05827945981981
Guinea,2004,1.1336563251078309,,98.86634367489218
Guinea,2014,4.487457899533532,,95.51254210046646
Guinea,2005,0.9812455312806724,,99.01875446871934
Guinea,2007,1.5111693420060128,,98.488830657994
Guinea,2008,1.0515637934091,,98.94843620659091
Guinea,2009,2.8526317436664645,,97.14736825633354
Guinea,2010,3.5954582107531454,,96.40454178924685
Guinea,2011,1.356417106720602,,98.64358289327939
Guinea,2012,2.6645004211359735,,97.33549957886405
Guinea,2006,0.7338487173247239,,99.26615128267525
Guinea,2031,39.055213027185175,12.344677332151909,48.60010964066292
Guyana,2032,18.985283812893922,,81.01471618710607
Guyana,2002,1.0068295289289895,,98.993170471071
Guyana,2031,25.041464870083423,,74.95853512991658
Guyana,2030,25.637745711644396,,74.36225428835562
Guyana,2029,26.419168500053,,73.58083149994701
Guyana,2028,27.553993931408687,,72.44600606859132
Guyana,2027,26.23587898582341,,73.76412101417658
Guyana,2026,26.984708641616567,,73.01529135838344
Guyana,2025,26.704319666868873,,73.29568033313113
Guyana,2024,19.591412465708313,,80.40858753429168
Guyana,2023,21.2938173953963,,78.7061826046037
Guyana,2022,25.00005401697152,,74.9999459830285
Guyana,2021,25.766407834728987,,74.233592165271
Guyana,2020,25.15909448427966,,74.84090551572035
Guyana,2019,24.500562164185038,,75.49943783581496
Guyana,2018,23.324308604893808,,76.6756913951062
Guyana,2017,18.0608854342614,,81.93911456573859
Guyana,2016,15.938960942437859,,84.06103905756216
Guyana,2015,15.721780754558317,,84.27821924544169
Guyana,2014,14.636679463702585,,85.36332053629741
Guyana,2013,14.902480850412212,,85.0975191495878
Guyana,2012,3.887030460807452,,96.11296953919255
Guyana,2011,12.251700914255109,,87.74829908574489
Guyana,2010,13.362956574775833,,86.63704342522418
Guyana,2009,3.416815858022108,,96.58318414197788
Guyana,2008,2.2526704866805027,,97.7473295133195
Guyana,2007,3.192404508200647,,96.80759549179935
Guyana,2006,2.945763313357908,,97.05423668664208
Guyana,2005,12.881925211516842,,87.11807478848317
Guyana,2004,0.7504427706151976,,99.2495572293848
Guyana,2003,0.624876072754696,,99.3751239272453
Guyana,2001,0.8140000321367213,,99.18599996786328
Honduras,2017,1.2045823253134853,3.0666836137162288,95.7287340609703
Honduras,2022,1.3348164097663913,0.8020889109696666,97.86309467926394
Honduras,2018,1.1694865494964064,2.582154473953435,96.24835897655015
Honduras,2019,1.2148915041150852,9.17690496075827,89.60820353512663
Honduras,2020,0.4313071688027239,4.3501705100962855,95.21852232110099
Honduras,2021,1.0397832133748586,6.534729514295751,92.42548727232939
Honduras,2023,1.7463904975142381,4.06710711131338,94.18650239117237
Honduras,2030,1.2491971472818062,,98.7508028527182
Honduras,2025,1.8748198219403405,3.857680794703871,94.2674993833558
Honduras,2026,2.351053728742827,4.725072568533591,92.9238737027236
Honduras,2027,1.2128160500242933,2.3191826944258955,96.46800125554981
Honduras,2028,2.1886899184295987,3.733590585877766,94.07771949569263
Honduras,2029,2.2898002554387937,,97.7101997445612
Honduras,2016,1.0665943739465722,0.3954929919484805,98.53564113638475
Honduras,2024,1.646161826465074,6.143006738589291,92.21083143494565
Honduras,2015,0.9199017979102606,0.47936835115376375,98.59526869250509
Honduras,2031,2.2344396276965677,,97.76556037230344
Honduras,2013,1.2819669987803193,0.8163640677275563,97.90166893349212
Honduras,2032,1.5964628681427855,,98.4035371318572
Honduras,2000,1.0517546726776248,,98.90761202809797
Honduras,2001,1.046605363533246,,98.91099651971447
Honduras,2002,3.2673012894504474,,96.69087436880487
Honduras,2003,2.8257962684030122,,97.12714160487212
Honduras,2004,2.5619799840160398,,97.25395449898299
Honduras,2014,0.8086574074418758,0.54174873649944,98.64959385605869
Honduras,2005,2.523113230225058,,97.17452416045187
Honduras,2007,3.0762374195922138,0.0,96.92376258040778
Honduras,2008,4.548532619149816,1.52327001385519,93.928197366995
Honduras,2009,2.7936099149891356,0.9707287586722749,96.23566132633859
Honduras,2010,4.009161334382213,1.4336731654443013,94.55716550017347
Honduras,2011,3.567685711879393,1.2543332982981847,95.17798098982242
Honduras,2012,1.9304377638522774,1.1965523329662877,96.87300990318144
Honduras,2006,3.2020666569411276,,96.79793334305886
IDA only,2000,3.107602297482387,0.22526053923632247,96.6096243868838
IDA only,2001,4.1025173728501665,0.04799647417684288,95.68690439575312
IDA only,2017,18.109487754866947,4.401635200868834,77.44955712354925
IDA only,2031,13.444563566651183,1.1313146933538913,85.41011239782564
IDA only,2030,15.490441694812558,1.591054727929087,82.90449674802886
IDA only,2029,16.48451138668136,1.7515775555247994,81.75002856122596
IDA only,2028,21.023101437372393,1.833979544724204,77.12963901289234
IDA only,2027,19.27609243214526,2.4135875227199097,78.30565995286895
IDA only,2026,19.548394387530386,2.3551426819091765,78.09306102353752
IDA only,2025,18.759620710053536,3.591937939720882,77.64671037895944
IDA only,2024,13.12461820444132,1.8823335870873315,84.99303344546853
IDA only,2023,14.20555376674021,2.751307794898652,83.04312070064593
IDA only,2022,18.357100279910593,3.6303652712853567,78.01253444880406
IDA only,2021,12.633743781025586,3.4821572224579906,83.88409899651641
IDA only,2020,15.154401831749128,3.724289050719263,81.1213091175316
IDA only,2019,17.67361336735508,4.509074388483826,77.81731224416109
IDA only,2018,15.765902445992962,4.332762072696052,79.90133548131098
IDA only,2002,2.3232517946493227,0.04368098693127542,97.60818232481581
IDA only,2016,19.112370923252254,4.704047040267509,76.1811224287635
IDA only,2015,15.017439257621627,2.724091360427413,82.25569618922458
IDA only,2014,11.461407814225018,2.8036742500762286,85.73247171190854
IDA only,2013,11.12953977494086,2.492287290708266,86.3753678858304
IDA only,2012,9.427890914371018,1.9059266744314887,88.66268939857238
IDA only,2011,9.72077101603942,1.9028699241241722,88.37215376932122
IDA only,2010,8.788565715628703,1.0130429604203046,90.19371091052788
IDA only,2009,7.348460981819118,0.17000937733746085,92.4768540387235
IDA only,2008,5.669223485664002,0.26874034042464245,94.05699631524492
IDA only,2007,4.204971437705555,0.04325056567377865,95.7452341377994
IDA only,2006,4.332391423647786,0.0018114411998470692,95.65804377072868
IDA only,2005,4.305029063334267,0.038600830023304514,95.63443781685648
IDA only,2004,4.131953957965656,0.036874542742677645,95.8164001181345
IDA only,2003,3.3700082931214275,0.03906566880754945,96.23877259768433
IDA only,2032,13.910191285466826,0.9702598609436578,85.1044863010207
IDA total,2032,13.924066915544945,0.8906929878896546,85.17666559176457
IDA total,2000,1.467440016093735,0.09788158447512979,98.4107546695994
IDA total,2002,1.017016918593269,0.04523886196055673,98.92745948079833
IDA total,2030,15.679104900769081,1.2537446233733227,83.0589611018047
IDA total,2029,16.391031737368376,1.3553645376131114,82.2458522815526
IDA total,2028,12.164899753833737,0.9000902264011869,86.93029958355021
IDA total,2027,18.97474100325997,1.763269499912447,79.25949465098188
IDA total,2026,20.020261998608955,1.739418393702134,78.23845796670744
IDA total,2025,23.096856994599708,2.4431557553083496,74.45900736543969
IDA total,2024,15.405893430816679,1.146613651540178,83.44745190657174
IDA total,2023,17.761884879926058,3.063762161315268,79.1743033529861
IDA total,2022,22.832969381649928,3.2424735833022518,73.9245123156541
IDA total,2021,13.58005949205946,4.123411954935116,82.29647903236757
IDA total,2020,18.337599622988492,3.8875552104389923,77.77478691841638
IDA total,2019,17.232450761307433,3.3089376289476977,79.45855315563594
IDA total,2018,15.654969790968076,3.0245065394648853,81.32044434980615
IDA total,2001,1.7653732369456234,2.299852969414004,95.87394244404783
IDA total,2017,17.298039668267915,2.749570771101104,79.92970755268219
IDA total,2015,14.545223057322001,2.17789214816324,83.27495896581874
IDA total,2003,1.6147738565912637,0.03300433748153195,98.20114306606797
IDA total,2004,1.87016734444357,0.030660833256054856,98.09344746395195
IDA total,2005,1.36247594897499,0.024674539304595226,98.60703673240825
IDA total,2006,1.8329566445559122,0.03905832194014086,98.12539810376896
IDA total,2016,17.31619747374343,3.0329607016698112,79.64917504231785
IDA total,2008,4.561921934600618,0.2046033631048321,95.23079348193161
IDA total,2007,2.743348574724635,0.1272352242532223,97.12599278610463
IDA total,2010,8.465664798909994,0.8107486696253314,90.7210003226695
IDA total,2011,9.613205288270475,1.705873226355398,88.67835264229863
IDA total,2012,8.929191654557872,1.860774890920696,89.20769010758211
IDA total,2013,11.016599021550084,2.2084842175437136,86.77283279323798
IDA total,2014,12.21911193224313,2.243740391048996,85.53536234059592
IDA total,2009,6.227233502105409,0.44405029748327535,93.32613190287954
IDA total,2031,12.872615821109985,0.8981276417604285,86.22178284794336
India,2000,0.03163724375300198,0.0,99.968362756247
India,2001,0.03434780154821354,,99.96565219845179
India,2002,0.023084739231728723,,99.97691526076827
India,2003,0.014865715879882798,,99.9851342841201
India,2004,0.02734168581557462,,99.97265831418443
India,2005,0.01549251178125315,,99.98450748821875
India,2006,0.03716528404835355,0.011110339857530866,99.95172437609412
India,2007,0.020161909674230906,0.03806833323380879,99.94176975709196
India,2008,0.01293788733496447,0.039385400404531146,99.9476767122605
India,2009,0.026976033948569938,0.05730465420268845,99.91571931184875
India,2010,0.013586545955616487,0.04567471219206726,99.94073874185231
India,2011,,2.6097188017988358,97.39028119820117
India,2012,,0.6381591156748881,99.36184088432512
Indonesia,2032,0.9335102948184284,,99.06648970518157
Indonesia,2000,0.020913363757923412,,99.97908663624207
Indonesia,2001,0.03178673473425248,,99.96821326526575
Indonesia,2003,0.02431543250137356,,99.97568456749863
Indonesia,2031,1.2895197379779861,,98.71048026202202
Indonesia,2030,0.543722790993418,,99.45627720900659
Indonesia,2029,1.2506552336963153,,98.7493447663037
Indonesia,2028,1.0203738222391316,,98.97962617776086
Indonesia,2027,1.0552890063857916,,98.94471099361421
Indonesia,2026,1.0752629085926613,,98.92473709140735
Indonesia,2025,1.0229335691662482,,98.97706643083374
Indonesia,2024,0.6529797144358555,,99.34702028556413
Indonesia,2023,0.9132422095251863,,99.0867577904748
Indonesia,2022,0.7263216965833318,0.009547093847512312,99.26413120956916
Indonesia,2021,0.7075195856556714,0.021489427265497397,99.27099098707883
Indonesia,2020,0.7885980750550984,0.02527367202692573,99.18612825291798
Indonesia,2019,0.8872115051108976,0.03310859906657145,99.07967989582252
Indonesia,2018,0.9741878003369424,0.004816976254462315,99.0209952234086
Indonesia,2017,0.760793393761098,0.0004960151647478983,99.23871059107415
Indonesia,2016,0.8434060414901062,0.03707410146554763,99.11951985704435
Indonesia,2015,0.841230405939208,0.05198028593895949,99.10678930812185
Indonesia,2014,0.35965794396517164,0.026546212121854512,99.61379584391297
Indonesia,2013,0.6294211424793238,0.0509498854635664,99.3196289720571
Indonesia,2012,0.740929301174329,0.05980446988057824,99.19926622894508
Indonesia,2011,0.649045201669589,0.028778863684042862,99.32217593464637
Indonesia,2010,0.32504336216120483,0.0012293798480528897,99.67372725799073
Indonesia,2009,0.14973982181238277,,99.8502601781876
Indonesia,2008,0.1093010763315991,,99.8906989236684
Indonesia,2007,0.05717525989761227,0.025812716589652857,99.91701202351273
Indonesia,2006,0.05983673889753549,0.030614916852785622,99.90954834424969
Indonesia,2005,0.0728114801452492,0.04386543152183555,99.88332308833292
Indonesia,2004,0.10272617553755119,0.03546269474467058,99.86181112971778
Indonesia,2002,0.027693947920415535,,99.97230605207959
"Iran, Islamic Rep.",2002,5.715177947104384,15.678666646008098,78.60615540688752
"Iran, Islamic Rep.",2003,5.336268685113117,8.98957566086723,85.67415565401966
"Iran, Islamic Rep.",2001,5.32212241427022,6.618820117176224,88.05905746855356
"Iran, Islamic Rep.",2018,,16.35405313074771,83.64594686925228
"Iran, Islamic Rep.",2017,12.881975854840935,9.629740858887917,77.48828328627116
"Iran, Islamic Rep.",2016,3.230266340231039,0.016969634177223036,96.75276402559173
"Iran, Islamic Rep.",2015,17.918598008480526,8.547984315649469,73.53341767587
"Iran, Islamic Rep.",2014,11.848786672077528,7.954475832058053,80.19673749586441
"Iran, Islamic Rep.",2012,6.1070596397149695,3.537464652613226,90.3554757076718
"Iran, Islamic Rep.",2011,8.519861358940796,2.5151660016752135,88.96497263938399
"Iran, Islamic Rep.",2010,6.961800378845891,0.5873709867849218,92.45082863436919
"Iran, Islamic Rep.",2009,5.251388454807666,1.0983023169895954,93.65030922820273
"Iran, Islamic Rep.",2008,4.249844423967307,1.4922552968660596,94.25790027916662
"Iran, Islamic Rep.",2007,4.484782625222655,1.9592271768788343,93.55599019789851
"Iran, Islamic Rep.",2006,4.412371087314969,2.741847875233427,92.8457810374516
"Iran, Islamic Rep.",2005,2.4158791992331943,2.101223203282184,95.48289759748462
"Iran, Islamic Rep.",2004,3.755613274678938,2.709254424481566,93.53513230083948
"Iran, Islamic Rep.",2013,13.730839693609934,7.266030922710508,79.00312938367955
"Iran, Islamic Rep.",2000,1.8571408175233186,0.9380569507732448,97.20480223170344
Iraq,2028,0.09766807286725424,,99.90233192713275
Iraq,2027,6.143976164833443,,93.85602383516655
Iraq,2026,5.803743416799262,,94.19625658320074
Iraq,2025,6.010163903356185,,93.98983609664381
Iraq,2024,4.430778614356106,,95.5692213856439
Iraq,2023,3.4872282366717573,,96.51277176332823
Iraq,2020,6.050758493754848,,93.94924150624516
Iraq,2021,5.19267494987672,,94.80732505012328
Iraq,2019,9.048087805060241,,90.95191219493977
Iraq,2018,10.2297041499548,,89.7702958500452
Iraq,2017,13.29447214300631,,86.7055278569937
Iraq,2016,15.205130606765218,,84.79486939323478
Iraq,2015,15.532154738774995,,84.467845261225
Iraq,2022,3.6816565127413607,,96.31834348725864
Jamaica,2008,1.6523349818085131,,98.34766501819148
Jamaica,2031,5.8890419080943675,,94.11095809190563
Jamaica,2029,5.675185695470541,,94.32481430452945
Jamaica,2028,5.226564799357441,,94.77343520064255
Jamaica,2027,7.061290093989423,,92.93870990601059
Jamaica,2026,7.171284437237987,,92.82871556276201
Jamaica,2025,12.25219794521763,,87.74780205478237
Jamaica,2024,9.268037962875535,,90.73196203712446
Jamaica,2023,6.771294872480221,,93.22870512751979
Jamaica,2022,8.73720843549736,,91.26279156450263
Jamaica,2021,9.305085369028138,,90.69491463097185
Jamaica,2020,8.972581053835336,,91.02741894616467
Jamaica,2019,4.155727721189042,,95.84427227881096
Jamaica,2018,6.413010599834284,,93.58698940016572
Jamaica,2017,5.721987035059909,,94.2780129649401
Jamaica,2016,3.8228954381706153,,96.1771045618294
Jamaica,2015,2.734160029801038,,97.26583997019895
Jamaica,2014,3.1042996764518187,,96.89570032354818
Jamaica,2013,2.834909757838108,,97.1650902421619
Jamaica,2012,1.4266683695027023,,98.5733316304973
Jamaica,2011,0.9095706781543259,,99.09042932184568
Jamaica,2010,1.9020307887080836,,98.09796921129191
Jamaica,2009,2.638149464601505,,97.36185053539849
Jamaica,2007,0.6885523349806559,,99.31144766501934
Jamaica,2006,0.9133901363150115,,99.08660986368498
Jamaica,2005,0.3098318272537092,,99.69016817274628
Jamaica,2004,0.09070127831235458,,99.90929872168765
Jamaica,2003,0.09200739328361553,,99.90799260671639
Jamaica,2002,0.06155356633883119,,99.93844643366117
Jamaica,2001,0.03806317965511344,,99.96193682034489
Jamaica,2000,0.04474116075448418,,99.9552588392455
Jamaica,2030,3.7510421009360075,,96.248957899064
Jamaica,2032,6.031049904558345,,93.96895009544164
Jordan,2031,0.0488880506849205,,99.95111194931508
Jordan,2030,0.03822079279887972,,99.96177920720112
Jordan,2029,0.020089320490219144,,99.97991067950979
Jordan,2028,0.19116049466934465,,99.80883950533065
Jordan,2027,0.14554439548405507,,99.85445560451593
Jordan,2026,0.10500007405166054,,99.89499992594834
Jordan,2025,0.15769761384516504,,99.84230238615483
Jordan,2024,0.09880398565982045,,99.90119601434019
Jordan,2023,0.11140576353000142,,99.88859423647
Jordan,2022,0.06278446184935897,,99.93721553815065
Jordan,2021,0.09175904726776064,,99.90824095273224
Jordan,2020,0.09949250381302695,,99.90050749618698
Jordan,2019,0.10878956949475624,,99.89121043050524
Jordan,2018,0.22587617699510482,,99.77412382300491
Jordan,2017,0.26073577286611993,,99.73926422713387
Jordan,2016,0.13819336061172502,,99.86180663938828
Jordan,2015,0.1534233110655544,,99.84657668893443
Jordan,2014,0.058556796959467076,,99.94144320304054
Jordan,2013,0.051977718691024966,,99.94802228130897
Jordan,2012,0.08366812368500298,,99.91633187631498
Jordan,2011,0.05119514240753749,,99.94880485759246
Jordan,2010,0.02082913501807433,,99.97917086498192
Jordan,2009,0.0,,100.0
Jordan,2007,0.13823402441501903,,99.86176597558497
Jordan,2006,0.0,,100.0
Jordan,2032,0.052171112798571166,,99.94782888720142
Jordan,2008,0.0,,99.99999999999997
Kazakhstan,2032,14.163377288290372,,85.83662271170964
Kazakhstan,2031,11.01495221638987,,88.98504778361013
Kazakhstan,2030,6.855846269512428,,93.14415373048757
Kazakhstan,2029,6.87659334160528,,93.12340665839471
Kazakhstan,2028,5.106153589089945,,94.89384641091006
Kazakhstan,2027,5.869606586168068,,94.13039341383192
Kazakhstan,2026,5.130625237593501,,94.86937476240651
Kazakhstan,2025,3.4783189387581763,,96.52168106124182
Kazakhstan,2024,2.8614996549634344,,97.13850034503655
Kazakhstan,2022,0.9575543248075553,,99.04244567519244
Kazakhstan,2021,1.0932550198438877,,98.9067449801561
Kazakhstan,2020,0.6406253889800795,,99.35937461101992
Kazakhstan,2019,11.799537472517207,,88.2004625274828
Kazakhstan,2018,1.326546831393721,,98.67345316860627
Kazakhstan,2017,0.34637902243929564,,99.6536209775607
Kazakhstan,2016,0.4512237736391975,,99.54877622636081
Kazakhstan,2023,1.881362774663385,,98.11863722533661
Kenya,2018,14.095797872212831,,85.90420212778717
Kenya,2023,31.04601056427617,,68.95398943572383
Kenya,2019,12.823426366072212,,87.17657363392779
Kenya,2020,31.47220890429144,,68.52779109570857
Kenya,2021,18.626606273978602,,81.3733937260214
Kenya,2022,33.638022175419025,,66.36197782458098
Kenya,2024,18.915653255856324,,81.08434674414367
Kenya,2031,17.539968633521298,,82.4600313664787
Kenya,2026,29.774344695971575,,70.22565530402842
Kenya,2027,30.1211795696516,,69.87882043034841
Kenya,2028,25.627498337557153,,74.37250166244284
Kenya,2029,24.63719807820689,,75.3628019217931
Kenya,2030,18.50855873062096,,81.49144126937904
Kenya,2017,20.385473869486056,,79.61452613051395
Kenya,2025,24.302566111915635,,75.69743388808438
Kenya,2016,17.91092144949705,,82.08907855050293
Kenya,2014,7.018257076020929,,92.98174292397907
Kenya,2032,16.01525161725966,,83.98474838274035
Kenya,2000,,0.02023823419920972,99.97976176580079
Kenya,2001,,0.025263839179683813,99.97473616082031
Kenya,2002,0.14229170657962603,0.2510089988870679,99.6066992945333
Kenya,2015,11.368894577549218,,88.63110542245079
Kenya,2006,1.3272060107092032,0.6218507655038455,98.05094322378696
Kenya,2008,1.1781784096273604,,98.82182159037264
Kenya,2009,1.3223380297027663,,98.67766197029724
Kenya,2010,3.367095617526944,,96.63290438247307
Kenya,2011,3.414819962305246,0.5906878960524845,95.99449214164227
Kenya,2012,3.6117277132401875,0.16178541737837224,96.22648686938143
Kenya,2013,5.504523779646733,,94.49547622035327
Kenya,2007,0.22831819734315847,0.1539554919960674,99.61772631066077
Kyrgyz Republic,2018,39.090362781721566,,60.90963721827843
Kyrgyz Republic,2023,46.09455079053075,,53.90544920946926
Kyrgyz Republic,2019,38.798387030652506,,61.2016129693475
Kyrgyz Republic,2020,38.76085978919876,,61.23914021080123
Kyrgyz Republic,2021,23.22571734525398,,76.77428265474603
Kyrgyz Republic,2022,45.917108645239864,,54.082891354760136
Kyrgyz Republic,2024,43.65522840042346,,56.34477159957654
Kyrgyz Republic,2026,48.734373205266195,,51.265626794733805
Kyrgyz Republic,2027,49.97692790430262,,50.02307209569738
Kyrgyz Republic,2028,47.78507309203859,,52.21492690796142
Kyrgyz Republic,2029,46.129676274462,,53.87032372553801
Kyrgyz Republic,2030,44.215268609981294,,55.7847313900187
Kyrgyz Republic,2017,38.594401637491075,,61.405598362508925
Kyrgyz Republic,2025,50.241914648580995,,49.758085351419
Kyrgyz Republic,2016,42.91141241439873,,57.08858758560127
Kyrgyz Republic,2014,25.063532423826814,,74.93646757617317
Kyrgyz Republic,2000,1.8886154021171238,,98.11138459788287
Kyrgyz Republic,2002,0.057363572074399564,,99.9426364279256
Kyrgyz Republic,2031,41.63894405688351,,58.3610559431165
Kyrgyz Republic,2015,41.93493915741551,,58.06506084258448
Kyrgyz Republic,2032,38.36514627615639,,61.634853723843605
Kyrgyz Republic,2009,0.8604521456653631,,99.13954785433464
Kyrgyz Republic,2010,3.4285341122580255,,96.57146588774197
Kyrgyz Republic,2011,4.763397280331248,,95.23660271966875
Kyrgyz Republic,2012,10.449664947344159,,89.55033505265585
Kyrgyz Republic,2013,15.3668614256421,,84.6331385743579
Lao PDR,2001,0.19551935644692936,,99.80448064355308
Lao PDR,2011,17.99411441341875,,82.00588558658126
Lao PDR,2002,0.1880975265349321,,99.81190247346507
Lao PDR,2010,1.7536178171340755,,98.24638218286591
Lao PDR,2003,0.5989339720656854,,99.4010660279343
Lao PDR,2005,1.0345275743785336,,98.96547242562147
Lao PDR,2032,46.44207209072425,0.10866988191446533,53.449258027361275
Lao PDR,2031,63.144167729652565,0.10946084921665197,36.74637142113078
Lao PDR,2030,64.76055326112798,0.08122327125177471,35.158223467620246
Lao PDR,2029,67.58355705637625,0.07564041302303008,32.34080253060072
Lao PDR,2028,65.4891402087226,1.343915530581785,33.16694426069561
Lao PDR,2027,62.070005778072634,1.2504900259831884,36.67950419594419
Lao PDR,2026,69.6869812274018,0.9557440342749528,29.35727473832325
Lao PDR,2025,56.99485424723878,0.7704043862811293,42.234741366480115
Lao PDR,2024,20.044332165453827,0.24624938250880735,79.70941845203737
Lao PDR,2004,0.8964059230591943,,99.10359407694081
Lao PDR,2022,0.0,0.5175776073564647,99.48242239264353
Lao PDR,2021,4.6305492866054,0.38882627494346456,94.98062443845113
Lao PDR,2023,6.776726991616373,0.29772399212221884,92.9255490162614
Lao PDR,2019,28.301878043201135,1.1961154155888873,70.50200654120997
Lao PDR,2006,1.6504197966833876,,98.3495802033166
Lao PDR,2007,10.007867094450006,,89.99213290555001
Lao PDR,2020,9.90459390442778,1.5940680076388958,88.5013380879333
Lao PDR,2012,26.392197311305754,,73.60780268869424
Lao PDR,2013,27.37376835605717,,72.62623164394283
Lao PDR,2008,12.139811324720023,,87.86018867527997
Lao PDR,2015,38.01371092452478,,61.9862890754752
Lao PDR,2016,29.969240025828537,1.9662364973345587,68.06452347683691
Lao PDR,2017,33.917855485271666,1.7738778395660775,64.30826667516226
Lao PDR,2018,35.27455199138001,1.627794995505035,63.09765301311494
Lao PDR,2014,30.497936824001975,,69.50206317599803
Lao PDR,2009,21.20351085247167,,78.79648914752833
Latin America & Caribbean (excluding high income),2000,0.05741495497950675,0.0005290988843023933,99.93042763364329
Latin America & Caribbean (excluding high income),2001,0.0801300751641569,0.001687040819400982,99.89994709805609
Latin America & Caribbean (excluding high income),2002,0.07010127222531255,0.004228375103551117,99.90807796974481
Latin America & Caribbean (excluding high income),2003,0.06506950108714207,0.003844113802855114,99.92656988538316
Latin America & Caribbean (excluding high income),2007,0.05601636899139707,0.0021067290870103914,99.9358732286864
Latin America & Caribbean (excluding high income),2006,0.0534881576960337,0.0016427078826680929,99.9394540581485
Latin America & Caribbean (excluding high income),2032,0.4447688121827055,0.05916030564740477,99.49561369614872
Latin America & Caribbean (excluding high income),2031,0.4248566771578636,0.050252371164496434,99.52438834882236
Latin America & Caribbean (excluding high income),2030,0.9314042402611343,0.042076217643894964,99.0260203389244
Latin America & Caribbean (excluding high income),2029,1.4395889778054691,0.051755370848825595,98.50809016135342
Latin America & Caribbean (excluding high income),2028,1.9212995294699697,0.1017506526518451,97.97627720342047
Latin America & Caribbean (excluding high income),2027,1.825490417443464,0.06916054951878153,98.1047895427293
Latin America & Caribbean (excluding high income),2026,3.005255891288588,0.04963436728299777,96.94456023876168
Latin America & Caribbean (excluding high income),2025,3.5750990804221674,0.05859447296821428,96.36565884515005
Latin America & Caribbean (excluding high income),2024,3.887855057865043,0.04234533927527118,96.06934038054425
Latin America & Caribbean (excluding high income),2023,2.6161992535265712,0.034046243201482855,97.34915123703564
Latin America & Caribbean (excluding high income),2022,2.8879726559025625,0.006256079609224255,97.10507305004165
Latin America & Caribbean (excluding high income),2021,2.1745490060669983,0.07878684950801837,97.74606396426778
Latin America & Caribbean (excluding high income),2020,1.685466173792804,0.2675012056946893,98.04641202315682
Latin America & Caribbean (excluding high income),2019,5.397577164048451,0.22138771637930563,94.38058072985328
Latin America & Caribbean (excluding high income),2018,4.607067203861637,0.2493599700814094,95.14301605575305
Latin America & Caribbean (excluding high income),2017,3.3091898971393214,0.18409861920617052,96.50129816741835
Latin America & Caribbean (excluding high income),2016,3.058531291626905,0.1643386369749532,96.77617153914942
Latin America & Caribbean (excluding high income),2015,3.629943550871652,0.0018789782702650598,96.36676344825817
Latin America & Caribbean (excluding high income),2014,2.974881986134253,0.0026630589427925856,97.02035803129041
Latin America & Caribbean (excluding high income),2013,1.9768096966606075,0.0023913268883728736,98.0149586590364
Latin America & Caribbean (excluding high income),2012,1.3128847800728076,0.002284404718952916,98.67737061571711
Latin America & Caribbean (excluding high income),2011,1.1047616186959945,0.0025299258958950545,98.8839907936488
Latin America & Caribbean (excluding high income),2010,0.5562745770903614,0.002709585019761999,99.43092601090282
Latin America & Caribbean (excluding high income),2009,0.1472672076795367,0.0027350641732160827,99.84012079135448
Latin America & Caribbean (excluding high income),2008,0.0993708535653608,0.0045417058077788335,99.88529347820747
Latin America & Caribbean (excluding high income),2005,0.06540298562169816,0.00254940047974536,99.91839766179889
Latin America & Caribbean (excluding high income),2004,0.06460445349492448,0.0025747280681046717,99.90331222312143
Least developed countries: UN classification,2000,2.980072285811023,0.23298118376649304,96.73382866040116
Least developed countries: UN classification,2032,12.553519016391396,2.6606211228045953,84.7840661144022
Least developed countries: UN classification,2031,12.213031712590224,3.078953511688613,84.70633290133497
Least developed countries: UN classification,2030,13.82619811613614,3.8998890970347504,82.27233851888415
Least developed countries: UN classification,2029,14.81312181860788,4.4492792328893875,80.73607025887901
Least developed countries: UN classification,2028,21.801795312058925,6.304012872246769,71.89283700109411
Least developed countries: UN classification,2027,19.710962281268017,11.354195489537698,68.93352257087292
Least developed countries: UN classification,2026,19.61320414077691,11.469489546708017,68.9160596116016
Least developed countries: UN classification,2025,19.23732399987594,11.090442104470782,69.6712464434384
Least developed countries: UN classification,2024,13.287141705644522,15.218533843468627,71.494311308132
Least developed countries: UN classification,2022,16.294096526530886,12.722638807116674,70.98326466635244
Least developed countries: UN classification,2021,9.262541474556665,6.490691734604121,84.24676679083922
Least developed countries: UN classification,2020,13.12707791061977,12.52409122183044,74.3488308675498
Least developed countries: UN classification,2019,16.376708447718105,17.449356229926302,66.17393532235559
Least developed countries: UN classification,2018,14.60389432358667,19.39715756298669,65.99894811342665
Least developed countries: UN classification,2017,11.053166381874018,20.678147111560275,68.2686865065657
Least developed countries: UN classification,2016,8.911937830257914,22.375240164757003,68.71282200498509
Least developed countries: UN classification,2023,13.431289738591792,16.497353375370995,70.07134279853867
Least developed countries: UN classification,2014,8.18226082435759,12.15233551544745,79.66540366019495
Least developed countries: UN classification,2015,9.034262958373874,14.82601533170594,76.1397217099202
Least developed countries: UN classification,2001,3.387197946720976,0.040595286330084045,96.44031745373319
Least developed countries: UN classification,2002,2.436625208693099,0.045064172794061164,97.50200278367166
Least developed countries: UN classification,2003,3.1418590822084846,0.040487043460635655,96.80946670745338
Least developed countries: UN classification,2004,3.673325378587112,0.03546358327979677,96.29121103813307
Least developed countries: UN classification,2006,3.2656368081972946,0.1893118570756202,96.5436459304429
Least developed countries: UN classification,2007,3.9259805721148187,0.15127369357822673,95.92150598142025
Least developed countries: UN classification,2005,3.374980259496637,0.03211881450029901,96.59104928702966
Least developed countries: UN classification,2009,7.297339351379421,0.15915558500903337,92.54350506361155
Least developed countries: UN classification,2010,7.5104029340808784,2.57587386310701,89.91372320281212
Least developed countries: UN classification,2011,8.298737200421208,8.335504336140211,83.36575846343858
Least developed countries: UN classification,2012,7.538024312408717,9.911766922711852,82.55020876487943
Least developed countries: UN classification,2013,7.678635575273155,10.920347433184174,81.40101699154266
Least developed countries: UN classification,2008,8.026456523953161,0.416763620007264,91.55677985603958
Lesotho,2008,0.19157418919126337,,99.80842581080874
Lesotho,2030,17.423358874501098,,82.57664112549888
Lesotho,2029,17.908292316396466,,82.09170768360353
Lesotho,2028,19.567214773359048,,80.43278522664095
Lesotho,2027,20.570703385979424,,79.42929661402057
Lesotho,2026,21.221814724825315,,78.77818527517468
Lesotho,2025,19.734923763672267,,80.26507623632774
Lesotho,2024,18.440655381631196,,81.55934461836881
Lesotho,2023,10.296159667282186,,89.7038403327178
Lesotho,2022,10.748318578082522,,89.25168142191748
Lesotho,2021,10.636512344970365,,89.36348765502963
Lesotho,2020,9.494497564858879,,90.50550243514111
Lesotho,2019,8.352710017833349,,91.64728998216665
Lesotho,2018,8.81771458915811,,91.18228541084189
Lesotho,2017,7.574590333983725,,92.42540966601628
Lesotho,2016,5.778942897101199,,94.2210571028988
Lesotho,2015,6.423388984543363,,93.57661101545663
Lesotho,2014,4.710229798226741,,95.28977020177327
Lesotho,2013,8.541248482568776,,91.45875151743124
Lesotho,2012,2.7117644386167044,,97.28823556138329
Lesotho,2011,1.897657135775034,,98.10234286422497
Lesotho,2010,2.091473394671291,,97.90852660532872
Lesotho,2009,1.2923931186916757,,98.70760688130832
Lesotho,2004,2.3007793082606636,,97.69922069173933
Lesotho,2031,17.855287502320355,,82.14471249767963
Lesotho,2032,14.576173114135294,,85.42382688586471
Liberia,2032,3.6850875851870994,,95.65439712981109
Liberia,2031,4.892915477791629,,94.40262110884287
Liberia,2030,5.411179700040012,,93.81686041376429
Liberia,2029,5.889005278654447,,93.27995793259522
Liberia,2028,6.491955456262162,,92.60339531383711
Liberia,2027,6.986941413327,,92.05677432854945
Liberia,2026,5.724091707008203,,93.50920361426124
Liberia,2025,5.90571672897368,,93.32410789177216
Liberia,2024,6.7229658442960405,,93.26554677429807
Liberia,2023,0.21017500395667388,,99.77815403717243
Liberia,2022,3.330781688505927,,96.66921831149408
Liberia,2021,5.454768892020556,,94.54523110797946
Liberia,2020,4.218230152268375,,95.78176984773162
Liberia,2018,7.106657035482572,,92.89334296451743
Liberia,2017,0.6966841803821553,,99.30331581961785
Liberia,2019,8.440532943753263,,91.55946705624675
Liberia,2012,1.8400366176527092,,98.1599633823473
Liberia,2013,1.4374087367596329,,98.56259126324036
Liberia,2014,0.6173064177398985,,99.3826935822601
Low income,2020,20.882908567138834,6.559008110266166,72.558083322595
Low income,2021,16.374979773066066,4.0485363581658405,79.5764838687681
Low income,2022,29.035266632413034,4.099492431871985,66.86524093571498
Low income,2023,19.648465750834898,1.635199664670137,78.7162674532493
Low income,2019,25.566634447480478,8.096055563325894,66.33730998919363
Low income,2024,19.1125835364292,0.11245674258082992,80.77489567044599
Low income,2032,12.299422659332562,,87.69338117805071
Low income,2026,27.191171131393983,2.1745107895076043,70.62913468503884
Low income,2027,27.887319516569253,1.9524582960748829,70.15504005910304
Low income,2028,33.920444443881514,,66.0745792349615
Low income,2029,18.0031139999292,,81.9908557941838
Low income,2030,15.95188821519563,,84.04179350253824
Low income,2031,10.959889681665969,,89.0343819676857
Low income,2018,18.274061154264007,9.852567799571997,71.873371046164
Low income,2025,21.642437426870764,4.963653533061695,73.3907282306114
Low income,2017,20.924149492773154,9.379388882976599,69.69646162425026
Low income,2008,8.01393565751073,,91.98606434248927
Low income,2015,16.12998785006123,4.486698633172095,79.38331351676668
Low income,2016,20.174635687518354,9.942285171334055,69.8830791411476
Low income,2000,7.9568118553389935,,91.97861824042346
Low income,2001,10.284999036410735,,89.249614877676
Low income,2002,4.181935186829536,,95.77572146791785
Low income,2004,8.694595507171712,,91.30540449282829
Low income,2005,8.248774229971334,,91.7458785313539
Low income,2006,7.474835362959856,,92.52060892932393
Low income,2003,7.345420692516515,,92.63180731962083
Low income,2009,10.573867556326238,,89.42613244367377
Low income,2010,13.920814012725522,1.9290102603561432,84.15017572691832
Low income,2011,13.284511227537326,3.6014899725947935,83.11399879986789
Low income,2012,13.88935349447335,5.027114068222782,81.08353243730387
Low income,2013,15.88758891124454,6.244266201487725,77.86814488726775
Low income,2014,13.890152004604953,4.692777561594486,81.41707043380056
Low income,2007,6.637402762487618,,93.35887986127705
Lower middle income,2023,9.180373179140252,5.059897104276749,85.7591968057518
Lower middle income,2018,6.7482727935619415,4.117943358673649,89.13306981477176
Lower middle income,2019,8.55226238271872,4.265017670526733,87.18207866923397
Lower middle income,2020,8.038032726080688,3.0511942882146057,88.9101234011519
Lower middle income,2021,7.059837807577501,2.54283074769931,90.3966933939579
Lower middle income,2022,10.837859159318972,3.547622487298062,85.61394726859547
Lower middle income,2024,7.697240235438952,3.696018573528039,88.60632315441862
Lower middle income,2017,6.663617898022347,4.545528572186465,88.78162075626528
Lower middle income,2027,9.155467997529524,3.1919251354949147,87.65223554867521
Lower middle income,2028,6.533292307175236,1.6646134264946333,91.80178114466459
Lower middle income,2029,7.190929374862786,1.509837575510037,91.2988201708292
Lower middle income,2030,7.559900947824456,1.491192054972674,90.94844000397208
Lower middle income,2031,7.113423007394249,1.2904058978152069,91.5957636119338
Lower middle income,2032,7.739113402086682,1.3103253227861273,90.95019727781303
Lower middle income,2026,9.442343119058082,3.190766238096572,87.3665343922753
Lower middle income,2016,4.6989914528099215,4.697580966077835,90.60220209997847
Lower middle income,2025,12.591940327947588,3.5204723565875398,83.88721484088279
Lower middle income,2014,4.303467556406819,2.798666686835915,92.89646641091765
Lower middle income,2000,0.18462109983061478,0.0358512718700272,99.77321807861233
Lower middle income,2001,0.1832835266375857,0.7172304201609501,99.09736422242436
Lower middle income,2002,0.1699953236705239,0.012601219667522404,99.81518857376555
Lower middle income,2003,0.13399696629420862,0.007615880992764799,99.82372626934576
Lower middle income,2004,0.21445177801282822,0.00856864654298208,99.77445579881913
Lower middle income,2005,0.20214736135752734,0.006511122424274164,99.78866823155832
Lower middle income,2006,0.3604016668080384,0.044451554460754744,99.59313229828228
Lower middle income,2015,5.205953034445084,3.4830416288199606,91.30957606807189
Lower middle income,2007,0.6197830263389282,0.06781655150793378,99.30961769634462
Lower middle income,2008,1.0012098232467976,0.07336628730449764,98.92388097280387
Lower middle income,2009,1.6848300355871888,0.14983564018820608,98.1635923223012
Lower middle income,2010,2.1010348405292563,0.40203474701606146,97.49428990281132
Lower middle income,2011,2.438015740490259,1.8733367018942608,95.68657202716479
Lower middle income,2012,3.4367994824013453,2.4309937163694304,94.13021598088667
Lower middle income,2013,3.9908177720696933,2.780778493735551,93.22668217474515
Madagascar,2019,6.513524870418933,,93.48647512958107
Madagascar,2021,6.261301168765532,,93.73869883123447
Madagascar,2022,6.281483839642287,,93.71851616035772
Madagascar,2023,5.425203577254157,,94.57479642274583
Madagascar,2024,6.737000773810481,,93.2629992261895
Madagascar,2025,8.521960750940174,,91.47803924905985
Madagascar,2029,7.427713067792893,,92.5722869322071
Madagascar,2027,10.559657167727257,,89.44034283227273
Madagascar,2028,8.81217914990725,,91.18782085009275
Madagascar,2018,5.335656730910659,,94.66434326908934
Madagascar,2030,7.7149380079827665,,92.28506199201723
Madagascar,2031,7.9523303842725825,,92.04766961572741
Madagascar,2032,8.200581164146863,,91.79941883585313
Madagascar,2026,10.403307224549105,,89.59669277545089
Madagascar,2017,4.3293239168543645,,95.67067608314564
Madagascar,2020,6.903774579867078,,93.09622542013292
Madagascar,2000,0.3562478410671272,,99.31585998221983
Madagascar,2015,4.629377784492448,,95.37062221550755
Madagascar,2004,0.0,,100.0
Madagascar,2016,5.333439147232094,,94.66656085276792
Madagascar,2009,2.1972670924920505,,97.80273290750793
Madagascar,2010,2.0375017586858326,,97.96249824131417
Madagascar,2011,2.9251801169203335,,97.07481988307967
Madagascar,2012,2.0869634818199376,,97.91303651818006
Madagascar,2013,2.215133601795028,,97.78486639820498
Madagascar,2014,7.612029701114453,,92.38797029888555
Madagascar,2008,0.4740613881886239,,99.52593861181138
Malawi,2018,24.251422017974114,,75.74857798202588
Malawi,2019,19.161538681076262,,80.83846131892375
Malawi,2020,24.048693185404314,,75.9513068145957
Malawi,2021,25.911984207512326,,74.08801579248768
Malawi,2022,22.29857695012552,,77.70142304987446
Malawi,2023,19.267328084835427,,80.73267191516457
Malawi,2024,11.884204560854066,,88.11579543914593
Malawi,2027,12.173584374224886,,87.82641562577511
Malawi,2026,9.086559659119187,,90.91344034088083
Malawi,2028,11.533649910393002,,88.466350089607
Malawi,2029,11.308930790349617,,88.69106920965038
Malawi,2030,11.22588940060667,,88.77411059939334
Malawi,2031,7.386369477825312,,92.6136305221747
Malawi,2032,7.306624830920986,,92.69337516907903
Malawi,2025,9.874013247395997,,90.12598675260399
Malawi,2017,32.11254346854215,,67.88745653145784
Malawi,2016,27.65027652755861,,72.34972347244138
Malawi,2014,11.655379026421066,,88.34462097357894
Malawi,2015,25.290934796078783,,74.70906520392121
Malawi,2010,2.2824839365881964,,97.71751606341181
Malawi,2011,4.522897247202066,,95.47710275279793
Malawi,2012,7.967051097126452,,92.03294890287354
Malawi,2013,10.860341565770135,,89.13965843422986
Maldives,2018,4.664483011052594,2.8308864822889444,92.50463050665847
Maldives,2019,6.570880398901158,5.071340908394049,88.3577786927048
Maldives,2020,19.788791127094846,15.00312121500455,65.20808765790059
Maldives,2021,3.1326045770499844,4.013865373357767,92.85353004959224
Maldives,2022,18.25424021469919,8.937720904875597,72.80803888042522
Maldives,2023,30.184741985574785,15.873775199511153,53.94148281491406
Maldives,2024,28.60634884377178,8.2156615427221,63.17798961350612
Maldives,2027,23.26910785388183,9.019970468067056,67.44997605778651
Maldives,2026,10.633784201909666,5.111153269273843,84.16541135797581
Maldives,2028,15.3156831765788,5.198975620834533,78.90673094315511
Maldives,2029,27.440952148310796,9.10744471127851,62.39069024628337
Maldives,2030,22.271531117245125,9.695069827393473,66.85613556983691
Maldives,2031,18.189266145798978,9.887517600663815,70.67669260901994
Maldives,2017,9.526086772100665,,90.47391322789933
Maldives,2025,11.439525297359037,5.927548337004754,82.59947498384271
Maldives,2032,10.747120316462281,10.856580507214643,76.97566568761232
Maldives,2016,8.94741466885404,,91.05258533114596
Maldives,2014,1.5821482074018245,,98.41785179259819
Maldives,2015,2.7628082581540636,,97.23719174184593
Maldives,2000,0.4855750089661051,,99.51442499103389
Maldives,2001,0.4447494892052617,,99.55525051079475
Maldives,2002,0.7213862128438556,,99.27861378715615
Maldives,2004,0.480214320765067,,99.51978567923494
Maldives,2005,0.466425480088292,,99.53357451991171
Maldives,2006,0.47033556650895375,,99.52966443349105
Maldives,2003,0.29088282049768943,,99.70911717950231
Maldives,2008,0.29124554834927885,,99.70875445165072
Maldives,2009,0.26239416063429505,,99.7376058393657
Maldives,2010,0.2477291113974291,,99.75227088860257
Maldives,2011,0.874455840125728,,99.12554415987425
Maldives,2012,2.0754184256698114,,97.9245815743302
Maldives,2013,3.336457996154627,,96.66354200384536
Maldives,2007,0.3638787834933131,,99.63612121650667
Mali,2024,15.369452722496833,,84.63054727750317
Mali,2019,17.026400834620205,,82.97359916537981
Mali,2020,18.16671610886891,,81.83328389113109
Mali,2021,16.408495607690654,,83.59150439230933
Mali,2022,21.98147452048085,,78.01852547951914
Mali,2023,23.599715312269883,,76.4002846877301
Mali,2025,17.711777103707615,,82.2882228962924
Mali,2018,11.77546286874511,,88.2245371312549
Mali,2027,17.645409199211237,,82.35459080078877
Mali,2028,16.688844688267515,,83.31115531173249
Mali,2029,14.34261342863886,,85.65738657136114
Mali,2030,10.570912160332785,,89.42908783966722
Mali,2031,10.564915320936723,,89.43508467906328
Mali,2032,9.111275911469674,,90.88872408853032
Mali,2026,17.844415548475414,,82.15558445152459
Mali,2017,19.652898351835503,,80.3471016481645
Mali,2015,15.158282080905519,,84.84171791909449
Mali,2006,0.9601288180082965,,99.03987118199171
Mali,2010,11.408963567206635,,88.59103643279336
Mali,2011,2.679310726143769,,97.32068927385622
Mali,2012,6.9419906926420145,,93.05800930735798
Mali,2013,9.293151511899232,,90.70684848810076
Mali,2014,12.939455257400592,,87.0605447425994
Mali,2016,11.51058676461385,,88.48941323538615
Mauritania,2018,8.998454999802384,,91.00154500019762
Mauritania,2019,8.762291003675754,,91.23770899632423
Mauritania,2020,5.645884675453964,,94.35411532454603
Mauritania,2021,0.10401522564015128,,99.89598477435985
Mauritania,2022,11.373824072663172,,88.62617592733682
Mauritania,2023,11.448224025790346,,88.55177597420965
Mauritania,2024,12.416547588925138,,87.58345241107484
Mauritania,2027,12.927181461444782,,87.07281853855521
Mauritania,2026,13.419072600246208,,86.58092739975379
Mauritania,2028,11.578371453495944,,88.42162854650404
Mauritania,2029,11.623572370485029,,88.37642762951498
Mauritania,2030,6.93560270897323,,93.06439729102678
Mauritania,2031,5.27388437810091,,94.7261156218991
Mauritania,2017,8.389996096147279,,91.61000390385271
Mauritania,2025,13.955279600787867,,86.04472039921214
Mauritania,2016,10.423853433126839,,89.57614656687316
Mauritania,2032,5.608844150538912,,94.3911558494611
Mauritania,2014,7.289138598032789,,92.71086140196721
Mauritania,2001,5.240229780206791,,94.75977021979321
Mauritania,2002,5.806458308594733,,94.19354169140524
Mauritania,2003,2.895522330387074,,97.10447766961293
Mauritania,2004,2.9146791938667382,,97.08532080613327
Mauritania,2005,2.478084572675758,,97.52191542732425
Mauritania,2006,0.0,,100.0
Mauritania,2015,4.421581364524122,,95.57841863547588
Mauritania,2009,0.04371456675690402,,99.9562854332431
Mauritania,2010,2.976629229737289,,97.0233707702627
Mauritania,2011,3.0618043847545326,,96.93819561524546
Mauritania,2012,3.0893444801959453,,96.91065551980404
Mauritania,2013,3.2432199164213262,,96.75678008357868
Mauritania,2007,0.0,,99.99999999999999
Mauritius,2018,28.63102054481749,,71.36897945518253
Mauritius,2019,25.78622836174803,,74.21377163825197
Mauritius,2020,12.853402244292868,,87.14659775570713
Mauritius,2021,25.684389416447928,,74.31561058355209
Mauritius,2022,24.592618933022802,,75.40738106697721
Mauritius,2023,3.3719509535623677,,96.62804904643765
Mauritius,2024,3.649936326001445,,96.35006367399855
Mauritius,2027,3.93480943111386,,96.06519056888615
Mauritius,2026,2.4668200380800562,,97.53317996191996
Mauritius,2028,3.569545722050068,,96.43045427794993
Mauritius,2029,1.5610773895862404,,98.43892261041375
Mauritius,2030,2.9852352398237905,,97.01476476017619
Mauritius,2031,2.843877681070907,,97.1561223189291
Mauritius,2017,16.956615620055626,,83.04338437994438
Mauritius,2025,2.372727091233248,,97.62727290876674
Mauritius,2032,2.9321172527239003,,97.06788274727609
Mauritius,2016,31.090059261418794,,68.9099407385812
Mauritius,2014,14.037970867897183,,85.96202913210281
Mauritius,2015,24.72591758918476,,75.27408241081524
Mauritius,2000,0.11941897454695378,,99.88058102545305
Mauritius,2001,0.8663617369484267,,99.13363826305155
Mauritius,2002,1.3538253043208828,,98.64617469567912
Mauritius,2004,1.5730589818312066,,98.42694101816879
Mauritius,2005,1.3899036035210417,,98.61009639647895
Mauritius,2006,1.178242581899507,,98.82175741810049
Mauritius,2003,1.7220039713852031,,98.27799602861481
Mauritius,2008,3.4984706622901136,,96.50152933770988
Mauritius,2009,5.001253422111094,,94.99874657788891
Mauritius,2010,4.174850497432024,,95.82514950256798
Mauritius,2011,8.471576494924742,,91.52842350507525
Mauritius,2012,12.315693252754382,,87.68430674724561
Mauritius,2013,12.905756821539148,,87.09424317846086
Mauritius,2007,3.6196554417205693,,96.38034455827943
"Middle East, North Africa, Afghanistan & Pakistan (excluding high income)",2019,8.174802363478433,1.1585602450648307,90.66663739145673
"Middle East, North Africa, Afghanistan & Pakistan (excluding high income)",2021,7.872425807110801,2.151841455950356,89.97573273693884
"Middle East, North Africa, Afghanistan & Pakistan (excluding high income)",2022,12.621187554207038,1.355647101455378,86.02316534433758
"Middle East, North Africa, Afghanistan & Pakistan (excluding high income)",2023,9.734212519201671,2.356127169091738,87.9096603117066
"Middle East, North Africa, Afghanistan & Pakistan (excluding high income)",2024,7.659293890716971,0.7770094567685715,91.56369665251447
"Middle East, North Africa, Afghanistan & Pakistan (excluding high income)",2025,15.807298085095377,0.5133543924771758,83.67934752242743
"Middle East, North Africa, Afghanistan & Pakistan (excluding high income)",2028,7.8424065924586435,0.8674449089161584,91.2901484986252
"Middle East, North Africa, Afghanistan & Pakistan (excluding high income)",2027,9.777440665111095,0.6146969011588683,89.60786243373003
"Middle East, North Africa, Afghanistan & Pakistan (excluding high income)",2018,4.506399115912023,0.40827068382260506,95.08533020026537
"Middle East, North Africa, Afghanistan & Pakistan (excluding high income)",2029,6.564298504415134,0.8663964998577246,92.56930499572715
"Middle East, North Africa, Afghanistan & Pakistan (excluding high income)",2030,6.153695943738285,0.9830853368074132,92.86321871945431
"Middle East, North Africa, Afghanistan & Pakistan (excluding high income)",2031,4.819667590601177,0.7764370201504848,94.40389538924833
"Middle East, North Africa, Afghanistan & Pakistan (excluding high income)",2032,6.124901225341797,0.9918262075923396,92.88327256706586
"Middle East, North Africa, Afghanistan & Pakistan (excluding high income)",2026,8.200613237579727,0.4954070821853804,91.3039796802349
"Middle East, North Africa, Afghanistan & Pakistan (excluding high income)",2017,5.645692488778386,0.22208937119336364,94.13221814002824
"Middle East, North Africa, Afghanistan & Pakistan (excluding high income)",2020,10.237852745978842,2.064658869989317,87.69748838403184
"Middle East, North Africa, Afghanistan & Pakistan (excluding high income)",2016,3.519128642823416,0.036471109623250536,96.44440024755335
"Middle East, North Africa, Afghanistan & Pakistan (excluding high income)",2015,3.972511512912937,0.3289882422227414,95.69850024486433
"Middle East, North Africa, Afghanistan & Pakistan (excluding high income)",2000,0.46398061696529797,0.15236013679344054,99.38365924624127
"Middle East, North Africa, Afghanistan & Pakistan (excluding high income)",2001,0.5866741440965926,2.05835519273481,97.3549706631686
"Middle East, North Africa, Afghanistan & Pakistan (excluding high income)",2002,0.49898647709679744,1.2325365857816757,98.26847693712153
"Middle East, North Africa, Afghanistan & Pakistan (excluding high income)",2003,0.4885887783188942,0.6948405277616365,98.81657069391947
"Middle East, North Africa, Afghanistan & Pakistan (excluding high income)",2005,0.3996944486512394,0.231715482880867,99.3685900684679
"Middle East, North Africa, Afghanistan & Pakistan (excluding high income)",2006,0.4482239663631383,0.20707674802057457,99.34469928561629
"Middle East, North Africa, Afghanistan & Pakistan (excluding high income)",2004,0.3894169692591186,0.22205713913583497,99.38852589160503
"Middle East, North Africa, Afghanistan & Pakistan (excluding high income)",2008,1.3863888697722466,0.18631290016601312,98.42729823006175
"Middle East, North Africa, Afghanistan & Pakistan (excluding high income)",2009,1.6404300786587998,0.13677515562574885,98.22279476571545
"Middle East, North Africa, Afghanistan & Pakistan (excluding high income)",2010,2.7818376280766213,0.053946257583959746,97.16421611433944
"Middle East, North Africa, Afghanistan & Pakistan (excluding high income)",2011,2.4894428716715735,0.19020288928311857,97.32035423904532
"Middle East, North Africa, Afghanistan & Pakistan (excluding high income)",2012,2.218998853020891,0.10336132412799762,97.67763982285112
"Middle East, North Africa, Afghanistan & Pakistan (excluding high income)",2013,3.0360255453901632,0.184293020841112,96.77968143376873
"Middle East, North Africa, Afghanistan & Pakistan (excluding high income)",2014,3.1536381762944483,0.1963758495457126,96.64998597415983
"Middle East, North Africa, Afghanistan & Pakistan (excluding high income)",2007,1.2890868706309389,0.3098502693634389,98.40106286000561
Middle income,2023,3.8586370997352186,1.4713335393322,94.66096487767403
Middle income,2018,4.658890129339336,1.3025850053104766,94.0383094924836
Middle income,2019,5.68895272733482,1.3032376534980632,93.00665523022023
Middle income,2020,4.020284072516046,1.005511174921309,94.97400511225196
Middle income,2021,3.5888451191030426,0.7726938534265811,95.63820580532916
Middle income,2022,4.175655266995843,1.0831028860027532,94.74092116302988
Middle income,2024,4.317513545836283,1.162853026038667,94.5061472244085
Middle income,2017,4.215329095779078,1.2737219772263646,94.5085373974023
Middle income,2026,5.242128903346835,1.2378770571269233,93.51555022225175
Middle income,2027,4.710376908850286,1.232976547468209,94.05203471974465
Middle income,2028,3.828765536452546,0.762511787074903,95.40344247091643
Middle income,2029,3.9387289923831146,0.6314953452045591,95.42353897255376
Middle income,2030,2.3846148503768476,0.3800674886448163,97.23183365300918
Middle income,2031,3.5105895310476747,0.5469124517759858,95.93875627648819
Middle income,2025,5.866807503298683,1.2667992847751397,92.86260823752126
Middle income,2032,3.8729870676256994,0.5642691431599297,95.55853535470597
Middle income,2016,3.70014498358412,1.5095281625237955,94.78993856780316
Middle income,2014,3.414184103995605,0.8878634926516078,95.69732182102413
Middle income,2000,0.1353079589159863,0.02865971408119503,99.82988173538223
Middle income,2001,0.22019675575750408,0.22386943906929066,99.54811190576079
Middle income,2002,0.4353911949224539,0.14925138435001278,99.40822360204633
Middle income,2003,0.21241562641275125,0.08979206022461023,99.68667227921745
Middle income,2004,0.15077579561577997,0.04094060826587472,99.79627656224396
Middle income,2005,0.14266894134898903,0.03677819780856533,99.81542914030712
Middle income,2006,0.1859253598983984,0.05080779569000594,99.76071801450406
Middle income,2015,3.363555862414242,0.8305633628218683,95.8053998137999
Middle income,2008,0.5082602060141906,0.05243617780738401,99.43494560374445
Middle income,2009,0.7479763872451933,0.0660335454817894,99.18191907632219
Middle income,2010,1.0944922785791957,0.12717130826717182,98.774359999968
Middle income,2011,1.490644679463267,0.5535783326227842,97.9523254067826
Middle income,2012,1.9177011116509084,0.6641789862449564,97.41494158694032
Middle income,2013,2.3567344577604477,0.8037203177271366,96.83738656547197
Middle income,2007,0.34636428383580187,0.058883253506881665,99.5921209995848
Moldova,2017,,0.6878119604062111,99.31218803959379
Moldova,2016,,4.404916216531354,95.59508378346864
Moldova,2014,,7.127439632823209,92.87256036717679
Moldova,2015,,8.781251586191186,91.21874841380883
Moldova,2010,,8.265766112476097,91.73423388752391
Moldova,2011,,8.040320207485237,91.95967979251476
Moldova,2012,,12.084396939174349,87.91560306082565
Moldova,2013,,6.370911245275667,93.62908875472434
Mongolia,2024,56.94069909149504,,43.059300908504966
Mongolia,2019,3.8813824161792514,,96.11861758382075
Mongolia,2020,2.9791370560192525,,97.02086294398075
Mongolia,2021,4.504547559706847,,95.49545244029315
Mongolia,2022,5.049969799315371,,94.95003020068462
Mongolia,2023,17.018280952951997,,82.981719047048
Mongolia,2025,16.61472730473146,,83.38527269526854
Mongolia,2027,6.672653156182576,,93.32734684381742
Mongolia,2028,7.9934925930210285,,92.00650740697897
Mongolia,2029,10.831372584992605,,89.16862741500739
Mongolia,2030,16.22704865357241,,83.77295134642759
Mongolia,2031,9.872768734300926,,90.12723126569907
Mongolia,2032,18.28116098040816,,81.71883901959184
Mongolia,2026,50.53842726935055,,49.46157273064944
Mongolia,2017,2.7281704974944145,,97.2718295025056
Mongolia,2015,3.174312267202704,1.7307437644279686,95.09494396836932
Mongolia,2016,8.56649130543352,,91.43350869456648
Mongolia,2006,,14.12214351434105,85.87785648565895
Mongolia,2007,,5.935567463046444,94.06443253695355
Mongolia,2009,0.004592482532047792,3.09992570913226,96.89548180833569
Mongolia,2010,,1.7019472736833892,98.29805272631661
Mongolia,2011,,0.4167903667428674,99.58320963325714
Mongolia,2012,0.6010374601093664,4.032516144400434,95.36644639549021
Mongolia,2013,4.536640434769522,2.0156210587259684,93.4477385065045
Mongolia,2014,4.898504775980048,1.6769320267714123,93.42456319724855
Mongolia,2008,0.0031115007830231738,4.200526057081285,95.7963624421357
Montenegro,2022,21.901675963834652,,78.09832403616537
Montenegro,2023,23.873445465726967,,76.12655453427301
Montenegro,2024,19.542288589724137,,80.45771141027586
Montenegro,2025,15.386226082323892,,84.61377391767611
Montenegro,2026,32.7488457025952,,67.25115429740478
Montenegro,2030,22.889946900148534,,77.11005309985146
Montenegro,2028,35.67113139862963,,64.32886860137036
Montenegro,2029,15.12868948292959,,84.87131051707041
Montenegro,2031,0.3555510131424317,,99.64444898685757
Montenegro,2032,3.366318851309134,,96.63368114869087
Montenegro,2021,9.739619725276235,,90.26038027472377
Montenegro,2027,11.527450156554051,,88.47254984344595
Montenegro,2020,3.4223138829531394,,96.57768611704685
Montenegro,2011,0.05454135184580261,,99.9454586481542
Montenegro,2018,2.488343305175069,,97.51165669482494
Montenegro,2019,3.9432747462620585,,96.05672525373794
Montenegro,2013,0.4487166983406536,,99.55128330165935
Montenegro,2014,0.9451177616786559,,99.05488223832134
Montenegro,2015,1.690874546022217,,98.30912545397779
Montenegro,2016,2.7575760020119673,,97.24242399798804
Montenegro,2017,4.378328192207966,,95.62167180779204
Montenegro,2012,0.3213148235115346,,99.67868517648847
Morocco,2024,0.7586612470302547,,99.24133875296974
Morocco,2019,2.861863667466075,,97.13813633253393
Morocco,2020,1.1549718647300757,,98.84502813526994
Morocco,2021,1.077137494294001,,98.922862505706
Morocco,2022,1.0190021734889128,,98.9809978265111
Morocco,2023,1.3241562345518176,,98.67584376544819
Morocco,2025,0.788863175190421,,99.21113682480959
Morocco,2031,0.5285018164543539,,99.47149818354565
Morocco,2027,1.0240924096995092,,98.9759075903005
Morocco,2028,0.9316214357470107,,99.06837856425298
Morocco,2029,1.0773866046382887,,98.9226133953617
Morocco,2030,1.0898267284730612,,98.91017327152694
Morocco,2018,2.9613516461730933,,97.0386483538269
Morocco,2032,0.5374086903653362,,99.46259130963466
Morocco,2026,1.0593048979062472,,98.94069510209373
Morocco,2016,2.6445077597923463,,97.35549224020765
Morocco,2017,2.8069276303927895,,97.19307236960722
Morocco,2000,0.2631798412743645,,99.73682015872564
Morocco,2015,3.2053382295220905,,96.7946617704779
Morocco,2001,0.2611184112081746,,99.73888158879183
Morocco,2005,0.0,,100.0
Morocco,2006,0.003139860099706387,,99.99686013990029
Morocco,2007,0.0038904623454947165,,99.9961095376545
Morocco,2009,0.22262860892473976,,99.77737139107526
Morocco,2010,0.5520712195784042,,99.4479287804216
Morocco,2011,1.228540106060699,,98.7714598939393
Morocco,2012,3.737888373421906,,96.2621116265781
Morocco,2013,2.9406798177682814,,97.05932018223172
Morocco,2014,3.058628623928819,,96.94137137607117
Morocco,2008,0.06390574131415053,,99.93609425868586
Mozambique,2024,29.526643297181558,,70.47335670281845
Mozambique,2019,40.90978523214657,,59.09021476785343
Mozambique,2020,30.25272073164219,,69.74727926835781
Mozambique,2021,41.61306685173686,,58.38693314826315
Mozambique,2022,43.95052456963128,,56.04947543036873
Mozambique,2023,33.74809968350173,,66.25190031649828
Mozambique,2025,29.171166781535195,,70.8288332184648
Mozambique,2018,31.099884333698018,,68.90011566630199
Mozambique,2027,28.617504729455753,,71.38249527054424
Mozambique,2028,20.02107356427856,,79.97892643572143
Mozambique,2029,18.2636755175524,,81.73632448244757
Mozambique,2030,20.379652046390596,,79.6203479536094
Mozambique,2031,7.846239174086607,,92.1537608259134
Mozambique,2032,19.196410311134024,,80.80358968886597
Mozambique,2026,28.867137571701043,,71.13286242829894
Mozambique,2016,23.383520526581222,,76.61647947341878
Mozambique,2017,19.22972420626472,,80.77027579373528
Mozambique,2015,14.205529579485118,,85.79447042051488
Mozambique,2006,0.41071324013201255,,99.58928675986799
Mozambique,2009,0.5385829600343238,,99.46141703996568
Mozambique,2010,0.2922579883238825,,99.70774201167612
Mozambique,2011,5.013645354015816,,94.98635464598418
Mozambique,2012,5.165975486695606,,94.83402451330441
Mozambique,2013,5.134872007288338,,94.86512799271168
Mozambique,2014,7.653577390767412,,92.34642260923258
Myanmar,2023,23.25972497341379,35.06300155511605,41.677273471470144
Myanmar,2018,28.732220480492458,36.53726481969622,34.73051469981131
Myanmar,2019,33.981730738420886,41.70706723114184,24.311202030437276
Myanmar,2020,30.471431496649682,32.29692569642516,37.231642806925144
Myanmar,2021,18.931859185348397,35.23523670693807,45.83290410771354
Myanmar,2022,26.115397990589546,34.17222123901875,39.712380770391704
Myanmar,2024,24.868395707165963,39.08220209850112,36.04940219433293
Myanmar,2016,22.855781518314462,30.31822945350899,46.82598902817655
Myanmar,2026,10.01490663224346,28.30308495267449,61.682008415082045
Myanmar,2027,9.051890308494531,36.157377475842175,54.79073221566329
Myanmar,2028,7.100702343240557,36.91425883187086,55.98503882488859
Myanmar,2029,6.127024374665511,34.70620379111076,59.16677183422374
Myanmar,2030,3.0211310314550395,33.323116189489724,63.65575277905522
Myanmar,2031,0.12507628804468068,13.455435961063582,86.41948775089173
Myanmar,2017,35.01148033533787,39.58259534993216,25.40592431472997
Myanmar,2025,11.677798283389153,28.921970222445562,59.40023149416526
Myanmar,2032,0.1464749793095073,0.16133471710304104,99.69219030358745
Myanmar,2011,31.356907041368505,15.088169016825553,53.554923941805946
Myanmar,2014,20.32131442150696,23.31175783486997,56.36692774362308
Myanmar,2002,3.9842035195200105,,96.01579648047998
Myanmar,2003,3.6353312765085137,,96.36466872349148
Myanmar,2015,20.748313040873246,23.350303732504376,55.90138322662238
Myanmar,2005,2.9470348112580407,,97.05296518874196
Myanmar,2006,10.065737483165815,,89.93426251683418
Myanmar,2004,3.3014942606874493,,96.69850573931254
Myanmar,2008,23.899648761233372,,76.10035123876663
Myanmar,2009,28.201600089781117,0.7882674110565799,71.01013249916231
Myanmar,2010,19.461851669655683,3.9019571057542426,76.63619122459008
Myanmar,2012,7.790162366206218,4.404602400311296,87.80523523348249
Myanmar,2013,4.406666808404513,3.0069827699054095,92.58635042169008
Myanmar,2007,16.44882859070638,,83.55117140929362
Nepal,2024,2.5385444476639103,,97.46145555233608
Nepal,2019,1.1941093509109553,,98.80589064908905
Nepal,2020,0.4159685780687759,,99.58403142193123
Nepal,2021,1.4860407975736942,,98.51395920242629
Nepal,2022,4.391879366070811,,95.6081206339292
Nepal,2023,3.3484623523446393,,96.65153764765535
Nepal,2025,8.160152851808073,,91.83984714819194
Nepal,2018,0.0011268573360087575,,99.998873142664
Nepal,2027,7.093340521393361,,92.90665947860664
Nepal,2028,6.522918091118413,,93.47708190888159
Nepal,2029,6.0942050720494265,,93.90579492795057
Nepal,2030,5.947976014097504,,94.0520239859025
Nepal,2031,4.279489553318357,,95.72051044668164
Nepal,2032,2.8175155013762367,,97.18248449862377
Nepal,2026,7.507297595617996,,92.492702404382
Nepal,2017,1.759256937642303,,98.24074306235771
Nepal,2015,0.8771259520437554,,99.12287404795624
Nepal,2016,1.7041191341904052,,98.2958808658096
Nepal,2000,0.4872784544137364,,99.51272154558626
Nepal,2011,0.10035012033273921,,99.89964987966727
Nepal,2012,0.4339223495163234,,99.56607765048368
Nepal,2013,0.5794136015315776,,99.42058639846842
Nepal,2014,0.6321346580827089,,99.36786534191728
Nicaragua,2018,0.0,,100.0
Nicaragua,2019,0.0,,100.0
Nicaragua,2020,0.0,,100.0
Nicaragua,2021,0.0,,100.00000000000001
Nicaragua,2022,0.0,,100.0
Nicaragua,2023,0.0,,100.0
Nicaragua,2024,2.709273334658871,0.0,97.29072666534113
Nicaragua,2027,5.893976297271902,0.68912064136319,93.41690306136492
Nicaragua,2026,3.382133589315224,0.0,96.61786641068477
Nicaragua,2028,7.548468107653299,1.3431385886200964,91.10839330372661
Nicaragua,2029,8.400913210283193,1.6627404403776875,89.93634634933913
Nicaragua,2030,9.503489832597884,1.91415543351832,88.5823547338838
Nicaragua,2031,9.127570155090757,1.8740036844855963,88.99842616042366
Nicaragua,2017,0.0,,97.0798916704095
Nicaragua,2025,0.7715228859678164,,99.22847711403217
Nicaragua,2016,0.0,,99.8144450234338
Nicaragua,2032,8.978214450039193,1.8009028989146378,89.22088265104617
Nicaragua,2014,0.0,,99.74519295000225
Nicaragua,2002,0.06484282686225246,,99.64191274717862
Nicaragua,2003,0.07120905702558526,,99.68360521253405
Nicaragua,2005,1.5517032732217328,,98.16724757161772
Nicaragua,2015,0.0,,99.77172884875034
Nicaragua,2008,0.0,,99.668695159461
Nicaragua,2010,0.0,,99.66087220150901
Nicaragua,2011,0.0,,99.70509951725317
Nicaragua,2012,0.0,,99.67033889338016
Nicaragua,2013,0.0,,99.69011765187544
Niger,2018,32.76121688561226,,67.23878311438773
Niger,2019,30.996465281453244,,69.00353471854675
Niger,2020,24.449625504690616,,75.55037449530938
Niger,2021,11.435151130296376,,88.56484886970362
Niger,2022,17.74764745888538,,82.25235254111462
Niger,2023,17.101447487124233,,82.89855251287578
Niger,2024,11.439261678677932,,88.56073832132208
Niger,2027,4.2885838186584015,,95.71141618134159
Niger,2026,4.878099832821812,,95.1219001671782
Niger,2028,3.673576403692034,,96.32642359630796
Niger,2029,3.3935892009783326,,96.60641079902166
Niger,2030,3.3984597540343042,,96.6015402459657
Niger,2031,3.474596564276847,,96.52540343572313
Niger,2017,41.5439613880842,,58.456038611915794
Niger,2025,5.264746658109059,,94.73525334189094
Niger,2032,3.5478889787943584,,96.45211102120564
Niger,2016,40.901021889708126,,59.098978110291874
Niger,2014,52.53850986500174,,47.46149013499826
Niger,2015,31.156901620794475,,68.84309837920551
Niger,2000,0.0,,100.0
Niger,2001,0.0,,100.00000000000001
Niger,2006,17.817693184668492,,82.18230681533151
Niger,2012,8.576749422609627,,91.42325057739036
Niger,2013,39.55322934741399,,60.44677065258601
Nigeria,2024,11.80810696426011,,88.1918930357399
Nigeria,2018,9.313522811642956,,90.68647718835705
Nigeria,2020,12.484764912731828,,87.5152350872682
Nigeria,2021,7.831316866456146,,92.16868313354385
Nigeria,2022,8.807717114257576,,91.19228288574243
Nigeria,2023,7.513673609253207,,92.4863263907468
Nigeria,2025,10.966909642424215,,89.03309035757577
Nigeria,2017,18.899292192901154,,81.10070780709884
Nigeria,2027,8.698661511630005,,91.30133848836999
Nigeria,2028,12.84331493228893,,87.15668506771108
Nigeria,2029,12.96471782715923,,87.03528217284077
Nigeria,2030,15.015217928334874,,84.98478207166511
Nigeria,2031,12.482793113936399,,87.5172068860636
Nigeria,2032,11.933637546248798,,88.06636245375121
Nigeria,2026,12.517466903993116,,87.48253309600686
Nigeria,2016,16.393972773850862,,83.60602722614914
Nigeria,2019,14.95181720483654,,85.04818279516346
Nigeria,2014,25.91909859774078,,74.08090140225922
Nigeria,2006,0.14601873451871925,,99.85398126548128
Nigeria,2007,1.7393088948421054,,98.26069110515789
Nigeria,2009,30.997399332669243,5.67271900942116,63.3298816579096
Nigeria,2010,31.148128215506706,,68.8518717844933
Nigeria,2011,34.138838585533364,,65.86116141446664
Nigeria,2012,35.715567311316,,64.284432688684
Nigeria,2015,13.58118208631448,,86.41881791368553
Nigeria,2013,26.43173352542273,,73.56826647457727
Nigeria,2008,14.170317704000562,,85.82968229599945
North Macedonia,2019,8.033123385708834,0.45282712938491154,91.51404948490627
North Macedonia,2020,6.059817301314301,,93.9401826986857
North Macedonia,2021,4.646815880859854,,95.35318411914014
North Macedonia,2022,15.193248112063314,,84.80675188793668
North Macedonia,2023,6.323394188283445,,93.67660581171656
North Macedonia,2024,9.774006988612506,,90.22599301138747
North Macedonia,2025,4.330554572125654,,95.66944542787435
North Macedonia,2028,4.964835477988401,,95.0351645220116
North Macedonia,2027,6.147218857350545,,93.85278114264946
North Macedonia,2029,11.455130580641836,,88.54486941935816
North Macedonia,2030,12.19862179205377,,87.80137820794623
North Macedonia,2031,11.222276384963147,,88.77772361503686
North Macedonia,2032,15.986897212312442,,84.01310278768756
North Macedonia,2018,1.5844060774764437,0.3049566293477177,98.11063729317583
North Macedonia,2026,7.379243427260661,,92.62075657273934
North Macedonia,2017,1.6945775651895676,0.4287195763129344,97.8767028584975
North Macedonia,2001,9.295577375138945,0.5828485583305194,90.12157406653053
North Macedonia,2015,0.7073474885155402,0.41921468287896524,98.87343782860549
North Macedonia,2016,1.020784085030807,0.4178811119231,98.56133480304608
North Macedonia,2002,19.272839214190267,1.5651124654500248,79.1620483203597
North Macedonia,2003,2.1176670588915374,0.46853768988575495,97.41379525122271
North Macedonia,2004,2.674152634978482,0.6280270552476938,96.69782030977383
North Macedonia,2005,3.7695576966152227,0.7234670003925004,95.50697530299227
North Macedonia,2006,5.743077770894491,0.5732771039676413,93.68364512513787
North Macedonia,2007,3.0315251678951327,0.7916777208790255,96.17679711122585
North Macedonia,2000,0.33108942870569735,0.9824128950119873,98.68649767628231
North Macedonia,2009,9.960674269902636,1.9045761816836364,88.13474954841374
North Macedonia,2010,11.878845455814131,1.6073773867135503,86.5137771574723
North Macedonia,2011,3.1868013180979893,1.2979383815921839,95.51526030030983
North Macedonia,2012,4.921807950949375,0.996303061715718,94.0818889873349
North Macedonia,2013,2.1342399703239208,0.432324797755852,97.43343523192023
North Macedonia,2014,0.2148055781422394,0.6986200111541992,99.08657441070356
North Macedonia,2008,11.360084763066,2.000413623637777,86.63950161329622
Pakistan,2018,13.712442876778674,1.683811312018283,84.60374581120304
Pakistan,2019,19.53231756036309,4.130223909857067,76.33745852977984
Pakistan,2020,26.688865199334703,7.763698201528324,65.54743659913697
Pakistan,2021,15.883747617511085,8.729387596447573,75.38686478604134
Pakistan,2022,33.196129905120166,4.003434752014522,62.80043534286531
Pakistan,2023,23.305988058622205,6.832705437367373,69.86130650401041
Pakistan,2024,19.95973498150152,,80.0402650184985
Pakistan,2027,28.784925153056186,,71.2150748469438
Pakistan,2026,24.3397728623469,,75.6602271376531
Pakistan,2028,24.789936077452104,,75.21006392254789
Pakistan,2029,20.72670215167939,,79.27329784832061
Pakistan,2030,21.795587546655963,,78.20441245334406
Pakistan,2031,16.557902556914517,,83.44209744308547
Pakistan,2017,15.88704513651033,0.29084301924048667,83.82211184424919
Pakistan,2025,45.843182412218084,,54.156817587781916
Pakistan,2016,11.66517027548065,0.22848818898622816,88.10634153553312
Pakistan,2032,22.22666111213113,,77.77333888786886
Pakistan,2014,10.475006643567415,,89.52499335643259
Pakistan,2000,0.7596778560034331,,99.24032214399656
Pakistan,2001,0.9344494391424051,11.604239807326376,87.46131075353122
Pakistan,2002,0.019940956766118532,,99.98005904323388
Pakistan,2003,0.26706473926760377,,99.73293526073239
Pakistan,2004,0.33495174513812054,,99.66504825486187
Pakistan,2005,1.026955302164086,,98.9730446978359
Pakistan,2006,1.3807541472792457,,98.61924585272075
Pakistan,2015,9.728993845079211,0.1357216081931691,90.13528454672763
Pakistan,2008,3.6533912207250356,,96.34660877927497
Pakistan,2009,3.2101736799819545,,96.78982632001802
Pakistan,2010,9.23760453789579,,90.76239546210421
Pakistan,2011,10.863692157309258,,89.13630784269074
Pakistan,2012,6.828370083929144,,93.17162991607087
Pakistan,2013,7.926188497597338,,92.07381150240268
Pakistan,2007,1.5660281407888543,0.385502270201318,98.04846958900983
Papua New Guinea,2018,12.698192612424606,,87.30180738757541
Papua New Guinea,2019,7.819759939246184,,92.18024006075382
Papua New Guinea,2020,5.342891456174483,,94.65710854382552
Papua New Guinea,2021,5.153355771821155,,94.84664422817885
Papua New Guinea,2022,21.829205959825384,,78.17079404017463
Papua New Guinea,2023,20.854085713036515,,79.14591428696349
Papua New Guinea,2024,16.59642963037198,,83.40357036962803
Papua New Guinea,2027,15.283808747886892,,84.7161912521131
Papua New Guinea,2026,14.74823828770204,,85.25176171229796
Papua New Guinea,2028,8.34892159210693,,91.65107840789308
Papua New Guinea,2029,12.538427240572808,,87.4615727594272
Papua New Guinea,2030,12.470707148397349,,87.52929285160266
Papua New Guinea,2031,12.76039997593059,,87.23960002406942
Papua New Guinea,2017,14.664488341127733,,85.33551165887226
Papua New Guinea,2025,15.078727549979924,,84.92127245002007
Papua New Guinea,2032,12.57641790814342,,87.42358209185659
Papua New Guinea,2015,6.256602872867747,,93.74339712713224
Papua New Guinea,2014,4.794729013977212,,95.20527098602278
Papua New Guinea,2016,12.207125875879933,,87.79287412412006
Papua New Guinea,2000,0.44359498832477784,,99.55640501167522
Papua New Guinea,2001,0.7071078045880304,,99.29289219541195
Papua New Guinea,2002,0.7339346223114909,,99.26606537768852
Papua New Guinea,2003,0.49215953040929883,,99.5078404695907
Papua New Guinea,2005,0.4809302148554267,,99.51906978514457
Papua New Guinea,2006,0.4744211216297249,,99.52557887837027
Papua New Guinea,2004,0.603630567071849,,99.39636943292815
Papua New Guinea,2008,0.1318897909939609,,99.86811020900605
Papua New Guinea,2009,0.3146600443717181,,99.68533995562828
Papua New Guinea,2011,3.1956431444286486,,96.80435685557136
Papua New Guinea,2012,2.5648014598556683,,97.43519854014433
Papua New Guinea,2013,3.903042402820164,,96.09695759717984
Papua New Guinea,2007,0.3735841817185102,,99.62641581828149
Paraguay,2000,1.49003733363931,,95.33930182850028
Paraguay,2001,2.719032917316517,,92.99446107823326
Paraguay,2002,2.2030381294357335,,93.49218034576504
Paraguay,2003,0.6375450870298585,,98.75802905124053
Paraguay,2004,0.9484602408348065,,94.66735089167379
Paraguay,2005,0.2864862138606087,,98.10262107314148
Paraguay,2006,0.10181572128370171,,98.92739752230734
Paraguay,2008,0.09100041614011352,,98.25452820225986
Paraguay,2007,0.102532239128924,,99.21134007261212
Peru,2000,0.7000052628429597,,99.28522177082797
Peru,2001,1.1491682129120173,,98.82870373643267
Peru,2002,0.32056028162871886,,99.66472932591675
Peru,2003,0.4365833416038433,,99.54286056659531
Peru,2004,0.3929258022517616,,99.57498419718787
Peru,2005,0.1564769269661524,,99.82620943903999
Peru,2006,0.26810993455968046,,99.70224638396603
Peru,2008,0.04442388868546082,,99.93669475197812
Peru,2009,0.05588602244060332,,99.92007955931959
Peru,2010,0.03554618579382127,,99.94949388570645
Peru,2007,0.05491227931228369,,99.93512047927216
Philippines,2018,0.7024969112145734,,99.29750308878543
Philippines,2019,0.48451283879510193,,99.5154871612049
Philippines,2020,0.5528044406672916,,99.44719555933271
Philippines,2021,0.4121925260337252,,99.58780747396628
Philippines,2022,0.5625454071535362,,99.43745459284646
Philippines,2023,0.51603154801567,,99.48396845198432
Philippines,2024,0.3341416958502979,,99.6658583041497
Philippines,2027,0.847702090702402,,99.15229790929759
Philippines,2026,0.9283044456907835,,99.07169555430922
Philippines,2028,0.90440056508983,,99.09559943491017
Philippines,2029,0.964713065013024,,99.03528693498697
Philippines,2030,1.2512439017735546,,98.74875609822644
Philippines,2031,1.2376486680095828,,98.76235133199042
Philippines,2017,0.6313771033243836,,99.3686228966756
Philippines,2025,3.3428219906203593,,96.65717800937963
Philippines,2032,1.3172554192725208,,98.68274458072747
Philippines,2015,2.9736479000175557,,97.02635209998245
Philippines,2014,1.385650116406385,,98.6143498835936
Philippines,2002,0.12123580735425454,,99.87876419264575
Philippines,2003,0.0,,100.0
Philippines,2004,0.0006572773257020525,,99.99934272267429
Philippines,2005,0.04918304089590551,,99.95081695910409
Philippines,2006,0.05383494444786457,,99.94616505555213
Philippines,2016,0.5247792333714384,,99.47522076662855
Philippines,2008,0.18811663089041536,,99.81188336910958
Philippines,2009,0.17950190898644167,,99.82049809101356
Philippines,2010,0.1552672908475705,,99.84473270915242
Philippines,2011,0.2761285864521313,,99.72387141354788
Philippines,2012,0.656200295031019,,99.34379970496899
Philippines,2013,0.5178875401672105,,99.48211245983279
Philippines,2007,0.20940801397079614,,99.7905919860292
Rwanda,2018,6.1640033775614125,,93.83599662243859
Rwanda,2019,6.433847902593567,,93.56615209740644
Rwanda,2020,12.4152742367812,,87.5847257632188
Rwanda,2021,3.4448115757231013,,96.55518842427689
Rwanda,2022,10.007992921166403,,89.99200707883358
Rwanda,2023,5.351222425659429,,94.64877757434056
Rwanda,2024,9.575655323407226,,90.42434467659278
Rwanda,2027,10.477398473698523,,89.52260152630147
Rwanda,2026,11.554346063405944,,88.44565393659406
Rwanda,2028,10.133125219537742,,89.86687478046225
Rwanda,2029,4.498742781292134,,95.50125721870786
Rwanda,2030,4.127531652641498,,95.87246834735852
Rwanda,2031,2.030419783556044,,97.96958021644394
Rwanda,2017,5.960030708262826,,94.03996929173718
Rwanda,2025,5.17212960356152,,94.82787039643848
Rwanda,2032,3.845568087624614,,96.15443191237537
Rwanda,2016,6.2775557504791335,,93.72244424952086
Rwanda,2014,2.452378353823289,,97.54762164617672
Rwanda,2015,2.667463689635749,,97.33253631036425
Rwanda,2000,0.8918024091008161,,98.94598942725335
Rwanda,2001,1.169322119939994,,98.83067788006001
Rwanda,2002,1.266127526963668,,98.73387247303634
Rwanda,2004,4.116848490091952,,95.88315150990805
Rwanda,2005,4.481532402139957,,95.07271558942685
Rwanda,2006,3.4123155341275324,,96.18198203736894
Rwanda,2003,5.249206708012255,,94.75079329198773
Rwanda,2008,0.2036037738572087,,99.7963962261428
Rwanda,2009,2.9094671411887583,,97.09053285881123
Rwanda,2010,0.9309086567085677,,99.06909134329143
Rwanda,2011,2.50779797669784,,97.49220202330216
Rwanda,2012,2.9720877822027663,,97.02791221779721
Rwanda,2013,5.707005877819672,,94.29299412218032
Rwanda,2007,4.050412060912707,,95.49021196345169
Samoa,2023,58.20498277604442,,41.79501722395559
Samoa,2018,47.39329769914951,,52.6067023008505
Samoa,2019,46.829403323523884,,53.170596676476116
Samoa,2020,35.83511705758992,,64.16488294241009
Samoa,2021,1.8027726096659666,,98.19722739033404
Samoa,2022,57.02976834463158,,42.97023165536841
Samoa,2024,57.460663439811775,,42.53933656018823
Samoa,2032,39.025941580747855,,60.97405841925213
Samoa,2026,53.81771801691924,,46.182281983080756
Samoa,2027,53.54250679651092,,46.45749320348907
Samoa,2028,49.94220523364355,,50.05779476635645
Samoa,2029,43.9526469622794,,56.047353037720605
Samoa,2030,41.09546411287356,,58.90453588712643
Samoa,2031,37.35480643541083,,62.645193564589164
Samoa,2025,54.34746905664339,,45.652530943356595
Samoa,2017,47.35931476180281,,52.6406852381972
Samoa,2015,47.63872354655022,,52.36127645344976
Samoa,2014,41.88087984877181,,58.119120151228195
Samoa,2000,10.508072344752271,,89.49192765524772
Samoa,2003,0.06307682365186412,,99.93692317634815
Samoa,2004,0.055681056983123665,,99.94431894301688
Samoa,2005,0.18625190294147045,,99.81374809705854
Samoa,2006,0.15866623988050985,,99.8413337601195
Samoa,2016,45.96375337086228,,54.036246629137715
Samoa,2008,3.806929326267945,,96.19307067373205
Samoa,2009,9.204699188043984,,90.79530081195603
Samoa,2010,13.93197651489884,,86.06802348510115
Samoa,2011,15.059307668530277,,84.9406923314697
Samoa,2012,24.217716851606863,,75.78228314839313
Samoa,2013,29.76479902081024,,70.23520097918976
Sao Tome and Principe,2009,14.25507155966537,,85.74492844033463
Senegal,2018,7.822942852189775,,92.17705714781022
Senegal,2019,11.257726371885935,,88.74227362811406
Senegal,2021,5.41649067799603,,94.58350932200395
Senegal,2022,12.84563274127669,0.14672973519815372,87.00763752352515
Senegal,2023,10.625250275220493,0.8475247111180588,88.52722501366145
Senegal,2024,8.469209456209779,0.5773299389100083,90.9534606048802
Senegal,2025,7.440947435606772,0.7109372795893716,91.84811528480387
Senegal,2028,9.538214364930496,,90.4617856350695
Senegal,2027,8.538002486227317,,91.46199751377269
Senegal,2029,10.450656151815352,,89.54934384818465
Senegal,2030,9.725327960479431,,90.27467203952057
Senegal,2031,8.089866240507439,,91.91013375949257
Senegal,2032,10.108223538488778,,89.89177646151121
Senegal,2017,8.608146910583617,,91.39185308941639
Senegal,2026,5.561527071784081,,94.43847292821592
Senegal,2016,12.018841847440434,,87.98115815255956
Senegal,2020,9.1851211554406,,90.8148788445594
Senegal,2014,13.345801615712626,,86.65419838428738
Senegal,2001,2.824781930462048,,97.17521806953796
Senegal,2002,2.6297716260573734,,97.37022837394262
Senegal,2003,2.3242297433564914,,97.6757702566435
Senegal,2004,1.6064839669438997,,98.3935160330561
Senegal,2005,3.802201948785706,,96.19779805121428
Senegal,2006,4.578049012621575,,95.42195098737844
Senegal,2007,9.249686455394736,,90.75031354460526
Senegal,2000,2.4904382153145717,,97.50956178468542
Senegal,2009,8.258178521215473,,91.74182147878454
Senegal,2008,8.337237494032477,,91.66276250596752
Senegal,2013,12.420921899163664,,87.57907810083634
Senegal,2012,9.04020073377066,,90.95979926622934
Senegal,2015,12.252207477769565,,87.74779252223044
Senegal,2011,5.1599528430706565,,94.84004715692934
Senegal,2010,7.729712891695627,,92.27028710830436
Serbia,2018,3.045579115838213,,96.95442088416179
Serbia,2019,3.514434258727335,,96.38535916333572
Serbia,2020,4.471835722852145,,95.52816427714787
Serbia,2021,5.023092523869715,,94.97690747613028
Serbia,2022,8.302500142126243,,91.69749985787375
Serbia,2023,8.413788204199395,,90.32085794079312
Serbia,2024,6.11400877753473,,93.05119186994493
Serbia,2025,9.128417337154042,,90.87158266284595
Serbia,2026,7.295174870833214,,92.70482512916679
Serbia,2028,5.408945451199754,,94.59105454880026
Serbia,2029,6.401988876353531,,93.59801112364647
Serbia,2030,7.2715783014095505,,92.72842169859047
Serbia,2031,12.128408805009714,,87.87159119499029
Serbia,2017,2.7239101612442886,,97.27608983875574
Serbia,2032,13.662799840185405,,86.33720015981459
Serbia,2027,4.603711377313627,,95.39628862268638
Serbia,2016,3.6425284316846422,,96.35747156831535
Serbia,2014,2.2566604300627287,,97.74333956993728
Serbia,2015,2.75083763271703,,97.24916236728296
Serbia,2001,15.813732969731078,,84.18626703026892
Serbia,2009,0.4059189170540719,,99.59408108294593
Serbia,2010,2.0471767513933994,,97.95282324860662
Serbia,2011,2.8835747503633486,,97.11642524963665
Serbia,2012,2.3065749579146164,,97.6934250420854
Serbia,2013,1.5690734990149995,,98.430926500985
Sierra Leone,2024,9.142781749885675,,90.85721825011431
Sierra Leone,2018,10.385390372156207,,89.61460962784379
Sierra Leone,2020,3.1338962043775482,,96.86610379562245
Sierra Leone,2021,0.3793514822255622,,99.62064851777444
Sierra Leone,2022,6.342831016033593,,93.6571689839664
Sierra Leone,2023,7.963637167621938,,92.03636283237806
Sierra Leone,2025,9.620144917942499,,90.3798550820575
Sierra Leone,2032,2.5264986302360937,,97.47350136976391
Sierra Leone,2027,5.10193419577208,,94.89806580422793
Sierra Leone,2028,3.864967997618504,,96.1350320023815
Sierra Leone,2029,3.7528539527035356,,96.24714604729645
Sierra Leone,2030,3.8584115647518025,,96.1415884352482
Sierra Leone,2031,2.986294543104048,,97.01370545689596
Sierra Leone,2017,10.169653468206368,,89.83034653179362
Sierra Leone,2026,9.073961223665034,,90.92603877633498
Sierra Leone,2016,5.243438298207136,,94.75656170179286
Sierra Leone,2019,7.2040104427463785,,92.79598955725362
Sierra Leone,2014,8.722042398085513,,91.2779576019145
Sierra Leone,2015,12.330768050062119,,87.6692319499379
Sierra Leone,2008,3.740084221497779,,96.25991577850222
Sierra Leone,2009,4.799474096252473,,95.20052590374752
Sierra Leone,2010,3.8911321912917787,,96.10886780870821
Sierra Leone,2011,4.33405255854171,,95.6659474414583
Sierra Leone,2012,7.182011327520398,,92.8179886724796
Sierra Leone,2013,11.851106218686313,,88.14889378131369
Solomon Islands,2023,0.7616814861683743,,99.23831851383164
Solomon Islands,2024,4.025109785556632,,95.97489021444338
Solomon Islands,2027,3.7942779507484974,,96.2057220492515
Solomon Islands,2026,3.4702622041293276,,96.52973779587067
Solomon Islands,2028,16.814071135928998,,83.185928864071
Solomon Islands,2029,23.453434547195016,,76.54656545280498
Solomon Islands,2030,23.457418073842884,,76.54258192615711
Solomon Islands,2031,22.960245450389156,,77.03975454961085
Solomon Islands,2032,21.73419516696824,,78.26580483303177
Solomon Islands,2025,2.424462718368823,,97.57553728163117
South Africa,2019,1.0668424461626747,,98.93315755383732
South Africa,2020,0.8105210186040377,,99.18947898139596
South Africa,2021,0.6752880699379594,,99.32471193006204
South Africa,2022,0.8470267632417122,,99.15297323675829
South Africa,2023,4.069202282078,,95.93079771792199
South Africa,2024,5.766292385186335,,94.23370761481367
South Africa,2027,3.992210132792356,,96.00778986720763
South Africa,2026,3.9137550948341895,,96.08624490516581
South Africa,2028,3.3703950498289514,,96.62960495017107
South Africa,2029,4.045577568016269,,95.95442243198374
South Africa,2030,5.455984860350658,,94.54401513964935
South Africa,2032,5.832058021506703,,94.1679419784933
South Africa,2025,3.1645899531410637,,96.83541004685894
South Africa,2031,6.559260670772048,,93.44073932922795
South Asia,2023,1.991652786012658,0.22702705033429837,97.78132016365305
South Asia,2018,2.0352610612367865,0.03608992974311554,97.92864900902009
South Asia,2019,2.8820405238238833,0.34025382505442475,96.77770565112169
South Asia,2020,2.4123357653177906,0.3069939250975433,97.28067030958466
South Asia,2022,2.879447776423656,0.31023008459098983,96.81032213898536
South Asia,2024,2.252569559893261,0.09856975942445438,97.64886068068229
South Asia,2017,2.933704703732962,,97.06629529626703
South Asia,2026,3.470444903932184,0.10787411798628395,96.41978883349667
South Asia,2027,3.189915751333802,0.09483483455482282,96.71250586469365
South Asia,2028,3.02662366470084,0.08419932426187332,96.87980620486157
South Asia,2029,2.8875386233121407,0.07707254199956405,97.02641076716414
South Asia,2030,3.5601321590073542,0.0907885366173112,96.33805493518908
South Asia,2031,5.037877583344439,0.1253309966506993,94.82099088674407
South Asia,2032,6.299312488570205,0.13268708614854247,93.55063770983169
South Asia,2016,1.9229601633812698,,98.07703983661874
South Asia,2025,3.911003050615278,0.13436550775717754,95.95387316659641
South Asia,2014,1.6393420518185315,,98.36065794818148
South Asia,2015,2.446739388529982,,97.55326061147004
South Asia,2000,0.07113767282292854,0.0913968898328436,99.83746543734424
South Asia,2001,0.08421384945887246,0.01940260912444895,99.89638354141667
South Asia,2002,0.08327631536350473,0.013769634881701815,99.9029540497548
South Asia,2003,0.05706408468228328,0.009140819733285205,99.93379509558443
South Asia,2004,0.11318676697884937,0.016096245091332655,99.87071698792982
South Asia,2005,0.1039069781571126,0.010784306594167608,99.88530871524871
South Asia,2006,0.24450021110062042,0.010152683072388216,99.74534710582698
South Asia,2021,3.585506223479212,0.7408734867308775,95.67362028978991
South Asia,2008,0.16383595075798987,0.1131958393199513,99.72296820992206
South Asia,2009,0.7546928801183814,0.10802582231220591,99.1372812975694
South Asia,2013,1.6125170911969207,,98.38748290880308
South Asia,2010,0.895276269536295,0.04936587242965068,99.05535785803404
South Asia,2011,1.0766448442857601,1.9804794968253943,96.94287565888885
South Asia,2012,1.3842526895173985,0.44009164911229615,98.1756556613703
South Asia,2007,0.2507714701742109,0.05442242527609607,99.6948061045497
Sri Lanka,2018,11.377253345961869,,88.62274665403812
Sri Lanka,2019,10.366615324779726,1.230602082655101,88.40278259256516
Sri Lanka,2021,15.842593924311318,3.62233210641191,80.53507396927678
Sri Lanka,2022,17.237209254895852,1.0267361286686376,81.73605461643551
Sri Lanka,2023,3.513081983533453,,96.48691801646655
Sri Lanka,2024,5.964152880766907,,94.03584711923308
Sri Lanka,2025,20.396468509161434,,79.60353149083856
Sri Lanka,2028,18.59781557621908,,81.40218442378092
Sri Lanka,2027,20.42408883563577,,79.57591116436423
Sri Lanka,2017,14.289230508914883,,85.71076949108512
Sri Lanka,2029,15.850406675548044,,84.14959332445196
Sri Lanka,2030,18.168257229443093,,81.83174277055691
Sri Lanka,2031,18.15904437036681,,81.84095562963319
Sri Lanka,2032,17.663797568846906,,82.3362024311531
Sri Lanka,2026,21.205245789646586,,78.79475421035343
Sri Lanka,2016,21.543480901617283,,78.45651909838271
Sri Lanka,2020,13.270232330585175,1.411716728311622,85.31805094110321
Sri Lanka,2014,8.582513167859185,,91.41748683214081
Sri Lanka,2015,16.65969573864997,,83.34030426135003
Sri Lanka,2001,0.390247044988468,,99.60975295501153
Sri Lanka,2002,0.7146318303349106,,99.28536816966509
Sri Lanka,2003,0.8547522918869885,,99.14524770811302
Sri Lanka,2004,1.1959059562331904,,98.80409404376682
Sri Lanka,2005,3.8283956960774344,,96.17160430392258
Sri Lanka,2006,1.6134460560376134,,98.38655394396238
Sri Lanka,2000,0.24257472528633403,,99.75742527471367
Sri Lanka,2008,1.5407962899361891,,98.45920371006382
Sri Lanka,2009,4.903295927174305,,95.0967040728257
Sri Lanka,2010,6.295836145876264,,93.70416385412375
Sri Lanka,2011,9.377680259763768,,90.62231974023624
Sri Lanka,2012,7.538342695887164,,92.46165730411285
Sri Lanka,2013,15.736597012194032,,84.26340298780596
Sri Lanka,2007,1.6478853739897181,,98.35211462601029
St. Vincent and the Grenadines,2023,0.9176630061919486,,99.08233699380806
St. Vincent and the Grenadines,2024,3.4273509099086588,,96.57264909009135
St. Vincent and the Grenadines,2025,10.671944635693986,,89.32805536430602
St. Vincent and the Grenadines,2026,13.238882315187908,,86.76111768481208
St. Vincent and the Grenadines,2028,19.811789360119295,,80.18821063988071
St. Vincent and the Grenadines,2029,19.020761670770586,,80.97923832922942
St. Vincent and the Grenadines,2030,20.137606207476992,,79.86239379252301
St. Vincent and the Grenadines,2031,20.67481660529245,,79.32518339470757
St. Vincent and the Grenadines,2032,20.500274074853877,,79.49972592514614
St. Vincent and the Grenadines,2027,19.5211608975325,,80.4788391024675
St. Vincent and the Grenadines,2000,6.38377132632104,,93.61622867367896
St. Vincent and the Grenadines,2001,5.83482984058527,,94.16517015941473
St. Vincent and the Grenadines,2002,5.780152908148106,,94.21984709185189
St. Vincent and the Grenadines,2003,4.844284470241506,,95.1557155297585
St. Vincent and the Grenadines,2005,2.6864525518856053,,97.31354744811439
St. Vincent and the Grenadines,2006,1.852228714953323,,98.14777128504667
St. Vincent and the Grenadines,2004,3.3710357532207333,,96.62896424677928
St. Vincent and the Grenadines,2008,1.9425506168939097,,98.05744938310609
St. Vincent and the Grenadines,2009,1.5748724315687577,,98.42512756843125
St. Vincent and the Grenadines,2010,1.5402783641752444,,98.45972163582475
St. Vincent and the Grenadines,2011,0.7823235572910866,,99.2176764427089
St. Vincent and the Grenadines,2007,2.161102533053767,,97.83889746694624
Sub-Saharan Africa (excluding high income),2022,12.788299764473177,6.585534415150603,80.62616582037622
Sub-Saharan Africa (excluding high income),2018,9.167761182503149,8.644657819136935,82.18758099835992
Sub-Saharan Africa (excluding high income),2032,10.12178684477938,2.347235697636072,87.52973351891535
Sub-Saharan Africa (excluding high income),2020,10.738099643388395,6.210675304594566,83.05122505201705
Sub-Saharan Africa (excluding high income),2021,7.940034505944674,3.503239189614705,88.55672630444063
Sub-Saharan Africa (excluding high income),2023,12.515171104947965,9.54243028728368,77.94239019649784
Sub-Saharan Africa (excluding high income),2017,9.620235543974344,12.439600998946094,77.94016345707956
Sub-Saharan Africa (excluding high income),2025,15.643754946127752,7.863838826914971,76.49171371780163
Sub-Saharan Africa (excluding high income),2026,16.045080792430525,7.935629364765082,76.01843860919718
Sub-Saharan Africa (excluding high income),2027,15.882005666907565,7.545157075182629,76.57196987668158
Sub-Saharan Africa (excluding high income),2028,9.83764801365644,2.40741217390582,87.75441914757508
Sub-Saharan Africa (excluding high income),2029,12.294644620885673,2.9354636705991974,84.76887437227417
Sub-Saharan Africa (excluding high income),2030,11.852056204120752,2.7487940522472747,85.39804328084851
Sub-Saharan Africa (excluding high income),2031,9.861119821638242,2.2737694195387586,87.8640401265034
Sub-Saharan Africa (excluding high income),2016,8.64484536023665,14.4384992509845,76.91665538877885
Sub-Saharan Africa (excluding high income),2024,12.004662246814888,8.909458160163785,79.0858716607361
Sub-Saharan Africa (excluding high income),2014,7.958771927629917,8.266425307464171,83.77480276490591
Sub-Saharan Africa (excluding high income),2015,5.428420256623736,6.44832086486171,88.12325887851456
Sub-Saharan Africa (excluding high income),2000,1.2845620840522867,0.0008694435798666101,98.6924722401505
Sub-Saharan Africa (excluding high income),2001,1.4622051973885803,0.0008428483926170877,98.480045373324
Sub-Saharan Africa (excluding high income),2002,1.1691208052559776,0.012544411739647012,98.81064970732112
Sub-Saharan Africa (excluding high income),2003,1.5926197296326328,,98.40358671353476
Sub-Saharan Africa (excluding high income),2004,2.200737349092882,,97.79926265090712
Sub-Saharan Africa (excluding high income),2005,1.113239261114802,,98.88622177152652
Sub-Saharan Africa (excluding high income),2019,12.739030125306522,9.618799651632386,77.6421702230611
Sub-Saharan Africa (excluding high income),2007,2.5974117125936838,0.08241902966911778,97.31936355457839
Sub-Saharan Africa (excluding high income),2008,4.037072908707349,0.06854073861927817,95.89438635267337
Sub-Saharan Africa (excluding high income),2009,5.726551000719351,0.366439223594609,93.90700977568606
Sub-Saharan Africa (excluding high income),2010,6.008244776334,1.7431550316322026,92.24860019203379
Sub-Saharan Africa (excluding high income),2011,6.551148904203547,5.59046549464802,87.85838560114843
Sub-Saharan Africa (excluding high income),2012,5.4956334621280805,6.663104359069951,87.84126217880197
Sub-Saharan Africa (excluding high income),2006,1.4416310141534399,0.08695013051816464,98.47086580957766
Sub-Saharan Africa (excluding high income),2013,6.082343879297735,6.927365359518689,86.99029076118357
Sudan,2018,52.63772433058323,,47.36227566941677
Sudan,2019,57.50081126732978,,42.49918873267021
Sudan,2020,59.40483820554957,,40.59516179445043
Sudan,2021,4.902184287373828,,95.09781571262617
Sudan,2022,46.22647949291673,,53.77352050708326
Sudan,2023,43.93231001889654,,56.06768998110346
Sudan,2024,43.82583116208317,,56.17416883791684
Sudan,2029,17.139840373023933,,82.86015962697607
Sudan,2027,34.47964192512084,,65.52035807487917
Sudan,2028,37.72827408195566,,62.27172591804434
Sudan,2017,48.39918725347787,,51.60081274652213
Sudan,2030,18.772293935430955,,81.22770606456905
Sudan,2025,29.26358513183497,,70.73641486816503
Sudan,2016,60.64883855506268,,39.351161444937304
Sudan,2026,30.942101014830797,,69.0578989851692
Sudan,2014,51.371077450820536,,48.62892254917947
Sudan,2015,36.18165526136675,,63.81834473863325
Sudan,2000,54.85825007572019,,45.14174992427981
Sudan,2001,69.99532393089977,,30.00467606910022
Sudan,2002,52.22864221141981,,47.77135778858019
Sudan,2004,49.39477288380065,,50.60522711619935
Sudan,2005,44.87259427149371,,55.12740572850629
Sudan,2006,55.43790813591238,,44.56209186408763
Sudan,2003,44.87915746860631,,55.12084253139369
Sudan,2008,63.697712074259776,,36.30228792574024
Sudan,2009,46.8215771602322,,53.17842283976779
Sudan,2010,57.506519239293475,,42.493480760706525
Sudan,2011,56.41099309742496,,43.58900690257504
Sudan,2012,37.94193376451158,,62.05806623548842
Sudan,2013,55.17901367528782,,44.82098632471217
Sudan,2007,56.11513863055223,,43.88486136944777
Suriname,2032,7.939136609072556,,92.06086339092745
Suriname,2025,15.9147585292941,2.665294708853146,81.41994676185276
Suriname,2031,7.476129135187861,,92.52387086481215
Suriname,2030,7.169370752735143,,92.83062924726484
Suriname,2029,7.323159819312662,0.861327883500363,91.815512297187
Suriname,2028,11.243078664298958,1.6950087999029813,87.06191253579804
Suriname,2027,11.344471163636108,1.8006138672370302,86.85491496912687
Suriname,2026,14.969973655970813,2.490838393529438,82.53918795049974
Suriname,2024,18.05753056921058,,81.94246943078942
Suriname,2021,3.156225567043777,,96.84377443295622
Suriname,2022,0.25602888313899713,,99.743971116861
Suriname,2020,15.53033210445331,,84.46966789554669
Suriname,2019,14.129452472080066,4.962204218436012,80.90834330948393
Suriname,2018,13.537998225468101,5.05577634277523,81.40622543175665
Suriname,2017,16.645125137413885,1.9096435187767105,81.44523134380941
Suriname,2016,14.36616189208403,,85.63383810791598
Suriname,2015,47.8195485605793,,52.1804514394207
Suriname,2023,5.773892605356437,,94.22610739464358
Syrian Arab Republic,2008,0.18464575277786469,,99.81535424722213
Syrian Arab Republic,2010,0.3581927787582457,,99.64180722124175
Syrian Arab Republic,2011,0.4584598493695826,,99.54154015063042
Syrian Arab Republic,2009,0.20961273571370373,,99.7903872642863
Tajikistan,2018,39.92698335574973,,60.07301664425027
Tajikistan,2020,24.042224738262494,,75.9577752617375
Tajikistan,2021,38.4329464694853,,61.56705353051471
Tajikistan,2023,34.565465833672675,,65.43453416632732
Tajikistan,2024,33.68881057955192,,66.31118942044807
Tajikistan,2025,24.106749206279073,,75.89325079372092
Tajikistan,2026,25.98470421733915,,74.01529578266086
Tajikistan,2027,18.167966173085787,,81.83203382691421
Tajikistan,2028,29.98644677072367,,70.01355322927633
Tajikistan,2029,29.323731566881822,,70.67626843311818
Tajikistan,2030,28.594418448558404,,71.4055815514416
Tajikistan,2031,27.369986144714634,,72.63001385528538
Tajikistan,2032,26.62371668100355,,73.37628331899646
Tajikistan,2017,54.378142376643474,,45.621857623356526
Tajikistan,2016,53.554714661394,,46.445285338606
Tajikistan,2022,44.54021584241506,,55.45978415758495
Tajikistan,2014,45.65355133798612,,54.34644866201388
Tajikistan,2015,51.66294169277527,,48.33705830722472
Tajikistan,2003,0.49863220605153197,,60.16149220984427
Tajikistan,2004,0.3374102874442139,,99.66258971255579
Tajikistan,2005,0.4165285236034472,,99.58347147639655
Tajikistan,2019,40.809080871185046,,59.190919128814954
Tajikistan,2007,5.893610022170645,,94.10638997782935
Tajikistan,2008,20.39708257125071,,79.6029174287493
Tajikistan,2009,19.00560541114435,,80.99439458885566
Tajikistan,2010,21.883597093184605,,78.1164029068154
Tajikistan,2011,25.28252413030803,,74.71747586969198
Tajikistan,2012,36.39192599740779,,63.60807400259221
Tajikistan,2013,45.38995588935829,,54.61004411064172
Tajikistan,2006,0.16785392577651673,,99.83214607422349
Tanzania,2018,25.183301536128056,3.7858726140607137,71.03082584981121
Tanzania,2019,20.501649393536823,3.476497419433475,76.0218531870297
Tanzania,2020,22.554859538079373,3.718305387035259,73.72683507488536
Tanzania,2021,13.708248785090783,3.5223652317795073,82.76938598312972
Tanzania,2022,15.894812237685827,3.1361211674140073,80.96906659490017
Tanzania,2023,10.685159741894372,2.797489282050203,86.51735097605543
Tanzania,2024,10.425513640994087,2.4700043478407028,87.10448201116522
Tanzania,2028,14.443140162119537,,85.55685983788047
Tanzania,2026,10.647106561282605,0.817282207791167,88.53561123092622
Tanzania,2027,13.479753187603741,0.8186193836250726,85.70162742877119
Tanzania,2029,13.412141713600489,,86.58785828639951
Tanzania,2030,12.443605994205589,,87.5563940057944
Tanzania,2031,10.470393268638746,,89.52960673136124
Tanzania,2032,10.220378292230478,,89.77962170776952
Tanzania,2025,7.029591601454016,0.6841163817299737,92.28629201681602
Tanzania,2017,12.419107831754227,4.6513381760199835,82.92955399222578
Tanzania,2016,12.305057628446617,2.7020065567132856,84.9929358148401
Tanzania,2014,8.081765508749656,7.7886345531783014,84.12959993807205
Tanzania,2000,2.5725310878822465,,97.42746891211777
Tanzania,2001,2.030826505797513,,97.96917349420248
Tanzania,2015,17.016541664691662,4.993881392090708,77.98957694321764
Tanzania,2008,0.0029105481270554935,,99.99708945187295
Tanzania,2010,1.584382024189627,,98.41561797581038
Tanzania,2011,1.651901302387533,1.2873498778466759,97.0607488197658
Tanzania,2012,0.968254422692283,4.794832173441424,94.23691340386628
Tanzania,2013,2.5011119262886643,8.120856925376318,89.37803114833503
Thailand,2000,0.8470716325526169,,99.15292836744742
Thailand,2001,2.2364889407571513,,97.76351105924284
Thailand,2002,5.334788970519933,,94.66521102948008
Thailand,2003,1.975478730678264,,98.02452126932172
Togo,2018,28.197549572807553,,71.80245042719245
Togo,2020,22.552070503736807,,77.44792949626319
Togo,2021,23.229787930293437,,76.77021206970656
Togo,2022,30.487634000331866,,69.51236599966813
Togo,2023,31.817912969684365,,68.18208703031564
Togo,2024,26.80394448781789,,73.1960555121821
Togo,2025,13.444568386721365,,86.55543161327864
Togo,2029,14.989416022418638,,85.01058397758136
Togo,2027,16.4978631068073,,83.5021368931927
Togo,2028,15.484606040163616,,84.51539395983639
Togo,2017,26.534057450188918,,73.46594254981109
Togo,2030,15.707163106667501,,84.29283689333249
Togo,2031,13.207362756768894,,86.7926372432311
Togo,2032,11.54742256951498,,88.45257743048501
Togo,2026,18.27679772758368,,81.72320227241633
Togo,2016,13.97664489386652,,86.0233551061335
Togo,2019,33.315748719141695,,66.6842512808583
Togo,2014,9.94622228949069,,90.05377771050931
Togo,2015,14.9540049383704,,85.04599506162961
Togo,2006,7.254198610174047,,92.74580138982596
Togo,2009,0.7409878253477331,,99.25901217465226
Togo,2010,1.32529079113824,,98.67470920886176
Togo,2011,8.69394489393162,,91.30605510606838
Togo,2012,9.863110251882105,,90.1368897481179
Togo,2013,6.082338578091276,,93.91766142190872
Tonga,2018,61.196188276292105,,38.803811723707895
Tonga,2019,38.10319620512622,,61.89680379487379
Tonga,2020,44.473720420774434,,55.52627957922557
Tonga,2021,28.588224700170716,,71.41177529982929
Tonga,2023,80.686192265887,,19.313807734112995
Tonga,2024,86.10907607488649,,13.890923925113528
Tonga,2025,80.35051509012557,,19.649484909874424
Tonga,2028,79.09716151123037,,20.902838488769646
Tonga,2027,80.03845390281349,,19.961546097186528
Tonga,2029,50.46510531714638,,49.53489468285362
Tonga,2030,35.257436926817434,,64.74256307318257
Tonga,2017,38.96618392106359,,61.03381607893642
Tonga,2026,79.84829485740308,,20.151705142596914
Tonga,2016,45.191789641227565,,54.80821035877242
Tonga,2022,70.39417789190531,,29.60582210809469
Tonga,2014,39.01551799673142,,60.98448200326859
Tonga,2001,0.43316515005839845,,99.56683484994161
Tonga,2002,1.6715209076924011,,98.32847909230759
Tonga,2003,2.0087790995802735,,97.99122090041973
Tonga,2005,3.9183605379193303,,96.08163946208067
Tonga,2006,0.45366024143046235,,99.54633975856954
Tonga,2015,46.314866226800376,,53.68513377319962
Tonga,2008,26.64614754379482,,73.35385245620517
Tonga,2009,37.630173764571865,,62.36982623542815
Tonga,2010,44.21319500024458,,55.786804999755425
Tonga,2011,41.47970464223392,,58.52029535776608
Tonga,2012,45.671689524705414,,54.32831047529457
Tonga,2013,46.85376133099286,,53.14623866900714
Tonga,2007,5.412524220138857,,94.58747577986114
Tunisia,2019,0.419525490555529,,99.58047450944449
Tunisia,2021,0.23255722093854625,,99.76744277906145
Tunisia,2022,0.22061533195896876,,99.77938466804103
Tunisia,2023,0.18415294738031576,,99.81584705261967
Tunisia,2024,0.19476317452961586,,99.80523682547039
Tunisia,2025,0.18994637182284643,,99.81005362817717
Tunisia,2028,0.36021925639458136,,99.63978074360543
Tunisia,2027,0.2902798779709718,,99.70972012202904
Tunisia,2018,0.5932779867403105,,99.40672201325968
Tunisia,2029,0.1932127375492021,,99.8067872624508
Tunisia,2026,0.2559103450108301,,99.74408965498917
Tunisia,2017,0.42167247015936904,,99.57832752984062
Tunisia,2020,0.35400222269397147,,99.64599777730602
Tunisia,2016,0.582048521308881,,99.41795147869112
Tunisia,2015,0.30604439407785783,,99.69395560592213
Tunisia,2000,0.031258831548504284,,99.96874116845149
Tunisia,2001,0.0944875071176917,,99.9055124928823
Tunisia,2002,0.21578159803851663,,99.78421840196147
Tunisia,2003,0.15211843341940437,,99.84788156658058
Tunisia,2005,0.1160391748235324,,99.88396082517647
Tunisia,2006,0.08078077885103684,,99.91921922114896
Tunisia,2004,0.12059576711835594,,99.87940423288164
Tunisia,2008,0.28635137908136865,,99.71364862091862
Tunisia,2009,0.32509947962407504,,99.67490052037593
Tunisia,2010,0.39060395306967394,,99.60939604693031
Tunisia,2011,0.3668817501919337,,99.63311824980808
Tunisia,2012,0.3456630730767004,,99.65433692692329
Tunisia,2013,0.38424074965052724,,99.61575925034948
Tunisia,2014,0.793426160057909,,99.2065738399421
Tunisia,2007,0.1709262922252744,,99.82907370777473
Turkiye,2023,2.082799639753031,2.1497234020145366,95.73414100723474
Turkiye,2018,0.4592116660806801,0.03221861804922378,99.5085697158701
Turkiye,2019,0.5048486903099247,0.21319377837563624,99.28195753131443
Turkiye,2020,2.654571419698222,0.2469527407816015,97.09847583952018
Turkiye,2021,1.9917979954226324,0.30122415904141014,97.7059555318424
Turkiye,2022,0.46824962962030925,2.0415335607340204,97.48723120135062
Turkiye,2024,0.7815682506255553,0.3858352803858319,98.74307690305159
Turkiye,2017,0.34061352235227293,,99.65938647764773
Turkiye,2026,0.920029687979099,0.146307607800371,98.86942453412188
Turkiye,2027,2.2914551371594882,0.16779291138667352,97.46546320296424
Turkiye,2028,0.08115165349125689,0.12912341254515675,99.71121397542981
Turkiye,2029,0.09467814007694847,,99.81521032903045
Turkiye,2030,0.005384829103789069,,99.93378562311104
Turkiye,2025,0.4583825322834618,0.11982211688822217,99.37594019370817
Turkiye,2016,0.415063019817784,,99.5849369801822
Turkiye,2014,0.3110127432416299,,99.68898725675837
Turkiye,2000,0.03507775408052423,,99.96492224591948
Turkiye,2001,0.028447709651660897,,99.97155229034833
Turkiye,2002,0.030794032892435073,,99.96920596710756
Turkiye,2003,0.023398883580051977,,99.97660111641996
Turkiye,2004,0.022527883050227977,,99.97747211694978
Turkiye,2005,0.020294103003947163,,99.97970589699605
Turkiye,2015,0.4187581768240902,,99.58124182317592
Turkiye,2009,0.016293759856450197,,99.98370624014355
Turkiye,2010,0.05378973903839421,,99.9462102609616
Turkiye,2011,0.06056987236399617,,99.939430127636
Turkiye,2012,0.07298313249217914,,99.92701686750782
Turkiye,2013,0.2913809779420743,,99.70861902205792
Turkmenistan,2018,63.46460382082573,,36.53539617917426
Turkmenistan,2019,50.901361524376746,,49.09863847562325
Turkmenistan,2020,50.26349537556148,,49.73650462443852
Turkmenistan,2021,31.867177287215732,,68.13282271278428
Turkmenistan,2022,2.2837860436226034,,97.7162139563774
Turkmenistan,2023,2.0233540172798694,,97.97664598272013
Turkmenistan,2024,2.320206343060494,,97.67979365693951
Turkmenistan,2027,2.5104227952599656,,97.48957720474002
Turkmenistan,2026,2.8984969484588787,,97.10150305154114
Turkmenistan,2028,3.137607675840846,,96.86239232415915
Turkmenistan,2029,4.884682852592263,,95.11531714740774
Turkmenistan,2030,1.5624212898068632,,98.43757871019314
Turkmenistan,2031,0.8762760745890861,,99.12372392541091
Turkmenistan,2017,88.17555838485178,,11.824441615148217
Turkmenistan,2025,2.8274704049587247,,97.17252959504128
Turkmenistan,2032,0.4430767111446092,,99.55692328885539
Turkmenistan,2016,92.76562041954807,,7.234379580451941
Turkmenistan,2014,94.290914595205,,5.709085404795017
Turkmenistan,2015,89.32403896510901,,10.675961034891
Turkmenistan,2000,0.0726621344396405,,99.92733786556036
Turkmenistan,2001,0.1262120633347817,,99.87378793666522
Turkmenistan,2002,0.05898990336605617,,99.94101009663395
Turkmenistan,2004,0.7874479789992052,,99.2125520210008
Turkmenistan,2005,3.2805020577387407,,96.71949794226126
Turkmenistan,2006,1.899194924215355,,98.10080507578465
Turkmenistan,2003,0.3094659805834955,,99.6905340194165
Turkmenistan,2008,4.900410738785736,,95.09958926121426
Turkmenistan,2009,6.760583441116057,,93.23941655888393
Turkmenistan,2010,28.009155315659584,,71.99084468434042
Turkmenistan,2011,49.40242487949355,,50.59757512050645
Turkmenistan,2012,73.01928814865734,,26.980711851342654
Turkmenistan,2013,77.23259794224786,,22.767402057752136
Turkmenistan,2007,3.593032853103041,,96.40696714689695
Uganda,2023,30.753837097216422,,69.24616290278358
Uganda,2018,18.28150737273965,,81.71849262726036
Uganda,2019,31.380624097238123,,68.61937590276187
Uganda,2020,30.296094662701964,,69.70390533729805
Uganda,2021,39.46730135807936,,60.53269864192064
Uganda,2022,27.705129498820245,,72.29487050117976
Uganda,2024,27.495816201775906,,72.50418379822409
Uganda,2017,27.86705453130109,,72.1329454686989
Uganda,2026,27.49821101887951,,72.50178898112048
Uganda,2027,27.710113802265152,,72.28988619773486
Uganda,2028,25.53088116412151,,74.46911883587849
Uganda,2029,23.751823050060295,,76.2481769499397
Uganda,2030,24.502778145087436,,75.49722185491257
Uganda,2032,21.686949071513624,,78.31305092848638
Uganda,2025,27.434690070249356,,72.56530992975064
Uganda,2016,27.705442005792268,,72.29455799420774
Uganda,2031,23.171952163458236,,76.82804783654177
Uganda,2014,16.958673705630023,,83.04132629436998
Uganda,2000,1.2891645834784196,,98.71083541652158
Uganda,2015,19.251874852175405,,80.74812514782458
Uganda,2008,0.79404894935649,,99.20595105064352
Uganda,2009,2.3941577217474626,,97.60584227825254
Uganda,2010,2.1010809620354234,,97.89891903796457
Uganda,2011,4.95642114281643,,95.04357885718358
Uganda,2012,5.1602309712257926,,94.8397690287742
Uganda,2013,12.812859791192642,,87.18714020880735
Ukraine,2019,1.901400767385028,,98.09859923261497
Ukraine,2020,1.3195090198832846,,98.68049098011672
Ukraine,2021,5.414392380394999,,94.585607619605
Ukraine,2022,4.226881180262386,,95.7731188197376
Ukraine,2023,0.14016167122317322,,99.85983832877683
Ukraine,2024,0.29240429123045747,,99.70759570876955
Ukraine,2025,7.3204050236813,,92.6795949763187
Ukraine,2027,4.221229539826817,,95.77877046017319
Ukraine,2018,1.7530270754935628,,98.24697292450644
Ukraine,2026,4.661092448595097,,95.33890755140492
Ukraine,2017,1.7542278935898528,,98.24577210641016
Ukraine,2016,2.469633989265502,,97.53036601073451
Ukraine,2015,0.5281297119738597,,99.47187028802614
Ukraine,2013,0.1466821701467226,,99.85331782985328
Ukraine,2014,2.2155756132125832,,97.78442438678742
Upper middle income,2019,4.574658892206453,0.150622808723634,95.273364226202
Upper middle income,2020,2.326092491294333,0.1428939713005681,97.5310036281634
Upper middle income,2021,2.197729609956916,0.0632527488367491,97.73891585034087
Upper middle income,2022,1.7314600160009688,0.17893255395828112,98.08937861183846
Upper middle income,2023,1.962917366515124,0.1930080713881765,97.83197094462244
Upper middle income,2024,2.828862243946539,0.047082273991367676,97.10481320817874
Upper middle income,2025,2.2219659342411244,0.0453689414069675,97.72703066659355
Upper middle income,2028,1.6893025485759565,0.048888579593921365,98.25259936808527
Upper middle income,2027,2.012953078222706,0.04422371903347317,97.93563810398994
Upper middle income,2029,1.7436193800665603,0.03864827371597853,98.20756480889071
Upper middle income,2030,0.7044090029497213,0.019330331623731354,99.27179715493139
Upper middle income,2031,1.060375943076649,0.04127771844381934,98.89233703702345
Upper middle income,2032,1.1958268869421047,0.047650770178941725,98.74965176717724
Upper middle income,2018,3.8050621578927366,0.15208646193249353,96.04283978518534
Upper middle income,2026,2.667849057589322,0.04096589941427684,97.28423598669242
Upper middle income,2017,3.3556452621151327,0.12487089642858715,96.51946750034418
Upper middle income,2016,3.2591387998284285,0.10195348130502874,96.63888906735426
Upper middle income,2015,2.8149816300013235,0.040787276074004224,97.14403249182226
Upper middle income,2001,0.23158372436179636,0.0716777685973573,99.68715825421043
Upper middle income,2002,0.5277319364041418,0.19679687731812978,99.26662589342956
Upper middle income,2003,0.24405946570951817,0.12295215000048693,99.63136765615904
Upper middle income,2004,0.12747243728245544,0.052787703443415365,99.80426225873504
Upper middle income,2005,0.11503678207900836,0.05083951025659582,99.82786157702367
Upper middle income,2006,0.1326078475790353,0.052750173861851116,99.8119298589514
Upper middle income,2007,0.2455177587302198,0.055588336512928896,99.69631823274374
Upper middle income,2000,0.12101406036461984,0.02657517037634733,99.84630625319625
Upper middle income,2009,0.39018978999097564,0.0340293297103638,99.5708204429966
Upper middle income,2010,0.7079597481680519,0.02161823528903378,99.26593258960494
Upper middle income,2011,1.127013776294449,0.0470134315769836,98.82199303933105
Upper middle income,2012,1.3760979543925558,0.03425767597901006,98.58604267770586
Upper middle income,2013,1.7250078612626296,0.03940174126829996,98.23326275840513
Upper middle income,2014,3.0214446660858165,0.043984333081729776,96.93427993201703
Upper middle income,2008,0.302373703880512,0.04369445881016197,99.64839806531508
Uzbekistan,2019,24.646645482551715,,75.35335451744828
Uzbekistan,2020,24.88750093080121,0.6430904112450857,74.46940865795371
Uzbekistan,2021,25.394788900264736,2.2087926347923963,72.39641846494287
Uzbekistan,2022,27.824081149178074,2.868916609175893,69.30700224164603
Uzbekistan,2023,19.308430542261913,1.5208937342414668,79.17067572349661
Uzbekistan,2024,18.692486644397476,1.4250248821670235,79.88248847343552
Uzbekistan,2025,13.395803844644776,1.0759451623619722,85.52825099299325
Uzbekistan,2028,9.327209755122178,0.7426498515627313,89.9301403933151
Uzbekistan,2027,10.0539924736269,0.7787234816578205,89.16728404471529
Uzbekistan,2029,9.043493173850557,0.7535655875045962,90.20294123864484
Uzbekistan,2030,11.48521585675018,,88.51478414324983
Uzbekistan,2031,7.313453229341493,,92.68654677065851
Uzbekistan,2032,7.00004511130593,,92.99995488869406
Uzbekistan,2018,24.2376772508779,,75.7623227491221
Uzbekistan,2026,13.247401646003336,1.0335715825868437,85.71902677140982
Uzbekistan,2017,26.216805287817326,,73.78319471218268
Uzbekistan,2016,22.315481918954152,,77.68451808104585
Uzbekistan,2015,23.592896259437076,,76.40710374056292
Uzbekistan,2003,0.07519698864956073,0.013772502762189505,99.91103050858825
Uzbekistan,2004,0.0841769866731421,0.05917944255728688,99.85664357076958
Uzbekistan,2005,0.12175131197365723,0.16528541939840138,99.71296326862793
Uzbekistan,2006,0.3428393607640174,0.29923290157866483,99.3579277376573
Uzbekistan,2007,0.6320374248307489,0.42979474816608565,98.93816782700316
Uzbekistan,2009,1.9784027526499481,1.058907875739596,96.96268937161045
Uzbekistan,2010,2.9087784871839335,1.0272276077134146,96.06399390510265
Uzbekistan,2011,6.27152091529984,1.2039538217678978,92.52452526293226
Uzbekistan,2012,7.700291169919738,1.1719532238795467,91.12775560620072
Uzbekistan,2013,14.97894806772939,1.2040963710053243,83.81695556126527
Uzbekistan,2014,19.85229182371329,0.8066306241244589,79.34107755216225
Uzbekistan,2008,2.0087139030791996,0.9646607645934214,97.02662533232738
Vanuatu,2018,68.25633921532106,,31.743660784678937
Vanuatu,2019,84.34081595185003,,15.659184048149958
Vanuatu,2020,63.56508545970567,,36.43491454029433
Vanuatu,2021,69.31968765856222,,30.68031234143778
Vanuatu,2022,73.86304987341752,,26.13695012658246
Vanuatu,2023,66.05631691966978,,33.943683080330224
Vanuatu,2032,61.416212182628726,,38.583787817371274
Vanuatu,2027,62.096456330088984,,37.90354366991102
Vanuatu,2026,63.33434934305142,,36.66565065694858
Vanuatu,2028,65.14872902735404,,34.851270972645956
Vanuatu,2029,66.28339535536311,,33.71660464463688
Vanuatu,2030,64.30483399807746,,35.695166001922544
Vanuatu,2031,62.063117950309916,,37.93688204969007
Vanuatu,2017,61.60984802547005,,38.39015197452995
Vanuatu,2025,60.607617487594375,,39.392382512405625
Vanuatu,2016,63.24878458976259,,36.75121541023739
Vanuatu,2024,61.77946745919059,,38.220532540809415
Vanuatu,2014,50.27022033469429,,49.729779665305706
Vanuatu,2015,55.177697593117536,,44.82230240688247
Vanuatu,2008,7.883448326351838,,92.11655167364817
Vanuatu,2009,9.963064495468196,,90.0369355045318
Vanuatu,2010,12.115634996336993,,87.88436500366299
Vanuatu,2011,14.509055546591899,,85.4909444534081
Vanuatu,2012,19.939459893395174,,80.06054010660483
Vanuatu,2013,42.54540373800352,,57.454596261996485
Vanuatu,2007,3.5856177053986307,,96.41438229460137
Viet Nam,2019,11.420368331781075,,88.57963166821892
Viet Nam,2020,8.979535578781741,,91.02046442121825
Viet Nam,2021,9.200423453032037,,90.79957654696797
Viet Nam,2022,6.842021099813494,,93.1579789001865
Viet Nam,2023,6.752328333617674,,93.24767166638232
Viet Nam,2024,4.31608826815667,,95.68391173184334
Viet Nam,2025,4.134329738833904,,95.86567026116609
Viet Nam,2028,0.5927034851192032,,99.4072965148808
Viet Nam,2027,0.5861553192791318,,99.41384468072087
Viet Nam,2029,0.5946206607781742,,99.40537933922182
Viet Nam,2030,0.5925483411804252,,99.40745165881957
Viet Nam,2031,0.6021295583882448,,99.39787044161174
Viet Nam,2032,0.580483498666461,,99.41951650133355
Viet Nam,2018,12.926386003997491,,87.0736139960025
Viet Nam,2026,4.057428618603081,,95.94257138139692
Viet Nam,2017,12.700907934741247,,87.29909206525875
Viet Nam,2016,11.010941572265713,0.19388591909338992,88.79517250864089
Viet Nam,2015,13.799766652405415,0.5152674831102032,85.68496586448437
Viet Nam,2001,0.06941712785263504,0.17026842680835008,99.76031444533902
Viet Nam,2002,0.06723105732768349,0.15722960418864623,99.77553933848367
Viet Nam,2003,0.09522216776143362,0.22447146609298407,99.68030636614559
Viet Nam,2004,0.16873809689750205,0.18569432608042347,99.64556757702208
Viet Nam,2005,0.2778177556423747,0.05220055884751906,99.6699816855101
Viet Nam,2006,0.03197540127719765,0.05130936484015436,99.91671523388266
Viet Nam,2007,0.47746338144522305,0.03783612886516555,99.48470048968962
Viet Nam,2000,0.06813710345441636,0.1656841576269696,99.76617873891861
Viet Nam,2009,1.4485420744160873,,98.55145792558392
Viet Nam,2010,7.218537595985037,0.9454762968999764,91.83598610711498
Viet Nam,2011,6.05271086519278,0.6878454282859183,93.2594437065213
Viet Nam,2012,11.169976465459223,0.5624469497559339,88.26757658478486
Viet Nam,2013,10.062869334734946,0.7019254932675761,89.23520517199748
Viet Nam,2014,8.694856372651403,0.4180478765389692,90.88709575080964
Viet Nam,2008,2.0244885944674773,8.078707632491431e-05,97.9754306184562
"Yemen, Rep.",2018,0.2670004171881519,,99.73299958281184
"Yemen, Rep.",2019,0.15230661224878334,,99.84769338775122
"Yemen, Rep.",2032,9.650690336152763,,90.34930966384724
"Yemen, Rep.",2027,0.9301402376721003,,99.06985976232791
"Yemen, Rep.",2026,1.2341063281755102,,98.76589367182449
"Yemen, Rep.",2028,0.2626154450560675,,99.73738455494394
"Yemen, Rep.",2029,0.2681289726361869,,99.73187102736384
"Yemen, Rep.",2030,0.275318685159668,,99.72468131484032
"Yemen, Rep.",2031,0.2541196108519328,,99.74588038914806
"Yemen, Rep.",2017,0.3308320235258328,,99.66916797647417
"Yemen, Rep.",2025,1.1568875187211691,,98.84311248127884
"Yemen, Rep.",2016,0.2336129986978885,,99.76638700130212
"Yemen, Rep.",2014,2.8357952324955584,,97.16420476750446
"Yemen, Rep.",2000,0.16998679592379348,,99.83001320407621
"Yemen, Rep.",2001,0.11902353378538946,,99.8809764662146
"Yemen, Rep.",2002,0.19765512788068784,,99.80234487211932
"Yemen, Rep.",2003,0.24600566194728035,,99.75399433805269
"Yemen, Rep.",2005,0.24841540729639305,,99.75158459270361
"Yemen, Rep.",2006,1.8326994756018555,,98.16730052439814
"Yemen, Rep.",2004,0.20460255074726377,,99.79539744925275
"Yemen, Rep.",2008,1.6525090986209328,,98.34749090137906
"Yemen, Rep.",2009,2.286133048623441,,97.71386695137656
"Yemen, Rep.",2010,2.9272106300542777,,97.07278936994572
"Yemen, Rep.",2011,2.898921057039538,,97.10107894296047
"Yemen, Rep.",2012,2.240027016550812,,97.7599729834492
"Yemen, Rep.",2013,3.3319345012534973,,96.66806549874651
"Yemen, Rep.",2007,1.8551187090874215,,98.14488129091258
"Yemen, Rep.",2015,1.6865371617049338,,98.31346283829505
Zambia,2023,23.96879662869867,14.045332899469647,61.98587047183168
Zambia,2018,28.843617115438587,8.212734284610313,62.9436485999511
Zambia,2019,28.669326751953317,10.133926914695529,61.19674633335115
Zambia,2020,11.095665625783814,6.62892705937794,82.27540731483826
Zambia,2021,8.756354801128817,7.824142679539243,83.41950251933196
Zambia,2022,6.851723468606194,17.26404833808463,75.88422819330917
Zambia,2032,11.783448865492698,17.035612106053826,71.18093902845348
Zambia,2026,24.507980797679867,16.521853165689915,58.970166036630204
Zambia,2027,24.23201271796854,17.577576046436445,58.19041123559502
Zambia,2028,26.334561162107843,19.08851087277505,54.57692796511711
Zambia,2029,28.625076428465245,21.531422623729732,49.84350094780504
Zambia,2030,30.90951148153693,19.84433277891867,49.24615573954439
Zambia,2031,23.67419645310884,20.38560165418708,55.940201892704074
Zambia,2017,33.972380073438686,4.66276058212516,61.36485934443615
Zambia,2025,22.814123608318152,23.0031919814217,54.182684410260144
Zambia,2016,33.78692567225853,6.0847794858987285,60.12829484184273
Zambia,2024,0.28896157066170436,4.425942607229802,95.28509582210849
Zambia,2014,46.18453769133205,11.424326595519645,42.391135713148316
Zambia,2015,29.930918644117032,9.675791059564121,60.39329029631884
Zambia,2000,5.089309151974308,,93.98874589321053
Zambia,2001,3.100920481173308,,96.8990795188267
Zambia,2002,1.6681453412931426,,98.33185465870686
Zambia,2003,0.9770385883689123,,99.02296141163109
Zambia,2006,19.523889660175627,,80.47611033982439
Zambia,2004,9.240379659652122,,90.75962034034787
Zambia,2008,41.399166172198,1.5290128748865968,57.071820952915395
Zambia,2009,41.55849720139511,3.8080112831119886,54.6334915154929
Zambia,2010,29.80724349816847,14.479516084354557,55.71324041747697
Zambia,2011,38.82481674597927,12.03890493001484,49.13627832400588
Zambia,2012,33.29493635722031,6.230556821836365,60.474506820943326
Zambia,2013,33.49152902895197,6.262311197768497,60.24615977327953
Zambia,2007,2.2140515866052577,,97.78594841339472
Zimbabwe,2022,23.826729710935357,,76.17327028906463
Zimbabwe,2018,41.531781107941654,,58.46821889205835
Zimbabwe,2019,58.10416176014845,,41.89583823985155
Zimbabwe,2020,63.755203077450346,,36.244796922549654
Zimbabwe,2021,67.53239458164936,,32.46760541835064
Zimbabwe,2023,25.88747410528754,,74.11252589471246
Zimbabwe,2030,78.29539204846878,,21.70460795153122
Zimbabwe,2025,45.14373800196955,,54.856261998030455
Zimbabwe,2026,52.84188284754688,,47.15811715245312
Zimbabwe,2027,38.17969354656225,,61.820306453437745
Zimbabwe,2028,39.86834225762878,,60.13165774237122
Zimbabwe,2029,71.3210121283406,,28.678987871659388
Zimbabwe,2017,39.452764528355885,,60.547235471644115
Zimbabwe,2024,14.974103649633022,,85.02589635036698
Zimbabwe,2016,22.207310057803817,,77.79268994219619
Zimbabwe,2008,55.38581459060477,,44.61418540939524
Zimbabwe,2014,94.20473190503492,,5.795268094965083
Zimbabwe,2031,86.32071661671912,,13.67928338328089
Zimbabwe,2002,0.0,,100.0
Zimbabwe,2003,19.291505294313364,,80.70849470568665
Zimbabwe,2004,17.83253956096644,,82.16746043903356
Zimbabwe,2015,52.17400614181463,,47.82599385818537
Zimbabwe,2005,29.270809424635456,,70.72919057536456
Zimbabwe,2007,7.406480571041259,,92.59351942895874
Zimbabwe,2009,98.10286361516155,,1.897136384838435
Zimbabwe,2010,93.5317881822496,,6.468211817750405
Zimbabwe,2011,96.65052974738217,,3.349470252617832
Zimbabwe,2012,74.42893780849191,,25.57106219150809
Zimbabwe,2013,44.3928517988248,,55.6071482011752
Zimbabwe,2006,80.66026743567932,,19.339732564320684
Zimbabwe,2032,75.69555737499914,,24.304442625000856
